datetime,division,district,upazila,temperature,humidity,rainfall,demand_index,risk_level
4/13/2026 0:00,Sylhet,Habiganj,Ajmiriganj,23,83,0,0.411,Low
4/13/2026 2:00,Sylhet,Habiganj,Ajmiriganj,23.5,93,0,0.4385,Low
4/13/2026 4:00,Sylhet,Habiganj,Ajmiriganj,22.9,90,0.1,0.4232,Low
4/13/2026 6:00,Sylhet,Habiganj,Ajmiriganj,24.4,98,0,0.762,High
4/13/2026 8:00,Sylhet,Habiganj,Ajmiriganj,20.9,96,0.3,0.7047,High
4/13/2026 10:00,Sylhet,Habiganj,Ajmiriganj,24.1,90,0,0.8915,High
4/13/2026 12:00,Sylhet,Habiganj,Ajmiriganj,29.2,71,0.1,0.9298,High
4/13/2026 14:00,Sylhet,Habiganj,Ajmiriganj,30.8,64,0.1,1,High
4/13/2026 16:00,Sylhet,Habiganj,Ajmiriganj,29.5,67,0.3,1,High
4/13/2026 18:00,Sylhet,Habiganj,Ajmiriganj,28.5,69,0.5,1,High
4/13/2026 20:00,Sylhet,Habiganj,Ajmiriganj,25.1,91,0.2,1,High
4/13/2026 22:00,Sylhet,Habiganj,Ajmiriganj,24.1,94,0,0.6495,Medium
4/14/2026 0:00,Sylhet,Habiganj,Ajmiriganj,24.8,90,0,0.452,Medium
4/14/2026 2:00,Sylhet,Habiganj,Ajmiriganj,21.5,98,1.4,0.415,Low
4/14/2026 4:00,Sylhet,Habiganj,Ajmiriganj,21.4,93,0,0.407,Low
4/14/2026 6:00,Sylhet,Habiganj,Ajmiriganj,22,91,0.9,0.7098,High
4/14/2026 8:00,Sylhet,Habiganj,Ajmiriganj,24.4,89,0,0.744,High
4/14/2026 10:00,Sylhet,Habiganj,Ajmiriganj,28.6,75,0.2,0.9285,High
4/14/2026 12:00,Sylhet,Habiganj,Ajmiriganj,30,71,0.1,0.9418,High
4/14/2026 14:00,Sylhet,Habiganj,Ajmiriganj,31.1,65,0,1,High
4/14/2026 16:00,Sylhet,Habiganj,Ajmiriganj,30.8,66,0.2,1,High
4/14/2026 18:00,Sylhet,Habiganj,Ajmiriganj,26.8,78,0,1,High
4/14/2026 20:00,Sylhet,Habiganj,Ajmiriganj,26.4,85,0,1,High
4/14/2026 22:00,Sylhet,Habiganj,Ajmiriganj,26.2,86,0,0.665,Medium
4/15/2026 0:00,Sylhet,Habiganj,Ajmiriganj,20.4,99,0,0.404,Low
4/15/2026 2:00,Sylhet,Habiganj,Ajmiriganj,21.5,97,0.3,0.4158,Low
4/15/2026 4:00,Sylhet,Habiganj,Ajmiriganj,21.9,96,0,0.4205,Low
4/15/2026 6:00,Sylhet,Habiganj,Ajmiriganj,22,96,0.1,0.7218,High
4/15/2026 8:00,Sylhet,Habiganj,Ajmiriganj,23.8,88,0.2,0.7325,High
4/15/2026 10:00,Sylhet,Habiganj,Ajmiriganj,27.5,76,0,0.9145,High
4/15/2026 12:00,Sylhet,Habiganj,Ajmiriganj,30,67,0,0.934,High
4/15/2026 14:00,Sylhet,Habiganj,Ajmiriganj,31.2,64,0,1,High
4/15/2026 16:00,Sylhet,Habiganj,Ajmiriganj,31.5,63,0,1,High
4/15/2026 18:00,Sylhet,Habiganj,Ajmiriganj,28.6,75,0,1,High
4/15/2026 20:00,Sylhet,Habiganj,Ajmiriganj,26.8,74,0,1,High
4/15/2026 22:00,Sylhet,Habiganj,Ajmiriganj,23.6,87,0,0.628,Medium
4/16/2026 0:00,Sylhet,Habiganj,Ajmiriganj,21.5,96,0,0.4145,Low
4/16/2026 2:00,Sylhet,Habiganj,Ajmiriganj,21.6,91,0,0.406,Low
4/16/2026 4:00,Sylhet,Habiganj,Ajmiriganj,21.5,91,0,0.4045,Low
4/16/2026 6:00,Sylhet,Habiganj,Ajmiriganj,21,97,0,0.709,High
4/16/2026 8:00,Sylhet,Habiganj,Ajmiriganj,23.5,89,0,0.7305,High
4/16/2026 10:00,Sylhet,Habiganj,Ajmiriganj,27.8,75,0,0.917,High
4/16/2026 12:00,Sylhet,Habiganj,Ajmiriganj,29.3,68,0,0.9255,High
4/16/2026 14:00,Sylhet,Habiganj,Ajmiriganj,30.5,65,0.1,1,High
4/16/2026 16:00,Sylhet,Habiganj,Ajmiriganj,30.6,64,0.1,1,High
4/16/2026 18:00,Sylhet,Habiganj,Ajmiriganj,28,85,0,1,High
4/16/2026 20:00,Sylhet,Habiganj,Ajmiriganj,25.9,84,0,1,High
4/16/2026 22:00,Sylhet,Habiganj,Ajmiriganj,22.8,93,2.1,0.6228,Medium
4/17/2026 0:00,Sylhet,Habiganj,Ajmiriganj,24,93,0,0.446,Low
4/17/2026 2:00,Sylhet,Habiganj,Ajmiriganj,22.2,96,5,0.4125,Low
4/17/2026 4:00,Sylhet,Habiganj,Ajmiriganj,21.9,97,0,0.4225,Low
4/17/2026 6:00,Sylhet,Habiganj,Ajmiriganj,23.2,100,0,0.748,High
4/17/2026 8:00,Sylhet,Habiganj,Ajmiriganj,24.9,93,0,0.7595,High
4/17/2026 10:00,Sylhet,Habiganj,Ajmiriganj,27.2,80,0,0.918,High
4/17/2026 12:00,Sylhet,Habiganj,Ajmiriganj,30.6,72,0,0.953,High
4/17/2026 14:00,Sylhet,Habiganj,Ajmiriganj,31.6,66,0,1,High
4/17/2026 16:00,Sylhet,Habiganj,Ajmiriganj,31.3,64,0,1,High
4/17/2026 18:00,Sylhet,Habiganj,Ajmiriganj,29.4,82,0,1,High
4/17/2026 20:00,Sylhet,Habiganj,Ajmiriganj,26.4,93,0,1,High
4/17/2026 22:00,Sylhet,Habiganj,Ajmiriganj,25.5,93,0,0.6685,Medium
4/18/2026 0:00,Sylhet,Habiganj,Ajmiriganj,24.7,93,0,0.4565,Medium
4/18/2026 2:00,Sylhet,Habiganj,Ajmiriganj,24.5,96,0,0.4595,Medium
4/18/2026 4:00,Sylhet,Habiganj,Ajmiriganj,24.1,96,0,0.4535,Medium
4/18/2026 6:00,Sylhet,Habiganj,Ajmiriganj,23.9,98,0.6,0.753,High
4/18/2026 8:00,Sylhet,Habiganj,Ajmiriganj,25.4,91,0,0.763,High
4/18/2026 10:00,Sylhet,Habiganj,Ajmiriganj,28.5,79,0,0.9355,High
4/18/2026 12:00,Sylhet,Habiganj,Ajmiriganj,30.2,73,0.1,0.9488,High
4/18/2026 14:00,Sylhet,Habiganj,Ajmiriganj,30.8,73,0.1,1,High
4/18/2026 16:00,Sylhet,Habiganj,Ajmiriganj,30.4,70,0,1,High
4/18/2026 18:00,Sylhet,Habiganj,Ajmiriganj,28.7,86,0,1,High
4/18/2026 20:00,Sylhet,Habiganj,Ajmiriganj,26,96,0,1,High
4/18/2026 22:00,Sylhet,Habiganj,Ajmiriganj,25.9,93,0,0.6745,Medium
4/19/2026 0:00,Sylhet,Habiganj,Ajmiriganj,25.4,97,0.2,0.4745,Medium
4/19/2026 2:00,Sylhet,Habiganj,Ajmiriganj,22.8,96,0.3,0.4332,Low
4/19/2026 4:00,Sylhet,Habiganj,Ajmiriganj,22.5,97,0,0.4315,Low
4/19/2026 6:00,Sylhet,Habiganj,Ajmiriganj,23.2,96,0,0.74,High
4/19/2026 8:00,Sylhet,Habiganj,Ajmiriganj,22.7,94,0.9,0.7262,High
4/19/2026 10:00,Sylhet,Habiganj,Ajmiriganj,26.8,84,0,0.92,High
4/19/2026 12:00,Sylhet,Habiganj,Ajmiriganj,28.6,76,0.9,0.9288,High
4/19/2026 14:00,Sylhet,Habiganj,Ajmiriganj,27.8,79,0.1,1,High
4/19/2026 16:00,Sylhet,Habiganj,Ajmiriganj,29.9,73,0,1,High
4/19/2026 18:00,Sylhet,Habiganj,Ajmiriganj,27.5,88,0,1,High
4/19/2026 20:00,Sylhet,Habiganj,Ajmiriganj,25.8,95,0,1,High
4/19/2026 22:00,Sylhet,Habiganj,Ajmiriganj,25.7,96,0,0.6775,Medium
4/20/2026 0:00,Sylhet,Habiganj,Ajmiriganj,24.2,100,0.2,0.4625,Medium
4/20/2026 2:00,Sylhet,Habiganj,Ajmiriganj,24.4,97,0.9,0.4578,Medium
4/20/2026 4:00,Sylhet,Habiganj,Ajmiriganj,22.6,97,0.8,0.431,Low
4/20/2026 6:00,Sylhet,Habiganj,Ajmiriganj,23.8,99,0.1,0.7548,High
4/20/2026 8:00,Sylhet,Habiganj,Ajmiriganj,25.5,92,0,0.7665,High
4/20/2026 10:00,Sylhet,Habiganj,Ajmiriganj,28.2,82,0.2,0.9365,High
4/20/2026 12:00,Sylhet,Habiganj,Ajmiriganj,31.7,68,0,0.9615,High
4/20/2026 14:00,Sylhet,Habiganj,Ajmiriganj,32.9,61,0,1,High
4/20/2026 16:00,Sylhet,Habiganj,Ajmiriganj,33,62,0,1,High
4/20/2026 18:00,Sylhet,Habiganj,Ajmiriganj,27.1,90,7.5,1,High
4/20/2026 20:00,Sylhet,Habiganj,Ajmiriganj,26.7,87,0,1,High
4/20/2026 22:00,Sylhet,Habiganj,Ajmiriganj,27.5,83,0,0.6785,Medium
4/21/2026 0:00,Sylhet,Habiganj,Ajmiriganj,26,92,0.2,0.4735,Medium
4/21/2026 2:00,Sylhet,Habiganj,Ajmiriganj,26.2,96,0.2,0.4845,Medium
4/21/2026 4:00,Sylhet,Habiganj,Ajmiriganj,26.2,96,0.2,0.4845,Medium
4/21/2026 6:00,Sylhet,Habiganj,Ajmiriganj,25.1,94,0.3,0.7637,High
4/21/2026 8:00,Sylhet,Habiganj,Ajmiriganj,27,85,0.2,0.7745,High
4/21/2026 10:00,Sylhet,Habiganj,Ajmiriganj,30.1,74,0.3,0.9488,High
4/21/2026 12:00,Sylhet,Habiganj,Ajmiriganj,32.2,62,0,0.957,High
4/21/2026 14:00,Sylhet,Habiganj,Ajmiriganj,32.2,62,0.4,1,High
4/21/2026 16:00,Sylhet,Habiganj,Ajmiriganj,31.4,68,0,1,High
4/21/2026 18:00,Sylhet,Habiganj,Ajmiriganj,30.2,70,0,1,High
4/21/2026 20:00,Sylhet,Habiganj,Ajmiriganj,29.3,73,0,1,High
4/21/2026 22:00,Sylhet,Habiganj,Ajmiriganj,28,82,0,0.684,Medium
4/22/2026 0:00,Sylhet,Habiganj,Ajmiriganj,26.4,90,0,0.476,Medium
4/22/2026 2:00,Sylhet,Habiganj,Ajmiriganj,23,99,1.5,0.4392,Low
4/22/2026 4:00,Sylhet,Habiganj,Ajmiriganj,24.3,95,0,0.4545,Medium
4/22/2026 6:00,Sylhet,Habiganj,Ajmiriganj,21.5,98,0,0.7185,High
4/22/2026 8:00,Sylhet,Habiganj,Ajmiriganj,23.4,91,0,0.733,High
4/22/2026 10:00,Sylhet,Habiganj,Ajmiriganj,26.5,84,0.1,0.9152,High
4/22/2026 12:00,Sylhet,Habiganj,Ajmiriganj,30.5,71,0,0.9495,High
4/22/2026 14:00,Sylhet,Habiganj,Ajmiriganj,33.5,57,0,1,High
4/22/2026 16:00,Sylhet,Habiganj,Ajmiriganj,33,61,0,1,High
4/22/2026 18:00,Sylhet,Habiganj,Ajmiriganj,29.8,65,0,1,High
4/22/2026 20:00,Sylhet,Habiganj,Ajmiriganj,25,79,0,1,High
4/22/2026 22:00,Sylhet,Habiganj,Ajmiriganj,24.1,84,0,0.6295,Medium
4/23/2026 0:00,Sylhet,Habiganj,Ajmiriganj,23,92,0,0.429,Low
4/23/2026 2:00,Sylhet,Habiganj,Ajmiriganj,23.5,93,0,0.4385,Low
4/23/2026 4:00,Sylhet,Habiganj,Ajmiriganj,24.3,92,0,0.4485,Low
4/23/2026 6:00,Sylhet,Habiganj,Ajmiriganj,24.5,92,0,0.7515,High
4/23/2026 8:00,Sylhet,Habiganj,Ajmiriganj,26.1,90,0,0.7715,High
4/23/2026 10:00,Sylhet,Habiganj,Ajmiriganj,29.9,73,0.2,0.944,High
4/23/2026 12:00,Sylhet,Habiganj,Ajmiriganj,30.1,71,0,0.9435,High
4/23/2026 14:00,Sylhet,Habiganj,Ajmiriganj,31.1,68,0.1,1,High
4/23/2026 16:00,Sylhet,Habiganj,Ajmiriganj,31.8,65,0,1,High
4/23/2026 18:00,Sylhet,Habiganj,Ajmiriganj,30,80,0,1,High
4/23/2026 20:00,Sylhet,Habiganj,Ajmiriganj,27.9,83,0,1,High
4/23/2026 22:00,Sylhet,Habiganj,Ajmiriganj,26.8,87,0,0.676,Medium
4/24/2026 0:00,Sylhet,Habiganj,Ajmiriganj,26,91,0,0.472,Medium
4/24/2026 2:00,Sylhet,Habiganj,Ajmiriganj,25.9,90,0,0.4685,Medium
4/24/2026 4:00,Sylhet,Habiganj,Ajmiriganj,25.1,94,0,0.4645,Medium
4/24/2026 6:00,Sylhet,Habiganj,Ajmiriganj,25.6,97,0,0.778,High
4/24/2026 8:00,Sylhet,Habiganj,Ajmiriganj,28.6,84,0,0.797,High
4/24/2026 10:00,Sylhet,Habiganj,Ajmiriganj,30.9,73,0,0.9595,High
4/24/2026 12:00,Sylhet,Habiganj,Ajmiriganj,32,65,0,0.96,High
4/24/2026 14:00,Sylhet,Habiganj,Ajmiriganj,33,62,0,1,High
4/24/2026 16:00,Sylhet,Habiganj,Ajmiriganj,33,60,0,1,High
4/24/2026 18:00,Sylhet,Habiganj,Ajmiriganj,30.7,76,0,1,High
4/24/2026 20:00,Sylhet,Habiganj,Ajmiriganj,28.2,83,0,1,High
4/24/2026 22:00,Sylhet,Habiganj,Ajmiriganj,26.9,87,0,0.6775,Medium
4/25/2026 0:00,Sylhet,Habiganj,Ajmiriganj,26,94,0,0.478,Medium
4/25/2026 2:00,Sylhet,Habiganj,Ajmiriganj,25.8,94,0,0.475,Medium
4/25/2026 4:00,Sylhet,Habiganj,Ajmiriganj,25,95,0,0.465,Medium
4/25/2026 6:00,Sylhet,Habiganj,Ajmiriganj,26,92,0,0.774,High
4/25/2026 8:00,Sylhet,Habiganj,Ajmiriganj,28.7,87,0,0.8045,High
4/25/2026 10:00,Sylhet,Habiganj,Ajmiriganj,27.5,85,0,0.9325,High
4/25/2026 12:00,Sylhet,Habiganj,Ajmiriganj,31,74,0,0.963,High
4/25/2026 14:00,Sylhet,Habiganj,Ajmiriganj,32.8,64,0,1,High
4/25/2026 16:00,Sylhet,Habiganj,Ajmiriganj,33,62,0,1,High
4/25/2026 18:00,Sylhet,Habiganj,Ajmiriganj,30,79,0,1,High
4/25/2026 20:00,Sylhet,Habiganj,Ajmiriganj,27.3,84,0,1,High
4/25/2026 22:00,Sylhet,Habiganj,Ajmiriganj,26,90,0,0.67,Medium
4/26/2026 0:00,Sylhet,Habiganj,Ajmiriganj,25.6,92,0,0.468,Medium
4/26/2026 2:00,Sylhet,Habiganj,Ajmiriganj,26.1,87,0,0.4655,Medium
4/26/2026 4:00,Sylhet,Habiganj,Ajmiriganj,25.4,88,0,0.457,Medium
4/26/2026 6:00,Sylhet,Habiganj,Ajmiriganj,23.4,96,0,0.743,High
4/26/2026 8:00,Sylhet,Habiganj,Ajmiriganj,25.1,89,0,0.7545,High
4/26/2026 10:00,Sylhet,Habiganj,Ajmiriganj,28.5,73,0,0.9235,High
4/26/2026 12:00,Sylhet,Habiganj,Ajmiriganj,29.4,62,0,0.915,High
4/26/2026 14:00,Sylhet,Habiganj,Ajmiriganj,30.4,61,0.1,1,High
4/26/2026 16:00,Sylhet,Habiganj,Ajmiriganj,27.4,76,2.9,1,High
4/26/2026 18:00,Sylhet,Habiganj,Ajmiriganj,25.1,85,0,1,High
4/26/2026 20:00,Sylhet,Habiganj,Ajmiriganj,24.7,86,0,1,High
4/26/2026 22:00,Sylhet,Habiganj,Ajmiriganj,24.7,86,0,0.6425,Medium
4/27/2026 0:00,Sylhet,Habiganj,Ajmiriganj,23,91,0,0.427,Low
4/27/2026 2:00,Sylhet,Habiganj,Ajmiriganj,22.4,94,0,0.424,Low
4/27/2026 4:00,Sylhet,Habiganj,Ajmiriganj,23.2,90,0,0.428,Low
4/27/2026 6:00,Sylhet,Habiganj,Ajmiriganj,19.8,94,0.8,0.686,Medium
4/27/2026 8:00,Sylhet,Habiganj,Ajmiriganj,20.4,95,8.8,0.674,Medium
4/27/2026 10:00,Sylhet,Habiganj,Ajmiriganj,23.5,93,0.1,0.8882,High
4/27/2026 12:00,Sylhet,Habiganj,Ajmiriganj,24.8,79,0.4,0.879,High
4/27/2026 14:00,Sylhet,Habiganj,Ajmiriganj,26,75,0.2,0.9895,High
4/27/2026 16:00,Sylhet,Habiganj,Ajmiriganj,25.9,83,0.1,1,High
4/27/2026 18:00,Sylhet,Habiganj,Ajmiriganj,23.8,91,12.2,1,High
4/27/2026 20:00,Sylhet,Habiganj,Ajmiriganj,22.6,95,1.4,1,High
4/27/2026 22:00,Sylhet,Habiganj,Ajmiriganj,22,98,0.2,0.6255,Medium
4/28/2026 0:00,Sylhet,Habiganj,Ajmiriganj,21.9,96,0.1,0.4202,Low
4/28/2026 2:00,Sylhet,Habiganj,Ajmiriganj,21.8,96,0,0.419,Low
4/28/2026 4:00,Sylhet,Habiganj,Ajmiriganj,21.2,97,10.5,0.3857,Low
4/28/2026 6:00,Sylhet,Habiganj,Ajmiriganj,22.2,96,3.5,0.7162,High
4/28/2026 8:00,Sylhet,Habiganj,Ajmiriganj,23.9,93,0.1,0.7442,High
4/28/2026 10:00,Sylhet,Habiganj,Ajmiriganj,23,96,0.7,0.8852,High
4/28/2026 12:00,Sylhet,Habiganj,Ajmiriganj,22.2,94,5.1,0.8582,High
4/28/2026 14:00,Sylhet,Habiganj,Ajmiriganj,23.8,91,0.6,0.9875,High
4/28/2026 16:00,Sylhet,Habiganj,Ajmiriganj,25.9,83,0.6,1,High
4/28/2026 18:00,Sylhet,Habiganj,Ajmiriganj,23.1,92,0.5,1,High
4/28/2026 20:00,Sylhet,Habiganj,Ajmiriganj,23,91,0,1,High
4/28/2026 22:00,Sylhet,Habiganj,Ajmiriganj,23,94,0.1,0.6328,Medium
4/29/2026 0:00,Sylhet,Habiganj,Ajmiriganj,22.5,92,0.1,0.4212,Low
4/29/2026 2:00,Sylhet,Habiganj,Ajmiriganj,22,96,7,0.4045,Low
4/29/2026 4:00,Sylhet,Habiganj,Ajmiriganj,21.5,97,4.5,0.4052,Low
4/29/2026 6:00,Sylhet,Habiganj,Ajmiriganj,21.8,98,1.3,0.7198,High
4/29/2026 8:00,Sylhet,Habiganj,Ajmiriganj,22,96,3.7,0.7128,High
4/29/2026 10:00,Sylhet,Habiganj,Ajmiriganj,22,93,4,0.856,High
4/29/2026 12:00,Sylhet,Habiganj,Ajmiriganj,21,95,0.2,0.8545,High
4/29/2026 14:00,Sylhet,Habiganj,Ajmiriganj,23,86,0,0.967,High
4/29/2026 16:00,Sylhet,Habiganj,Ajmiriganj,23.2,85,0,0.968,High
4/29/2026 18:00,Sylhet,Habiganj,Ajmiriganj,22,88,0,1,High
4/29/2026 20:00,Sylhet,Habiganj,Ajmiriganj,21.1,92,0,1,High
4/29/2026 22:00,Sylhet,Habiganj,Ajmiriganj,20.1,96,0,0.5935,Medium
4/30/2026 0:00,Sylhet,Habiganj,Ajmiriganj,21,96,0,0.407,Low
4/30/2026 2:00,Sylhet,Habiganj,Ajmiriganj,20.9,96,0.2,0.405,Low
4/30/2026 4:00,Sylhet,Habiganj,Ajmiriganj,21,94,0.1,0.4028,Low
4/30/2026 6:00,Sylhet,Habiganj,Ajmiriganj,20.8,96,0,0.704,High
4/30/2026 8:00,Sylhet,Habiganj,Ajmiriganj,21.5,95,0.7,0.7107,High
4/30/2026 10:00,Sylhet,Habiganj,Ajmiriganj,24.4,78,0,0.872,High
4/30/2026 12:00,Sylhet,Habiganj,Ajmiriganj,27.2,66,0,0.89,High
4/30/2026 14:00,Sylhet,Habiganj,Ajmiriganj,29.1,56,0,0.9985,High
4/30/2026 16:00,Sylhet,Habiganj,Ajmiriganj,28,63,0.1,0.9958,High
4/30/2026 18:00,Sylhet,Habiganj,Ajmiriganj,26,81,0,1,High
4/30/2026 20:00,Sylhet,Habiganj,Ajmiriganj,24,87,0.3,1,High
4/30/2026 22:00,Sylhet,Habiganj,Ajmiriganj,22.9,93,0,0.6295,Medium
5/1/2026 0:00,Sylhet,Habiganj,Ajmiriganj,22.5,94,0.1,0.4252,Low
5/1/2026 2:00,Sylhet,Habiganj,Ajmiriganj,22.4,91,0,0.418,Low
5/1/2026 4:00,Sylhet,Habiganj,Ajmiriganj,21.6,91,0,0.406,Low
5/1/2026 6:00,Sylhet,Habiganj,Ajmiriganj,21.9,96,3,0.713,High
5/1/2026 8:00,Sylhet,Habiganj,Ajmiriganj,21.9,96,2.5,0.7142,High
5/1/2026 10:00,Sylhet,Habiganj,Ajmiriganj,22,93,1.3,0.8628,High
5/1/2026 12:00,Sylhet,Habiganj,Ajmiriganj,23.2,90,8.7,0.8562,High
5/1/2026 14:00,Sylhet,Habiganj,Ajmiriganj,22.4,92,3.4,0.9615,High
5/1/2026 16:00,Sylhet,Habiganj,Ajmiriganj,23.7,89,0.3,0.9828,High
5/1/2026 18:00,Sylhet,Habiganj,Ajmiriganj,22.6,94,0.7,1,High
5/1/2026 20:00,Sylhet,Habiganj,Ajmiriganj,21.7,95,0,1,High
5/1/2026 22:00,Sylhet,Habiganj,Ajmiriganj,21,98,0,0.611,Medium
5/2/2026 0:00,Sylhet,Habiganj,Ajmiriganj,21.5,96,1.1,0.4118,Low
5/2/2026 2:00,Sylhet,Habiganj,Ajmiriganj,21,97,0.3,0.4083,Low
5/2/2026 4:00,Sylhet,Habiganj,Ajmiriganj,20.1,98,0.7,0.3958,Low
5/2/2026 6:00,Sylhet,Habiganj,Ajmiriganj,20.7,97,1,0.702,High
5/2/2026 8:00,Sylhet,Habiganj,Ajmiriganj,22.5,89,0.2,0.715,High
5/2/2026 10:00,Sylhet,Habiganj,Ajmiriganj,24.6,80,0,0.879,High
5/2/2026 12:00,Sylhet,Habiganj,Ajmiriganj,23,89,0.1,0.8728,High
5/2/2026 14:00,Sylhet,Habiganj,Ajmiriganj,25.3,78,0.3,0.9848,High
5/2/2026 16:00,Sylhet,Habiganj,Ajmiriganj,22.7,87,0.6,0.963,High
5/2/2026 18:00,Sylhet,Habiganj,Ajmiriganj,22.5,88,0.1,1,High
5/2/2026 20:00,Sylhet,Habiganj,Ajmiriganj,22.5,92,0,1,High
5/2/2026 22:00,Sylhet,Habiganj,Ajmiriganj,22,94,0,0.618,Medium
5/3/2026 0:00,Sylhet,Habiganj,Ajmiriganj,22.4,93,0,0.422,Low
5/3/2026 2:00,Sylhet,Habiganj,Ajmiriganj,21.8,93,0.1,0.4128,Low
5/3/2026 4:00,Sylhet,Habiganj,Ajmiriganj,20.9,95,0,0.4035,Low
5/3/2026 6:00,Sylhet,Habiganj,Ajmiriganj,20.6,95,0.1,0.6988,Medium
5/3/2026 8:00,Sylhet,Habiganj,Ajmiriganj,23,85,0,0.715,High
5/3/2026 10:00,Sylhet,Habiganj,Ajmiriganj,25.6,75,0,0.884,High
5/3/2026 12:00,Sylhet,Habiganj,Ajmiriganj,28,70,0.1,0.9098,High
5/3/2026 14:00,Sylhet,Habiganj,Ajmiriganj,25,83,0.1,0.9907,High
5/3/2026 16:00,Sylhet,Habiganj,Ajmiriganj,28.2,73,0,1,High
5/3/2026 18:00,Sylhet,Habiganj,Ajmiriganj,25.3,88,0,1,High
5/3/2026 20:00,Sylhet,Habiganj,Ajmiriganj,23.9,91,0,1,High
5/3/2026 22:00,Sylhet,Habiganj,Ajmiriganj,23.3,94,0,0.6375,Medium
5/4/2026 0:00,Sylhet,Habiganj,Ajmiriganj,21.9,97,0,0.4225,Low
5/4/2026 2:00,Sylhet,Habiganj,Ajmiriganj,22,95,0.1,0.4198,Low
5/4/2026 4:00,Sylhet,Habiganj,Ajmiriganj,21.2,98,0,0.414,Low
5/4/2026 6:00,Sylhet,Habiganj,Ajmiriganj,22.3,98,6.3,0.7147,High
5/4/2026 8:00,Sylhet,Habiganj,Ajmiriganj,22.8,94,2,0.725,High
5/4/2026 10:00,Sylhet,Habiganj,Ajmiriganj,25,85,0.2,0.8945,High
5/4/2026 12:00,Sylhet,Habiganj,Ajmiriganj,26.6,73,0,0.895,High
5/4/2026 14:00,Sylhet,Habiganj,Ajmiriganj,28.2,66,0,1,High
5/4/2026 16:00,Sylhet,Habiganj,Ajmiriganj,29,63,0,1,High
5/4/2026 18:00,Sylhet,Habiganj,Ajmiriganj,26.8,83,0,1,High
5/4/2026 20:00,Sylhet,Habiganj,Ajmiriganj,24.1,92,0,1,High
5/4/2026 22:00,Sylhet,Habiganj,Ajmiriganj,23.1,95,0,0.6365,Medium
5/5/2026 0:00,Sylhet,Habiganj,Ajmiriganj,23,96,0,0.437,Low
5/5/2026 2:00,Sylhet,Habiganj,Ajmiriganj,23.4,96,0,0.443,Low
5/5/2026 4:00,Sylhet,Habiganj,Ajmiriganj,22,98,0,0.426,Low
5/5/2026 6:00,Sylhet,Habiganj,Ajmiriganj,23.2,90,0,0.728,High
5/5/2026 8:00,Sylhet,Habiganj,Ajmiriganj,25.8,86,0,0.759,High
5/5/2026 10:00,Sylhet,Habiganj,Ajmiriganj,29,72,0,0.929,High
5/5/2026 12:00,Sylhet,Habiganj,Ajmiriganj,30.6,63,0,0.935,High
5/5/2026 14:00,Sylhet,Habiganj,Ajmiriganj,31.5,57,0,1,High
5/5/2026 16:00,Sylhet,Habiganj,Ajmiriganj,30.2,61,0,1,High
5/5/2026 18:00,Sylhet,Habiganj,Ajmiriganj,27.4,74,0,1,High
5/5/2026 20:00,Sylhet,Habiganj,Ajmiriganj,25.8,76,0,1,High
5/5/2026 22:00,Sylhet,Habiganj,Ajmiriganj,24.4,88,0,0.642,Medium
5/6/2026 0:00,Sylhet,Habiganj,Ajmiriganj,24.1,95,0,0.4515,Medium
5/6/2026 2:00,Sylhet,Habiganj,Ajmiriganj,23.8,96,0,0.449,Low
5/6/2026 4:00,Sylhet,Habiganj,Ajmiriganj,23,98,0,0.441,Low
5/6/2026 6:00,Sylhet,Habiganj,Ajmiriganj,23.8,93,0,0.743,High
5/6/2026 8:00,Sylhet,Habiganj,Ajmiriganj,26.5,83,0,0.7635,High
5/6/2026 10:00,Sylhet,Habiganj,Ajmiriganj,28.4,75,0,0.926,High
5/6/2026 12:00,Sylhet,Habiganj,Ajmiriganj,28.9,73,0,0.9295,High
5/6/2026 14:00,Sylhet,Habiganj,Ajmiriganj,30.2,67,0,1,High
5/6/2026 16:00,Sylhet,Habiganj,Ajmiriganj,30.6,66,0,1,High
5/6/2026 18:00,Sylhet,Habiganj,Ajmiriganj,28.2,72,1,1,High
5/6/2026 20:00,Sylhet,Habiganj,Ajmiriganj,24.6,93,5.6,1,High
5/6/2026 22:00,Sylhet,Habiganj,Ajmiriganj,24,95,0.4,0.649,Medium
5/7/2026 0:00,Sylhet,Habiganj,Ajmiriganj,23.5,98,0,0.4485,Low
5/7/2026 2:00,Sylhet,Habiganj,Ajmiriganj,23.3,99,0,0.4475,Low
5/7/2026 4:00,Sylhet,Habiganj,Ajmiriganj,23,98,0,0.441,Low
5/7/2026 6:00,Sylhet,Habiganj,Ajmiriganj,21.5,97,0.2,0.716,High
5/7/2026 8:00,Sylhet,Habiganj,Ajmiriganj,24.4,84,0,0.734,High
5/7/2026 10:00,Sylhet,Habiganj,Ajmiriganj,26.8,78,0,0.908,High
5/7/2026 12:00,Sylhet,Habiganj,Ajmiriganj,28.9,66,0.2,0.915,High
5/7/2026 14:00,Sylhet,Habiganj,Ajmiriganj,30.2,62,0,1,High
5/7/2026 16:00,Sylhet,Habiganj,Ajmiriganj,30.4,59,0,1,High
5/7/2026 18:00,Sylhet,Habiganj,Ajmiriganj,28.6,72,0,1,High
5/7/2026 20:00,Sylhet,Habiganj,Ajmiriganj,25.9,81,0,1,High
5/7/2026 22:00,Sylhet,Habiganj,Ajmiriganj,25.2,85,0,0.648,Medium
5/8/2026 0:00,Sylhet,Habiganj,Ajmiriganj,25,88,0,0.451,Medium
5/8/2026 2:00,Sylhet,Habiganj,Ajmiriganj,24.9,89,0,0.4515,Medium
5/8/2026 4:00,Sylhet,Habiganj,Ajmiriganj,23.9,94,0,0.4465,Low
5/8/2026 6:00,Sylhet,Habiganj,Ajmiriganj,23.9,94,0,0.7465,High
5/8/2026 8:00,Sylhet,Habiganj,Ajmiriganj,28,79,0,0.778,High
5/8/2026 10:00,Sylhet,Habiganj,Ajmiriganj,30.6,60,0,0.929,High
5/8/2026 12:00,Sylhet,Habiganj,Ajmiriganj,29.6,64,0.1,0.9218,High
5/8/2026 14:00,Sylhet,Habiganj,Ajmiriganj,30.5,61,0,1,High
5/8/2026 16:00,Sylhet,Habiganj,Ajmiriganj,30.8,58,0,1,High
5/8/2026 18:00,Sylhet,Habiganj,Ajmiriganj,29,66,0,1,High
5/8/2026 20:00,Sylhet,Habiganj,Ajmiriganj,26.3,74,0,1,High
5/8/2026 22:00,Sylhet,Habiganj,Ajmiriganj,25.3,80,0,0.6395,Medium
5/9/2026 0:00,Sylhet,Habiganj,Ajmiriganj,25,82,0,0.439,Low
5/9/2026 2:00,Sylhet,Habiganj,Ajmiriganj,24.9,83,0,0.4395,Low
5/9/2026 4:00,Sylhet,Habiganj,Ajmiriganj,23.6,87,0,0.428,Low
5/9/2026 6:00,Sylhet,Habiganj,Ajmiriganj,23.8,91,0,0.739,High
5/9/2026 8:00,Sylhet,Habiganj,Ajmiriganj,27,80,0,0.765,High
5/9/2026 10:00,Sylhet,Habiganj,Ajmiriganj,30,60,0,0.92,High
5/9/2026 12:00,Sylhet,Habiganj,Ajmiriganj,31.7,50,0,0.9255,High
5/9/2026 14:00,Sylhet,Habiganj,Ajmiriganj,33,46,0,1,High
5/9/2026 16:00,Sylhet,Habiganj,Ajmiriganj,32.5,49,0,1,High
5/9/2026 18:00,Sylhet,Habiganj,Ajmiriganj,30.2,68,0,1,High
5/9/2026 20:00,Sylhet,Habiganj,Ajmiriganj,27,75,0,1,High
5/9/2026 22:00,Sylhet,Habiganj,Ajmiriganj,26.1,78,0,0.6475,Medium
5/10/2026 0:00,Sylhet,Habiganj,Ajmiriganj,26,81,0,0.452,Medium
5/10/2026 2:00,Sylhet,Habiganj,Ajmiriganj,26.1,76,0,0.4435,Low
5/10/2026 4:00,Sylhet,Habiganj,Ajmiriganj,24.9,82,0,0.4375,Low
5/10/2026 6:00,Sylhet,Habiganj,Ajmiriganj,25.2,83,0,0.744,High
5/10/2026 8:00,Sylhet,Habiganj,Ajmiriganj,28.9,74,0,0.7815,High
5/10/2026 10:00,Sylhet,Habiganj,Ajmiriganj,31,66,0,0.947,High
5/10/2026 12:00,Sylhet,Habiganj,Ajmiriganj,32.5,51,0,0.9395,High
5/10/2026 14:00,Sylhet,Habiganj,Ajmiriganj,26.1,77,1,0.993,High
5/10/2026 16:00,Sylhet,Habiganj,Ajmiriganj,27.5,73,0,1,High
5/10/2026 18:00,Sylhet,Habiganj,Ajmiriganj,25.1,82,0,1,High
5/10/2026 20:00,Sylhet,Habiganj,Ajmiriganj,24.2,90,0,1,High
5/10/2026 22:00,Sylhet,Habiganj,Ajmiriganj,24,91,0,0.642,Medium
5/11/2026 0:00,Sylhet,Habiganj,Ajmiriganj,23.9,91,0,0.4405,Low
5/11/2026 2:00,Sylhet,Habiganj,Ajmiriganj,23.7,91,0,0.4375,Low
5/11/2026 4:00,Sylhet,Habiganj,Ajmiriganj,22.7,95,0,0.4305,Low
5/11/2026 6:00,Sylhet,Habiganj,Ajmiriganj,22.4,91,0.1,0.7177,High
5/11/2026 8:00,Sylhet,Habiganj,Ajmiriganj,24.5,89,0,0.7455,High
5/11/2026 10:00,Sylhet,Habiganj,Ajmiriganj,27.3,74,0,0.9075,High
5/11/2026 12:00,Sylhet,Habiganj,Ajmiriganj,28.2,68,0,0.909,High
5/11/2026 14:00,Sylhet,Habiganj,Ajmiriganj,29,59,0.3,1,High
5/11/2026 16:00,Sylhet,Habiganj,Ajmiriganj,27.8,69,0,1,High
5/11/2026 18:00,Sylhet,Habiganj,Ajmiriganj,26.5,84,0,1,High
5/11/2026 20:00,Sylhet,Habiganj,Ajmiriganj,23.9,88,0.1,1,High
5/11/2026 22:00,Sylhet,Habiganj,Ajmiriganj,23.5,91,0,0.6345,Medium
5/12/2026 0:00,Sylhet,Habiganj,Ajmiriganj,23.7,92,0,0.4395,Low
5/12/2026 2:00,Sylhet,Habiganj,Ajmiriganj,22.6,96,0,0.431,Low
5/12/2026 4:00,Sylhet,Habiganj,Ajmiriganj,21.8,97,0,0.421,Low
5/12/2026 6:00,Sylhet,Habiganj,Ajmiriganj,23,94,0.4,0.732,High
5/12/2026 8:00,Sylhet,Habiganj,Ajmiriganj,25.7,84,0.2,0.753,High
5/12/2026 10:00,Sylhet,Habiganj,Ajmiriganj,28.1,76,0,0.9235,High
5/12/2026 12:00,Sylhet,Habiganj,Ajmiriganj,30,63,0.1,0.9258,High
5/12/2026 14:00,Sylhet,Habiganj,Ajmiriganj,30.5,59,0.1,1,High
5/12/2026 16:00,Sylhet,Habiganj,Ajmiriganj,30.4,58,0,1,High
5/12/2026 18:00,Sylhet,Habiganj,Ajmiriganj,29.6,71,0,1,High
5/12/2026 20:00,Sylhet,Habiganj,Ajmiriganj,27.5,78,0,1,High
5/12/2026 22:00,Sylhet,Habiganj,Ajmiriganj,25.9,85,0,0.6585,Medium
5/13/2026 0:00,Sylhet,Habiganj,Ajmiriganj,25.9,85,0,0.4585,Medium
5/13/2026 2:00,Sylhet,Habiganj,Ajmiriganj,23.2,95,0.1,0.4378,Low
5/13/2026 4:00,Sylhet,Habiganj,Ajmiriganj,22.8,96,0,0.434,Low
5/13/2026 6:00,Sylhet,Habiganj,Ajmiriganj,24,96,0,0.752,High
5/13/2026 8:00,Sylhet,Habiganj,Ajmiriganj,24.6,88,0.1,0.7448,High
5/13/2026 10:00,Sylhet,Habiganj,Ajmiriganj,28,76,0,0.922,High
5/13/2026 12:00,Sylhet,Habiganj,Ajmiriganj,29.9,70,0,0.9385,High
5/13/2026 14:00,Sylhet,Habiganj,Ajmiriganj,31,67,0,1,High
5/13/2026 16:00,Sylhet,Habiganj,Ajmiriganj,30.8,66,0.1,1,High
5/13/2026 18:00,Sylhet,Habiganj,Ajmiriganj,29.1,77,0,1,High
5/13/2026 20:00,Sylhet,Habiganj,Ajmiriganj,27,87,0,1,High
5/13/2026 22:00,Sylhet,Habiganj,Ajmiriganj,26.1,95,0.2,0.681,Medium
4/13/2026 0:00,Sylhet,Habiganj,Bahubal,23,83,0,0.411,Low
4/13/2026 2:00,Sylhet,Habiganj,Bahubal,23.5,93,0,0.4385,Low
4/13/2026 4:00,Sylhet,Habiganj,Bahubal,22.9,90,0.1,0.4232,Low
4/13/2026 6:00,Sylhet,Habiganj,Bahubal,24.4,98,0,0.762,High
4/13/2026 8:00,Sylhet,Habiganj,Bahubal,20.9,96,0.3,0.7047,High
4/13/2026 10:00,Sylhet,Habiganj,Bahubal,24.1,90,0,0.8915,High
4/13/2026 12:00,Sylhet,Habiganj,Bahubal,29.2,71,0.1,0.9298,High
4/13/2026 14:00,Sylhet,Habiganj,Bahubal,30.8,64,0.1,1,High
4/13/2026 16:00,Sylhet,Habiganj,Bahubal,29.5,67,0.3,1,High
4/13/2026 18:00,Sylhet,Habiganj,Bahubal,28.5,69,0.5,1,High
4/13/2026 20:00,Sylhet,Habiganj,Bahubal,25.1,91,0.2,1,High
4/13/2026 22:00,Sylhet,Habiganj,Bahubal,24.1,94,0,0.6495,Medium
4/14/2026 0:00,Sylhet,Habiganj,Bahubal,24.8,90,0,0.452,Medium
4/14/2026 2:00,Sylhet,Habiganj,Bahubal,21.5,98,1.4,0.415,Low
4/14/2026 4:00,Sylhet,Habiganj,Bahubal,21.4,93,0,0.407,Low
4/14/2026 6:00,Sylhet,Habiganj,Bahubal,22,91,0.9,0.7098,High
4/14/2026 8:00,Sylhet,Habiganj,Bahubal,24.4,89,0,0.744,High
4/14/2026 10:00,Sylhet,Habiganj,Bahubal,28.6,75,0.2,0.9285,High
4/14/2026 12:00,Sylhet,Habiganj,Bahubal,30,71,0.1,0.9418,High
4/14/2026 14:00,Sylhet,Habiganj,Bahubal,31.1,65,0,1,High
4/14/2026 16:00,Sylhet,Habiganj,Bahubal,30.8,66,0.2,1,High
4/14/2026 18:00,Sylhet,Habiganj,Bahubal,26.8,78,0,1,High
4/14/2026 20:00,Sylhet,Habiganj,Bahubal,26.4,85,0,1,High
4/14/2026 22:00,Sylhet,Habiganj,Bahubal,26.2,86,0,0.665,Medium
4/15/2026 0:00,Sylhet,Habiganj,Bahubal,20.4,99,0,0.404,Low
4/15/2026 2:00,Sylhet,Habiganj,Bahubal,21.5,97,0.3,0.4158,Low
4/15/2026 4:00,Sylhet,Habiganj,Bahubal,21.9,96,0,0.4205,Low
4/15/2026 6:00,Sylhet,Habiganj,Bahubal,22,96,0.1,0.7218,High
4/15/2026 8:00,Sylhet,Habiganj,Bahubal,23.8,88,0.2,0.7325,High
4/15/2026 10:00,Sylhet,Habiganj,Bahubal,27.5,76,0,0.9145,High
4/15/2026 12:00,Sylhet,Habiganj,Bahubal,30,67,0,0.934,High
4/15/2026 14:00,Sylhet,Habiganj,Bahubal,31.2,64,0,1,High
4/15/2026 16:00,Sylhet,Habiganj,Bahubal,31.5,63,0,1,High
4/15/2026 18:00,Sylhet,Habiganj,Bahubal,28.6,75,0,1,High
4/15/2026 20:00,Sylhet,Habiganj,Bahubal,26.8,74,0,1,High
4/15/2026 22:00,Sylhet,Habiganj,Bahubal,23.6,87,0,0.628,Medium
4/16/2026 0:00,Sylhet,Habiganj,Bahubal,21.5,96,0,0.4145,Low
4/16/2026 2:00,Sylhet,Habiganj,Bahubal,21.6,91,0,0.406,Low
4/16/2026 4:00,Sylhet,Habiganj,Bahubal,21.5,91,0,0.4045,Low
4/16/2026 6:00,Sylhet,Habiganj,Bahubal,21,97,0,0.709,High
4/16/2026 8:00,Sylhet,Habiganj,Bahubal,23.5,89,0,0.7305,High
4/16/2026 10:00,Sylhet,Habiganj,Bahubal,27.8,75,0,0.917,High
4/16/2026 12:00,Sylhet,Habiganj,Bahubal,29.3,68,0,0.9255,High
4/16/2026 14:00,Sylhet,Habiganj,Bahubal,30.5,65,0.1,1,High
4/16/2026 16:00,Sylhet,Habiganj,Bahubal,30.6,64,0.1,1,High
4/16/2026 18:00,Sylhet,Habiganj,Bahubal,28,85,0,1,High
4/16/2026 20:00,Sylhet,Habiganj,Bahubal,25.9,84,0,1,High
4/16/2026 22:00,Sylhet,Habiganj,Bahubal,22.8,93,2.1,0.6228,Medium
4/17/2026 0:00,Sylhet,Habiganj,Bahubal,24,93,0,0.446,Low
4/17/2026 2:00,Sylhet,Habiganj,Bahubal,22.2,96,5,0.4125,Low
4/17/2026 4:00,Sylhet,Habiganj,Bahubal,21.9,97,0,0.4225,Low
4/17/2026 6:00,Sylhet,Habiganj,Bahubal,23.2,100,0,0.748,High
4/17/2026 8:00,Sylhet,Habiganj,Bahubal,24.9,93,0,0.7595,High
4/17/2026 10:00,Sylhet,Habiganj,Bahubal,27.2,80,0,0.918,High
4/17/2026 12:00,Sylhet,Habiganj,Bahubal,30.6,72,0,0.953,High
4/17/2026 14:00,Sylhet,Habiganj,Bahubal,31.6,66,0,1,High
4/17/2026 16:00,Sylhet,Habiganj,Bahubal,31.3,64,0,1,High
4/17/2026 18:00,Sylhet,Habiganj,Bahubal,29.4,82,0,1,High
4/17/2026 20:00,Sylhet,Habiganj,Bahubal,26.4,93,0,1,High
4/17/2026 22:00,Sylhet,Habiganj,Bahubal,25.5,93,0,0.6685,Medium
4/18/2026 0:00,Sylhet,Habiganj,Bahubal,24.7,93,0,0.4565,Medium
4/18/2026 2:00,Sylhet,Habiganj,Bahubal,24.5,96,0,0.4595,Medium
4/18/2026 4:00,Sylhet,Habiganj,Bahubal,24.1,96,0,0.4535,Medium
4/18/2026 6:00,Sylhet,Habiganj,Bahubal,23.9,98,0.6,0.753,High
4/18/2026 8:00,Sylhet,Habiganj,Bahubal,25.4,91,0,0.763,High
4/18/2026 10:00,Sylhet,Habiganj,Bahubal,28.5,79,0,0.9355,High
4/18/2026 12:00,Sylhet,Habiganj,Bahubal,30.2,73,0.1,0.9488,High
4/18/2026 14:00,Sylhet,Habiganj,Bahubal,30.8,73,0.1,1,High
4/18/2026 16:00,Sylhet,Habiganj,Bahubal,30.4,70,0,1,High
4/18/2026 18:00,Sylhet,Habiganj,Bahubal,28.7,86,0,1,High
4/18/2026 20:00,Sylhet,Habiganj,Bahubal,26,96,0,1,High
4/18/2026 22:00,Sylhet,Habiganj,Bahubal,25.9,93,0,0.6745,Medium
4/19/2026 0:00,Sylhet,Habiganj,Bahubal,25.4,97,0.2,0.4745,Medium
4/19/2026 2:00,Sylhet,Habiganj,Bahubal,22.8,96,0.3,0.4332,Low
4/19/2026 4:00,Sylhet,Habiganj,Bahubal,22.5,97,0,0.4315,Low
4/19/2026 6:00,Sylhet,Habiganj,Bahubal,23.2,96,0,0.74,High
4/19/2026 8:00,Sylhet,Habiganj,Bahubal,22.7,94,0.9,0.7262,High
4/19/2026 10:00,Sylhet,Habiganj,Bahubal,26.8,84,0,0.92,High
4/19/2026 12:00,Sylhet,Habiganj,Bahubal,28.6,76,0.9,0.9288,High
4/19/2026 14:00,Sylhet,Habiganj,Bahubal,27.8,79,0.1,1,High
4/19/2026 16:00,Sylhet,Habiganj,Bahubal,29.9,73,0,1,High
4/19/2026 18:00,Sylhet,Habiganj,Bahubal,27.5,88,0,1,High
4/19/2026 20:00,Sylhet,Habiganj,Bahubal,25.8,95,0,1,High
4/19/2026 22:00,Sylhet,Habiganj,Bahubal,25.7,96,0,0.6775,Medium
4/20/2026 0:00,Sylhet,Habiganj,Bahubal,24.2,100,0.2,0.4625,Medium
4/20/2026 2:00,Sylhet,Habiganj,Bahubal,24.4,97,0.9,0.4578,Medium
4/20/2026 4:00,Sylhet,Habiganj,Bahubal,22.6,97,0.8,0.431,Low
4/20/2026 6:00,Sylhet,Habiganj,Bahubal,23.8,99,0.1,0.7548,High
4/20/2026 8:00,Sylhet,Habiganj,Bahubal,25.5,92,0,0.7665,High
4/20/2026 10:00,Sylhet,Habiganj,Bahubal,28.2,82,0.2,0.9365,High
4/20/2026 12:00,Sylhet,Habiganj,Bahubal,31.7,68,0,0.9615,High
4/20/2026 14:00,Sylhet,Habiganj,Bahubal,32.9,61,0,1,High
4/20/2026 16:00,Sylhet,Habiganj,Bahubal,33,62,0,1,High
4/20/2026 18:00,Sylhet,Habiganj,Bahubal,27.1,90,7.5,1,High
4/20/2026 20:00,Sylhet,Habiganj,Bahubal,26.7,87,0,1,High
4/20/2026 22:00,Sylhet,Habiganj,Bahubal,27.5,83,0,0.6785,Medium
4/21/2026 0:00,Sylhet,Habiganj,Bahubal,26,92,0.2,0.4735,Medium
4/21/2026 2:00,Sylhet,Habiganj,Bahubal,26.2,96,0.2,0.4845,Medium
4/21/2026 4:00,Sylhet,Habiganj,Bahubal,26.2,96,0.2,0.4845,Medium
4/21/2026 6:00,Sylhet,Habiganj,Bahubal,25.1,94,0.3,0.7637,High
4/21/2026 8:00,Sylhet,Habiganj,Bahubal,27,85,0.2,0.7745,High
4/21/2026 10:00,Sylhet,Habiganj,Bahubal,30.1,74,0.3,0.9488,High
4/21/2026 12:00,Sylhet,Habiganj,Bahubal,32.2,62,0,0.957,High
4/21/2026 14:00,Sylhet,Habiganj,Bahubal,32.2,62,0.4,1,High
4/21/2026 16:00,Sylhet,Habiganj,Bahubal,31.4,68,0,1,High
4/21/2026 18:00,Sylhet,Habiganj,Bahubal,30.2,70,0,1,High
4/21/2026 20:00,Sylhet,Habiganj,Bahubal,29.3,73,0,1,High
4/21/2026 22:00,Sylhet,Habiganj,Bahubal,28,82,0,0.684,Medium
4/22/2026 0:00,Sylhet,Habiganj,Bahubal,26.4,90,0,0.476,Medium
4/22/2026 2:00,Sylhet,Habiganj,Bahubal,23,99,1.5,0.4392,Low
4/22/2026 4:00,Sylhet,Habiganj,Bahubal,24.3,95,0,0.4545,Medium
4/22/2026 6:00,Sylhet,Habiganj,Bahubal,21.5,98,0,0.7185,High
4/22/2026 8:00,Sylhet,Habiganj,Bahubal,23.4,91,0,0.733,High
4/22/2026 10:00,Sylhet,Habiganj,Bahubal,26.5,84,0.1,0.9152,High
4/22/2026 12:00,Sylhet,Habiganj,Bahubal,30.5,71,0,0.9495,High
4/22/2026 14:00,Sylhet,Habiganj,Bahubal,33.5,57,0,1,High
4/22/2026 16:00,Sylhet,Habiganj,Bahubal,33,61,0,1,High
4/22/2026 18:00,Sylhet,Habiganj,Bahubal,29.8,65,0,1,High
4/22/2026 20:00,Sylhet,Habiganj,Bahubal,25,79,0,1,High
4/22/2026 22:00,Sylhet,Habiganj,Bahubal,24.1,84,0,0.6295,Medium
4/23/2026 0:00,Sylhet,Habiganj,Bahubal,23,92,0,0.429,Low
4/23/2026 2:00,Sylhet,Habiganj,Bahubal,23.5,93,0,0.4385,Low
4/23/2026 4:00,Sylhet,Habiganj,Bahubal,24.3,92,0,0.4485,Low
4/23/2026 6:00,Sylhet,Habiganj,Bahubal,24.5,92,0,0.7515,High
4/23/2026 8:00,Sylhet,Habiganj,Bahubal,26.1,90,0,0.7715,High
4/23/2026 10:00,Sylhet,Habiganj,Bahubal,29.9,73,0.2,0.944,High
4/23/2026 12:00,Sylhet,Habiganj,Bahubal,30.1,71,0,0.9435,High
4/23/2026 14:00,Sylhet,Habiganj,Bahubal,31.1,68,0.1,1,High
4/23/2026 16:00,Sylhet,Habiganj,Bahubal,31.8,65,0,1,High
4/23/2026 18:00,Sylhet,Habiganj,Bahubal,30,80,0,1,High
4/23/2026 20:00,Sylhet,Habiganj,Bahubal,27.9,83,0,1,High
4/23/2026 22:00,Sylhet,Habiganj,Bahubal,26.8,87,0,0.676,Medium
4/24/2026 0:00,Sylhet,Habiganj,Bahubal,26,91,0,0.472,Medium
4/24/2026 2:00,Sylhet,Habiganj,Bahubal,25.9,90,0,0.4685,Medium
4/24/2026 4:00,Sylhet,Habiganj,Bahubal,25.1,94,0,0.4645,Medium
4/24/2026 6:00,Sylhet,Habiganj,Bahubal,25.6,97,0,0.778,High
4/24/2026 8:00,Sylhet,Habiganj,Bahubal,28.6,84,0,0.797,High
4/24/2026 10:00,Sylhet,Habiganj,Bahubal,30.9,73,0,0.9595,High
4/24/2026 12:00,Sylhet,Habiganj,Bahubal,32,65,0,0.96,High
4/24/2026 14:00,Sylhet,Habiganj,Bahubal,33,62,0,1,High
4/24/2026 16:00,Sylhet,Habiganj,Bahubal,33,60,0,1,High
4/24/2026 18:00,Sylhet,Habiganj,Bahubal,30.7,76,0,1,High
4/24/2026 20:00,Sylhet,Habiganj,Bahubal,28.2,83,0,1,High
4/24/2026 22:00,Sylhet,Habiganj,Bahubal,26.9,87,0,0.6775,Medium
4/25/2026 0:00,Sylhet,Habiganj,Bahubal,26,94,0,0.478,Medium
4/25/2026 2:00,Sylhet,Habiganj,Bahubal,25.8,94,0,0.475,Medium
4/25/2026 4:00,Sylhet,Habiganj,Bahubal,25,95,0,0.465,Medium
4/25/2026 6:00,Sylhet,Habiganj,Bahubal,26,92,0,0.774,High
4/25/2026 8:00,Sylhet,Habiganj,Bahubal,28.7,87,0,0.8045,High
4/25/2026 10:00,Sylhet,Habiganj,Bahubal,27.5,85,0,0.9325,High
4/25/2026 12:00,Sylhet,Habiganj,Bahubal,31,74,0,0.963,High
4/25/2026 14:00,Sylhet,Habiganj,Bahubal,32.8,64,0,1,High
4/25/2026 16:00,Sylhet,Habiganj,Bahubal,33,62,0,1,High
4/25/2026 18:00,Sylhet,Habiganj,Bahubal,30,79,0,1,High
4/25/2026 20:00,Sylhet,Habiganj,Bahubal,27.3,84,0,1,High
4/25/2026 22:00,Sylhet,Habiganj,Bahubal,26,90,0,0.67,Medium
4/26/2026 0:00,Sylhet,Habiganj,Bahubal,25.6,92,0,0.468,Medium
4/26/2026 2:00,Sylhet,Habiganj,Bahubal,26.1,87,0,0.4655,Medium
4/26/2026 4:00,Sylhet,Habiganj,Bahubal,25.4,88,0,0.457,Medium
4/26/2026 6:00,Sylhet,Habiganj,Bahubal,23.4,96,0,0.743,High
4/26/2026 8:00,Sylhet,Habiganj,Bahubal,25.1,89,0,0.7545,High
4/26/2026 10:00,Sylhet,Habiganj,Bahubal,28.5,73,0,0.9235,High
4/26/2026 12:00,Sylhet,Habiganj,Bahubal,29.4,62,0,0.915,High
4/26/2026 14:00,Sylhet,Habiganj,Bahubal,30.4,61,0.1,1,High
4/26/2026 16:00,Sylhet,Habiganj,Bahubal,27.4,76,2.9,1,High
4/26/2026 18:00,Sylhet,Habiganj,Bahubal,25.1,85,0,1,High
4/26/2026 20:00,Sylhet,Habiganj,Bahubal,24.7,86,0,1,High
4/26/2026 22:00,Sylhet,Habiganj,Bahubal,24.7,86,0,0.6425,Medium
4/27/2026 0:00,Sylhet,Habiganj,Bahubal,23,91,0,0.427,Low
4/27/2026 2:00,Sylhet,Habiganj,Bahubal,22.4,94,0,0.424,Low
4/27/2026 4:00,Sylhet,Habiganj,Bahubal,23.2,90,0,0.428,Low
4/27/2026 6:00,Sylhet,Habiganj,Bahubal,19.8,94,0.8,0.686,Medium
4/27/2026 8:00,Sylhet,Habiganj,Bahubal,20.4,95,8.8,0.674,Medium
4/27/2026 10:00,Sylhet,Habiganj,Bahubal,23.5,93,0.1,0.8882,High
4/27/2026 12:00,Sylhet,Habiganj,Bahubal,24.8,79,0.4,0.879,High
4/27/2026 14:00,Sylhet,Habiganj,Bahubal,26,75,0.2,0.9895,High
4/27/2026 16:00,Sylhet,Habiganj,Bahubal,25.9,83,0.1,1,High
4/27/2026 18:00,Sylhet,Habiganj,Bahubal,23.8,91,12.2,1,High
4/27/2026 20:00,Sylhet,Habiganj,Bahubal,22.6,95,1.4,1,High
4/27/2026 22:00,Sylhet,Habiganj,Bahubal,22,98,0.2,0.6255,Medium
4/28/2026 0:00,Sylhet,Habiganj,Bahubal,21.9,96,0.1,0.4202,Low
4/28/2026 2:00,Sylhet,Habiganj,Bahubal,21.8,96,0,0.419,Low
4/28/2026 4:00,Sylhet,Habiganj,Bahubal,21.2,97,10.5,0.3857,Low
4/28/2026 6:00,Sylhet,Habiganj,Bahubal,22.2,96,3.5,0.7162,High
4/28/2026 8:00,Sylhet,Habiganj,Bahubal,23.9,93,0.1,0.7442,High
4/28/2026 10:00,Sylhet,Habiganj,Bahubal,23,96,0.7,0.8852,High
4/28/2026 12:00,Sylhet,Habiganj,Bahubal,22.2,94,5.1,0.8582,High
4/28/2026 14:00,Sylhet,Habiganj,Bahubal,23.8,91,0.6,0.9875,High
4/28/2026 16:00,Sylhet,Habiganj,Bahubal,25.9,83,0.6,1,High
4/28/2026 18:00,Sylhet,Habiganj,Bahubal,23.1,92,0.5,1,High
4/28/2026 20:00,Sylhet,Habiganj,Bahubal,23,91,0,1,High
4/28/2026 22:00,Sylhet,Habiganj,Bahubal,23,94,0.1,0.6328,Medium
4/29/2026 0:00,Sylhet,Habiganj,Bahubal,22.5,92,0.1,0.4212,Low
4/29/2026 2:00,Sylhet,Habiganj,Bahubal,22,96,7,0.4045,Low
4/29/2026 4:00,Sylhet,Habiganj,Bahubal,21.5,97,4.5,0.4052,Low
4/29/2026 6:00,Sylhet,Habiganj,Bahubal,21.8,98,1.3,0.7198,High
4/29/2026 8:00,Sylhet,Habiganj,Bahubal,22,96,3.7,0.7128,High
4/29/2026 10:00,Sylhet,Habiganj,Bahubal,22,93,4,0.856,High
4/29/2026 12:00,Sylhet,Habiganj,Bahubal,21,95,0.2,0.8545,High
4/29/2026 14:00,Sylhet,Habiganj,Bahubal,23,86,0,0.967,High
4/29/2026 16:00,Sylhet,Habiganj,Bahubal,23.2,85,0,0.968,High
4/29/2026 18:00,Sylhet,Habiganj,Bahubal,22,88,0,1,High
4/29/2026 20:00,Sylhet,Habiganj,Bahubal,21.1,92,0,1,High
4/29/2026 22:00,Sylhet,Habiganj,Bahubal,20.1,96,0,0.5935,Medium
4/30/2026 0:00,Sylhet,Habiganj,Bahubal,21,96,0,0.407,Low
4/30/2026 2:00,Sylhet,Habiganj,Bahubal,20.9,96,0.2,0.405,Low
4/30/2026 4:00,Sylhet,Habiganj,Bahubal,21,94,0.1,0.4028,Low
4/30/2026 6:00,Sylhet,Habiganj,Bahubal,20.8,96,0,0.704,High
4/30/2026 8:00,Sylhet,Habiganj,Bahubal,21.5,95,0.7,0.7107,High
4/30/2026 10:00,Sylhet,Habiganj,Bahubal,24.4,78,0,0.872,High
4/30/2026 12:00,Sylhet,Habiganj,Bahubal,27.2,66,0,0.89,High
4/30/2026 14:00,Sylhet,Habiganj,Bahubal,29.1,56,0,0.9985,High
4/30/2026 16:00,Sylhet,Habiganj,Bahubal,28,63,0.1,0.9958,High
4/30/2026 18:00,Sylhet,Habiganj,Bahubal,26,81,0,1,High
4/30/2026 20:00,Sylhet,Habiganj,Bahubal,24,87,0.3,1,High
4/30/2026 22:00,Sylhet,Habiganj,Bahubal,22.9,93,0,0.6295,Medium
5/1/2026 0:00,Sylhet,Habiganj,Bahubal,22.5,94,0.1,0.4252,Low
5/1/2026 2:00,Sylhet,Habiganj,Bahubal,22.4,91,0,0.418,Low
5/1/2026 4:00,Sylhet,Habiganj,Bahubal,21.6,91,0,0.406,Low
5/1/2026 6:00,Sylhet,Habiganj,Bahubal,21.9,96,3,0.713,High
5/1/2026 8:00,Sylhet,Habiganj,Bahubal,21.9,96,2.5,0.7142,High
5/1/2026 10:00,Sylhet,Habiganj,Bahubal,22,93,1.3,0.8628,High
5/1/2026 12:00,Sylhet,Habiganj,Bahubal,23.2,90,8.7,0.8562,High
5/1/2026 14:00,Sylhet,Habiganj,Bahubal,22.4,92,3.4,0.9615,High
5/1/2026 16:00,Sylhet,Habiganj,Bahubal,23.7,89,0.3,0.9828,High
5/1/2026 18:00,Sylhet,Habiganj,Bahubal,22.6,94,0.7,1,High
5/1/2026 20:00,Sylhet,Habiganj,Bahubal,21.7,95,0,1,High
5/1/2026 22:00,Sylhet,Habiganj,Bahubal,21,98,0,0.611,Medium
5/2/2026 0:00,Sylhet,Habiganj,Bahubal,21.5,96,1.1,0.4118,Low
5/2/2026 2:00,Sylhet,Habiganj,Bahubal,21,97,0.3,0.4083,Low
5/2/2026 4:00,Sylhet,Habiganj,Bahubal,20.1,98,0.7,0.3958,Low
5/2/2026 6:00,Sylhet,Habiganj,Bahubal,20.7,97,1,0.702,High
5/2/2026 8:00,Sylhet,Habiganj,Bahubal,22.5,89,0.2,0.715,High
5/2/2026 10:00,Sylhet,Habiganj,Bahubal,24.6,80,0,0.879,High
5/2/2026 12:00,Sylhet,Habiganj,Bahubal,23,89,0.1,0.8728,High
5/2/2026 14:00,Sylhet,Habiganj,Bahubal,25.3,78,0.3,0.9848,High
5/2/2026 16:00,Sylhet,Habiganj,Bahubal,22.7,87,0.6,0.963,High
5/2/2026 18:00,Sylhet,Habiganj,Bahubal,22.5,88,0.1,1,High
5/2/2026 20:00,Sylhet,Habiganj,Bahubal,22.5,92,0,1,High
5/2/2026 22:00,Sylhet,Habiganj,Bahubal,22,94,0,0.618,Medium
5/3/2026 0:00,Sylhet,Habiganj,Bahubal,22.4,93,0,0.422,Low
5/3/2026 2:00,Sylhet,Habiganj,Bahubal,21.8,93,0.1,0.4128,Low
5/3/2026 4:00,Sylhet,Habiganj,Bahubal,20.9,95,0,0.4035,Low
5/3/2026 6:00,Sylhet,Habiganj,Bahubal,20.6,95,0.1,0.6988,Medium
5/3/2026 8:00,Sylhet,Habiganj,Bahubal,23,85,0,0.715,High
5/3/2026 10:00,Sylhet,Habiganj,Bahubal,25.6,75,0,0.884,High
5/3/2026 12:00,Sylhet,Habiganj,Bahubal,28,70,0.1,0.9098,High
5/3/2026 14:00,Sylhet,Habiganj,Bahubal,25,83,0.1,0.9907,High
5/3/2026 16:00,Sylhet,Habiganj,Bahubal,28.2,73,0,1,High
5/3/2026 18:00,Sylhet,Habiganj,Bahubal,25.3,88,0,1,High
5/3/2026 20:00,Sylhet,Habiganj,Bahubal,23.9,91,0,1,High
5/3/2026 22:00,Sylhet,Habiganj,Bahubal,23.3,94,0,0.6375,Medium
5/4/2026 0:00,Sylhet,Habiganj,Bahubal,21.9,97,0,0.4225,Low
5/4/2026 2:00,Sylhet,Habiganj,Bahubal,22,95,0.1,0.4198,Low
5/4/2026 4:00,Sylhet,Habiganj,Bahubal,21.2,98,0,0.414,Low
5/4/2026 6:00,Sylhet,Habiganj,Bahubal,22.3,98,6.3,0.7147,High
5/4/2026 8:00,Sylhet,Habiganj,Bahubal,22.8,94,2,0.725,High
5/4/2026 10:00,Sylhet,Habiganj,Bahubal,25,85,0.2,0.8945,High
5/4/2026 12:00,Sylhet,Habiganj,Bahubal,26.6,73,0,0.895,High
5/4/2026 14:00,Sylhet,Habiganj,Bahubal,28.2,66,0,1,High
5/4/2026 16:00,Sylhet,Habiganj,Bahubal,29,63,0,1,High
5/4/2026 18:00,Sylhet,Habiganj,Bahubal,26.8,83,0,1,High
5/4/2026 20:00,Sylhet,Habiganj,Bahubal,24.1,92,0,1,High
5/4/2026 22:00,Sylhet,Habiganj,Bahubal,23.1,95,0,0.6365,Medium
5/5/2026 0:00,Sylhet,Habiganj,Bahubal,23,96,0,0.437,Low
5/5/2026 2:00,Sylhet,Habiganj,Bahubal,23.4,96,0,0.443,Low
5/5/2026 4:00,Sylhet,Habiganj,Bahubal,22,98,0,0.426,Low
5/5/2026 6:00,Sylhet,Habiganj,Bahubal,23.2,90,0,0.728,High
5/5/2026 8:00,Sylhet,Habiganj,Bahubal,25.8,86,0,0.759,High
5/5/2026 10:00,Sylhet,Habiganj,Bahubal,29,72,0,0.929,High
5/5/2026 12:00,Sylhet,Habiganj,Bahubal,30.6,63,0,0.935,High
5/5/2026 14:00,Sylhet,Habiganj,Bahubal,31.5,57,0,1,High
5/5/2026 16:00,Sylhet,Habiganj,Bahubal,30.2,61,0,1,High
5/5/2026 18:00,Sylhet,Habiganj,Bahubal,27.4,74,0,1,High
5/5/2026 20:00,Sylhet,Habiganj,Bahubal,25.8,76,0,1,High
5/5/2026 22:00,Sylhet,Habiganj,Bahubal,24.4,88,0,0.642,Medium
5/6/2026 0:00,Sylhet,Habiganj,Bahubal,24.1,95,0,0.4515,Medium
5/6/2026 2:00,Sylhet,Habiganj,Bahubal,23.8,96,0,0.449,Low
5/6/2026 4:00,Sylhet,Habiganj,Bahubal,23,98,0,0.441,Low
5/6/2026 6:00,Sylhet,Habiganj,Bahubal,23.8,93,0,0.743,High
5/6/2026 8:00,Sylhet,Habiganj,Bahubal,26.5,83,0,0.7635,High
5/6/2026 10:00,Sylhet,Habiganj,Bahubal,28.4,75,0,0.926,High
5/6/2026 12:00,Sylhet,Habiganj,Bahubal,28.9,73,0,0.9295,High
5/6/2026 14:00,Sylhet,Habiganj,Bahubal,30.2,67,0,1,High
5/6/2026 16:00,Sylhet,Habiganj,Bahubal,30.6,66,0,1,High
5/6/2026 18:00,Sylhet,Habiganj,Bahubal,28.2,72,1,1,High
5/6/2026 20:00,Sylhet,Habiganj,Bahubal,24.6,93,5.6,1,High
5/6/2026 22:00,Sylhet,Habiganj,Bahubal,24,95,0.4,0.649,Medium
5/7/2026 0:00,Sylhet,Habiganj,Bahubal,23.5,98,0,0.4485,Low
5/7/2026 2:00,Sylhet,Habiganj,Bahubal,23.3,99,0,0.4475,Low
5/7/2026 4:00,Sylhet,Habiganj,Bahubal,23,98,0,0.441,Low
5/7/2026 6:00,Sylhet,Habiganj,Bahubal,21.5,97,0.2,0.716,High
5/7/2026 8:00,Sylhet,Habiganj,Bahubal,24.4,84,0,0.734,High
5/7/2026 10:00,Sylhet,Habiganj,Bahubal,26.8,78,0,0.908,High
5/7/2026 12:00,Sylhet,Habiganj,Bahubal,28.9,66,0.2,0.915,High
5/7/2026 14:00,Sylhet,Habiganj,Bahubal,30.2,62,0,1,High
5/7/2026 16:00,Sylhet,Habiganj,Bahubal,30.4,59,0,1,High
5/7/2026 18:00,Sylhet,Habiganj,Bahubal,28.6,72,0,1,High
5/7/2026 20:00,Sylhet,Habiganj,Bahubal,25.9,81,0,1,High
5/7/2026 22:00,Sylhet,Habiganj,Bahubal,25.2,85,0,0.648,Medium
5/8/2026 0:00,Sylhet,Habiganj,Bahubal,25,88,0,0.451,Medium
5/8/2026 2:00,Sylhet,Habiganj,Bahubal,24.9,89,0,0.4515,Medium
5/8/2026 4:00,Sylhet,Habiganj,Bahubal,23.9,94,0,0.4465,Low
5/8/2026 6:00,Sylhet,Habiganj,Bahubal,23.9,94,0,0.7465,High
5/8/2026 8:00,Sylhet,Habiganj,Bahubal,28,79,0,0.778,High
5/8/2026 10:00,Sylhet,Habiganj,Bahubal,30.6,60,0,0.929,High
5/8/2026 12:00,Sylhet,Habiganj,Bahubal,29.6,64,0.1,0.9218,High
5/8/2026 14:00,Sylhet,Habiganj,Bahubal,30.5,61,0,1,High
5/8/2026 16:00,Sylhet,Habiganj,Bahubal,30.8,58,0,1,High
5/8/2026 18:00,Sylhet,Habiganj,Bahubal,29,66,0,1,High
5/8/2026 20:00,Sylhet,Habiganj,Bahubal,26.3,74,0,1,High
5/8/2026 22:00,Sylhet,Habiganj,Bahubal,25.3,80,0,0.6395,Medium
5/9/2026 0:00,Sylhet,Habiganj,Bahubal,25,82,0,0.439,Low
5/9/2026 2:00,Sylhet,Habiganj,Bahubal,24.9,83,0,0.4395,Low
5/9/2026 4:00,Sylhet,Habiganj,Bahubal,23.6,87,0,0.428,Low
5/9/2026 6:00,Sylhet,Habiganj,Bahubal,23.8,91,0,0.739,High
5/9/2026 8:00,Sylhet,Habiganj,Bahubal,27,80,0,0.765,High
5/9/2026 10:00,Sylhet,Habiganj,Bahubal,30,60,0,0.92,High
5/9/2026 12:00,Sylhet,Habiganj,Bahubal,31.7,50,0,0.9255,High
5/9/2026 14:00,Sylhet,Habiganj,Bahubal,33,46,0,1,High
5/9/2026 16:00,Sylhet,Habiganj,Bahubal,32.5,49,0,1,High
5/9/2026 18:00,Sylhet,Habiganj,Bahubal,30.2,68,0,1,High
5/9/2026 20:00,Sylhet,Habiganj,Bahubal,27,75,0,1,High
5/9/2026 22:00,Sylhet,Habiganj,Bahubal,26.1,78,0,0.6475,Medium
5/10/2026 0:00,Sylhet,Habiganj,Bahubal,26,81,0,0.452,Medium
5/10/2026 2:00,Sylhet,Habiganj,Bahubal,26.1,76,0,0.4435,Low
5/10/2026 4:00,Sylhet,Habiganj,Bahubal,24.9,82,0,0.4375,Low
5/10/2026 6:00,Sylhet,Habiganj,Bahubal,25.2,83,0,0.744,High
5/10/2026 8:00,Sylhet,Habiganj,Bahubal,28.9,74,0,0.7815,High
5/10/2026 10:00,Sylhet,Habiganj,Bahubal,31,66,0,0.947,High
5/10/2026 12:00,Sylhet,Habiganj,Bahubal,32.5,51,0,0.9395,High
5/10/2026 14:00,Sylhet,Habiganj,Bahubal,26.1,77,1,0.993,High
5/10/2026 16:00,Sylhet,Habiganj,Bahubal,27.5,73,0,1,High
5/10/2026 18:00,Sylhet,Habiganj,Bahubal,25.1,82,0,1,High
5/10/2026 20:00,Sylhet,Habiganj,Bahubal,24.2,90,0,1,High
5/10/2026 22:00,Sylhet,Habiganj,Bahubal,24,91,0,0.642,Medium
5/11/2026 0:00,Sylhet,Habiganj,Bahubal,23.9,91,0,0.4405,Low
5/11/2026 2:00,Sylhet,Habiganj,Bahubal,23.7,91,0,0.4375,Low
5/11/2026 4:00,Sylhet,Habiganj,Bahubal,22.7,95,0,0.4305,Low
5/11/2026 6:00,Sylhet,Habiganj,Bahubal,22.4,91,0.1,0.7177,High
5/11/2026 8:00,Sylhet,Habiganj,Bahubal,24.5,89,0,0.7455,High
5/11/2026 10:00,Sylhet,Habiganj,Bahubal,27.3,74,0,0.9075,High
5/11/2026 12:00,Sylhet,Habiganj,Bahubal,28.2,68,0,0.909,High
5/11/2026 14:00,Sylhet,Habiganj,Bahubal,29,59,0.3,1,High
5/11/2026 16:00,Sylhet,Habiganj,Bahubal,27.8,69,0,1,High
5/11/2026 18:00,Sylhet,Habiganj,Bahubal,26.5,84,0,1,High
5/11/2026 20:00,Sylhet,Habiganj,Bahubal,23.9,88,0.1,1,High
5/11/2026 22:00,Sylhet,Habiganj,Bahubal,23.5,91,0,0.6345,Medium
5/12/2026 0:00,Sylhet,Habiganj,Bahubal,23.7,92,0,0.4395,Low
5/12/2026 2:00,Sylhet,Habiganj,Bahubal,22.6,96,0,0.431,Low
5/12/2026 4:00,Sylhet,Habiganj,Bahubal,21.8,97,0,0.421,Low
5/12/2026 6:00,Sylhet,Habiganj,Bahubal,23,94,0.4,0.732,High
5/12/2026 8:00,Sylhet,Habiganj,Bahubal,25.7,84,0.2,0.753,High
5/12/2026 10:00,Sylhet,Habiganj,Bahubal,28.1,76,0,0.9235,High
5/12/2026 12:00,Sylhet,Habiganj,Bahubal,30,63,0.1,0.9258,High
5/12/2026 14:00,Sylhet,Habiganj,Bahubal,30.5,59,0.1,1,High
5/12/2026 16:00,Sylhet,Habiganj,Bahubal,30.4,58,0,1,High
5/12/2026 18:00,Sylhet,Habiganj,Bahubal,29.6,71,0,1,High
5/12/2026 20:00,Sylhet,Habiganj,Bahubal,27.5,78,0,1,High
5/12/2026 22:00,Sylhet,Habiganj,Bahubal,25.9,85,0,0.6585,Medium
5/13/2026 0:00,Sylhet,Habiganj,Bahubal,25.9,85,0,0.4585,Medium
5/13/2026 2:00,Sylhet,Habiganj,Bahubal,23.2,95,0.1,0.4378,Low
5/13/2026 4:00,Sylhet,Habiganj,Bahubal,22.8,96,0,0.434,Low
5/13/2026 6:00,Sylhet,Habiganj,Bahubal,24,96,0,0.752,High
5/13/2026 8:00,Sylhet,Habiganj,Bahubal,24.6,88,0.1,0.7448,High
5/13/2026 10:00,Sylhet,Habiganj,Bahubal,28,76,0,0.922,High
5/13/2026 12:00,Sylhet,Habiganj,Bahubal,29.9,70,0,0.9385,High
5/13/2026 14:00,Sylhet,Habiganj,Bahubal,31,67,0,1,High
5/13/2026 16:00,Sylhet,Habiganj,Bahubal,30.8,66,0.1,1,High
5/13/2026 18:00,Sylhet,Habiganj,Bahubal,29.1,77,0,1,High
5/13/2026 20:00,Sylhet,Habiganj,Bahubal,27,87,0,1,High
5/13/2026 22:00,Sylhet,Habiganj,Bahubal,26.1,95,0.2,0.681,Medium
4/13/2026 0:00,Sylhet,Habiganj,Baniachong,23,83,0,0.411,Low
4/13/2026 2:00,Sylhet,Habiganj,Baniachong,23.5,93,0,0.4385,Low
4/13/2026 4:00,Sylhet,Habiganj,Baniachong,22.9,90,0.1,0.4232,Low
4/13/2026 6:00,Sylhet,Habiganj,Baniachong,24.4,98,0,0.762,High
4/13/2026 8:00,Sylhet,Habiganj,Baniachong,20.9,96,0.3,0.7047,High
4/13/2026 10:00,Sylhet,Habiganj,Baniachong,24.1,90,0,0.8915,High
4/13/2026 12:00,Sylhet,Habiganj,Baniachong,29.2,71,0.1,0.9298,High
4/13/2026 14:00,Sylhet,Habiganj,Baniachong,30.8,64,0.1,1,High
4/13/2026 16:00,Sylhet,Habiganj,Baniachong,29.5,67,0.3,1,High
4/13/2026 18:00,Sylhet,Habiganj,Baniachong,28.5,69,0.5,1,High
4/13/2026 20:00,Sylhet,Habiganj,Baniachong,25.1,91,0.2,1,High
4/13/2026 22:00,Sylhet,Habiganj,Baniachong,24.1,94,0,0.6495,Medium
4/14/2026 0:00,Sylhet,Habiganj,Baniachong,24.8,90,0,0.452,Medium
4/14/2026 2:00,Sylhet,Habiganj,Baniachong,21.5,98,1.4,0.415,Low
4/14/2026 4:00,Sylhet,Habiganj,Baniachong,21.4,93,0,0.407,Low
4/14/2026 6:00,Sylhet,Habiganj,Baniachong,22,91,0.9,0.7098,High
4/14/2026 8:00,Sylhet,Habiganj,Baniachong,24.4,89,0,0.744,High
4/14/2026 10:00,Sylhet,Habiganj,Baniachong,28.6,75,0.2,0.9285,High
4/14/2026 12:00,Sylhet,Habiganj,Baniachong,30,71,0.1,0.9418,High
4/14/2026 14:00,Sylhet,Habiganj,Baniachong,31.1,65,0,1,High
4/14/2026 16:00,Sylhet,Habiganj,Baniachong,30.8,66,0.2,1,High
4/14/2026 18:00,Sylhet,Habiganj,Baniachong,26.8,78,0,1,High
4/14/2026 20:00,Sylhet,Habiganj,Baniachong,26.4,85,0,1,High
4/14/2026 22:00,Sylhet,Habiganj,Baniachong,26.2,86,0,0.665,Medium
4/15/2026 0:00,Sylhet,Habiganj,Baniachong,20.4,99,0,0.404,Low
4/15/2026 2:00,Sylhet,Habiganj,Baniachong,21.5,97,0.3,0.4158,Low
4/15/2026 4:00,Sylhet,Habiganj,Baniachong,21.9,96,0,0.4205,Low
4/15/2026 6:00,Sylhet,Habiganj,Baniachong,22,96,0.1,0.7218,High
4/15/2026 8:00,Sylhet,Habiganj,Baniachong,23.8,88,0.2,0.7325,High
4/15/2026 10:00,Sylhet,Habiganj,Baniachong,27.5,76,0,0.9145,High
4/15/2026 12:00,Sylhet,Habiganj,Baniachong,30,67,0,0.934,High
4/15/2026 14:00,Sylhet,Habiganj,Baniachong,31.2,64,0,1,High
4/15/2026 16:00,Sylhet,Habiganj,Baniachong,31.5,63,0,1,High
4/15/2026 18:00,Sylhet,Habiganj,Baniachong,28.6,75,0,1,High
4/15/2026 20:00,Sylhet,Habiganj,Baniachong,26.8,74,0,1,High
4/15/2026 22:00,Sylhet,Habiganj,Baniachong,23.6,87,0,0.628,Medium
4/16/2026 0:00,Sylhet,Habiganj,Baniachong,21.5,96,0,0.4145,Low
4/16/2026 2:00,Sylhet,Habiganj,Baniachong,21.6,91,0,0.406,Low
4/16/2026 4:00,Sylhet,Habiganj,Baniachong,21.5,91,0,0.4045,Low
4/16/2026 6:00,Sylhet,Habiganj,Baniachong,21,97,0,0.709,High
4/16/2026 8:00,Sylhet,Habiganj,Baniachong,23.5,89,0,0.7305,High
4/16/2026 10:00,Sylhet,Habiganj,Baniachong,27.8,75,0,0.917,High
4/16/2026 12:00,Sylhet,Habiganj,Baniachong,29.3,68,0,0.9255,High
4/16/2026 14:00,Sylhet,Habiganj,Baniachong,30.5,65,0.1,1,High
4/16/2026 16:00,Sylhet,Habiganj,Baniachong,30.6,64,0.1,1,High
4/16/2026 18:00,Sylhet,Habiganj,Baniachong,28,85,0,1,High
4/16/2026 20:00,Sylhet,Habiganj,Baniachong,25.9,84,0,1,High
4/16/2026 22:00,Sylhet,Habiganj,Baniachong,22.8,93,2.1,0.6228,Medium
4/17/2026 0:00,Sylhet,Habiganj,Baniachong,24,93,0,0.446,Low
4/17/2026 2:00,Sylhet,Habiganj,Baniachong,22.2,96,5,0.4125,Low
4/17/2026 4:00,Sylhet,Habiganj,Baniachong,21.9,97,0,0.4225,Low
4/17/2026 6:00,Sylhet,Habiganj,Baniachong,23.2,100,0,0.748,High
4/17/2026 8:00,Sylhet,Habiganj,Baniachong,24.9,93,0,0.7595,High
4/17/2026 10:00,Sylhet,Habiganj,Baniachong,27.2,80,0,0.918,High
4/17/2026 12:00,Sylhet,Habiganj,Baniachong,30.6,72,0,0.953,High
4/17/2026 14:00,Sylhet,Habiganj,Baniachong,31.6,66,0,1,High
4/17/2026 16:00,Sylhet,Habiganj,Baniachong,31.3,64,0,1,High
4/17/2026 18:00,Sylhet,Habiganj,Baniachong,29.4,82,0,1,High
4/17/2026 20:00,Sylhet,Habiganj,Baniachong,26.4,93,0,1,High
4/17/2026 22:00,Sylhet,Habiganj,Baniachong,25.5,93,0,0.6685,Medium
4/18/2026 0:00,Sylhet,Habiganj,Baniachong,24.7,93,0,0.4565,Medium
4/18/2026 2:00,Sylhet,Habiganj,Baniachong,24.5,96,0,0.4595,Medium
4/18/2026 4:00,Sylhet,Habiganj,Baniachong,24.1,96,0,0.4535,Medium
4/18/2026 6:00,Sylhet,Habiganj,Baniachong,23.9,98,0.6,0.753,High
4/18/2026 8:00,Sylhet,Habiganj,Baniachong,25.4,91,0,0.763,High
4/18/2026 10:00,Sylhet,Habiganj,Baniachong,28.5,79,0,0.9355,High
4/18/2026 12:00,Sylhet,Habiganj,Baniachong,30.2,73,0.1,0.9488,High
4/18/2026 14:00,Sylhet,Habiganj,Baniachong,30.8,73,0.1,1,High
4/18/2026 16:00,Sylhet,Habiganj,Baniachong,30.4,70,0,1,High
4/18/2026 18:00,Sylhet,Habiganj,Baniachong,28.7,86,0,1,High
4/18/2026 20:00,Sylhet,Habiganj,Baniachong,26,96,0,1,High
4/18/2026 22:00,Sylhet,Habiganj,Baniachong,25.9,93,0,0.6745,Medium
4/19/2026 0:00,Sylhet,Habiganj,Baniachong,25.4,97,0.2,0.4745,Medium
4/19/2026 2:00,Sylhet,Habiganj,Baniachong,22.8,96,0.3,0.4332,Low
4/19/2026 4:00,Sylhet,Habiganj,Baniachong,22.5,97,0,0.4315,Low
4/19/2026 6:00,Sylhet,Habiganj,Baniachong,23.2,96,0,0.74,High
4/19/2026 8:00,Sylhet,Habiganj,Baniachong,22.7,94,0.9,0.7262,High
4/19/2026 10:00,Sylhet,Habiganj,Baniachong,26.8,84,0,0.92,High
4/19/2026 12:00,Sylhet,Habiganj,Baniachong,28.6,76,0.9,0.9288,High
4/19/2026 14:00,Sylhet,Habiganj,Baniachong,27.8,79,0.1,1,High
4/19/2026 16:00,Sylhet,Habiganj,Baniachong,29.9,73,0,1,High
4/19/2026 18:00,Sylhet,Habiganj,Baniachong,27.5,88,0,1,High
4/19/2026 20:00,Sylhet,Habiganj,Baniachong,25.8,95,0,1,High
4/19/2026 22:00,Sylhet,Habiganj,Baniachong,25.7,96,0,0.6775,Medium
4/20/2026 0:00,Sylhet,Habiganj,Baniachong,24.2,100,0.2,0.4625,Medium
4/20/2026 2:00,Sylhet,Habiganj,Baniachong,24.4,97,0.9,0.4578,Medium
4/20/2026 4:00,Sylhet,Habiganj,Baniachong,22.6,97,0.8,0.431,Low
4/20/2026 6:00,Sylhet,Habiganj,Baniachong,23.8,99,0.1,0.7548,High
4/20/2026 8:00,Sylhet,Habiganj,Baniachong,25.5,92,0,0.7665,High
4/20/2026 10:00,Sylhet,Habiganj,Baniachong,28.2,82,0.2,0.9365,High
4/20/2026 12:00,Sylhet,Habiganj,Baniachong,31.7,68,0,0.9615,High
4/20/2026 14:00,Sylhet,Habiganj,Baniachong,32.9,61,0,1,High
4/20/2026 16:00,Sylhet,Habiganj,Baniachong,33,62,0,1,High
4/20/2026 18:00,Sylhet,Habiganj,Baniachong,27.1,90,7.5,1,High
4/20/2026 20:00,Sylhet,Habiganj,Baniachong,26.7,87,0,1,High
4/20/2026 22:00,Sylhet,Habiganj,Baniachong,27.5,83,0,0.6785,Medium
4/21/2026 0:00,Sylhet,Habiganj,Baniachong,26,92,0.2,0.4735,Medium
4/21/2026 2:00,Sylhet,Habiganj,Baniachong,26.2,96,0.2,0.4845,Medium
4/21/2026 4:00,Sylhet,Habiganj,Baniachong,26.2,96,0.2,0.4845,Medium
4/21/2026 6:00,Sylhet,Habiganj,Baniachong,25.1,94,0.3,0.7637,High
4/21/2026 8:00,Sylhet,Habiganj,Baniachong,27,85,0.2,0.7745,High
4/21/2026 10:00,Sylhet,Habiganj,Baniachong,30.1,74,0.3,0.9488,High
4/21/2026 12:00,Sylhet,Habiganj,Baniachong,32.2,62,0,0.957,High
4/21/2026 14:00,Sylhet,Habiganj,Baniachong,32.2,62,0.4,1,High
4/21/2026 16:00,Sylhet,Habiganj,Baniachong,31.4,68,0,1,High
4/21/2026 18:00,Sylhet,Habiganj,Baniachong,30.2,70,0,1,High
4/21/2026 20:00,Sylhet,Habiganj,Baniachong,29.3,73,0,1,High
4/21/2026 22:00,Sylhet,Habiganj,Baniachong,28,82,0,0.684,Medium
4/22/2026 0:00,Sylhet,Habiganj,Baniachong,26.4,90,0,0.476,Medium
4/22/2026 2:00,Sylhet,Habiganj,Baniachong,23,99,1.5,0.4392,Low
4/22/2026 4:00,Sylhet,Habiganj,Baniachong,24.3,95,0,0.4545,Medium
4/22/2026 6:00,Sylhet,Habiganj,Baniachong,21.5,98,0,0.7185,High
4/22/2026 8:00,Sylhet,Habiganj,Baniachong,23.4,91,0,0.733,High
4/22/2026 10:00,Sylhet,Habiganj,Baniachong,26.5,84,0.1,0.9152,High
4/22/2026 12:00,Sylhet,Habiganj,Baniachong,30.5,71,0,0.9495,High
4/22/2026 14:00,Sylhet,Habiganj,Baniachong,33.5,57,0,1,High
4/22/2026 16:00,Sylhet,Habiganj,Baniachong,33,61,0,1,High
4/22/2026 18:00,Sylhet,Habiganj,Baniachong,29.8,65,0,1,High
4/22/2026 20:00,Sylhet,Habiganj,Baniachong,25,79,0,1,High
4/22/2026 22:00,Sylhet,Habiganj,Baniachong,24.1,84,0,0.6295,Medium
4/23/2026 0:00,Sylhet,Habiganj,Baniachong,23,92,0,0.429,Low
4/23/2026 2:00,Sylhet,Habiganj,Baniachong,23.5,93,0,0.4385,Low
4/23/2026 4:00,Sylhet,Habiganj,Baniachong,24.3,92,0,0.4485,Low
4/23/2026 6:00,Sylhet,Habiganj,Baniachong,24.5,92,0,0.7515,High
4/23/2026 8:00,Sylhet,Habiganj,Baniachong,26.1,90,0,0.7715,High
4/23/2026 10:00,Sylhet,Habiganj,Baniachong,29.9,73,0.2,0.944,High
4/23/2026 12:00,Sylhet,Habiganj,Baniachong,30.1,71,0,0.9435,High
4/23/2026 14:00,Sylhet,Habiganj,Baniachong,31.1,68,0.1,1,High
4/23/2026 16:00,Sylhet,Habiganj,Baniachong,31.8,65,0,1,High
4/23/2026 18:00,Sylhet,Habiganj,Baniachong,30,80,0,1,High
4/23/2026 20:00,Sylhet,Habiganj,Baniachong,27.9,83,0,1,High
4/23/2026 22:00,Sylhet,Habiganj,Baniachong,26.8,87,0,0.676,Medium
4/24/2026 0:00,Sylhet,Habiganj,Baniachong,26,91,0,0.472,Medium
4/24/2026 2:00,Sylhet,Habiganj,Baniachong,25.9,90,0,0.4685,Medium
4/24/2026 4:00,Sylhet,Habiganj,Baniachong,25.1,94,0,0.4645,Medium
4/24/2026 6:00,Sylhet,Habiganj,Baniachong,25.6,97,0,0.778,High
4/24/2026 8:00,Sylhet,Habiganj,Baniachong,28.6,84,0,0.797,High
4/24/2026 10:00,Sylhet,Habiganj,Baniachong,30.9,73,0,0.9595,High
4/24/2026 12:00,Sylhet,Habiganj,Baniachong,32,65,0,0.96,High
4/24/2026 14:00,Sylhet,Habiganj,Baniachong,33,62,0,1,High
4/24/2026 16:00,Sylhet,Habiganj,Baniachong,33,60,0,1,High
4/24/2026 18:00,Sylhet,Habiganj,Baniachong,30.7,76,0,1,High
4/24/2026 20:00,Sylhet,Habiganj,Baniachong,28.2,83,0,1,High
4/24/2026 22:00,Sylhet,Habiganj,Baniachong,26.9,87,0,0.6775,Medium
4/25/2026 0:00,Sylhet,Habiganj,Baniachong,26,94,0,0.478,Medium
4/25/2026 2:00,Sylhet,Habiganj,Baniachong,25.8,94,0,0.475,Medium
4/25/2026 4:00,Sylhet,Habiganj,Baniachong,25,95,0,0.465,Medium
4/25/2026 6:00,Sylhet,Habiganj,Baniachong,26,92,0,0.774,High
4/25/2026 8:00,Sylhet,Habiganj,Baniachong,28.7,87,0,0.8045,High
4/25/2026 10:00,Sylhet,Habiganj,Baniachong,27.5,85,0,0.9325,High
4/25/2026 12:00,Sylhet,Habiganj,Baniachong,31,74,0,0.963,High
4/25/2026 14:00,Sylhet,Habiganj,Baniachong,32.8,64,0,1,High
4/25/2026 16:00,Sylhet,Habiganj,Baniachong,33,62,0,1,High
4/25/2026 18:00,Sylhet,Habiganj,Baniachong,30,79,0,1,High
4/25/2026 20:00,Sylhet,Habiganj,Baniachong,27.3,84,0,1,High
4/25/2026 22:00,Sylhet,Habiganj,Baniachong,26,90,0,0.67,Medium
4/26/2026 0:00,Sylhet,Habiganj,Baniachong,25.6,92,0,0.468,Medium
4/26/2026 2:00,Sylhet,Habiganj,Baniachong,26.1,87,0,0.4655,Medium
4/26/2026 4:00,Sylhet,Habiganj,Baniachong,25.4,88,0,0.457,Medium
4/26/2026 6:00,Sylhet,Habiganj,Baniachong,23.4,96,0,0.743,High
4/26/2026 8:00,Sylhet,Habiganj,Baniachong,25.1,89,0,0.7545,High
4/26/2026 10:00,Sylhet,Habiganj,Baniachong,28.5,73,0,0.9235,High
4/26/2026 12:00,Sylhet,Habiganj,Baniachong,29.4,62,0,0.915,High
4/26/2026 14:00,Sylhet,Habiganj,Baniachong,30.4,61,0.1,1,High
4/26/2026 16:00,Sylhet,Habiganj,Baniachong,27.4,76,2.9,1,High
4/26/2026 18:00,Sylhet,Habiganj,Baniachong,25.1,85,0,1,High
4/26/2026 20:00,Sylhet,Habiganj,Baniachong,24.7,86,0,1,High
4/26/2026 22:00,Sylhet,Habiganj,Baniachong,24.7,86,0,0.6425,Medium
4/27/2026 0:00,Sylhet,Habiganj,Baniachong,23,91,0,0.427,Low
4/27/2026 2:00,Sylhet,Habiganj,Baniachong,22.4,94,0,0.424,Low
4/27/2026 4:00,Sylhet,Habiganj,Baniachong,23.2,90,0,0.428,Low
4/27/2026 6:00,Sylhet,Habiganj,Baniachong,19.8,94,0.8,0.686,Medium
4/27/2026 8:00,Sylhet,Habiganj,Baniachong,20.4,95,8.8,0.674,Medium
4/27/2026 10:00,Sylhet,Habiganj,Baniachong,23.5,93,0.1,0.8882,High
4/27/2026 12:00,Sylhet,Habiganj,Baniachong,24.8,79,0.4,0.879,High
4/27/2026 14:00,Sylhet,Habiganj,Baniachong,26,75,0.2,0.9895,High
4/27/2026 16:00,Sylhet,Habiganj,Baniachong,25.9,83,0.1,1,High
4/27/2026 18:00,Sylhet,Habiganj,Baniachong,23.8,91,12.2,1,High
4/27/2026 20:00,Sylhet,Habiganj,Baniachong,22.6,95,1.4,1,High
4/27/2026 22:00,Sylhet,Habiganj,Baniachong,22,98,0.2,0.6255,Medium
4/28/2026 0:00,Sylhet,Habiganj,Baniachong,21.9,96,0.1,0.4202,Low
4/28/2026 2:00,Sylhet,Habiganj,Baniachong,21.8,96,0,0.419,Low
4/28/2026 4:00,Sylhet,Habiganj,Baniachong,21.2,97,10.5,0.3857,Low
4/28/2026 6:00,Sylhet,Habiganj,Baniachong,22.2,96,3.5,0.7162,High
4/28/2026 8:00,Sylhet,Habiganj,Baniachong,23.9,93,0.1,0.7442,High
4/28/2026 10:00,Sylhet,Habiganj,Baniachong,23,96,0.7,0.8852,High
4/28/2026 12:00,Sylhet,Habiganj,Baniachong,22.2,94,5.1,0.8582,High
4/28/2026 14:00,Sylhet,Habiganj,Baniachong,23.8,91,0.6,0.9875,High
4/28/2026 16:00,Sylhet,Habiganj,Baniachong,25.9,83,0.6,1,High
4/28/2026 18:00,Sylhet,Habiganj,Baniachong,23.1,92,0.5,1,High
4/28/2026 20:00,Sylhet,Habiganj,Baniachong,23,91,0,1,High
4/28/2026 22:00,Sylhet,Habiganj,Baniachong,23,94,0.1,0.6328,Medium
4/29/2026 0:00,Sylhet,Habiganj,Baniachong,22.5,92,0.1,0.4212,Low
4/29/2026 2:00,Sylhet,Habiganj,Baniachong,22,96,7,0.4045,Low
4/29/2026 4:00,Sylhet,Habiganj,Baniachong,21.5,97,4.5,0.4052,Low
4/29/2026 6:00,Sylhet,Habiganj,Baniachong,21.8,98,1.3,0.7198,High
4/29/2026 8:00,Sylhet,Habiganj,Baniachong,22,96,3.7,0.7128,High
4/29/2026 10:00,Sylhet,Habiganj,Baniachong,22,93,4,0.856,High
4/29/2026 12:00,Sylhet,Habiganj,Baniachong,21,95,0.2,0.8545,High
4/29/2026 14:00,Sylhet,Habiganj,Baniachong,23,86,0,0.967,High
4/29/2026 16:00,Sylhet,Habiganj,Baniachong,23.2,85,0,0.968,High
4/29/2026 18:00,Sylhet,Habiganj,Baniachong,22,88,0,1,High
4/29/2026 20:00,Sylhet,Habiganj,Baniachong,21.1,92,0,1,High
4/29/2026 22:00,Sylhet,Habiganj,Baniachong,20.1,96,0,0.5935,Medium
4/30/2026 0:00,Sylhet,Habiganj,Baniachong,21,96,0,0.407,Low
4/30/2026 2:00,Sylhet,Habiganj,Baniachong,20.9,96,0.2,0.405,Low
4/30/2026 4:00,Sylhet,Habiganj,Baniachong,21,94,0.1,0.4028,Low
4/30/2026 6:00,Sylhet,Habiganj,Baniachong,20.8,96,0,0.704,High
4/30/2026 8:00,Sylhet,Habiganj,Baniachong,21.5,95,0.7,0.7107,High
4/30/2026 10:00,Sylhet,Habiganj,Baniachong,24.4,78,0,0.872,High
4/30/2026 12:00,Sylhet,Habiganj,Baniachong,27.2,66,0,0.89,High
4/30/2026 14:00,Sylhet,Habiganj,Baniachong,29.1,56,0,0.9985,High
4/30/2026 16:00,Sylhet,Habiganj,Baniachong,28,63,0.1,0.9958,High
4/30/2026 18:00,Sylhet,Habiganj,Baniachong,26,81,0,1,High
4/30/2026 20:00,Sylhet,Habiganj,Baniachong,24,87,0.3,1,High
4/30/2026 22:00,Sylhet,Habiganj,Baniachong,22.9,93,0,0.6295,Medium
5/1/2026 0:00,Sylhet,Habiganj,Baniachong,22.5,94,0.1,0.4252,Low
5/1/2026 2:00,Sylhet,Habiganj,Baniachong,22.4,91,0,0.418,Low
5/1/2026 4:00,Sylhet,Habiganj,Baniachong,21.6,91,0,0.406,Low
5/1/2026 6:00,Sylhet,Habiganj,Baniachong,21.9,96,3,0.713,High
5/1/2026 8:00,Sylhet,Habiganj,Baniachong,21.9,96,2.5,0.7142,High
5/1/2026 10:00,Sylhet,Habiganj,Baniachong,22,93,1.3,0.8628,High
5/1/2026 12:00,Sylhet,Habiganj,Baniachong,23.2,90,8.7,0.8562,High
5/1/2026 14:00,Sylhet,Habiganj,Baniachong,22.4,92,3.4,0.9615,High
5/1/2026 16:00,Sylhet,Habiganj,Baniachong,23.7,89,0.3,0.9828,High
5/1/2026 18:00,Sylhet,Habiganj,Baniachong,22.6,94,0.7,1,High
5/1/2026 20:00,Sylhet,Habiganj,Baniachong,21.7,95,0,1,High
5/1/2026 22:00,Sylhet,Habiganj,Baniachong,21,98,0,0.611,Medium
5/2/2026 0:00,Sylhet,Habiganj,Baniachong,21.5,96,1.1,0.4118,Low
5/2/2026 2:00,Sylhet,Habiganj,Baniachong,21,97,0.3,0.4083,Low
5/2/2026 4:00,Sylhet,Habiganj,Baniachong,20.1,98,0.7,0.3958,Low
5/2/2026 6:00,Sylhet,Habiganj,Baniachong,20.7,97,1,0.702,High
5/2/2026 8:00,Sylhet,Habiganj,Baniachong,22.5,89,0.2,0.715,High
5/2/2026 10:00,Sylhet,Habiganj,Baniachong,24.6,80,0,0.879,High
5/2/2026 12:00,Sylhet,Habiganj,Baniachong,23,89,0.1,0.8728,High
5/2/2026 14:00,Sylhet,Habiganj,Baniachong,25.3,78,0.3,0.9848,High
5/2/2026 16:00,Sylhet,Habiganj,Baniachong,22.7,87,0.6,0.963,High
5/2/2026 18:00,Sylhet,Habiganj,Baniachong,22.5,88,0.1,1,High
5/2/2026 20:00,Sylhet,Habiganj,Baniachong,22.5,92,0,1,High
5/2/2026 22:00,Sylhet,Habiganj,Baniachong,22,94,0,0.618,Medium
5/3/2026 0:00,Sylhet,Habiganj,Baniachong,22.4,93,0,0.422,Low
5/3/2026 2:00,Sylhet,Habiganj,Baniachong,21.8,93,0.1,0.4128,Low
5/3/2026 4:00,Sylhet,Habiganj,Baniachong,20.9,95,0,0.4035,Low
5/3/2026 6:00,Sylhet,Habiganj,Baniachong,20.6,95,0.1,0.6988,Medium
5/3/2026 8:00,Sylhet,Habiganj,Baniachong,23,85,0,0.715,High
5/3/2026 10:00,Sylhet,Habiganj,Baniachong,25.6,75,0,0.884,High
5/3/2026 12:00,Sylhet,Habiganj,Baniachong,28,70,0.1,0.9098,High
5/3/2026 14:00,Sylhet,Habiganj,Baniachong,25,83,0.1,0.9907,High
5/3/2026 16:00,Sylhet,Habiganj,Baniachong,28.2,73,0,1,High
5/3/2026 18:00,Sylhet,Habiganj,Baniachong,25.3,88,0,1,High
5/3/2026 20:00,Sylhet,Habiganj,Baniachong,23.9,91,0,1,High
5/3/2026 22:00,Sylhet,Habiganj,Baniachong,23.3,94,0,0.6375,Medium
5/4/2026 0:00,Sylhet,Habiganj,Baniachong,21.9,97,0,0.4225,Low
5/4/2026 2:00,Sylhet,Habiganj,Baniachong,22,95,0.1,0.4198,Low
5/4/2026 4:00,Sylhet,Habiganj,Baniachong,21.2,98,0,0.414,Low
5/4/2026 6:00,Sylhet,Habiganj,Baniachong,22.3,98,6.3,0.7147,High
5/4/2026 8:00,Sylhet,Habiganj,Baniachong,22.8,94,2,0.725,High
5/4/2026 10:00,Sylhet,Habiganj,Baniachong,25,85,0.2,0.8945,High
5/4/2026 12:00,Sylhet,Habiganj,Baniachong,26.6,73,0,0.895,High
5/4/2026 14:00,Sylhet,Habiganj,Baniachong,28.2,66,0,1,High
5/4/2026 16:00,Sylhet,Habiganj,Baniachong,29,63,0,1,High
5/4/2026 18:00,Sylhet,Habiganj,Baniachong,26.8,83,0,1,High
5/4/2026 20:00,Sylhet,Habiganj,Baniachong,24.1,92,0,1,High
5/4/2026 22:00,Sylhet,Habiganj,Baniachong,23.1,95,0,0.6365,Medium
5/5/2026 0:00,Sylhet,Habiganj,Baniachong,23,96,0,0.437,Low
5/5/2026 2:00,Sylhet,Habiganj,Baniachong,23.4,96,0,0.443,Low
5/5/2026 4:00,Sylhet,Habiganj,Baniachong,22,98,0,0.426,Low
5/5/2026 6:00,Sylhet,Habiganj,Baniachong,23.2,90,0,0.728,High
5/5/2026 8:00,Sylhet,Habiganj,Baniachong,25.8,86,0,0.759,High
5/5/2026 10:00,Sylhet,Habiganj,Baniachong,29,72,0,0.929,High
5/5/2026 12:00,Sylhet,Habiganj,Baniachong,30.6,63,0,0.935,High
5/5/2026 14:00,Sylhet,Habiganj,Baniachong,31.5,57,0,1,High
5/5/2026 16:00,Sylhet,Habiganj,Baniachong,30.2,61,0,1,High
5/5/2026 18:00,Sylhet,Habiganj,Baniachong,27.4,74,0,1,High
5/5/2026 20:00,Sylhet,Habiganj,Baniachong,25.8,76,0,1,High
5/5/2026 22:00,Sylhet,Habiganj,Baniachong,24.4,88,0,0.642,Medium
5/6/2026 0:00,Sylhet,Habiganj,Baniachong,24.1,95,0,0.4515,Medium
5/6/2026 2:00,Sylhet,Habiganj,Baniachong,23.8,96,0,0.449,Low
5/6/2026 4:00,Sylhet,Habiganj,Baniachong,23,98,0,0.441,Low
5/6/2026 6:00,Sylhet,Habiganj,Baniachong,23.8,93,0,0.743,High
5/6/2026 8:00,Sylhet,Habiganj,Baniachong,26.5,83,0,0.7635,High
5/6/2026 10:00,Sylhet,Habiganj,Baniachong,28.4,75,0,0.926,High
5/6/2026 12:00,Sylhet,Habiganj,Baniachong,28.9,73,0,0.9295,High
5/6/2026 14:00,Sylhet,Habiganj,Baniachong,30.2,67,0,1,High
5/6/2026 16:00,Sylhet,Habiganj,Baniachong,30.6,66,0,1,High
5/6/2026 18:00,Sylhet,Habiganj,Baniachong,28.2,72,1,1,High
5/6/2026 20:00,Sylhet,Habiganj,Baniachong,24.6,93,5.6,1,High
5/6/2026 22:00,Sylhet,Habiganj,Baniachong,24,95,0.4,0.649,Medium
5/7/2026 0:00,Sylhet,Habiganj,Baniachong,23.5,98,0,0.4485,Low
5/7/2026 2:00,Sylhet,Habiganj,Baniachong,23.3,99,0,0.4475,Low
5/7/2026 4:00,Sylhet,Habiganj,Baniachong,23,98,0,0.441,Low
5/7/2026 6:00,Sylhet,Habiganj,Baniachong,21.5,97,0.2,0.716,High
5/7/2026 8:00,Sylhet,Habiganj,Baniachong,24.4,84,0,0.734,High
5/7/2026 10:00,Sylhet,Habiganj,Baniachong,26.8,78,0,0.908,High
5/7/2026 12:00,Sylhet,Habiganj,Baniachong,28.9,66,0.2,0.915,High
5/7/2026 14:00,Sylhet,Habiganj,Baniachong,30.2,62,0,1,High
5/7/2026 16:00,Sylhet,Habiganj,Baniachong,30.4,59,0,1,High
5/7/2026 18:00,Sylhet,Habiganj,Baniachong,28.6,72,0,1,High
5/7/2026 20:00,Sylhet,Habiganj,Baniachong,25.9,81,0,1,High
5/7/2026 22:00,Sylhet,Habiganj,Baniachong,25.2,85,0,0.648,Medium
5/8/2026 0:00,Sylhet,Habiganj,Baniachong,25,88,0,0.451,Medium
5/8/2026 2:00,Sylhet,Habiganj,Baniachong,24.9,89,0,0.4515,Medium
5/8/2026 4:00,Sylhet,Habiganj,Baniachong,23.9,94,0,0.4465,Low
5/8/2026 6:00,Sylhet,Habiganj,Baniachong,23.9,94,0,0.7465,High
5/8/2026 8:00,Sylhet,Habiganj,Baniachong,28,79,0,0.778,High
5/8/2026 10:00,Sylhet,Habiganj,Baniachong,30.6,60,0,0.929,High
5/8/2026 12:00,Sylhet,Habiganj,Baniachong,29.6,64,0.1,0.9218,High
5/8/2026 14:00,Sylhet,Habiganj,Baniachong,30.5,61,0,1,High
5/8/2026 16:00,Sylhet,Habiganj,Baniachong,30.8,58,0,1,High
5/8/2026 18:00,Sylhet,Habiganj,Baniachong,29,66,0,1,High
5/8/2026 20:00,Sylhet,Habiganj,Baniachong,26.3,74,0,1,High
5/8/2026 22:00,Sylhet,Habiganj,Baniachong,25.3,80,0,0.6395,Medium
5/9/2026 0:00,Sylhet,Habiganj,Baniachong,25,82,0,0.439,Low
5/9/2026 2:00,Sylhet,Habiganj,Baniachong,24.9,83,0,0.4395,Low
5/9/2026 4:00,Sylhet,Habiganj,Baniachong,23.6,87,0,0.428,Low
5/9/2026 6:00,Sylhet,Habiganj,Baniachong,23.8,91,0,0.739,High
5/9/2026 8:00,Sylhet,Habiganj,Baniachong,27,80,0,0.765,High
5/9/2026 10:00,Sylhet,Habiganj,Baniachong,30,60,0,0.92,High
5/9/2026 12:00,Sylhet,Habiganj,Baniachong,31.7,50,0,0.9255,High
5/9/2026 14:00,Sylhet,Habiganj,Baniachong,33,46,0,1,High
5/9/2026 16:00,Sylhet,Habiganj,Baniachong,32.5,49,0,1,High
5/9/2026 18:00,Sylhet,Habiganj,Baniachong,30.2,68,0,1,High
5/9/2026 20:00,Sylhet,Habiganj,Baniachong,27,75,0,1,High
5/9/2026 22:00,Sylhet,Habiganj,Baniachong,26.1,78,0,0.6475,Medium
5/10/2026 0:00,Sylhet,Habiganj,Baniachong,26,81,0,0.452,Medium
5/10/2026 2:00,Sylhet,Habiganj,Baniachong,26.1,76,0,0.4435,Low
5/10/2026 4:00,Sylhet,Habiganj,Baniachong,24.9,82,0,0.4375,Low
5/10/2026 6:00,Sylhet,Habiganj,Baniachong,25.2,83,0,0.744,High
5/10/2026 8:00,Sylhet,Habiganj,Baniachong,28.9,74,0,0.7815,High
5/10/2026 10:00,Sylhet,Habiganj,Baniachong,31,66,0,0.947,High
5/10/2026 12:00,Sylhet,Habiganj,Baniachong,32.5,51,0,0.9395,High
5/10/2026 14:00,Sylhet,Habiganj,Baniachong,26.1,77,1,0.993,High
5/10/2026 16:00,Sylhet,Habiganj,Baniachong,27.5,73,0,1,High
5/10/2026 18:00,Sylhet,Habiganj,Baniachong,25.1,82,0,1,High
5/10/2026 20:00,Sylhet,Habiganj,Baniachong,24.2,90,0,1,High
5/10/2026 22:00,Sylhet,Habiganj,Baniachong,24,91,0,0.642,Medium
5/11/2026 0:00,Sylhet,Habiganj,Baniachong,23.9,91,0,0.4405,Low
5/11/2026 2:00,Sylhet,Habiganj,Baniachong,23.7,91,0,0.4375,Low
5/11/2026 4:00,Sylhet,Habiganj,Baniachong,22.7,95,0,0.4305,Low
5/11/2026 6:00,Sylhet,Habiganj,Baniachong,22.4,91,0.1,0.7177,High
5/11/2026 8:00,Sylhet,Habiganj,Baniachong,24.5,89,0,0.7455,High
5/11/2026 10:00,Sylhet,Habiganj,Baniachong,27.3,74,0,0.9075,High
5/11/2026 12:00,Sylhet,Habiganj,Baniachong,28.2,68,0,0.909,High
5/11/2026 14:00,Sylhet,Habiganj,Baniachong,29,59,0.3,1,High
5/11/2026 16:00,Sylhet,Habiganj,Baniachong,27.8,69,0,1,High
5/11/2026 18:00,Sylhet,Habiganj,Baniachong,26.5,84,0,1,High
5/11/2026 20:00,Sylhet,Habiganj,Baniachong,23.9,88,0.1,1,High
5/11/2026 22:00,Sylhet,Habiganj,Baniachong,23.5,91,0,0.6345,Medium
5/12/2026 0:00,Sylhet,Habiganj,Baniachong,23.7,92,0,0.4395,Low
5/12/2026 2:00,Sylhet,Habiganj,Baniachong,22.6,96,0,0.431,Low
5/12/2026 4:00,Sylhet,Habiganj,Baniachong,21.8,97,0,0.421,Low
5/12/2026 6:00,Sylhet,Habiganj,Baniachong,23,94,0.4,0.732,High
5/12/2026 8:00,Sylhet,Habiganj,Baniachong,25.7,84,0.2,0.753,High
5/12/2026 10:00,Sylhet,Habiganj,Baniachong,28.1,76,0,0.9235,High
5/12/2026 12:00,Sylhet,Habiganj,Baniachong,30,63,0.1,0.9258,High
5/12/2026 14:00,Sylhet,Habiganj,Baniachong,30.5,59,0.1,1,High
5/12/2026 16:00,Sylhet,Habiganj,Baniachong,30.4,58,0,1,High
5/12/2026 18:00,Sylhet,Habiganj,Baniachong,29.6,71,0,1,High
5/12/2026 20:00,Sylhet,Habiganj,Baniachong,27.5,78,0,1,High
5/12/2026 22:00,Sylhet,Habiganj,Baniachong,25.9,85,0,0.6585,Medium
5/13/2026 0:00,Sylhet,Habiganj,Baniachong,25.9,85,0,0.4585,Medium
5/13/2026 2:00,Sylhet,Habiganj,Baniachong,23.2,95,0.1,0.4378,Low
5/13/2026 4:00,Sylhet,Habiganj,Baniachong,22.8,96,0,0.434,Low
5/13/2026 6:00,Sylhet,Habiganj,Baniachong,24,96,0,0.752,High
5/13/2026 8:00,Sylhet,Habiganj,Baniachong,24.6,88,0.1,0.7448,High
5/13/2026 10:00,Sylhet,Habiganj,Baniachong,28,76,0,0.922,High
5/13/2026 12:00,Sylhet,Habiganj,Baniachong,29.9,70,0,0.9385,High
5/13/2026 14:00,Sylhet,Habiganj,Baniachong,31,67,0,1,High
5/13/2026 16:00,Sylhet,Habiganj,Baniachong,30.8,66,0.1,1,High
5/13/2026 18:00,Sylhet,Habiganj,Baniachong,29.1,77,0,1,High
5/13/2026 20:00,Sylhet,Habiganj,Baniachong,27,87,0,1,High
5/13/2026 22:00,Sylhet,Habiganj,Baniachong,26.1,95,0.2,0.681,Medium
4/13/2026 0:00,Sylhet,Habiganj,Chunarughat,23,83,0,0.411,Low
4/13/2026 2:00,Sylhet,Habiganj,Chunarughat,23.5,93,0,0.4385,Low
4/13/2026 4:00,Sylhet,Habiganj,Chunarughat,22.9,90,0.1,0.4232,Low
4/13/2026 6:00,Sylhet,Habiganj,Chunarughat,24.4,98,0,0.762,High
4/13/2026 8:00,Sylhet,Habiganj,Chunarughat,20.9,96,0.3,0.7047,High
4/13/2026 10:00,Sylhet,Habiganj,Chunarughat,24.1,90,0,0.8915,High
4/13/2026 12:00,Sylhet,Habiganj,Chunarughat,29.2,71,0.1,0.9298,High
4/13/2026 14:00,Sylhet,Habiganj,Chunarughat,30.8,64,0.1,1,High
4/13/2026 16:00,Sylhet,Habiganj,Chunarughat,29.5,67,0.3,1,High
4/13/2026 18:00,Sylhet,Habiganj,Chunarughat,28.5,69,0.5,1,High
4/13/2026 20:00,Sylhet,Habiganj,Chunarughat,25.1,91,0.2,1,High
4/13/2026 22:00,Sylhet,Habiganj,Chunarughat,24.1,94,0,0.6495,Medium
4/14/2026 0:00,Sylhet,Habiganj,Chunarughat,24.8,90,0,0.452,Medium
4/14/2026 2:00,Sylhet,Habiganj,Chunarughat,21.5,98,1.4,0.415,Low
4/14/2026 4:00,Sylhet,Habiganj,Chunarughat,21.4,93,0,0.407,Low
4/14/2026 6:00,Sylhet,Habiganj,Chunarughat,22,91,0.9,0.7098,High
4/14/2026 8:00,Sylhet,Habiganj,Chunarughat,24.4,89,0,0.744,High
4/14/2026 10:00,Sylhet,Habiganj,Chunarughat,28.6,75,0.2,0.9285,High
4/14/2026 12:00,Sylhet,Habiganj,Chunarughat,30,71,0.1,0.9418,High
4/14/2026 14:00,Sylhet,Habiganj,Chunarughat,31.1,65,0,1,High
4/14/2026 16:00,Sylhet,Habiganj,Chunarughat,30.8,66,0.2,1,High
4/14/2026 18:00,Sylhet,Habiganj,Chunarughat,26.8,78,0,1,High
4/14/2026 20:00,Sylhet,Habiganj,Chunarughat,26.4,85,0,1,High
4/14/2026 22:00,Sylhet,Habiganj,Chunarughat,26.2,86,0,0.665,Medium
4/15/2026 0:00,Sylhet,Habiganj,Chunarughat,20.4,99,0,0.404,Low
4/15/2026 2:00,Sylhet,Habiganj,Chunarughat,21.5,97,0.3,0.4158,Low
4/15/2026 4:00,Sylhet,Habiganj,Chunarughat,21.9,96,0,0.4205,Low
4/15/2026 6:00,Sylhet,Habiganj,Chunarughat,22,96,0.1,0.7218,High
4/15/2026 8:00,Sylhet,Habiganj,Chunarughat,23.8,88,0.2,0.7325,High
4/15/2026 10:00,Sylhet,Habiganj,Chunarughat,27.5,76,0,0.9145,High
4/15/2026 12:00,Sylhet,Habiganj,Chunarughat,30,67,0,0.934,High
4/15/2026 14:00,Sylhet,Habiganj,Chunarughat,31.2,64,0,1,High
4/15/2026 16:00,Sylhet,Habiganj,Chunarughat,31.5,63,0,1,High
4/15/2026 18:00,Sylhet,Habiganj,Chunarughat,28.6,75,0,1,High
4/15/2026 20:00,Sylhet,Habiganj,Chunarughat,26.8,74,0,1,High
4/15/2026 22:00,Sylhet,Habiganj,Chunarughat,23.6,87,0,0.628,Medium
4/16/2026 0:00,Sylhet,Habiganj,Chunarughat,21.5,96,0,0.4145,Low
4/16/2026 2:00,Sylhet,Habiganj,Chunarughat,21.6,91,0,0.406,Low
4/16/2026 4:00,Sylhet,Habiganj,Chunarughat,21.5,91,0,0.4045,Low
4/16/2026 6:00,Sylhet,Habiganj,Chunarughat,21,97,0,0.709,High
4/16/2026 8:00,Sylhet,Habiganj,Chunarughat,23.5,89,0,0.7305,High
4/16/2026 10:00,Sylhet,Habiganj,Chunarughat,27.8,75,0,0.917,High
4/16/2026 12:00,Sylhet,Habiganj,Chunarughat,29.3,68,0,0.9255,High
4/16/2026 14:00,Sylhet,Habiganj,Chunarughat,30.5,65,0.1,1,High
4/16/2026 16:00,Sylhet,Habiganj,Chunarughat,30.6,64,0.1,1,High
4/16/2026 18:00,Sylhet,Habiganj,Chunarughat,28,85,0,1,High
4/16/2026 20:00,Sylhet,Habiganj,Chunarughat,25.9,84,0,1,High
4/16/2026 22:00,Sylhet,Habiganj,Chunarughat,22.8,93,2.1,0.6228,Medium
4/17/2026 0:00,Sylhet,Habiganj,Chunarughat,24,93,0,0.446,Low
4/17/2026 2:00,Sylhet,Habiganj,Chunarughat,22.2,96,5,0.4125,Low
4/17/2026 4:00,Sylhet,Habiganj,Chunarughat,21.9,97,0,0.4225,Low
4/17/2026 6:00,Sylhet,Habiganj,Chunarughat,23.2,100,0,0.748,High
4/17/2026 8:00,Sylhet,Habiganj,Chunarughat,24.9,93,0,0.7595,High
4/17/2026 10:00,Sylhet,Habiganj,Chunarughat,27.2,80,0,0.918,High
4/17/2026 12:00,Sylhet,Habiganj,Chunarughat,30.6,72,0,0.953,High
4/17/2026 14:00,Sylhet,Habiganj,Chunarughat,31.6,66,0,1,High
4/17/2026 16:00,Sylhet,Habiganj,Chunarughat,31.3,64,0,1,High
4/17/2026 18:00,Sylhet,Habiganj,Chunarughat,29.4,82,0,1,High
4/17/2026 20:00,Sylhet,Habiganj,Chunarughat,26.4,93,0,1,High
4/17/2026 22:00,Sylhet,Habiganj,Chunarughat,25.5,93,0,0.6685,Medium
4/18/2026 0:00,Sylhet,Habiganj,Chunarughat,24.7,93,0,0.4565,Medium
4/18/2026 2:00,Sylhet,Habiganj,Chunarughat,24.5,96,0,0.4595,Medium
4/18/2026 4:00,Sylhet,Habiganj,Chunarughat,24.1,96,0,0.4535,Medium
4/18/2026 6:00,Sylhet,Habiganj,Chunarughat,23.9,98,0.6,0.753,High
4/18/2026 8:00,Sylhet,Habiganj,Chunarughat,25.4,91,0,0.763,High
4/18/2026 10:00,Sylhet,Habiganj,Chunarughat,28.5,79,0,0.9355,High
4/18/2026 12:00,Sylhet,Habiganj,Chunarughat,30.2,73,0.1,0.9488,High
4/18/2026 14:00,Sylhet,Habiganj,Chunarughat,30.8,73,0.1,1,High
4/18/2026 16:00,Sylhet,Habiganj,Chunarughat,30.4,70,0,1,High
4/18/2026 18:00,Sylhet,Habiganj,Chunarughat,28.7,86,0,1,High
4/18/2026 20:00,Sylhet,Habiganj,Chunarughat,26,96,0,1,High
4/18/2026 22:00,Sylhet,Habiganj,Chunarughat,25.9,93,0,0.6745,Medium
4/19/2026 0:00,Sylhet,Habiganj,Chunarughat,25.4,97,0.2,0.4745,Medium
4/19/2026 2:00,Sylhet,Habiganj,Chunarughat,22.8,96,0.3,0.4332,Low
4/19/2026 4:00,Sylhet,Habiganj,Chunarughat,22.5,97,0,0.4315,Low
4/19/2026 6:00,Sylhet,Habiganj,Chunarughat,23.2,96,0,0.74,High
4/19/2026 8:00,Sylhet,Habiganj,Chunarughat,22.7,94,0.9,0.7262,High
4/19/2026 10:00,Sylhet,Habiganj,Chunarughat,26.8,84,0,0.92,High
4/19/2026 12:00,Sylhet,Habiganj,Chunarughat,28.6,76,0.9,0.9288,High
4/19/2026 14:00,Sylhet,Habiganj,Chunarughat,27.8,79,0.1,1,High
4/19/2026 16:00,Sylhet,Habiganj,Chunarughat,29.9,73,0,1,High
4/19/2026 18:00,Sylhet,Habiganj,Chunarughat,27.5,88,0,1,High
4/19/2026 20:00,Sylhet,Habiganj,Chunarughat,25.8,95,0,1,High
4/19/2026 22:00,Sylhet,Habiganj,Chunarughat,25.7,96,0,0.6775,Medium
4/20/2026 0:00,Sylhet,Habiganj,Chunarughat,24.2,100,0.2,0.4625,Medium
4/20/2026 2:00,Sylhet,Habiganj,Chunarughat,24.4,97,0.9,0.4578,Medium
4/20/2026 4:00,Sylhet,Habiganj,Chunarughat,22.6,97,0.8,0.431,Low
4/20/2026 6:00,Sylhet,Habiganj,Chunarughat,23.8,99,0.1,0.7548,High
4/20/2026 8:00,Sylhet,Habiganj,Chunarughat,25.5,92,0,0.7665,High
4/20/2026 10:00,Sylhet,Habiganj,Chunarughat,28.2,82,0.2,0.9365,High
4/20/2026 12:00,Sylhet,Habiganj,Chunarughat,31.7,68,0,0.9615,High
4/20/2026 14:00,Sylhet,Habiganj,Chunarughat,32.9,61,0,1,High
4/20/2026 16:00,Sylhet,Habiganj,Chunarughat,33,62,0,1,High
4/20/2026 18:00,Sylhet,Habiganj,Chunarughat,27.1,90,7.5,1,High
4/20/2026 20:00,Sylhet,Habiganj,Chunarughat,26.7,87,0,1,High
4/20/2026 22:00,Sylhet,Habiganj,Chunarughat,27.5,83,0,0.6785,Medium
4/21/2026 0:00,Sylhet,Habiganj,Chunarughat,26,92,0.2,0.4735,Medium
4/21/2026 2:00,Sylhet,Habiganj,Chunarughat,26.2,96,0.2,0.4845,Medium
4/21/2026 4:00,Sylhet,Habiganj,Chunarughat,26.2,96,0.2,0.4845,Medium
4/21/2026 6:00,Sylhet,Habiganj,Chunarughat,25.1,94,0.3,0.7637,High
4/21/2026 8:00,Sylhet,Habiganj,Chunarughat,27,85,0.2,0.7745,High
4/21/2026 10:00,Sylhet,Habiganj,Chunarughat,30.1,74,0.3,0.9488,High
4/21/2026 12:00,Sylhet,Habiganj,Chunarughat,32.2,62,0,0.957,High
4/21/2026 14:00,Sylhet,Habiganj,Chunarughat,32.2,62,0.4,1,High
4/21/2026 16:00,Sylhet,Habiganj,Chunarughat,31.4,68,0,1,High
4/21/2026 18:00,Sylhet,Habiganj,Chunarughat,30.2,70,0,1,High
4/21/2026 20:00,Sylhet,Habiganj,Chunarughat,29.3,73,0,1,High
4/21/2026 22:00,Sylhet,Habiganj,Chunarughat,28,82,0,0.684,Medium
4/22/2026 0:00,Sylhet,Habiganj,Chunarughat,26.4,90,0,0.476,Medium
4/22/2026 2:00,Sylhet,Habiganj,Chunarughat,23,99,1.5,0.4392,Low
4/22/2026 4:00,Sylhet,Habiganj,Chunarughat,24.3,95,0,0.4545,Medium
4/22/2026 6:00,Sylhet,Habiganj,Chunarughat,21.5,98,0,0.7185,High
4/22/2026 8:00,Sylhet,Habiganj,Chunarughat,23.4,91,0,0.733,High
4/22/2026 10:00,Sylhet,Habiganj,Chunarughat,26.5,84,0.1,0.9152,High
4/22/2026 12:00,Sylhet,Habiganj,Chunarughat,30.5,71,0,0.9495,High
4/22/2026 14:00,Sylhet,Habiganj,Chunarughat,33.5,57,0,1,High
4/22/2026 16:00,Sylhet,Habiganj,Chunarughat,33,61,0,1,High
4/22/2026 18:00,Sylhet,Habiganj,Chunarughat,29.8,65,0,1,High
4/22/2026 20:00,Sylhet,Habiganj,Chunarughat,25,79,0,1,High
4/22/2026 22:00,Sylhet,Habiganj,Chunarughat,24.1,84,0,0.6295,Medium
4/23/2026 0:00,Sylhet,Habiganj,Chunarughat,23,92,0,0.429,Low
4/23/2026 2:00,Sylhet,Habiganj,Chunarughat,23.5,93,0,0.4385,Low
4/23/2026 4:00,Sylhet,Habiganj,Chunarughat,24.3,92,0,0.4485,Low
4/23/2026 6:00,Sylhet,Habiganj,Chunarughat,24.5,92,0,0.7515,High
4/23/2026 8:00,Sylhet,Habiganj,Chunarughat,26.1,90,0,0.7715,High
4/23/2026 10:00,Sylhet,Habiganj,Chunarughat,29.9,73,0.2,0.944,High
4/23/2026 12:00,Sylhet,Habiganj,Chunarughat,30.1,71,0,0.9435,High
4/23/2026 14:00,Sylhet,Habiganj,Chunarughat,31.1,68,0.1,1,High
4/23/2026 16:00,Sylhet,Habiganj,Chunarughat,31.8,65,0,1,High
4/23/2026 18:00,Sylhet,Habiganj,Chunarughat,30,80,0,1,High
4/23/2026 20:00,Sylhet,Habiganj,Chunarughat,27.9,83,0,1,High
4/23/2026 22:00,Sylhet,Habiganj,Chunarughat,26.8,87,0,0.676,Medium
4/24/2026 0:00,Sylhet,Habiganj,Chunarughat,26,91,0,0.472,Medium
4/24/2026 2:00,Sylhet,Habiganj,Chunarughat,25.9,90,0,0.4685,Medium
4/24/2026 4:00,Sylhet,Habiganj,Chunarughat,25.1,94,0,0.4645,Medium
4/24/2026 6:00,Sylhet,Habiganj,Chunarughat,25.6,97,0,0.778,High
4/24/2026 8:00,Sylhet,Habiganj,Chunarughat,28.6,84,0,0.797,High
4/24/2026 10:00,Sylhet,Habiganj,Chunarughat,30.9,73,0,0.9595,High
4/24/2026 12:00,Sylhet,Habiganj,Chunarughat,32,65,0,0.96,High
4/24/2026 14:00,Sylhet,Habiganj,Chunarughat,33,62,0,1,High
4/24/2026 16:00,Sylhet,Habiganj,Chunarughat,33,60,0,1,High
4/24/2026 18:00,Sylhet,Habiganj,Chunarughat,30.7,76,0,1,High
4/24/2026 20:00,Sylhet,Habiganj,Chunarughat,28.2,83,0,1,High
4/24/2026 22:00,Sylhet,Habiganj,Chunarughat,26.9,87,0,0.6775,Medium
4/25/2026 0:00,Sylhet,Habiganj,Chunarughat,26,94,0,0.478,Medium
4/25/2026 2:00,Sylhet,Habiganj,Chunarughat,25.8,94,0,0.475,Medium
4/25/2026 4:00,Sylhet,Habiganj,Chunarughat,25,95,0,0.465,Medium
4/25/2026 6:00,Sylhet,Habiganj,Chunarughat,26,92,0,0.774,High
4/25/2026 8:00,Sylhet,Habiganj,Chunarughat,28.7,87,0,0.8045,High
4/25/2026 10:00,Sylhet,Habiganj,Chunarughat,27.5,85,0,0.9325,High
4/25/2026 12:00,Sylhet,Habiganj,Chunarughat,31,74,0,0.963,High
4/25/2026 14:00,Sylhet,Habiganj,Chunarughat,32.8,64,0,1,High
4/25/2026 16:00,Sylhet,Habiganj,Chunarughat,33,62,0,1,High
4/25/2026 18:00,Sylhet,Habiganj,Chunarughat,30,79,0,1,High
4/25/2026 20:00,Sylhet,Habiganj,Chunarughat,27.3,84,0,1,High
4/25/2026 22:00,Sylhet,Habiganj,Chunarughat,26,90,0,0.67,Medium
4/26/2026 0:00,Sylhet,Habiganj,Chunarughat,25.6,92,0,0.468,Medium
4/26/2026 2:00,Sylhet,Habiganj,Chunarughat,26.1,87,0,0.4655,Medium
4/26/2026 4:00,Sylhet,Habiganj,Chunarughat,25.4,88,0,0.457,Medium
4/26/2026 6:00,Sylhet,Habiganj,Chunarughat,23.4,96,0,0.743,High
4/26/2026 8:00,Sylhet,Habiganj,Chunarughat,25.1,89,0,0.7545,High
4/26/2026 10:00,Sylhet,Habiganj,Chunarughat,28.5,73,0,0.9235,High
4/26/2026 12:00,Sylhet,Habiganj,Chunarughat,29.4,62,0,0.915,High
4/26/2026 14:00,Sylhet,Habiganj,Chunarughat,30.4,61,0.1,1,High
4/26/2026 16:00,Sylhet,Habiganj,Chunarughat,27.4,76,2.9,1,High
4/26/2026 18:00,Sylhet,Habiganj,Chunarughat,25.1,85,0,1,High
4/26/2026 20:00,Sylhet,Habiganj,Chunarughat,24.7,86,0,1,High
4/26/2026 22:00,Sylhet,Habiganj,Chunarughat,24.7,86,0,0.6425,Medium
4/27/2026 0:00,Sylhet,Habiganj,Chunarughat,23,91,0,0.427,Low
4/27/2026 2:00,Sylhet,Habiganj,Chunarughat,22.4,94,0,0.424,Low
4/27/2026 4:00,Sylhet,Habiganj,Chunarughat,23.2,90,0,0.428,Low
4/27/2026 6:00,Sylhet,Habiganj,Chunarughat,19.8,94,0.8,0.686,Medium
4/27/2026 8:00,Sylhet,Habiganj,Chunarughat,20.4,95,8.8,0.674,Medium
4/27/2026 10:00,Sylhet,Habiganj,Chunarughat,23.5,93,0.1,0.8882,High
4/27/2026 12:00,Sylhet,Habiganj,Chunarughat,24.8,79,0.4,0.879,High
4/27/2026 14:00,Sylhet,Habiganj,Chunarughat,26,75,0.2,0.9895,High
4/27/2026 16:00,Sylhet,Habiganj,Chunarughat,25.9,83,0.1,1,High
4/27/2026 18:00,Sylhet,Habiganj,Chunarughat,23.8,91,12.2,1,High
4/27/2026 20:00,Sylhet,Habiganj,Chunarughat,22.6,95,1.4,1,High
4/27/2026 22:00,Sylhet,Habiganj,Chunarughat,22,98,0.2,0.6255,Medium
4/28/2026 0:00,Sylhet,Habiganj,Chunarughat,21.9,96,0.1,0.4202,Low
4/28/2026 2:00,Sylhet,Habiganj,Chunarughat,21.8,96,0,0.419,Low
4/28/2026 4:00,Sylhet,Habiganj,Chunarughat,21.2,97,10.5,0.3857,Low
4/28/2026 6:00,Sylhet,Habiganj,Chunarughat,22.2,96,3.5,0.7162,High
4/28/2026 8:00,Sylhet,Habiganj,Chunarughat,23.9,93,0.1,0.7442,High
4/28/2026 10:00,Sylhet,Habiganj,Chunarughat,23,96,0.7,0.8852,High
4/28/2026 12:00,Sylhet,Habiganj,Chunarughat,22.2,94,5.1,0.8582,High
4/28/2026 14:00,Sylhet,Habiganj,Chunarughat,23.8,91,0.6,0.9875,High
4/28/2026 16:00,Sylhet,Habiganj,Chunarughat,25.9,83,0.6,1,High
4/28/2026 18:00,Sylhet,Habiganj,Chunarughat,23.1,92,0.5,1,High
4/28/2026 20:00,Sylhet,Habiganj,Chunarughat,23,91,0,1,High
4/28/2026 22:00,Sylhet,Habiganj,Chunarughat,23,94,0.1,0.6328,Medium
4/29/2026 0:00,Sylhet,Habiganj,Chunarughat,22.5,92,0.1,0.4212,Low
4/29/2026 2:00,Sylhet,Habiganj,Chunarughat,22,96,7,0.4045,Low
4/29/2026 4:00,Sylhet,Habiganj,Chunarughat,21.5,97,4.5,0.4052,Low
4/29/2026 6:00,Sylhet,Habiganj,Chunarughat,21.8,98,1.3,0.7198,High
4/29/2026 8:00,Sylhet,Habiganj,Chunarughat,22,96,3.7,0.7128,High
4/29/2026 10:00,Sylhet,Habiganj,Chunarughat,22,93,4,0.856,High
4/29/2026 12:00,Sylhet,Habiganj,Chunarughat,21,95,0.2,0.8545,High
4/29/2026 14:00,Sylhet,Habiganj,Chunarughat,23,86,0,0.967,High
4/29/2026 16:00,Sylhet,Habiganj,Chunarughat,23.2,85,0,0.968,High
4/29/2026 18:00,Sylhet,Habiganj,Chunarughat,22,88,0,1,High
4/29/2026 20:00,Sylhet,Habiganj,Chunarughat,21.1,92,0,1,High
4/29/2026 22:00,Sylhet,Habiganj,Chunarughat,20.1,96,0,0.5935,Medium
4/30/2026 0:00,Sylhet,Habiganj,Chunarughat,21,96,0,0.407,Low
4/30/2026 2:00,Sylhet,Habiganj,Chunarughat,20.9,96,0.2,0.405,Low
4/30/2026 4:00,Sylhet,Habiganj,Chunarughat,21,94,0.1,0.4028,Low
4/30/2026 6:00,Sylhet,Habiganj,Chunarughat,20.8,96,0,0.704,High
4/30/2026 8:00,Sylhet,Habiganj,Chunarughat,21.5,95,0.7,0.7107,High
4/30/2026 10:00,Sylhet,Habiganj,Chunarughat,24.4,78,0,0.872,High
4/30/2026 12:00,Sylhet,Habiganj,Chunarughat,27.2,66,0,0.89,High
4/30/2026 14:00,Sylhet,Habiganj,Chunarughat,29.1,56,0,0.9985,High
4/30/2026 16:00,Sylhet,Habiganj,Chunarughat,28,63,0.1,0.9958,High
4/30/2026 18:00,Sylhet,Habiganj,Chunarughat,26,81,0,1,High
4/30/2026 20:00,Sylhet,Habiganj,Chunarughat,24,87,0.3,1,High
4/30/2026 22:00,Sylhet,Habiganj,Chunarughat,22.9,93,0,0.6295,Medium
5/1/2026 0:00,Sylhet,Habiganj,Chunarughat,22.5,94,0.1,0.4252,Low
5/1/2026 2:00,Sylhet,Habiganj,Chunarughat,22.4,91,0,0.418,Low
5/1/2026 4:00,Sylhet,Habiganj,Chunarughat,21.6,91,0,0.406,Low
5/1/2026 6:00,Sylhet,Habiganj,Chunarughat,21.9,96,3,0.713,High
5/1/2026 8:00,Sylhet,Habiganj,Chunarughat,21.9,96,2.5,0.7142,High
5/1/2026 10:00,Sylhet,Habiganj,Chunarughat,22,93,1.3,0.8628,High
5/1/2026 12:00,Sylhet,Habiganj,Chunarughat,23.2,90,8.7,0.8562,High
5/1/2026 14:00,Sylhet,Habiganj,Chunarughat,22.4,92,3.4,0.9615,High
5/1/2026 16:00,Sylhet,Habiganj,Chunarughat,23.7,89,0.3,0.9828,High
5/1/2026 18:00,Sylhet,Habiganj,Chunarughat,22.6,94,0.7,1,High
5/1/2026 20:00,Sylhet,Habiganj,Chunarughat,21.7,95,0,1,High
5/1/2026 22:00,Sylhet,Habiganj,Chunarughat,21,98,0,0.611,Medium
5/2/2026 0:00,Sylhet,Habiganj,Chunarughat,21.5,96,1.1,0.4118,Low
5/2/2026 2:00,Sylhet,Habiganj,Chunarughat,21,97,0.3,0.4083,Low
5/2/2026 4:00,Sylhet,Habiganj,Chunarughat,20.1,98,0.7,0.3958,Low
5/2/2026 6:00,Sylhet,Habiganj,Chunarughat,20.7,97,1,0.702,High
5/2/2026 8:00,Sylhet,Habiganj,Chunarughat,22.5,89,0.2,0.715,High
5/2/2026 10:00,Sylhet,Habiganj,Chunarughat,24.6,80,0,0.879,High
5/2/2026 12:00,Sylhet,Habiganj,Chunarughat,23,89,0.1,0.8728,High
5/2/2026 14:00,Sylhet,Habiganj,Chunarughat,25.3,78,0.3,0.9848,High
5/2/2026 16:00,Sylhet,Habiganj,Chunarughat,22.7,87,0.6,0.963,High
5/2/2026 18:00,Sylhet,Habiganj,Chunarughat,22.5,88,0.1,1,High
5/2/2026 20:00,Sylhet,Habiganj,Chunarughat,22.5,92,0,1,High
5/2/2026 22:00,Sylhet,Habiganj,Chunarughat,22,94,0,0.618,Medium
5/3/2026 0:00,Sylhet,Habiganj,Chunarughat,22.4,93,0,0.422,Low
5/3/2026 2:00,Sylhet,Habiganj,Chunarughat,21.8,93,0.1,0.4128,Low
5/3/2026 4:00,Sylhet,Habiganj,Chunarughat,20.9,95,0,0.4035,Low
5/3/2026 6:00,Sylhet,Habiganj,Chunarughat,20.6,95,0.1,0.6988,Medium
5/3/2026 8:00,Sylhet,Habiganj,Chunarughat,23,85,0,0.715,High
5/3/2026 10:00,Sylhet,Habiganj,Chunarughat,25.6,75,0,0.884,High
5/3/2026 12:00,Sylhet,Habiganj,Chunarughat,28,70,0.1,0.9098,High
5/3/2026 14:00,Sylhet,Habiganj,Chunarughat,25,83,0.1,0.9907,High
5/3/2026 16:00,Sylhet,Habiganj,Chunarughat,28.2,73,0,1,High
5/3/2026 18:00,Sylhet,Habiganj,Chunarughat,25.3,88,0,1,High
5/3/2026 20:00,Sylhet,Habiganj,Chunarughat,23.9,91,0,1,High
5/3/2026 22:00,Sylhet,Habiganj,Chunarughat,23.3,94,0,0.6375,Medium
5/4/2026 0:00,Sylhet,Habiganj,Chunarughat,21.9,97,0,0.4225,Low
5/4/2026 2:00,Sylhet,Habiganj,Chunarughat,22,95,0.1,0.4198,Low
5/4/2026 4:00,Sylhet,Habiganj,Chunarughat,21.2,98,0,0.414,Low
5/4/2026 6:00,Sylhet,Habiganj,Chunarughat,22.3,98,6.3,0.7147,High
5/4/2026 8:00,Sylhet,Habiganj,Chunarughat,22.8,94,2,0.725,High
5/4/2026 10:00,Sylhet,Habiganj,Chunarughat,25,85,0.2,0.8945,High
5/4/2026 12:00,Sylhet,Habiganj,Chunarughat,26.6,73,0,0.895,High
5/4/2026 14:00,Sylhet,Habiganj,Chunarughat,28.2,66,0,1,High
5/4/2026 16:00,Sylhet,Habiganj,Chunarughat,29,63,0,1,High
5/4/2026 18:00,Sylhet,Habiganj,Chunarughat,26.8,83,0,1,High
5/4/2026 20:00,Sylhet,Habiganj,Chunarughat,24.1,92,0,1,High
5/4/2026 22:00,Sylhet,Habiganj,Chunarughat,23.1,95,0,0.6365,Medium
5/5/2026 0:00,Sylhet,Habiganj,Chunarughat,23,96,0,0.437,Low
5/5/2026 2:00,Sylhet,Habiganj,Chunarughat,23.4,96,0,0.443,Low
5/5/2026 4:00,Sylhet,Habiganj,Chunarughat,22,98,0,0.426,Low
5/5/2026 6:00,Sylhet,Habiganj,Chunarughat,23.2,90,0,0.728,High
5/5/2026 8:00,Sylhet,Habiganj,Chunarughat,25.8,86,0,0.759,High
5/5/2026 10:00,Sylhet,Habiganj,Chunarughat,29,72,0,0.929,High
5/5/2026 12:00,Sylhet,Habiganj,Chunarughat,30.6,63,0,0.935,High
5/5/2026 14:00,Sylhet,Habiganj,Chunarughat,31.5,57,0,1,High
5/5/2026 16:00,Sylhet,Habiganj,Chunarughat,30.2,61,0,1,High
5/5/2026 18:00,Sylhet,Habiganj,Chunarughat,27.4,74,0,1,High
5/5/2026 20:00,Sylhet,Habiganj,Chunarughat,25.8,76,0,1,High
5/5/2026 22:00,Sylhet,Habiganj,Chunarughat,24.4,88,0,0.642,Medium
5/6/2026 0:00,Sylhet,Habiganj,Chunarughat,24.1,95,0,0.4515,Medium
5/6/2026 2:00,Sylhet,Habiganj,Chunarughat,23.8,96,0,0.449,Low
5/6/2026 4:00,Sylhet,Habiganj,Chunarughat,23,98,0,0.441,Low
5/6/2026 6:00,Sylhet,Habiganj,Chunarughat,23.8,93,0,0.743,High
5/6/2026 8:00,Sylhet,Habiganj,Chunarughat,26.5,83,0,0.7635,High
5/6/2026 10:00,Sylhet,Habiganj,Chunarughat,28.4,75,0,0.926,High
5/6/2026 12:00,Sylhet,Habiganj,Chunarughat,28.9,73,0,0.9295,High
5/6/2026 14:00,Sylhet,Habiganj,Chunarughat,30.2,67,0,1,High
5/6/2026 16:00,Sylhet,Habiganj,Chunarughat,30.6,66,0,1,High
5/6/2026 18:00,Sylhet,Habiganj,Chunarughat,28.2,72,1,1,High
5/6/2026 20:00,Sylhet,Habiganj,Chunarughat,24.6,93,5.6,1,High
5/6/2026 22:00,Sylhet,Habiganj,Chunarughat,24,95,0.4,0.649,Medium
5/7/2026 0:00,Sylhet,Habiganj,Chunarughat,23.5,98,0,0.4485,Low
5/7/2026 2:00,Sylhet,Habiganj,Chunarughat,23.3,99,0,0.4475,Low
5/7/2026 4:00,Sylhet,Habiganj,Chunarughat,23,98,0,0.441,Low
5/7/2026 6:00,Sylhet,Habiganj,Chunarughat,21.5,97,0.2,0.716,High
5/7/2026 8:00,Sylhet,Habiganj,Chunarughat,24.4,84,0,0.734,High
5/7/2026 10:00,Sylhet,Habiganj,Chunarughat,26.8,78,0,0.908,High
5/7/2026 12:00,Sylhet,Habiganj,Chunarughat,28.9,66,0.2,0.915,High
5/7/2026 14:00,Sylhet,Habiganj,Chunarughat,30.2,62,0,1,High
5/7/2026 16:00,Sylhet,Habiganj,Chunarughat,30.4,59,0,1,High
5/7/2026 18:00,Sylhet,Habiganj,Chunarughat,28.6,72,0,1,High
5/7/2026 20:00,Sylhet,Habiganj,Chunarughat,25.9,81,0,1,High
5/7/2026 22:00,Sylhet,Habiganj,Chunarughat,25.2,85,0,0.648,Medium
5/8/2026 0:00,Sylhet,Habiganj,Chunarughat,25,88,0,0.451,Medium
5/8/2026 2:00,Sylhet,Habiganj,Chunarughat,24.9,89,0,0.4515,Medium
5/8/2026 4:00,Sylhet,Habiganj,Chunarughat,23.9,94,0,0.4465,Low
5/8/2026 6:00,Sylhet,Habiganj,Chunarughat,23.9,94,0,0.7465,High
5/8/2026 8:00,Sylhet,Habiganj,Chunarughat,28,79,0,0.778,High
5/8/2026 10:00,Sylhet,Habiganj,Chunarughat,30.6,60,0,0.929,High
5/8/2026 12:00,Sylhet,Habiganj,Chunarughat,29.6,64,0.1,0.9218,High
5/8/2026 14:00,Sylhet,Habiganj,Chunarughat,30.5,61,0,1,High
5/8/2026 16:00,Sylhet,Habiganj,Chunarughat,30.8,58,0,1,High
5/8/2026 18:00,Sylhet,Habiganj,Chunarughat,29,66,0,1,High
5/8/2026 20:00,Sylhet,Habiganj,Chunarughat,26.3,74,0,1,High
5/8/2026 22:00,Sylhet,Habiganj,Chunarughat,25.3,80,0,0.6395,Medium
5/9/2026 0:00,Sylhet,Habiganj,Chunarughat,25,82,0,0.439,Low
5/9/2026 2:00,Sylhet,Habiganj,Chunarughat,24.9,83,0,0.4395,Low
5/9/2026 4:00,Sylhet,Habiganj,Chunarughat,23.6,87,0,0.428,Low
5/9/2026 6:00,Sylhet,Habiganj,Chunarughat,23.8,91,0,0.739,High
5/9/2026 8:00,Sylhet,Habiganj,Chunarughat,27,80,0,0.765,High
5/9/2026 10:00,Sylhet,Habiganj,Chunarughat,30,60,0,0.92,High
5/9/2026 12:00,Sylhet,Habiganj,Chunarughat,31.7,50,0,0.9255,High
5/9/2026 14:00,Sylhet,Habiganj,Chunarughat,33,46,0,1,High
5/9/2026 16:00,Sylhet,Habiganj,Chunarughat,32.5,49,0,1,High
5/9/2026 18:00,Sylhet,Habiganj,Chunarughat,30.2,68,0,1,High
5/9/2026 20:00,Sylhet,Habiganj,Chunarughat,27,75,0,1,High
5/9/2026 22:00,Sylhet,Habiganj,Chunarughat,26.1,78,0,0.6475,Medium
5/10/2026 0:00,Sylhet,Habiganj,Chunarughat,26,81,0,0.452,Medium
5/10/2026 2:00,Sylhet,Habiganj,Chunarughat,26.1,76,0,0.4435,Low
5/10/2026 4:00,Sylhet,Habiganj,Chunarughat,24.9,82,0,0.4375,Low
5/10/2026 6:00,Sylhet,Habiganj,Chunarughat,25.2,83,0,0.744,High
5/10/2026 8:00,Sylhet,Habiganj,Chunarughat,28.9,74,0,0.7815,High
5/10/2026 10:00,Sylhet,Habiganj,Chunarughat,31,66,0,0.947,High
5/10/2026 12:00,Sylhet,Habiganj,Chunarughat,32.5,51,0,0.9395,High
5/10/2026 14:00,Sylhet,Habiganj,Chunarughat,26.1,77,1,0.993,High
5/10/2026 16:00,Sylhet,Habiganj,Chunarughat,27.5,73,0,1,High
5/10/2026 18:00,Sylhet,Habiganj,Chunarughat,25.1,82,0,1,High
5/10/2026 20:00,Sylhet,Habiganj,Chunarughat,24.2,90,0,1,High
5/10/2026 22:00,Sylhet,Habiganj,Chunarughat,24,91,0,0.642,Medium
5/11/2026 0:00,Sylhet,Habiganj,Chunarughat,23.9,91,0,0.4405,Low
5/11/2026 2:00,Sylhet,Habiganj,Chunarughat,23.7,91,0,0.4375,Low
5/11/2026 4:00,Sylhet,Habiganj,Chunarughat,22.7,95,0,0.4305,Low
5/11/2026 6:00,Sylhet,Habiganj,Chunarughat,22.4,91,0.1,0.7177,High
5/11/2026 8:00,Sylhet,Habiganj,Chunarughat,24.5,89,0,0.7455,High
5/11/2026 10:00,Sylhet,Habiganj,Chunarughat,27.3,74,0,0.9075,High
5/11/2026 12:00,Sylhet,Habiganj,Chunarughat,28.2,68,0,0.909,High
5/11/2026 14:00,Sylhet,Habiganj,Chunarughat,29,59,0.3,1,High
5/11/2026 16:00,Sylhet,Habiganj,Chunarughat,27.8,69,0,1,High
5/11/2026 18:00,Sylhet,Habiganj,Chunarughat,26.5,84,0,1,High
5/11/2026 20:00,Sylhet,Habiganj,Chunarughat,23.9,88,0.1,1,High
5/11/2026 22:00,Sylhet,Habiganj,Chunarughat,23.5,91,0,0.6345,Medium
5/12/2026 0:00,Sylhet,Habiganj,Chunarughat,23.7,92,0,0.4395,Low
5/12/2026 2:00,Sylhet,Habiganj,Chunarughat,22.6,96,0,0.431,Low
5/12/2026 4:00,Sylhet,Habiganj,Chunarughat,21.8,97,0,0.421,Low
5/12/2026 6:00,Sylhet,Habiganj,Chunarughat,23,94,0.4,0.732,High
5/12/2026 8:00,Sylhet,Habiganj,Chunarughat,25.7,84,0.2,0.753,High
5/12/2026 10:00,Sylhet,Habiganj,Chunarughat,28.1,76,0,0.9235,High
5/12/2026 12:00,Sylhet,Habiganj,Chunarughat,30,63,0.1,0.9258,High
5/12/2026 14:00,Sylhet,Habiganj,Chunarughat,30.5,59,0.1,1,High
5/12/2026 16:00,Sylhet,Habiganj,Chunarughat,30.4,58,0,1,High
5/12/2026 18:00,Sylhet,Habiganj,Chunarughat,29.6,71,0,1,High
5/12/2026 20:00,Sylhet,Habiganj,Chunarughat,27.5,78,0,1,High
5/12/2026 22:00,Sylhet,Habiganj,Chunarughat,25.9,85,0,0.6585,Medium
5/13/2026 0:00,Sylhet,Habiganj,Chunarughat,25.9,85,0,0.4585,Medium
5/13/2026 2:00,Sylhet,Habiganj,Chunarughat,23.2,95,0.1,0.4378,Low
5/13/2026 4:00,Sylhet,Habiganj,Chunarughat,22.8,96,0,0.434,Low
5/13/2026 6:00,Sylhet,Habiganj,Chunarughat,24,96,0,0.752,High
5/13/2026 8:00,Sylhet,Habiganj,Chunarughat,24.6,88,0.1,0.7448,High
5/13/2026 10:00,Sylhet,Habiganj,Chunarughat,28,76,0,0.922,High
5/13/2026 12:00,Sylhet,Habiganj,Chunarughat,29.9,70,0,0.9385,High
5/13/2026 14:00,Sylhet,Habiganj,Chunarughat,31,67,0,1,High
5/13/2026 16:00,Sylhet,Habiganj,Chunarughat,30.8,66,0.1,1,High
5/13/2026 18:00,Sylhet,Habiganj,Chunarughat,29.1,77,0,1,High
5/13/2026 20:00,Sylhet,Habiganj,Chunarughat,27,87,0,1,High
5/13/2026 22:00,Sylhet,Habiganj,Chunarughat,26.1,95,0.2,0.681,Medium
4/13/2026 0:00,Sylhet,Habiganj,Habiganj Sadar,23,83,0,0.411,Low
4/13/2026 2:00,Sylhet,Habiganj,Habiganj Sadar,23.5,93,0,0.4385,Low
4/13/2026 4:00,Sylhet,Habiganj,Habiganj Sadar,22.9,90,0.1,0.4232,Low
4/13/2026 6:00,Sylhet,Habiganj,Habiganj Sadar,24.4,98,0,0.762,High
4/13/2026 8:00,Sylhet,Habiganj,Habiganj Sadar,20.9,96,0.3,0.7047,High
4/13/2026 10:00,Sylhet,Habiganj,Habiganj Sadar,24.1,90,0,0.8915,High
4/13/2026 12:00,Sylhet,Habiganj,Habiganj Sadar,29.2,71,0.1,0.9298,High
4/13/2026 14:00,Sylhet,Habiganj,Habiganj Sadar,30.8,64,0.1,1,High
4/13/2026 16:00,Sylhet,Habiganj,Habiganj Sadar,29.5,67,0.3,1,High
4/13/2026 18:00,Sylhet,Habiganj,Habiganj Sadar,28.5,69,0.5,1,High
4/13/2026 20:00,Sylhet,Habiganj,Habiganj Sadar,25.1,91,0.2,1,High
4/13/2026 22:00,Sylhet,Habiganj,Habiganj Sadar,24.1,94,0,0.6495,Medium
4/14/2026 0:00,Sylhet,Habiganj,Habiganj Sadar,24.8,90,0,0.452,Medium
4/14/2026 2:00,Sylhet,Habiganj,Habiganj Sadar,21.5,98,1.4,0.415,Low
4/14/2026 4:00,Sylhet,Habiganj,Habiganj Sadar,21.4,93,0,0.407,Low
4/14/2026 6:00,Sylhet,Habiganj,Habiganj Sadar,22,91,0.9,0.7098,High
4/14/2026 8:00,Sylhet,Habiganj,Habiganj Sadar,24.4,89,0,0.744,High
4/14/2026 10:00,Sylhet,Habiganj,Habiganj Sadar,28.6,75,0.2,0.9285,High
4/14/2026 12:00,Sylhet,Habiganj,Habiganj Sadar,30,71,0.1,0.9418,High
4/14/2026 14:00,Sylhet,Habiganj,Habiganj Sadar,31.1,65,0,1,High
4/14/2026 16:00,Sylhet,Habiganj,Habiganj Sadar,30.8,66,0.2,1,High
4/14/2026 18:00,Sylhet,Habiganj,Habiganj Sadar,26.8,78,0,1,High
4/14/2026 20:00,Sylhet,Habiganj,Habiganj Sadar,26.4,85,0,1,High
4/14/2026 22:00,Sylhet,Habiganj,Habiganj Sadar,26.2,86,0,0.665,Medium
4/15/2026 0:00,Sylhet,Habiganj,Habiganj Sadar,20.4,99,0,0.404,Low
4/15/2026 2:00,Sylhet,Habiganj,Habiganj Sadar,21.5,97,0.3,0.4158,Low
4/15/2026 4:00,Sylhet,Habiganj,Habiganj Sadar,21.9,96,0,0.4205,Low
4/15/2026 6:00,Sylhet,Habiganj,Habiganj Sadar,22,96,0.1,0.7218,High
4/15/2026 8:00,Sylhet,Habiganj,Habiganj Sadar,23.8,88,0.2,0.7325,High
4/15/2026 10:00,Sylhet,Habiganj,Habiganj Sadar,27.5,76,0,0.9145,High
4/15/2026 12:00,Sylhet,Habiganj,Habiganj Sadar,30,67,0,0.934,High
4/15/2026 14:00,Sylhet,Habiganj,Habiganj Sadar,31.2,64,0,1,High
4/15/2026 16:00,Sylhet,Habiganj,Habiganj Sadar,31.5,63,0,1,High
4/15/2026 18:00,Sylhet,Habiganj,Habiganj Sadar,28.6,75,0,1,High
4/15/2026 20:00,Sylhet,Habiganj,Habiganj Sadar,26.8,74,0,1,High
4/15/2026 22:00,Sylhet,Habiganj,Habiganj Sadar,23.6,87,0,0.628,Medium
4/16/2026 0:00,Sylhet,Habiganj,Habiganj Sadar,21.5,96,0,0.4145,Low
4/16/2026 2:00,Sylhet,Habiganj,Habiganj Sadar,21.6,91,0,0.406,Low
4/16/2026 4:00,Sylhet,Habiganj,Habiganj Sadar,21.5,91,0,0.4045,Low
4/16/2026 6:00,Sylhet,Habiganj,Habiganj Sadar,21,97,0,0.709,High
4/16/2026 8:00,Sylhet,Habiganj,Habiganj Sadar,23.5,89,0,0.7305,High
4/16/2026 10:00,Sylhet,Habiganj,Habiganj Sadar,27.8,75,0,0.917,High
4/16/2026 12:00,Sylhet,Habiganj,Habiganj Sadar,29.3,68,0,0.9255,High
4/16/2026 14:00,Sylhet,Habiganj,Habiganj Sadar,30.5,65,0.1,1,High
4/16/2026 16:00,Sylhet,Habiganj,Habiganj Sadar,30.6,64,0.1,1,High
4/16/2026 18:00,Sylhet,Habiganj,Habiganj Sadar,28,85,0,1,High
4/16/2026 20:00,Sylhet,Habiganj,Habiganj Sadar,25.9,84,0,1,High
4/16/2026 22:00,Sylhet,Habiganj,Habiganj Sadar,22.8,93,2.1,0.6228,Medium
4/17/2026 0:00,Sylhet,Habiganj,Habiganj Sadar,24,93,0,0.446,Low
4/17/2026 2:00,Sylhet,Habiganj,Habiganj Sadar,22.2,96,5,0.4125,Low
4/17/2026 4:00,Sylhet,Habiganj,Habiganj Sadar,21.9,97,0,0.4225,Low
4/17/2026 6:00,Sylhet,Habiganj,Habiganj Sadar,23.2,100,0,0.748,High
4/17/2026 8:00,Sylhet,Habiganj,Habiganj Sadar,24.9,93,0,0.7595,High
4/17/2026 10:00,Sylhet,Habiganj,Habiganj Sadar,27.2,80,0,0.918,High
4/17/2026 12:00,Sylhet,Habiganj,Habiganj Sadar,30.6,72,0,0.953,High
4/17/2026 14:00,Sylhet,Habiganj,Habiganj Sadar,31.6,66,0,1,High
4/17/2026 16:00,Sylhet,Habiganj,Habiganj Sadar,31.3,64,0,1,High
4/17/2026 18:00,Sylhet,Habiganj,Habiganj Sadar,29.4,82,0,1,High
4/17/2026 20:00,Sylhet,Habiganj,Habiganj Sadar,26.4,93,0,1,High
4/17/2026 22:00,Sylhet,Habiganj,Habiganj Sadar,25.5,93,0,0.6685,Medium
4/18/2026 0:00,Sylhet,Habiganj,Habiganj Sadar,24.7,93,0,0.4565,Medium
4/18/2026 2:00,Sylhet,Habiganj,Habiganj Sadar,24.5,96,0,0.4595,Medium
4/18/2026 4:00,Sylhet,Habiganj,Habiganj Sadar,24.1,96,0,0.4535,Medium
4/18/2026 6:00,Sylhet,Habiganj,Habiganj Sadar,23.9,98,0.6,0.753,High
4/18/2026 8:00,Sylhet,Habiganj,Habiganj Sadar,25.4,91,0,0.763,High
4/18/2026 10:00,Sylhet,Habiganj,Habiganj Sadar,28.5,79,0,0.9355,High
4/18/2026 12:00,Sylhet,Habiganj,Habiganj Sadar,30.2,73,0.1,0.9488,High
4/18/2026 14:00,Sylhet,Habiganj,Habiganj Sadar,30.8,73,0.1,1,High
4/18/2026 16:00,Sylhet,Habiganj,Habiganj Sadar,30.4,70,0,1,High
4/18/2026 18:00,Sylhet,Habiganj,Habiganj Sadar,28.7,86,0,1,High
4/18/2026 20:00,Sylhet,Habiganj,Habiganj Sadar,26,96,0,1,High
4/18/2026 22:00,Sylhet,Habiganj,Habiganj Sadar,25.9,93,0,0.6745,Medium
4/19/2026 0:00,Sylhet,Habiganj,Habiganj Sadar,25.4,97,0.2,0.4745,Medium
4/19/2026 2:00,Sylhet,Habiganj,Habiganj Sadar,22.8,96,0.3,0.4332,Low
4/19/2026 4:00,Sylhet,Habiganj,Habiganj Sadar,22.5,97,0,0.4315,Low
4/19/2026 6:00,Sylhet,Habiganj,Habiganj Sadar,23.2,96,0,0.74,High
4/19/2026 8:00,Sylhet,Habiganj,Habiganj Sadar,22.7,94,0.9,0.7262,High
4/19/2026 10:00,Sylhet,Habiganj,Habiganj Sadar,26.8,84,0,0.92,High
4/19/2026 12:00,Sylhet,Habiganj,Habiganj Sadar,28.6,76,0.9,0.9288,High
4/19/2026 14:00,Sylhet,Habiganj,Habiganj Sadar,27.8,79,0.1,1,High
4/19/2026 16:00,Sylhet,Habiganj,Habiganj Sadar,29.9,73,0,1,High
4/19/2026 18:00,Sylhet,Habiganj,Habiganj Sadar,27.5,88,0,1,High
4/19/2026 20:00,Sylhet,Habiganj,Habiganj Sadar,25.8,95,0,1,High
4/19/2026 22:00,Sylhet,Habiganj,Habiganj Sadar,25.7,96,0,0.6775,Medium
4/20/2026 0:00,Sylhet,Habiganj,Habiganj Sadar,24.2,100,0.2,0.4625,Medium
4/20/2026 2:00,Sylhet,Habiganj,Habiganj Sadar,24.4,97,0.9,0.4578,Medium
4/20/2026 4:00,Sylhet,Habiganj,Habiganj Sadar,22.6,97,0.8,0.431,Low
4/20/2026 6:00,Sylhet,Habiganj,Habiganj Sadar,23.8,99,0.1,0.7548,High
4/20/2026 8:00,Sylhet,Habiganj,Habiganj Sadar,25.5,92,0,0.7665,High
4/20/2026 10:00,Sylhet,Habiganj,Habiganj Sadar,28.2,82,0.2,0.9365,High
4/20/2026 12:00,Sylhet,Habiganj,Habiganj Sadar,31.7,68,0,0.9615,High
4/20/2026 14:00,Sylhet,Habiganj,Habiganj Sadar,32.9,61,0,1,High
4/20/2026 16:00,Sylhet,Habiganj,Habiganj Sadar,33,62,0,1,High
4/20/2026 18:00,Sylhet,Habiganj,Habiganj Sadar,27.1,90,7.5,1,High
4/20/2026 20:00,Sylhet,Habiganj,Habiganj Sadar,26.7,87,0,1,High
4/20/2026 22:00,Sylhet,Habiganj,Habiganj Sadar,27.5,83,0,0.6785,Medium
4/21/2026 0:00,Sylhet,Habiganj,Habiganj Sadar,26,92,0.2,0.4735,Medium
4/21/2026 2:00,Sylhet,Habiganj,Habiganj Sadar,26.2,96,0.2,0.4845,Medium
4/21/2026 4:00,Sylhet,Habiganj,Habiganj Sadar,26.2,96,0.2,0.4845,Medium
4/21/2026 6:00,Sylhet,Habiganj,Habiganj Sadar,25.1,94,0.3,0.7637,High
4/21/2026 8:00,Sylhet,Habiganj,Habiganj Sadar,27,85,0.2,0.7745,High
4/21/2026 10:00,Sylhet,Habiganj,Habiganj Sadar,30.1,74,0.3,0.9488,High
4/21/2026 12:00,Sylhet,Habiganj,Habiganj Sadar,32.2,62,0,0.957,High
4/21/2026 14:00,Sylhet,Habiganj,Habiganj Sadar,32.2,62,0.4,1,High
4/21/2026 16:00,Sylhet,Habiganj,Habiganj Sadar,31.4,68,0,1,High
4/21/2026 18:00,Sylhet,Habiganj,Habiganj Sadar,30.2,70,0,1,High
4/21/2026 20:00,Sylhet,Habiganj,Habiganj Sadar,29.3,73,0,1,High
4/21/2026 22:00,Sylhet,Habiganj,Habiganj Sadar,28,82,0,0.684,Medium
4/22/2026 0:00,Sylhet,Habiganj,Habiganj Sadar,26.4,90,0,0.476,Medium
4/22/2026 2:00,Sylhet,Habiganj,Habiganj Sadar,23,99,1.5,0.4392,Low
4/22/2026 4:00,Sylhet,Habiganj,Habiganj Sadar,24.3,95,0,0.4545,Medium
4/22/2026 6:00,Sylhet,Habiganj,Habiganj Sadar,21.5,98,0,0.7185,High
4/22/2026 8:00,Sylhet,Habiganj,Habiganj Sadar,23.4,91,0,0.733,High
4/22/2026 10:00,Sylhet,Habiganj,Habiganj Sadar,26.5,84,0.1,0.9152,High
4/22/2026 12:00,Sylhet,Habiganj,Habiganj Sadar,30.5,71,0,0.9495,High
4/22/2026 14:00,Sylhet,Habiganj,Habiganj Sadar,33.5,57,0,1,High
4/22/2026 16:00,Sylhet,Habiganj,Habiganj Sadar,33,61,0,1,High
4/22/2026 18:00,Sylhet,Habiganj,Habiganj Sadar,29.8,65,0,1,High
4/22/2026 20:00,Sylhet,Habiganj,Habiganj Sadar,25,79,0,1,High
4/22/2026 22:00,Sylhet,Habiganj,Habiganj Sadar,24.1,84,0,0.6295,Medium
4/23/2026 0:00,Sylhet,Habiganj,Habiganj Sadar,23,92,0,0.429,Low
4/23/2026 2:00,Sylhet,Habiganj,Habiganj Sadar,23.5,93,0,0.4385,Low
4/23/2026 4:00,Sylhet,Habiganj,Habiganj Sadar,24.3,92,0,0.4485,Low
4/23/2026 6:00,Sylhet,Habiganj,Habiganj Sadar,24.5,92,0,0.7515,High
4/23/2026 8:00,Sylhet,Habiganj,Habiganj Sadar,26.1,90,0,0.7715,High
4/23/2026 10:00,Sylhet,Habiganj,Habiganj Sadar,29.9,73,0.2,0.944,High
4/23/2026 12:00,Sylhet,Habiganj,Habiganj Sadar,30.1,71,0,0.9435,High
4/23/2026 14:00,Sylhet,Habiganj,Habiganj Sadar,31.1,68,0.1,1,High
4/23/2026 16:00,Sylhet,Habiganj,Habiganj Sadar,31.8,65,0,1,High
4/23/2026 18:00,Sylhet,Habiganj,Habiganj Sadar,30,80,0,1,High
4/23/2026 20:00,Sylhet,Habiganj,Habiganj Sadar,27.9,83,0,1,High
4/23/2026 22:00,Sylhet,Habiganj,Habiganj Sadar,26.8,87,0,0.676,Medium
4/24/2026 0:00,Sylhet,Habiganj,Habiganj Sadar,26,91,0,0.472,Medium
4/24/2026 2:00,Sylhet,Habiganj,Habiganj Sadar,25.9,90,0,0.4685,Medium
4/24/2026 4:00,Sylhet,Habiganj,Habiganj Sadar,25.1,94,0,0.4645,Medium
4/24/2026 6:00,Sylhet,Habiganj,Habiganj Sadar,25.6,97,0,0.778,High
4/24/2026 8:00,Sylhet,Habiganj,Habiganj Sadar,28.6,84,0,0.797,High
4/24/2026 10:00,Sylhet,Habiganj,Habiganj Sadar,30.9,73,0,0.9595,High
4/24/2026 12:00,Sylhet,Habiganj,Habiganj Sadar,32,65,0,0.96,High
4/24/2026 14:00,Sylhet,Habiganj,Habiganj Sadar,33,62,0,1,High
4/24/2026 16:00,Sylhet,Habiganj,Habiganj Sadar,33,60,0,1,High
4/24/2026 18:00,Sylhet,Habiganj,Habiganj Sadar,30.7,76,0,1,High
4/24/2026 20:00,Sylhet,Habiganj,Habiganj Sadar,28.2,83,0,1,High
4/24/2026 22:00,Sylhet,Habiganj,Habiganj Sadar,26.9,87,0,0.6775,Medium
4/25/2026 0:00,Sylhet,Habiganj,Habiganj Sadar,26,94,0,0.478,Medium
4/25/2026 2:00,Sylhet,Habiganj,Habiganj Sadar,25.8,94,0,0.475,Medium
4/25/2026 4:00,Sylhet,Habiganj,Habiganj Sadar,25,95,0,0.465,Medium
4/25/2026 6:00,Sylhet,Habiganj,Habiganj Sadar,26,92,0,0.774,High
4/25/2026 8:00,Sylhet,Habiganj,Habiganj Sadar,28.7,87,0,0.8045,High
4/25/2026 10:00,Sylhet,Habiganj,Habiganj Sadar,27.5,85,0,0.9325,High
4/25/2026 12:00,Sylhet,Habiganj,Habiganj Sadar,31,74,0,0.963,High
4/25/2026 14:00,Sylhet,Habiganj,Habiganj Sadar,32.8,64,0,1,High
4/25/2026 16:00,Sylhet,Habiganj,Habiganj Sadar,33,62,0,1,High
4/25/2026 18:00,Sylhet,Habiganj,Habiganj Sadar,30,79,0,1,High
4/25/2026 20:00,Sylhet,Habiganj,Habiganj Sadar,27.3,84,0,1,High
4/25/2026 22:00,Sylhet,Habiganj,Habiganj Sadar,26,90,0,0.67,Medium
4/26/2026 0:00,Sylhet,Habiganj,Habiganj Sadar,25.6,92,0,0.468,Medium
4/26/2026 2:00,Sylhet,Habiganj,Habiganj Sadar,26.1,87,0,0.4655,Medium
4/26/2026 4:00,Sylhet,Habiganj,Habiganj Sadar,25.4,88,0,0.457,Medium
4/26/2026 6:00,Sylhet,Habiganj,Habiganj Sadar,23.4,96,0,0.743,High
4/26/2026 8:00,Sylhet,Habiganj,Habiganj Sadar,25.1,89,0,0.7545,High
4/26/2026 10:00,Sylhet,Habiganj,Habiganj Sadar,28.5,73,0,0.9235,High
4/26/2026 12:00,Sylhet,Habiganj,Habiganj Sadar,29.4,62,0,0.915,High
4/26/2026 14:00,Sylhet,Habiganj,Habiganj Sadar,30.4,61,0.1,1,High
4/26/2026 16:00,Sylhet,Habiganj,Habiganj Sadar,27.4,76,2.9,1,High
4/26/2026 18:00,Sylhet,Habiganj,Habiganj Sadar,25.1,85,0,1,High
4/26/2026 20:00,Sylhet,Habiganj,Habiganj Sadar,24.7,86,0,1,High
4/26/2026 22:00,Sylhet,Habiganj,Habiganj Sadar,24.7,86,0,0.6425,Medium
4/27/2026 0:00,Sylhet,Habiganj,Habiganj Sadar,23,91,0,0.427,Low
4/27/2026 2:00,Sylhet,Habiganj,Habiganj Sadar,22.4,94,0,0.424,Low
4/27/2026 4:00,Sylhet,Habiganj,Habiganj Sadar,23.2,90,0,0.428,Low
4/27/2026 6:00,Sylhet,Habiganj,Habiganj Sadar,19.8,94,0.8,0.686,Medium
4/27/2026 8:00,Sylhet,Habiganj,Habiganj Sadar,20.4,95,8.8,0.674,Medium
4/27/2026 10:00,Sylhet,Habiganj,Habiganj Sadar,23.5,93,0.1,0.8882,High
4/27/2026 12:00,Sylhet,Habiganj,Habiganj Sadar,24.8,79,0.4,0.879,High
4/27/2026 14:00,Sylhet,Habiganj,Habiganj Sadar,26,75,0.2,0.9895,High
4/27/2026 16:00,Sylhet,Habiganj,Habiganj Sadar,25.9,83,0.1,1,High
4/27/2026 18:00,Sylhet,Habiganj,Habiganj Sadar,23.8,91,12.2,1,High
4/27/2026 20:00,Sylhet,Habiganj,Habiganj Sadar,22.6,95,1.4,1,High
4/27/2026 22:00,Sylhet,Habiganj,Habiganj Sadar,22,98,0.2,0.6255,Medium
4/28/2026 0:00,Sylhet,Habiganj,Habiganj Sadar,21.9,96,0.1,0.4202,Low
4/28/2026 2:00,Sylhet,Habiganj,Habiganj Sadar,21.8,96,0,0.419,Low
4/28/2026 4:00,Sylhet,Habiganj,Habiganj Sadar,21.2,97,10.5,0.3857,Low
4/28/2026 6:00,Sylhet,Habiganj,Habiganj Sadar,22.2,96,3.5,0.7162,High
4/28/2026 8:00,Sylhet,Habiganj,Habiganj Sadar,23.9,93,0.1,0.7442,High
4/28/2026 10:00,Sylhet,Habiganj,Habiganj Sadar,23,96,0.7,0.8852,High
4/28/2026 12:00,Sylhet,Habiganj,Habiganj Sadar,22.2,94,5.1,0.8582,High
4/28/2026 14:00,Sylhet,Habiganj,Habiganj Sadar,23.8,91,0.6,0.9875,High
4/28/2026 16:00,Sylhet,Habiganj,Habiganj Sadar,25.9,83,0.6,1,High
4/28/2026 18:00,Sylhet,Habiganj,Habiganj Sadar,23.1,92,0.5,1,High
4/28/2026 20:00,Sylhet,Habiganj,Habiganj Sadar,23,91,0,1,High
4/28/2026 22:00,Sylhet,Habiganj,Habiganj Sadar,23,94,0.1,0.6328,Medium
4/29/2026 0:00,Sylhet,Habiganj,Habiganj Sadar,22.5,92,0.1,0.4212,Low
4/29/2026 2:00,Sylhet,Habiganj,Habiganj Sadar,22,96,7,0.4045,Low
4/29/2026 4:00,Sylhet,Habiganj,Habiganj Sadar,21.5,97,4.5,0.4052,Low
4/29/2026 6:00,Sylhet,Habiganj,Habiganj Sadar,21.8,98,1.3,0.7198,High
4/29/2026 8:00,Sylhet,Habiganj,Habiganj Sadar,22,96,3.7,0.7128,High
4/29/2026 10:00,Sylhet,Habiganj,Habiganj Sadar,22,93,4,0.856,High
4/29/2026 12:00,Sylhet,Habiganj,Habiganj Sadar,21,95,0.2,0.8545,High
4/29/2026 14:00,Sylhet,Habiganj,Habiganj Sadar,23,86,0,0.967,High
4/29/2026 16:00,Sylhet,Habiganj,Habiganj Sadar,23.2,85,0,0.968,High
4/29/2026 18:00,Sylhet,Habiganj,Habiganj Sadar,22,88,0,1,High
4/29/2026 20:00,Sylhet,Habiganj,Habiganj Sadar,21.1,92,0,1,High
4/29/2026 22:00,Sylhet,Habiganj,Habiganj Sadar,20.1,96,0,0.5935,Medium
4/30/2026 0:00,Sylhet,Habiganj,Habiganj Sadar,21,96,0,0.407,Low
4/30/2026 2:00,Sylhet,Habiganj,Habiganj Sadar,20.9,96,0.2,0.405,Low
4/30/2026 4:00,Sylhet,Habiganj,Habiganj Sadar,21,94,0.1,0.4028,Low
4/30/2026 6:00,Sylhet,Habiganj,Habiganj Sadar,20.8,96,0,0.704,High
4/30/2026 8:00,Sylhet,Habiganj,Habiganj Sadar,21.5,95,0.7,0.7107,High
4/30/2026 10:00,Sylhet,Habiganj,Habiganj Sadar,24.4,78,0,0.872,High
4/30/2026 12:00,Sylhet,Habiganj,Habiganj Sadar,27.2,66,0,0.89,High
4/30/2026 14:00,Sylhet,Habiganj,Habiganj Sadar,29.1,56,0,0.9985,High
4/30/2026 16:00,Sylhet,Habiganj,Habiganj Sadar,28,63,0.1,0.9958,High
4/30/2026 18:00,Sylhet,Habiganj,Habiganj Sadar,26,81,0,1,High
4/30/2026 20:00,Sylhet,Habiganj,Habiganj Sadar,24,87,0.3,1,High
4/30/2026 22:00,Sylhet,Habiganj,Habiganj Sadar,22.9,93,0,0.6295,Medium
5/1/2026 0:00,Sylhet,Habiganj,Habiganj Sadar,22.5,94,0.1,0.4252,Low
5/1/2026 2:00,Sylhet,Habiganj,Habiganj Sadar,22.4,91,0,0.418,Low
5/1/2026 4:00,Sylhet,Habiganj,Habiganj Sadar,21.6,91,0,0.406,Low
5/1/2026 6:00,Sylhet,Habiganj,Habiganj Sadar,21.9,96,3,0.713,High
5/1/2026 8:00,Sylhet,Habiganj,Habiganj Sadar,21.9,96,2.5,0.7142,High
5/1/2026 10:00,Sylhet,Habiganj,Habiganj Sadar,22,93,1.3,0.8628,High
5/1/2026 12:00,Sylhet,Habiganj,Habiganj Sadar,23.2,90,8.7,0.8562,High
5/1/2026 14:00,Sylhet,Habiganj,Habiganj Sadar,22.4,92,3.4,0.9615,High
5/1/2026 16:00,Sylhet,Habiganj,Habiganj Sadar,23.7,89,0.3,0.9828,High
5/1/2026 18:00,Sylhet,Habiganj,Habiganj Sadar,22.6,94,0.7,1,High
5/1/2026 20:00,Sylhet,Habiganj,Habiganj Sadar,21.7,95,0,1,High
5/1/2026 22:00,Sylhet,Habiganj,Habiganj Sadar,21,98,0,0.611,Medium
5/2/2026 0:00,Sylhet,Habiganj,Habiganj Sadar,21.5,96,1.1,0.4118,Low
5/2/2026 2:00,Sylhet,Habiganj,Habiganj Sadar,21,97,0.3,0.4083,Low
5/2/2026 4:00,Sylhet,Habiganj,Habiganj Sadar,20.1,98,0.7,0.3958,Low
5/2/2026 6:00,Sylhet,Habiganj,Habiganj Sadar,20.7,97,1,0.702,High
5/2/2026 8:00,Sylhet,Habiganj,Habiganj Sadar,22.5,89,0.2,0.715,High
5/2/2026 10:00,Sylhet,Habiganj,Habiganj Sadar,24.6,80,0,0.879,High
5/2/2026 12:00,Sylhet,Habiganj,Habiganj Sadar,23,89,0.1,0.8728,High
5/2/2026 14:00,Sylhet,Habiganj,Habiganj Sadar,25.3,78,0.3,0.9848,High
5/2/2026 16:00,Sylhet,Habiganj,Habiganj Sadar,22.7,87,0.6,0.963,High
5/2/2026 18:00,Sylhet,Habiganj,Habiganj Sadar,22.5,88,0.1,1,High
5/2/2026 20:00,Sylhet,Habiganj,Habiganj Sadar,22.5,92,0,1,High
5/2/2026 22:00,Sylhet,Habiganj,Habiganj Sadar,22,94,0,0.618,Medium
5/3/2026 0:00,Sylhet,Habiganj,Habiganj Sadar,22.4,93,0,0.422,Low
5/3/2026 2:00,Sylhet,Habiganj,Habiganj Sadar,21.8,93,0.1,0.4128,Low
5/3/2026 4:00,Sylhet,Habiganj,Habiganj Sadar,20.9,95,0,0.4035,Low
5/3/2026 6:00,Sylhet,Habiganj,Habiganj Sadar,20.6,95,0.1,0.6988,Medium
5/3/2026 8:00,Sylhet,Habiganj,Habiganj Sadar,23,85,0,0.715,High
5/3/2026 10:00,Sylhet,Habiganj,Habiganj Sadar,25.6,75,0,0.884,High
5/3/2026 12:00,Sylhet,Habiganj,Habiganj Sadar,28,70,0.1,0.9098,High
5/3/2026 14:00,Sylhet,Habiganj,Habiganj Sadar,25,83,0.1,0.9907,High
5/3/2026 16:00,Sylhet,Habiganj,Habiganj Sadar,28.2,73,0,1,High
5/3/2026 18:00,Sylhet,Habiganj,Habiganj Sadar,25.3,88,0,1,High
5/3/2026 20:00,Sylhet,Habiganj,Habiganj Sadar,23.9,91,0,1,High
5/3/2026 22:00,Sylhet,Habiganj,Habiganj Sadar,23.3,94,0,0.6375,Medium
5/4/2026 0:00,Sylhet,Habiganj,Habiganj Sadar,21.9,97,0,0.4225,Low
5/4/2026 2:00,Sylhet,Habiganj,Habiganj Sadar,22,95,0.1,0.4198,Low
5/4/2026 4:00,Sylhet,Habiganj,Habiganj Sadar,21.2,98,0,0.414,Low
5/4/2026 6:00,Sylhet,Habiganj,Habiganj Sadar,22.3,98,6.3,0.7147,High
5/4/2026 8:00,Sylhet,Habiganj,Habiganj Sadar,22.8,94,2,0.725,High
5/4/2026 10:00,Sylhet,Habiganj,Habiganj Sadar,25,85,0.2,0.8945,High
5/4/2026 12:00,Sylhet,Habiganj,Habiganj Sadar,26.6,73,0,0.895,High
5/4/2026 14:00,Sylhet,Habiganj,Habiganj Sadar,28.2,66,0,1,High
5/4/2026 16:00,Sylhet,Habiganj,Habiganj Sadar,29,63,0,1,High
5/4/2026 18:00,Sylhet,Habiganj,Habiganj Sadar,26.8,83,0,1,High
5/4/2026 20:00,Sylhet,Habiganj,Habiganj Sadar,24.1,92,0,1,High
5/4/2026 22:00,Sylhet,Habiganj,Habiganj Sadar,23.1,95,0,0.6365,Medium
5/5/2026 0:00,Sylhet,Habiganj,Habiganj Sadar,23,96,0,0.437,Low
5/5/2026 2:00,Sylhet,Habiganj,Habiganj Sadar,23.4,96,0,0.443,Low
5/5/2026 4:00,Sylhet,Habiganj,Habiganj Sadar,22,98,0,0.426,Low
5/5/2026 6:00,Sylhet,Habiganj,Habiganj Sadar,23.2,90,0,0.728,High
5/5/2026 8:00,Sylhet,Habiganj,Habiganj Sadar,25.8,86,0,0.759,High
5/5/2026 10:00,Sylhet,Habiganj,Habiganj Sadar,29,72,0,0.929,High
5/5/2026 12:00,Sylhet,Habiganj,Habiganj Sadar,30.6,63,0,0.935,High
5/5/2026 14:00,Sylhet,Habiganj,Habiganj Sadar,31.5,57,0,1,High
5/5/2026 16:00,Sylhet,Habiganj,Habiganj Sadar,30.2,61,0,1,High
5/5/2026 18:00,Sylhet,Habiganj,Habiganj Sadar,27.4,74,0,1,High
5/5/2026 20:00,Sylhet,Habiganj,Habiganj Sadar,25.8,76,0,1,High
5/5/2026 22:00,Sylhet,Habiganj,Habiganj Sadar,24.4,88,0,0.642,Medium
5/6/2026 0:00,Sylhet,Habiganj,Habiganj Sadar,24.1,95,0,0.4515,Medium
5/6/2026 2:00,Sylhet,Habiganj,Habiganj Sadar,23.8,96,0,0.449,Low
5/6/2026 4:00,Sylhet,Habiganj,Habiganj Sadar,23,98,0,0.441,Low
5/6/2026 6:00,Sylhet,Habiganj,Habiganj Sadar,23.8,93,0,0.743,High
5/6/2026 8:00,Sylhet,Habiganj,Habiganj Sadar,26.5,83,0,0.7635,High
5/6/2026 10:00,Sylhet,Habiganj,Habiganj Sadar,28.4,75,0,0.926,High
5/6/2026 12:00,Sylhet,Habiganj,Habiganj Sadar,28.9,73,0,0.9295,High
5/6/2026 14:00,Sylhet,Habiganj,Habiganj Sadar,30.2,67,0,1,High
5/6/2026 16:00,Sylhet,Habiganj,Habiganj Sadar,30.6,66,0,1,High
5/6/2026 18:00,Sylhet,Habiganj,Habiganj Sadar,28.2,72,1,1,High
5/6/2026 20:00,Sylhet,Habiganj,Habiganj Sadar,24.6,93,5.6,1,High
5/6/2026 22:00,Sylhet,Habiganj,Habiganj Sadar,24,95,0.4,0.649,Medium
5/7/2026 0:00,Sylhet,Habiganj,Habiganj Sadar,23.5,98,0,0.4485,Low
5/7/2026 2:00,Sylhet,Habiganj,Habiganj Sadar,23.3,99,0,0.4475,Low
5/7/2026 4:00,Sylhet,Habiganj,Habiganj Sadar,23,98,0,0.441,Low
5/7/2026 6:00,Sylhet,Habiganj,Habiganj Sadar,21.5,97,0.2,0.716,High
5/7/2026 8:00,Sylhet,Habiganj,Habiganj Sadar,24.4,84,0,0.734,High
5/7/2026 10:00,Sylhet,Habiganj,Habiganj Sadar,26.8,78,0,0.908,High
5/7/2026 12:00,Sylhet,Habiganj,Habiganj Sadar,28.9,66,0.2,0.915,High
5/7/2026 14:00,Sylhet,Habiganj,Habiganj Sadar,30.2,62,0,1,High
5/7/2026 16:00,Sylhet,Habiganj,Habiganj Sadar,30.4,59,0,1,High
5/7/2026 18:00,Sylhet,Habiganj,Habiganj Sadar,28.6,72,0,1,High
5/7/2026 20:00,Sylhet,Habiganj,Habiganj Sadar,25.9,81,0,1,High
5/7/2026 22:00,Sylhet,Habiganj,Habiganj Sadar,25.2,85,0,0.648,Medium
5/8/2026 0:00,Sylhet,Habiganj,Habiganj Sadar,25,88,0,0.451,Medium
5/8/2026 2:00,Sylhet,Habiganj,Habiganj Sadar,24.9,89,0,0.4515,Medium
5/8/2026 4:00,Sylhet,Habiganj,Habiganj Sadar,23.9,94,0,0.4465,Low
5/8/2026 6:00,Sylhet,Habiganj,Habiganj Sadar,23.9,94,0,0.7465,High
5/8/2026 8:00,Sylhet,Habiganj,Habiganj Sadar,28,79,0,0.778,High
5/8/2026 10:00,Sylhet,Habiganj,Habiganj Sadar,30.6,60,0,0.929,High
5/8/2026 12:00,Sylhet,Habiganj,Habiganj Sadar,29.6,64,0.1,0.9218,High
5/8/2026 14:00,Sylhet,Habiganj,Habiganj Sadar,30.5,61,0,1,High
5/8/2026 16:00,Sylhet,Habiganj,Habiganj Sadar,30.8,58,0,1,High
5/8/2026 18:00,Sylhet,Habiganj,Habiganj Sadar,29,66,0,1,High
5/8/2026 20:00,Sylhet,Habiganj,Habiganj Sadar,26.3,74,0,1,High
5/8/2026 22:00,Sylhet,Habiganj,Habiganj Sadar,25.3,80,0,0.6395,Medium
5/9/2026 0:00,Sylhet,Habiganj,Habiganj Sadar,25,82,0,0.439,Low
5/9/2026 2:00,Sylhet,Habiganj,Habiganj Sadar,24.9,83,0,0.4395,Low
5/9/2026 4:00,Sylhet,Habiganj,Habiganj Sadar,23.6,87,0,0.428,Low
5/9/2026 6:00,Sylhet,Habiganj,Habiganj Sadar,23.8,91,0,0.739,High
5/9/2026 8:00,Sylhet,Habiganj,Habiganj Sadar,27,80,0,0.765,High
5/9/2026 10:00,Sylhet,Habiganj,Habiganj Sadar,30,60,0,0.92,High
5/9/2026 12:00,Sylhet,Habiganj,Habiganj Sadar,31.7,50,0,0.9255,High
5/9/2026 14:00,Sylhet,Habiganj,Habiganj Sadar,33,46,0,1,High
5/9/2026 16:00,Sylhet,Habiganj,Habiganj Sadar,32.5,49,0,1,High
5/9/2026 18:00,Sylhet,Habiganj,Habiganj Sadar,30.2,68,0,1,High
5/9/2026 20:00,Sylhet,Habiganj,Habiganj Sadar,27,75,0,1,High
5/9/2026 22:00,Sylhet,Habiganj,Habiganj Sadar,26.1,78,0,0.6475,Medium
5/10/2026 0:00,Sylhet,Habiganj,Habiganj Sadar,26,81,0,0.452,Medium
5/10/2026 2:00,Sylhet,Habiganj,Habiganj Sadar,26.1,76,0,0.4435,Low
5/10/2026 4:00,Sylhet,Habiganj,Habiganj Sadar,24.9,82,0,0.4375,Low
5/10/2026 6:00,Sylhet,Habiganj,Habiganj Sadar,25.2,83,0,0.744,High
5/10/2026 8:00,Sylhet,Habiganj,Habiganj Sadar,28.9,74,0,0.7815,High
5/10/2026 10:00,Sylhet,Habiganj,Habiganj Sadar,31,66,0,0.947,High
5/10/2026 12:00,Sylhet,Habiganj,Habiganj Sadar,32.5,51,0,0.9395,High
5/10/2026 14:00,Sylhet,Habiganj,Habiganj Sadar,26.1,77,1,0.993,High
5/10/2026 16:00,Sylhet,Habiganj,Habiganj Sadar,27.5,73,0,1,High
5/10/2026 18:00,Sylhet,Habiganj,Habiganj Sadar,25.1,82,0,1,High
5/10/2026 20:00,Sylhet,Habiganj,Habiganj Sadar,24.2,90,0,1,High
5/10/2026 22:00,Sylhet,Habiganj,Habiganj Sadar,24,91,0,0.642,Medium
5/11/2026 0:00,Sylhet,Habiganj,Habiganj Sadar,23.9,91,0,0.4405,Low
5/11/2026 2:00,Sylhet,Habiganj,Habiganj Sadar,23.7,91,0,0.4375,Low
5/11/2026 4:00,Sylhet,Habiganj,Habiganj Sadar,22.7,95,0,0.4305,Low
5/11/2026 6:00,Sylhet,Habiganj,Habiganj Sadar,22.4,91,0.1,0.7177,High
5/11/2026 8:00,Sylhet,Habiganj,Habiganj Sadar,24.5,89,0,0.7455,High
5/11/2026 10:00,Sylhet,Habiganj,Habiganj Sadar,27.3,74,0,0.9075,High
5/11/2026 12:00,Sylhet,Habiganj,Habiganj Sadar,28.2,68,0,0.909,High
5/11/2026 14:00,Sylhet,Habiganj,Habiganj Sadar,29,59,0.3,1,High
5/11/2026 16:00,Sylhet,Habiganj,Habiganj Sadar,27.8,69,0,1,High
5/11/2026 18:00,Sylhet,Habiganj,Habiganj Sadar,26.5,84,0,1,High
5/11/2026 20:00,Sylhet,Habiganj,Habiganj Sadar,23.9,88,0.1,1,High
5/11/2026 22:00,Sylhet,Habiganj,Habiganj Sadar,23.5,91,0,0.6345,Medium
5/12/2026 0:00,Sylhet,Habiganj,Habiganj Sadar,23.7,92,0,0.4395,Low
5/12/2026 2:00,Sylhet,Habiganj,Habiganj Sadar,22.6,96,0,0.431,Low
5/12/2026 4:00,Sylhet,Habiganj,Habiganj Sadar,21.8,97,0,0.421,Low
5/12/2026 6:00,Sylhet,Habiganj,Habiganj Sadar,23,94,0.4,0.732,High
5/12/2026 8:00,Sylhet,Habiganj,Habiganj Sadar,25.7,84,0.2,0.753,High
5/12/2026 10:00,Sylhet,Habiganj,Habiganj Sadar,28.1,76,0,0.9235,High
5/12/2026 12:00,Sylhet,Habiganj,Habiganj Sadar,30,63,0.1,0.9258,High
5/12/2026 14:00,Sylhet,Habiganj,Habiganj Sadar,30.5,59,0.1,1,High
5/12/2026 16:00,Sylhet,Habiganj,Habiganj Sadar,30.4,58,0,1,High
5/12/2026 18:00,Sylhet,Habiganj,Habiganj Sadar,29.6,71,0,1,High
5/12/2026 20:00,Sylhet,Habiganj,Habiganj Sadar,27.5,78,0,1,High
5/12/2026 22:00,Sylhet,Habiganj,Habiganj Sadar,25.9,85,0,0.6585,Medium
5/13/2026 0:00,Sylhet,Habiganj,Habiganj Sadar,25.9,85,0,0.4585,Medium
5/13/2026 2:00,Sylhet,Habiganj,Habiganj Sadar,23.2,95,0.1,0.4378,Low
5/13/2026 4:00,Sylhet,Habiganj,Habiganj Sadar,22.8,96,0,0.434,Low
5/13/2026 6:00,Sylhet,Habiganj,Habiganj Sadar,24,96,0,0.752,High
5/13/2026 8:00,Sylhet,Habiganj,Habiganj Sadar,24.6,88,0.1,0.7448,High
5/13/2026 10:00,Sylhet,Habiganj,Habiganj Sadar,28,76,0,0.922,High
5/13/2026 12:00,Sylhet,Habiganj,Habiganj Sadar,29.9,70,0,0.9385,High
5/13/2026 14:00,Sylhet,Habiganj,Habiganj Sadar,31,67,0,1,High
5/13/2026 16:00,Sylhet,Habiganj,Habiganj Sadar,30.8,66,0.1,1,High
5/13/2026 18:00,Sylhet,Habiganj,Habiganj Sadar,29.1,77,0,1,High
5/13/2026 20:00,Sylhet,Habiganj,Habiganj Sadar,27,87,0,1,High
5/13/2026 22:00,Sylhet,Habiganj,Habiganj Sadar,26.1,95,0.2,0.681,Medium
4/13/2026 0:00,Sylhet,Habiganj,Lakhai,23,83,0,0.411,Low
4/13/2026 2:00,Sylhet,Habiganj,Lakhai,23.5,93,0,0.4385,Low
4/13/2026 4:00,Sylhet,Habiganj,Lakhai,22.9,90,0.1,0.4232,Low
4/13/2026 6:00,Sylhet,Habiganj,Lakhai,24.4,98,0,0.762,High
4/13/2026 8:00,Sylhet,Habiganj,Lakhai,20.9,96,0.3,0.7047,High
4/13/2026 10:00,Sylhet,Habiganj,Lakhai,24.1,90,0,0.8915,High
4/13/2026 12:00,Sylhet,Habiganj,Lakhai,29.2,71,0.1,0.9298,High
4/13/2026 14:00,Sylhet,Habiganj,Lakhai,30.8,64,0.1,1,High
4/13/2026 16:00,Sylhet,Habiganj,Lakhai,29.5,67,0.3,1,High
4/13/2026 18:00,Sylhet,Habiganj,Lakhai,28.5,69,0.5,1,High
4/13/2026 20:00,Sylhet,Habiganj,Lakhai,25.1,91,0.2,1,High
4/13/2026 22:00,Sylhet,Habiganj,Lakhai,24.1,94,0,0.6495,Medium
4/14/2026 0:00,Sylhet,Habiganj,Lakhai,24.8,90,0,0.452,Medium
4/14/2026 2:00,Sylhet,Habiganj,Lakhai,21.5,98,1.4,0.415,Low
4/14/2026 4:00,Sylhet,Habiganj,Lakhai,21.4,93,0,0.407,Low
4/14/2026 6:00,Sylhet,Habiganj,Lakhai,22,91,0.9,0.7098,High
4/14/2026 8:00,Sylhet,Habiganj,Lakhai,24.4,89,0,0.744,High
4/14/2026 10:00,Sylhet,Habiganj,Lakhai,28.6,75,0.2,0.9285,High
4/14/2026 12:00,Sylhet,Habiganj,Lakhai,30,71,0.1,0.9418,High
4/14/2026 14:00,Sylhet,Habiganj,Lakhai,31.1,65,0,1,High
4/14/2026 16:00,Sylhet,Habiganj,Lakhai,30.8,66,0.2,1,High
4/14/2026 18:00,Sylhet,Habiganj,Lakhai,26.8,78,0,1,High
4/14/2026 20:00,Sylhet,Habiganj,Lakhai,26.4,85,0,1,High
4/14/2026 22:00,Sylhet,Habiganj,Lakhai,26.2,86,0,0.665,Medium
4/15/2026 0:00,Sylhet,Habiganj,Lakhai,20.4,99,0,0.404,Low
4/15/2026 2:00,Sylhet,Habiganj,Lakhai,21.5,97,0.3,0.4158,Low
4/15/2026 4:00,Sylhet,Habiganj,Lakhai,21.9,96,0,0.4205,Low
4/15/2026 6:00,Sylhet,Habiganj,Lakhai,22,96,0.1,0.7218,High
4/15/2026 8:00,Sylhet,Habiganj,Lakhai,23.8,88,0.2,0.7325,High
4/15/2026 10:00,Sylhet,Habiganj,Lakhai,27.5,76,0,0.9145,High
4/15/2026 12:00,Sylhet,Habiganj,Lakhai,30,67,0,0.934,High
4/15/2026 14:00,Sylhet,Habiganj,Lakhai,31.2,64,0,1,High
4/15/2026 16:00,Sylhet,Habiganj,Lakhai,31.5,63,0,1,High
4/15/2026 18:00,Sylhet,Habiganj,Lakhai,28.6,75,0,1,High
4/15/2026 20:00,Sylhet,Habiganj,Lakhai,26.8,74,0,1,High
4/15/2026 22:00,Sylhet,Habiganj,Lakhai,23.6,87,0,0.628,Medium
4/16/2026 0:00,Sylhet,Habiganj,Lakhai,21.5,96,0,0.4145,Low
4/16/2026 2:00,Sylhet,Habiganj,Lakhai,21.6,91,0,0.406,Low
4/16/2026 4:00,Sylhet,Habiganj,Lakhai,21.5,91,0,0.4045,Low
4/16/2026 6:00,Sylhet,Habiganj,Lakhai,21,97,0,0.709,High
4/16/2026 8:00,Sylhet,Habiganj,Lakhai,23.5,89,0,0.7305,High
4/16/2026 10:00,Sylhet,Habiganj,Lakhai,27.8,75,0,0.917,High
4/16/2026 12:00,Sylhet,Habiganj,Lakhai,29.3,68,0,0.9255,High
4/16/2026 14:00,Sylhet,Habiganj,Lakhai,30.5,65,0.1,1,High
4/16/2026 16:00,Sylhet,Habiganj,Lakhai,30.6,64,0.1,1,High
4/16/2026 18:00,Sylhet,Habiganj,Lakhai,28,85,0,1,High
4/16/2026 20:00,Sylhet,Habiganj,Lakhai,25.9,84,0,1,High
4/16/2026 22:00,Sylhet,Habiganj,Lakhai,22.8,93,2.1,0.6228,Medium
4/17/2026 0:00,Sylhet,Habiganj,Lakhai,24,93,0,0.446,Low
4/17/2026 2:00,Sylhet,Habiganj,Lakhai,22.2,96,5,0.4125,Low
4/17/2026 4:00,Sylhet,Habiganj,Lakhai,21.9,97,0,0.4225,Low
4/17/2026 6:00,Sylhet,Habiganj,Lakhai,23.2,100,0,0.748,High
4/17/2026 8:00,Sylhet,Habiganj,Lakhai,24.9,93,0,0.7595,High
4/17/2026 10:00,Sylhet,Habiganj,Lakhai,27.2,80,0,0.918,High
4/17/2026 12:00,Sylhet,Habiganj,Lakhai,30.6,72,0,0.953,High
4/17/2026 14:00,Sylhet,Habiganj,Lakhai,31.6,66,0,1,High
4/17/2026 16:00,Sylhet,Habiganj,Lakhai,31.3,64,0,1,High
4/17/2026 18:00,Sylhet,Habiganj,Lakhai,29.4,82,0,1,High
4/17/2026 20:00,Sylhet,Habiganj,Lakhai,26.4,93,0,1,High
4/17/2026 22:00,Sylhet,Habiganj,Lakhai,25.5,93,0,0.6685,Medium
4/18/2026 0:00,Sylhet,Habiganj,Lakhai,24.7,93,0,0.4565,Medium
4/18/2026 2:00,Sylhet,Habiganj,Lakhai,24.5,96,0,0.4595,Medium
4/18/2026 4:00,Sylhet,Habiganj,Lakhai,24.1,96,0,0.4535,Medium
4/18/2026 6:00,Sylhet,Habiganj,Lakhai,23.9,98,0.6,0.753,High
4/18/2026 8:00,Sylhet,Habiganj,Lakhai,25.4,91,0,0.763,High
4/18/2026 10:00,Sylhet,Habiganj,Lakhai,28.5,79,0,0.9355,High
4/18/2026 12:00,Sylhet,Habiganj,Lakhai,30.2,73,0.1,0.9488,High
4/18/2026 14:00,Sylhet,Habiganj,Lakhai,30.8,73,0.1,1,High
4/18/2026 16:00,Sylhet,Habiganj,Lakhai,30.4,70,0,1,High
4/18/2026 18:00,Sylhet,Habiganj,Lakhai,28.7,86,0,1,High
4/18/2026 20:00,Sylhet,Habiganj,Lakhai,26,96,0,1,High
4/18/2026 22:00,Sylhet,Habiganj,Lakhai,25.9,93,0,0.6745,Medium
4/19/2026 0:00,Sylhet,Habiganj,Lakhai,25.4,97,0.2,0.4745,Medium
4/19/2026 2:00,Sylhet,Habiganj,Lakhai,22.8,96,0.3,0.4332,Low
4/19/2026 4:00,Sylhet,Habiganj,Lakhai,22.5,97,0,0.4315,Low
4/19/2026 6:00,Sylhet,Habiganj,Lakhai,23.2,96,0,0.74,High
4/19/2026 8:00,Sylhet,Habiganj,Lakhai,22.7,94,0.9,0.7262,High
4/19/2026 10:00,Sylhet,Habiganj,Lakhai,26.8,84,0,0.92,High
4/19/2026 12:00,Sylhet,Habiganj,Lakhai,28.6,76,0.9,0.9288,High
4/19/2026 14:00,Sylhet,Habiganj,Lakhai,27.8,79,0.1,1,High
4/19/2026 16:00,Sylhet,Habiganj,Lakhai,29.9,73,0,1,High
4/19/2026 18:00,Sylhet,Habiganj,Lakhai,27.5,88,0,1,High
4/19/2026 20:00,Sylhet,Habiganj,Lakhai,25.8,95,0,1,High
4/19/2026 22:00,Sylhet,Habiganj,Lakhai,25.7,96,0,0.6775,Medium
4/20/2026 0:00,Sylhet,Habiganj,Lakhai,24.2,100,0.2,0.4625,Medium
4/20/2026 2:00,Sylhet,Habiganj,Lakhai,24.4,97,0.9,0.4578,Medium
4/20/2026 4:00,Sylhet,Habiganj,Lakhai,22.6,97,0.8,0.431,Low
4/20/2026 6:00,Sylhet,Habiganj,Lakhai,23.8,99,0.1,0.7548,High
4/20/2026 8:00,Sylhet,Habiganj,Lakhai,25.5,92,0,0.7665,High
4/20/2026 10:00,Sylhet,Habiganj,Lakhai,28.2,82,0.2,0.9365,High
4/20/2026 12:00,Sylhet,Habiganj,Lakhai,31.7,68,0,0.9615,High
4/20/2026 14:00,Sylhet,Habiganj,Lakhai,32.9,61,0,1,High
4/20/2026 16:00,Sylhet,Habiganj,Lakhai,33,62,0,1,High
4/20/2026 18:00,Sylhet,Habiganj,Lakhai,27.1,90,7.5,1,High
4/20/2026 20:00,Sylhet,Habiganj,Lakhai,26.7,87,0,1,High
4/20/2026 22:00,Sylhet,Habiganj,Lakhai,27.5,83,0,0.6785,Medium
4/21/2026 0:00,Sylhet,Habiganj,Lakhai,26,92,0.2,0.4735,Medium
4/21/2026 2:00,Sylhet,Habiganj,Lakhai,26.2,96,0.2,0.4845,Medium
4/21/2026 4:00,Sylhet,Habiganj,Lakhai,26.2,96,0.2,0.4845,Medium
4/21/2026 6:00,Sylhet,Habiganj,Lakhai,25.1,94,0.3,0.7637,High
4/21/2026 8:00,Sylhet,Habiganj,Lakhai,27,85,0.2,0.7745,High
4/21/2026 10:00,Sylhet,Habiganj,Lakhai,30.1,74,0.3,0.9488,High
4/21/2026 12:00,Sylhet,Habiganj,Lakhai,32.2,62,0,0.957,High
4/21/2026 14:00,Sylhet,Habiganj,Lakhai,32.2,62,0.4,1,High
4/21/2026 16:00,Sylhet,Habiganj,Lakhai,31.4,68,0,1,High
4/21/2026 18:00,Sylhet,Habiganj,Lakhai,30.2,70,0,1,High
4/21/2026 20:00,Sylhet,Habiganj,Lakhai,29.3,73,0,1,High
4/21/2026 22:00,Sylhet,Habiganj,Lakhai,28,82,0,0.684,Medium
4/22/2026 0:00,Sylhet,Habiganj,Lakhai,26.4,90,0,0.476,Medium
4/22/2026 2:00,Sylhet,Habiganj,Lakhai,23,99,1.5,0.4392,Low
4/22/2026 4:00,Sylhet,Habiganj,Lakhai,24.3,95,0,0.4545,Medium
4/22/2026 6:00,Sylhet,Habiganj,Lakhai,21.5,98,0,0.7185,High
4/22/2026 8:00,Sylhet,Habiganj,Lakhai,23.4,91,0,0.733,High
4/22/2026 10:00,Sylhet,Habiganj,Lakhai,26.5,84,0.1,0.9152,High
4/22/2026 12:00,Sylhet,Habiganj,Lakhai,30.5,71,0,0.9495,High
4/22/2026 14:00,Sylhet,Habiganj,Lakhai,33.5,57,0,1,High
4/22/2026 16:00,Sylhet,Habiganj,Lakhai,33,61,0,1,High
4/22/2026 18:00,Sylhet,Habiganj,Lakhai,29.8,65,0,1,High
4/22/2026 20:00,Sylhet,Habiganj,Lakhai,25,79,0,1,High
4/22/2026 22:00,Sylhet,Habiganj,Lakhai,24.1,84,0,0.6295,Medium
4/23/2026 0:00,Sylhet,Habiganj,Lakhai,23,92,0,0.429,Low
4/23/2026 2:00,Sylhet,Habiganj,Lakhai,23.5,93,0,0.4385,Low
4/23/2026 4:00,Sylhet,Habiganj,Lakhai,24.3,92,0,0.4485,Low
4/23/2026 6:00,Sylhet,Habiganj,Lakhai,24.5,92,0,0.7515,High
4/23/2026 8:00,Sylhet,Habiganj,Lakhai,26.1,90,0,0.7715,High
4/23/2026 10:00,Sylhet,Habiganj,Lakhai,29.9,73,0.2,0.944,High
4/23/2026 12:00,Sylhet,Habiganj,Lakhai,30.1,71,0,0.9435,High
4/23/2026 14:00,Sylhet,Habiganj,Lakhai,31.1,68,0.1,1,High
4/23/2026 16:00,Sylhet,Habiganj,Lakhai,31.8,65,0,1,High
4/23/2026 18:00,Sylhet,Habiganj,Lakhai,30,80,0,1,High
4/23/2026 20:00,Sylhet,Habiganj,Lakhai,27.9,83,0,1,High
4/23/2026 22:00,Sylhet,Habiganj,Lakhai,26.8,87,0,0.676,Medium
4/24/2026 0:00,Sylhet,Habiganj,Lakhai,26,91,0,0.472,Medium
4/24/2026 2:00,Sylhet,Habiganj,Lakhai,25.9,90,0,0.4685,Medium
4/24/2026 4:00,Sylhet,Habiganj,Lakhai,25.1,94,0,0.4645,Medium
4/24/2026 6:00,Sylhet,Habiganj,Lakhai,25.6,97,0,0.778,High
4/24/2026 8:00,Sylhet,Habiganj,Lakhai,28.6,84,0,0.797,High
4/24/2026 10:00,Sylhet,Habiganj,Lakhai,30.9,73,0,0.9595,High
4/24/2026 12:00,Sylhet,Habiganj,Lakhai,32,65,0,0.96,High
4/24/2026 14:00,Sylhet,Habiganj,Lakhai,33,62,0,1,High
4/24/2026 16:00,Sylhet,Habiganj,Lakhai,33,60,0,1,High
4/24/2026 18:00,Sylhet,Habiganj,Lakhai,30.7,76,0,1,High
4/24/2026 20:00,Sylhet,Habiganj,Lakhai,28.2,83,0,1,High
4/24/2026 22:00,Sylhet,Habiganj,Lakhai,26.9,87,0,0.6775,Medium
4/25/2026 0:00,Sylhet,Habiganj,Lakhai,26,94,0,0.478,Medium
4/25/2026 2:00,Sylhet,Habiganj,Lakhai,25.8,94,0,0.475,Medium
4/25/2026 4:00,Sylhet,Habiganj,Lakhai,25,95,0,0.465,Medium
4/25/2026 6:00,Sylhet,Habiganj,Lakhai,26,92,0,0.774,High
4/25/2026 8:00,Sylhet,Habiganj,Lakhai,28.7,87,0,0.8045,High
4/25/2026 10:00,Sylhet,Habiganj,Lakhai,27.5,85,0,0.9325,High
4/25/2026 12:00,Sylhet,Habiganj,Lakhai,31,74,0,0.963,High
4/25/2026 14:00,Sylhet,Habiganj,Lakhai,32.8,64,0,1,High
4/25/2026 16:00,Sylhet,Habiganj,Lakhai,33,62,0,1,High
4/25/2026 18:00,Sylhet,Habiganj,Lakhai,30,79,0,1,High
4/25/2026 20:00,Sylhet,Habiganj,Lakhai,27.3,84,0,1,High
4/25/2026 22:00,Sylhet,Habiganj,Lakhai,26,90,0,0.67,Medium
4/26/2026 0:00,Sylhet,Habiganj,Lakhai,25.6,92,0,0.468,Medium
4/26/2026 2:00,Sylhet,Habiganj,Lakhai,26.1,87,0,0.4655,Medium
4/26/2026 4:00,Sylhet,Habiganj,Lakhai,25.4,88,0,0.457,Medium
4/26/2026 6:00,Sylhet,Habiganj,Lakhai,23.4,96,0,0.743,High
4/26/2026 8:00,Sylhet,Habiganj,Lakhai,25.1,89,0,0.7545,High
4/26/2026 10:00,Sylhet,Habiganj,Lakhai,28.5,73,0,0.9235,High
4/26/2026 12:00,Sylhet,Habiganj,Lakhai,29.4,62,0,0.915,High
4/26/2026 14:00,Sylhet,Habiganj,Lakhai,30.4,61,0.1,1,High
4/26/2026 16:00,Sylhet,Habiganj,Lakhai,27.4,76,2.9,1,High
4/26/2026 18:00,Sylhet,Habiganj,Lakhai,25.1,85,0,1,High
4/26/2026 20:00,Sylhet,Habiganj,Lakhai,24.7,86,0,1,High
4/26/2026 22:00,Sylhet,Habiganj,Lakhai,24.7,86,0,0.6425,Medium
4/27/2026 0:00,Sylhet,Habiganj,Lakhai,23,91,0,0.427,Low
4/27/2026 2:00,Sylhet,Habiganj,Lakhai,22.4,94,0,0.424,Low
4/27/2026 4:00,Sylhet,Habiganj,Lakhai,23.2,90,0,0.428,Low
4/27/2026 6:00,Sylhet,Habiganj,Lakhai,19.8,94,0.8,0.686,Medium
4/27/2026 8:00,Sylhet,Habiganj,Lakhai,20.4,95,8.8,0.674,Medium
4/27/2026 10:00,Sylhet,Habiganj,Lakhai,23.5,93,0.1,0.8882,High
4/27/2026 12:00,Sylhet,Habiganj,Lakhai,24.8,79,0.4,0.879,High
4/27/2026 14:00,Sylhet,Habiganj,Lakhai,26,75,0.2,0.9895,High
4/27/2026 16:00,Sylhet,Habiganj,Lakhai,25.9,83,0.1,1,High
4/27/2026 18:00,Sylhet,Habiganj,Lakhai,23.8,91,12.2,1,High
4/27/2026 20:00,Sylhet,Habiganj,Lakhai,22.6,95,1.4,1,High
4/27/2026 22:00,Sylhet,Habiganj,Lakhai,22,98,0.2,0.6255,Medium
4/28/2026 0:00,Sylhet,Habiganj,Lakhai,21.9,96,0.1,0.4202,Low
4/28/2026 2:00,Sylhet,Habiganj,Lakhai,21.8,96,0,0.419,Low
4/28/2026 4:00,Sylhet,Habiganj,Lakhai,21.2,97,10.5,0.3857,Low
4/28/2026 6:00,Sylhet,Habiganj,Lakhai,22.2,96,3.5,0.7162,High
4/28/2026 8:00,Sylhet,Habiganj,Lakhai,23.9,93,0.1,0.7442,High
4/28/2026 10:00,Sylhet,Habiganj,Lakhai,23,96,0.7,0.8852,High
4/28/2026 12:00,Sylhet,Habiganj,Lakhai,22.2,94,5.1,0.8582,High
4/28/2026 14:00,Sylhet,Habiganj,Lakhai,23.8,91,0.6,0.9875,High
4/28/2026 16:00,Sylhet,Habiganj,Lakhai,25.9,83,0.6,1,High
4/28/2026 18:00,Sylhet,Habiganj,Lakhai,23.1,92,0.5,1,High
4/28/2026 20:00,Sylhet,Habiganj,Lakhai,23,91,0,1,High
4/28/2026 22:00,Sylhet,Habiganj,Lakhai,23,94,0.1,0.6328,Medium
4/29/2026 0:00,Sylhet,Habiganj,Lakhai,22.5,92,0.1,0.4212,Low
4/29/2026 2:00,Sylhet,Habiganj,Lakhai,22,96,7,0.4045,Low
4/29/2026 4:00,Sylhet,Habiganj,Lakhai,21.5,97,4.5,0.4052,Low
4/29/2026 6:00,Sylhet,Habiganj,Lakhai,21.8,98,1.3,0.7198,High
4/29/2026 8:00,Sylhet,Habiganj,Lakhai,22,96,3.7,0.7128,High
4/29/2026 10:00,Sylhet,Habiganj,Lakhai,22,93,4,0.856,High
4/29/2026 12:00,Sylhet,Habiganj,Lakhai,21,95,0.2,0.8545,High
4/29/2026 14:00,Sylhet,Habiganj,Lakhai,23,86,0,0.967,High
4/29/2026 16:00,Sylhet,Habiganj,Lakhai,23.2,85,0,0.968,High
4/29/2026 18:00,Sylhet,Habiganj,Lakhai,22,88,0,1,High
4/29/2026 20:00,Sylhet,Habiganj,Lakhai,21.1,92,0,1,High
4/29/2026 22:00,Sylhet,Habiganj,Lakhai,20.1,96,0,0.5935,Medium
4/30/2026 0:00,Sylhet,Habiganj,Lakhai,21,96,0,0.407,Low
4/30/2026 2:00,Sylhet,Habiganj,Lakhai,20.9,96,0.2,0.405,Low
4/30/2026 4:00,Sylhet,Habiganj,Lakhai,21,94,0.1,0.4028,Low
4/30/2026 6:00,Sylhet,Habiganj,Lakhai,20.8,96,0,0.704,High
4/30/2026 8:00,Sylhet,Habiganj,Lakhai,21.5,95,0.7,0.7107,High
4/30/2026 10:00,Sylhet,Habiganj,Lakhai,24.4,78,0,0.872,High
4/30/2026 12:00,Sylhet,Habiganj,Lakhai,27.2,66,0,0.89,High
4/30/2026 14:00,Sylhet,Habiganj,Lakhai,29.1,56,0,0.9985,High
4/30/2026 16:00,Sylhet,Habiganj,Lakhai,28,63,0.1,0.9958,High
4/30/2026 18:00,Sylhet,Habiganj,Lakhai,26,81,0,1,High
4/30/2026 20:00,Sylhet,Habiganj,Lakhai,24,87,0.3,1,High
4/30/2026 22:00,Sylhet,Habiganj,Lakhai,22.9,93,0,0.6295,Medium
5/1/2026 0:00,Sylhet,Habiganj,Lakhai,22.5,94,0.1,0.4252,Low
5/1/2026 2:00,Sylhet,Habiganj,Lakhai,22.4,91,0,0.418,Low
5/1/2026 4:00,Sylhet,Habiganj,Lakhai,21.6,91,0,0.406,Low
5/1/2026 6:00,Sylhet,Habiganj,Lakhai,21.9,96,3,0.713,High
5/1/2026 8:00,Sylhet,Habiganj,Lakhai,21.9,96,2.5,0.7142,High
5/1/2026 10:00,Sylhet,Habiganj,Lakhai,22,93,1.3,0.8628,High
5/1/2026 12:00,Sylhet,Habiganj,Lakhai,23.2,90,8.7,0.8562,High
5/1/2026 14:00,Sylhet,Habiganj,Lakhai,22.4,92,3.4,0.9615,High
5/1/2026 16:00,Sylhet,Habiganj,Lakhai,23.7,89,0.3,0.9828,High
5/1/2026 18:00,Sylhet,Habiganj,Lakhai,22.6,94,0.7,1,High
5/1/2026 20:00,Sylhet,Habiganj,Lakhai,21.7,95,0,1,High
5/1/2026 22:00,Sylhet,Habiganj,Lakhai,21,98,0,0.611,Medium
5/2/2026 0:00,Sylhet,Habiganj,Lakhai,21.5,96,1.1,0.4118,Low
5/2/2026 2:00,Sylhet,Habiganj,Lakhai,21,97,0.3,0.4083,Low
5/2/2026 4:00,Sylhet,Habiganj,Lakhai,20.1,98,0.7,0.3958,Low
5/2/2026 6:00,Sylhet,Habiganj,Lakhai,20.7,97,1,0.702,High
5/2/2026 8:00,Sylhet,Habiganj,Lakhai,22.5,89,0.2,0.715,High
5/2/2026 10:00,Sylhet,Habiganj,Lakhai,24.6,80,0,0.879,High
5/2/2026 12:00,Sylhet,Habiganj,Lakhai,23,89,0.1,0.8728,High
5/2/2026 14:00,Sylhet,Habiganj,Lakhai,25.3,78,0.3,0.9848,High
5/2/2026 16:00,Sylhet,Habiganj,Lakhai,22.7,87,0.6,0.963,High
5/2/2026 18:00,Sylhet,Habiganj,Lakhai,22.5,88,0.1,1,High
5/2/2026 20:00,Sylhet,Habiganj,Lakhai,22.5,92,0,1,High
5/2/2026 22:00,Sylhet,Habiganj,Lakhai,22,94,0,0.618,Medium
5/3/2026 0:00,Sylhet,Habiganj,Lakhai,22.4,93,0,0.422,Low
5/3/2026 2:00,Sylhet,Habiganj,Lakhai,21.8,93,0.1,0.4128,Low
5/3/2026 4:00,Sylhet,Habiganj,Lakhai,20.9,95,0,0.4035,Low
5/3/2026 6:00,Sylhet,Habiganj,Lakhai,20.6,95,0.1,0.6988,Medium
5/3/2026 8:00,Sylhet,Habiganj,Lakhai,23,85,0,0.715,High
5/3/2026 10:00,Sylhet,Habiganj,Lakhai,25.6,75,0,0.884,High
5/3/2026 12:00,Sylhet,Habiganj,Lakhai,28,70,0.1,0.9098,High
5/3/2026 14:00,Sylhet,Habiganj,Lakhai,25,83,0.1,0.9907,High
5/3/2026 16:00,Sylhet,Habiganj,Lakhai,28.2,73,0,1,High
5/3/2026 18:00,Sylhet,Habiganj,Lakhai,25.3,88,0,1,High
5/3/2026 20:00,Sylhet,Habiganj,Lakhai,23.9,91,0,1,High
5/3/2026 22:00,Sylhet,Habiganj,Lakhai,23.3,94,0,0.6375,Medium
5/4/2026 0:00,Sylhet,Habiganj,Lakhai,21.9,97,0,0.4225,Low
5/4/2026 2:00,Sylhet,Habiganj,Lakhai,22,95,0.1,0.4198,Low
5/4/2026 4:00,Sylhet,Habiganj,Lakhai,21.2,98,0,0.414,Low
5/4/2026 6:00,Sylhet,Habiganj,Lakhai,22.3,98,6.3,0.7147,High
5/4/2026 8:00,Sylhet,Habiganj,Lakhai,22.8,94,2,0.725,High
5/4/2026 10:00,Sylhet,Habiganj,Lakhai,25,85,0.2,0.8945,High
5/4/2026 12:00,Sylhet,Habiganj,Lakhai,26.6,73,0,0.895,High
5/4/2026 14:00,Sylhet,Habiganj,Lakhai,28.2,66,0,1,High
5/4/2026 16:00,Sylhet,Habiganj,Lakhai,29,63,0,1,High
5/4/2026 18:00,Sylhet,Habiganj,Lakhai,26.8,83,0,1,High
5/4/2026 20:00,Sylhet,Habiganj,Lakhai,24.1,92,0,1,High
5/4/2026 22:00,Sylhet,Habiganj,Lakhai,23.1,95,0,0.6365,Medium
5/5/2026 0:00,Sylhet,Habiganj,Lakhai,23,96,0,0.437,Low
5/5/2026 2:00,Sylhet,Habiganj,Lakhai,23.4,96,0,0.443,Low
5/5/2026 4:00,Sylhet,Habiganj,Lakhai,22,98,0,0.426,Low
5/5/2026 6:00,Sylhet,Habiganj,Lakhai,23.2,90,0,0.728,High
5/5/2026 8:00,Sylhet,Habiganj,Lakhai,25.8,86,0,0.759,High
5/5/2026 10:00,Sylhet,Habiganj,Lakhai,29,72,0,0.929,High
5/5/2026 12:00,Sylhet,Habiganj,Lakhai,30.6,63,0,0.935,High
5/5/2026 14:00,Sylhet,Habiganj,Lakhai,31.5,57,0,1,High
5/5/2026 16:00,Sylhet,Habiganj,Lakhai,30.2,61,0,1,High
5/5/2026 18:00,Sylhet,Habiganj,Lakhai,27.4,74,0,1,High
5/5/2026 20:00,Sylhet,Habiganj,Lakhai,25.8,76,0,1,High
5/5/2026 22:00,Sylhet,Habiganj,Lakhai,24.4,88,0,0.642,Medium
5/6/2026 0:00,Sylhet,Habiganj,Lakhai,24.1,95,0,0.4515,Medium
5/6/2026 2:00,Sylhet,Habiganj,Lakhai,23.8,96,0,0.449,Low
5/6/2026 4:00,Sylhet,Habiganj,Lakhai,23,98,0,0.441,Low
5/6/2026 6:00,Sylhet,Habiganj,Lakhai,23.8,93,0,0.743,High
5/6/2026 8:00,Sylhet,Habiganj,Lakhai,26.5,83,0,0.7635,High
5/6/2026 10:00,Sylhet,Habiganj,Lakhai,28.4,75,0,0.926,High
5/6/2026 12:00,Sylhet,Habiganj,Lakhai,28.9,73,0,0.9295,High
5/6/2026 14:00,Sylhet,Habiganj,Lakhai,30.2,67,0,1,High
5/6/2026 16:00,Sylhet,Habiganj,Lakhai,30.6,66,0,1,High
5/6/2026 18:00,Sylhet,Habiganj,Lakhai,28.2,72,1,1,High
5/6/2026 20:00,Sylhet,Habiganj,Lakhai,24.6,93,5.6,1,High
5/6/2026 22:00,Sylhet,Habiganj,Lakhai,24,95,0.4,0.649,Medium
5/7/2026 0:00,Sylhet,Habiganj,Lakhai,23.5,98,0,0.4485,Low
5/7/2026 2:00,Sylhet,Habiganj,Lakhai,23.3,99,0,0.4475,Low
5/7/2026 4:00,Sylhet,Habiganj,Lakhai,23,98,0,0.441,Low
5/7/2026 6:00,Sylhet,Habiganj,Lakhai,21.5,97,0.2,0.716,High
5/7/2026 8:00,Sylhet,Habiganj,Lakhai,24.4,84,0,0.734,High
5/7/2026 10:00,Sylhet,Habiganj,Lakhai,26.8,78,0,0.908,High
5/7/2026 12:00,Sylhet,Habiganj,Lakhai,28.9,66,0.2,0.915,High
5/7/2026 14:00,Sylhet,Habiganj,Lakhai,30.2,62,0,1,High
5/7/2026 16:00,Sylhet,Habiganj,Lakhai,30.4,59,0,1,High
5/7/2026 18:00,Sylhet,Habiganj,Lakhai,28.6,72,0,1,High
5/7/2026 20:00,Sylhet,Habiganj,Lakhai,25.9,81,0,1,High
5/7/2026 22:00,Sylhet,Habiganj,Lakhai,25.2,85,0,0.648,Medium
5/8/2026 0:00,Sylhet,Habiganj,Lakhai,25,88,0,0.451,Medium
5/8/2026 2:00,Sylhet,Habiganj,Lakhai,24.9,89,0,0.4515,Medium
5/8/2026 4:00,Sylhet,Habiganj,Lakhai,23.9,94,0,0.4465,Low
5/8/2026 6:00,Sylhet,Habiganj,Lakhai,23.9,94,0,0.7465,High
5/8/2026 8:00,Sylhet,Habiganj,Lakhai,28,79,0,0.778,High
5/8/2026 10:00,Sylhet,Habiganj,Lakhai,30.6,60,0,0.929,High
5/8/2026 12:00,Sylhet,Habiganj,Lakhai,29.6,64,0.1,0.9218,High
5/8/2026 14:00,Sylhet,Habiganj,Lakhai,30.5,61,0,1,High
5/8/2026 16:00,Sylhet,Habiganj,Lakhai,30.8,58,0,1,High
5/8/2026 18:00,Sylhet,Habiganj,Lakhai,29,66,0,1,High
5/8/2026 20:00,Sylhet,Habiganj,Lakhai,26.3,74,0,1,High
5/8/2026 22:00,Sylhet,Habiganj,Lakhai,25.3,80,0,0.6395,Medium
5/9/2026 0:00,Sylhet,Habiganj,Lakhai,25,82,0,0.439,Low
5/9/2026 2:00,Sylhet,Habiganj,Lakhai,24.9,83,0,0.4395,Low
5/9/2026 4:00,Sylhet,Habiganj,Lakhai,23.6,87,0,0.428,Low
5/9/2026 6:00,Sylhet,Habiganj,Lakhai,23.8,91,0,0.739,High
5/9/2026 8:00,Sylhet,Habiganj,Lakhai,27,80,0,0.765,High
5/9/2026 10:00,Sylhet,Habiganj,Lakhai,30,60,0,0.92,High
5/9/2026 12:00,Sylhet,Habiganj,Lakhai,31.7,50,0,0.9255,High
5/9/2026 14:00,Sylhet,Habiganj,Lakhai,33,46,0,1,High
5/9/2026 16:00,Sylhet,Habiganj,Lakhai,32.5,49,0,1,High
5/9/2026 18:00,Sylhet,Habiganj,Lakhai,30.2,68,0,1,High
5/9/2026 20:00,Sylhet,Habiganj,Lakhai,27,75,0,1,High
5/9/2026 22:00,Sylhet,Habiganj,Lakhai,26.1,78,0,0.6475,Medium
5/10/2026 0:00,Sylhet,Habiganj,Lakhai,26,81,0,0.452,Medium
5/10/2026 2:00,Sylhet,Habiganj,Lakhai,26.1,76,0,0.4435,Low
5/10/2026 4:00,Sylhet,Habiganj,Lakhai,24.9,82,0,0.4375,Low
5/10/2026 6:00,Sylhet,Habiganj,Lakhai,25.2,83,0,0.744,High
5/10/2026 8:00,Sylhet,Habiganj,Lakhai,28.9,74,0,0.7815,High
5/10/2026 10:00,Sylhet,Habiganj,Lakhai,31,66,0,0.947,High
5/10/2026 12:00,Sylhet,Habiganj,Lakhai,32.5,51,0,0.9395,High
5/10/2026 14:00,Sylhet,Habiganj,Lakhai,26.1,77,1,0.993,High
5/10/2026 16:00,Sylhet,Habiganj,Lakhai,27.5,73,0,1,High
5/10/2026 18:00,Sylhet,Habiganj,Lakhai,25.1,82,0,1,High
5/10/2026 20:00,Sylhet,Habiganj,Lakhai,24.2,90,0,1,High
5/10/2026 22:00,Sylhet,Habiganj,Lakhai,24,91,0,0.642,Medium
5/11/2026 0:00,Sylhet,Habiganj,Lakhai,23.9,91,0,0.4405,Low
5/11/2026 2:00,Sylhet,Habiganj,Lakhai,23.7,91,0,0.4375,Low
5/11/2026 4:00,Sylhet,Habiganj,Lakhai,22.7,95,0,0.4305,Low
5/11/2026 6:00,Sylhet,Habiganj,Lakhai,22.4,91,0.1,0.7177,High
5/11/2026 8:00,Sylhet,Habiganj,Lakhai,24.5,89,0,0.7455,High
5/11/2026 10:00,Sylhet,Habiganj,Lakhai,27.3,74,0,0.9075,High
5/11/2026 12:00,Sylhet,Habiganj,Lakhai,28.2,68,0,0.909,High
5/11/2026 14:00,Sylhet,Habiganj,Lakhai,29,59,0.3,1,High
5/11/2026 16:00,Sylhet,Habiganj,Lakhai,27.8,69,0,1,High
5/11/2026 18:00,Sylhet,Habiganj,Lakhai,26.5,84,0,1,High
5/11/2026 20:00,Sylhet,Habiganj,Lakhai,23.9,88,0.1,1,High
5/11/2026 22:00,Sylhet,Habiganj,Lakhai,23.5,91,0,0.6345,Medium
5/12/2026 0:00,Sylhet,Habiganj,Lakhai,23.7,92,0,0.4395,Low
5/12/2026 2:00,Sylhet,Habiganj,Lakhai,22.6,96,0,0.431,Low
5/12/2026 4:00,Sylhet,Habiganj,Lakhai,21.8,97,0,0.421,Low
5/12/2026 6:00,Sylhet,Habiganj,Lakhai,23,94,0.4,0.732,High
5/12/2026 8:00,Sylhet,Habiganj,Lakhai,25.7,84,0.2,0.753,High
5/12/2026 10:00,Sylhet,Habiganj,Lakhai,28.1,76,0,0.9235,High
5/12/2026 12:00,Sylhet,Habiganj,Lakhai,30,63,0.1,0.9258,High
5/12/2026 14:00,Sylhet,Habiganj,Lakhai,30.5,59,0.1,1,High
5/12/2026 16:00,Sylhet,Habiganj,Lakhai,30.4,58,0,1,High
5/12/2026 18:00,Sylhet,Habiganj,Lakhai,29.6,71,0,1,High
5/12/2026 20:00,Sylhet,Habiganj,Lakhai,27.5,78,0,1,High
5/12/2026 22:00,Sylhet,Habiganj,Lakhai,25.9,85,0,0.6585,Medium
5/13/2026 0:00,Sylhet,Habiganj,Lakhai,25.9,85,0,0.4585,Medium
5/13/2026 2:00,Sylhet,Habiganj,Lakhai,23.2,95,0.1,0.4378,Low
5/13/2026 4:00,Sylhet,Habiganj,Lakhai,22.8,96,0,0.434,Low
5/13/2026 6:00,Sylhet,Habiganj,Lakhai,24,96,0,0.752,High
5/13/2026 8:00,Sylhet,Habiganj,Lakhai,24.6,88,0.1,0.7448,High
5/13/2026 10:00,Sylhet,Habiganj,Lakhai,28,76,0,0.922,High
5/13/2026 12:00,Sylhet,Habiganj,Lakhai,29.9,70,0,0.9385,High
5/13/2026 14:00,Sylhet,Habiganj,Lakhai,31,67,0,1,High
5/13/2026 16:00,Sylhet,Habiganj,Lakhai,30.8,66,0.1,1,High
5/13/2026 18:00,Sylhet,Habiganj,Lakhai,29.1,77,0,1,High
5/13/2026 20:00,Sylhet,Habiganj,Lakhai,27,87,0,1,High
5/13/2026 22:00,Sylhet,Habiganj,Lakhai,26.1,95,0.2,0.681,Medium
4/13/2026 0:00,Sylhet,Habiganj,Madhabpur,23,83,0,0.411,Low
4/13/2026 2:00,Sylhet,Habiganj,Madhabpur,23.5,93,0,0.4385,Low
4/13/2026 4:00,Sylhet,Habiganj,Madhabpur,22.9,90,0.1,0.4232,Low
4/13/2026 6:00,Sylhet,Habiganj,Madhabpur,24.4,98,0,0.762,High
4/13/2026 8:00,Sylhet,Habiganj,Madhabpur,20.9,96,0.3,0.7047,High
4/13/2026 10:00,Sylhet,Habiganj,Madhabpur,24.1,90,0,0.8915,High
4/13/2026 12:00,Sylhet,Habiganj,Madhabpur,29.2,71,0.1,0.9298,High
4/13/2026 14:00,Sylhet,Habiganj,Madhabpur,30.8,64,0.1,1,High
4/13/2026 16:00,Sylhet,Habiganj,Madhabpur,29.5,67,0.3,1,High
4/13/2026 18:00,Sylhet,Habiganj,Madhabpur,28.5,69,0.5,1,High
4/13/2026 20:00,Sylhet,Habiganj,Madhabpur,25.1,91,0.2,1,High
4/13/2026 22:00,Sylhet,Habiganj,Madhabpur,24.1,94,0,0.6495,Medium
4/14/2026 0:00,Sylhet,Habiganj,Madhabpur,24.8,90,0,0.452,Medium
4/14/2026 2:00,Sylhet,Habiganj,Madhabpur,21.5,98,1.4,0.415,Low
4/14/2026 4:00,Sylhet,Habiganj,Madhabpur,21.4,93,0,0.407,Low
4/14/2026 6:00,Sylhet,Habiganj,Madhabpur,22,91,0.9,0.7098,High
4/14/2026 8:00,Sylhet,Habiganj,Madhabpur,24.4,89,0,0.744,High
4/14/2026 10:00,Sylhet,Habiganj,Madhabpur,28.6,75,0.2,0.9285,High
4/14/2026 12:00,Sylhet,Habiganj,Madhabpur,30,71,0.1,0.9418,High
4/14/2026 14:00,Sylhet,Habiganj,Madhabpur,31.1,65,0,1,High
4/14/2026 16:00,Sylhet,Habiganj,Madhabpur,30.8,66,0.2,1,High
4/14/2026 18:00,Sylhet,Habiganj,Madhabpur,26.8,78,0,1,High
4/14/2026 20:00,Sylhet,Habiganj,Madhabpur,26.4,85,0,1,High
4/14/2026 22:00,Sylhet,Habiganj,Madhabpur,26.2,86,0,0.665,Medium
4/15/2026 0:00,Sylhet,Habiganj,Madhabpur,20.4,99,0,0.404,Low
4/15/2026 2:00,Sylhet,Habiganj,Madhabpur,21.5,97,0.3,0.4158,Low
4/15/2026 4:00,Sylhet,Habiganj,Madhabpur,21.9,96,0,0.4205,Low
4/15/2026 6:00,Sylhet,Habiganj,Madhabpur,22,96,0.1,0.7218,High
4/15/2026 8:00,Sylhet,Habiganj,Madhabpur,23.8,88,0.2,0.7325,High
4/15/2026 10:00,Sylhet,Habiganj,Madhabpur,27.5,76,0,0.9145,High
4/15/2026 12:00,Sylhet,Habiganj,Madhabpur,30,67,0,0.934,High
4/15/2026 14:00,Sylhet,Habiganj,Madhabpur,31.2,64,0,1,High
4/15/2026 16:00,Sylhet,Habiganj,Madhabpur,31.5,63,0,1,High
4/15/2026 18:00,Sylhet,Habiganj,Madhabpur,28.6,75,0,1,High
4/15/2026 20:00,Sylhet,Habiganj,Madhabpur,26.8,74,0,1,High
4/15/2026 22:00,Sylhet,Habiganj,Madhabpur,23.6,87,0,0.628,Medium
4/16/2026 0:00,Sylhet,Habiganj,Madhabpur,21.5,96,0,0.4145,Low
4/16/2026 2:00,Sylhet,Habiganj,Madhabpur,21.6,91,0,0.406,Low
4/16/2026 4:00,Sylhet,Habiganj,Madhabpur,21.5,91,0,0.4045,Low
4/16/2026 6:00,Sylhet,Habiganj,Madhabpur,21,97,0,0.709,High
4/16/2026 8:00,Sylhet,Habiganj,Madhabpur,23.5,89,0,0.7305,High
4/16/2026 10:00,Sylhet,Habiganj,Madhabpur,27.8,75,0,0.917,High
4/16/2026 12:00,Sylhet,Habiganj,Madhabpur,29.3,68,0,0.9255,High
4/16/2026 14:00,Sylhet,Habiganj,Madhabpur,30.5,65,0.1,1,High
4/16/2026 16:00,Sylhet,Habiganj,Madhabpur,30.6,64,0.1,1,High
4/16/2026 18:00,Sylhet,Habiganj,Madhabpur,28,85,0,1,High
4/16/2026 20:00,Sylhet,Habiganj,Madhabpur,25.9,84,0,1,High
4/16/2026 22:00,Sylhet,Habiganj,Madhabpur,22.8,93,2.1,0.6228,Medium
4/17/2026 0:00,Sylhet,Habiganj,Madhabpur,24,93,0,0.446,Low
4/17/2026 2:00,Sylhet,Habiganj,Madhabpur,22.2,96,5,0.4125,Low
4/17/2026 4:00,Sylhet,Habiganj,Madhabpur,21.9,97,0,0.4225,Low
4/17/2026 6:00,Sylhet,Habiganj,Madhabpur,23.2,100,0,0.748,High
4/17/2026 8:00,Sylhet,Habiganj,Madhabpur,24.9,93,0,0.7595,High
4/17/2026 10:00,Sylhet,Habiganj,Madhabpur,27.2,80,0,0.918,High
4/17/2026 12:00,Sylhet,Habiganj,Madhabpur,30.6,72,0,0.953,High
4/17/2026 14:00,Sylhet,Habiganj,Madhabpur,31.6,66,0,1,High
4/17/2026 16:00,Sylhet,Habiganj,Madhabpur,31.3,64,0,1,High
4/17/2026 18:00,Sylhet,Habiganj,Madhabpur,29.4,82,0,1,High
4/17/2026 20:00,Sylhet,Habiganj,Madhabpur,26.4,93,0,1,High
4/17/2026 22:00,Sylhet,Habiganj,Madhabpur,25.5,93,0,0.6685,Medium
4/18/2026 0:00,Sylhet,Habiganj,Madhabpur,24.7,93,0,0.4565,Medium
4/18/2026 2:00,Sylhet,Habiganj,Madhabpur,24.5,96,0,0.4595,Medium
4/18/2026 4:00,Sylhet,Habiganj,Madhabpur,24.1,96,0,0.4535,Medium
4/18/2026 6:00,Sylhet,Habiganj,Madhabpur,23.9,98,0.6,0.753,High
4/18/2026 8:00,Sylhet,Habiganj,Madhabpur,25.4,91,0,0.763,High
4/18/2026 10:00,Sylhet,Habiganj,Madhabpur,28.5,79,0,0.9355,High
4/18/2026 12:00,Sylhet,Habiganj,Madhabpur,30.2,73,0.1,0.9488,High
4/18/2026 14:00,Sylhet,Habiganj,Madhabpur,30.8,73,0.1,1,High
4/18/2026 16:00,Sylhet,Habiganj,Madhabpur,30.4,70,0,1,High
4/18/2026 18:00,Sylhet,Habiganj,Madhabpur,28.7,86,0,1,High
4/18/2026 20:00,Sylhet,Habiganj,Madhabpur,26,96,0,1,High
4/18/2026 22:00,Sylhet,Habiganj,Madhabpur,25.9,93,0,0.6745,Medium
4/19/2026 0:00,Sylhet,Habiganj,Madhabpur,25.4,97,0.2,0.4745,Medium
4/19/2026 2:00,Sylhet,Habiganj,Madhabpur,22.8,96,0.3,0.4332,Low
4/19/2026 4:00,Sylhet,Habiganj,Madhabpur,22.5,97,0,0.4315,Low
4/19/2026 6:00,Sylhet,Habiganj,Madhabpur,23.2,96,0,0.74,High
4/19/2026 8:00,Sylhet,Habiganj,Madhabpur,22.7,94,0.9,0.7262,High
4/19/2026 10:00,Sylhet,Habiganj,Madhabpur,26.8,84,0,0.92,High
4/19/2026 12:00,Sylhet,Habiganj,Madhabpur,28.6,76,0.9,0.9288,High
4/19/2026 14:00,Sylhet,Habiganj,Madhabpur,27.8,79,0.1,1,High
4/19/2026 16:00,Sylhet,Habiganj,Madhabpur,29.9,73,0,1,High
4/19/2026 18:00,Sylhet,Habiganj,Madhabpur,27.5,88,0,1,High
4/19/2026 20:00,Sylhet,Habiganj,Madhabpur,25.8,95,0,1,High
4/19/2026 22:00,Sylhet,Habiganj,Madhabpur,25.7,96,0,0.6775,Medium
4/20/2026 0:00,Sylhet,Habiganj,Madhabpur,24.2,100,0.2,0.4625,Medium
4/20/2026 2:00,Sylhet,Habiganj,Madhabpur,24.4,97,0.9,0.4578,Medium
4/20/2026 4:00,Sylhet,Habiganj,Madhabpur,22.6,97,0.8,0.431,Low
4/20/2026 6:00,Sylhet,Habiganj,Madhabpur,23.8,99,0.1,0.7548,High
4/20/2026 8:00,Sylhet,Habiganj,Madhabpur,25.5,92,0,0.7665,High
4/20/2026 10:00,Sylhet,Habiganj,Madhabpur,28.2,82,0.2,0.9365,High
4/20/2026 12:00,Sylhet,Habiganj,Madhabpur,31.7,68,0,0.9615,High
4/20/2026 14:00,Sylhet,Habiganj,Madhabpur,32.9,61,0,1,High
4/20/2026 16:00,Sylhet,Habiganj,Madhabpur,33,62,0,1,High
4/20/2026 18:00,Sylhet,Habiganj,Madhabpur,27.1,90,7.5,1,High
4/20/2026 20:00,Sylhet,Habiganj,Madhabpur,26.7,87,0,1,High
4/20/2026 22:00,Sylhet,Habiganj,Madhabpur,27.5,83,0,0.6785,Medium
4/21/2026 0:00,Sylhet,Habiganj,Madhabpur,26,92,0.2,0.4735,Medium
4/21/2026 2:00,Sylhet,Habiganj,Madhabpur,26.2,96,0.2,0.4845,Medium
4/21/2026 4:00,Sylhet,Habiganj,Madhabpur,26.2,96,0.2,0.4845,Medium
4/21/2026 6:00,Sylhet,Habiganj,Madhabpur,25.1,94,0.3,0.7637,High
4/21/2026 8:00,Sylhet,Habiganj,Madhabpur,27,85,0.2,0.7745,High
4/21/2026 10:00,Sylhet,Habiganj,Madhabpur,30.1,74,0.3,0.9488,High
4/21/2026 12:00,Sylhet,Habiganj,Madhabpur,32.2,62,0,0.957,High
4/21/2026 14:00,Sylhet,Habiganj,Madhabpur,32.2,62,0.4,1,High
4/21/2026 16:00,Sylhet,Habiganj,Madhabpur,31.4,68,0,1,High
4/21/2026 18:00,Sylhet,Habiganj,Madhabpur,30.2,70,0,1,High
4/21/2026 20:00,Sylhet,Habiganj,Madhabpur,29.3,73,0,1,High
4/21/2026 22:00,Sylhet,Habiganj,Madhabpur,28,82,0,0.684,Medium
4/22/2026 0:00,Sylhet,Habiganj,Madhabpur,26.4,90,0,0.476,Medium
4/22/2026 2:00,Sylhet,Habiganj,Madhabpur,23,99,1.5,0.4392,Low
4/22/2026 4:00,Sylhet,Habiganj,Madhabpur,24.3,95,0,0.4545,Medium
4/22/2026 6:00,Sylhet,Habiganj,Madhabpur,21.5,98,0,0.7185,High
4/22/2026 8:00,Sylhet,Habiganj,Madhabpur,23.4,91,0,0.733,High
4/22/2026 10:00,Sylhet,Habiganj,Madhabpur,26.5,84,0.1,0.9152,High
4/22/2026 12:00,Sylhet,Habiganj,Madhabpur,30.5,71,0,0.9495,High
4/22/2026 14:00,Sylhet,Habiganj,Madhabpur,33.5,57,0,1,High
4/22/2026 16:00,Sylhet,Habiganj,Madhabpur,33,61,0,1,High
4/22/2026 18:00,Sylhet,Habiganj,Madhabpur,29.8,65,0,1,High
4/22/2026 20:00,Sylhet,Habiganj,Madhabpur,25,79,0,1,High
4/22/2026 22:00,Sylhet,Habiganj,Madhabpur,24.1,84,0,0.6295,Medium
4/23/2026 0:00,Sylhet,Habiganj,Madhabpur,23,92,0,0.429,Low
4/23/2026 2:00,Sylhet,Habiganj,Madhabpur,23.5,93,0,0.4385,Low
4/23/2026 4:00,Sylhet,Habiganj,Madhabpur,24.3,92,0,0.4485,Low
4/23/2026 6:00,Sylhet,Habiganj,Madhabpur,24.5,92,0,0.7515,High
4/23/2026 8:00,Sylhet,Habiganj,Madhabpur,26.1,90,0,0.7715,High
4/23/2026 10:00,Sylhet,Habiganj,Madhabpur,29.9,73,0.2,0.944,High
4/23/2026 12:00,Sylhet,Habiganj,Madhabpur,30.1,71,0,0.9435,High
4/23/2026 14:00,Sylhet,Habiganj,Madhabpur,31.1,68,0.1,1,High
4/23/2026 16:00,Sylhet,Habiganj,Madhabpur,31.8,65,0,1,High
4/23/2026 18:00,Sylhet,Habiganj,Madhabpur,30,80,0,1,High
4/23/2026 20:00,Sylhet,Habiganj,Madhabpur,27.9,83,0,1,High
4/23/2026 22:00,Sylhet,Habiganj,Madhabpur,26.8,87,0,0.676,Medium
4/24/2026 0:00,Sylhet,Habiganj,Madhabpur,26,91,0,0.472,Medium
4/24/2026 2:00,Sylhet,Habiganj,Madhabpur,25.9,90,0,0.4685,Medium
4/24/2026 4:00,Sylhet,Habiganj,Madhabpur,25.1,94,0,0.4645,Medium
4/24/2026 6:00,Sylhet,Habiganj,Madhabpur,25.6,97,0,0.778,High
4/24/2026 8:00,Sylhet,Habiganj,Madhabpur,28.6,84,0,0.797,High
4/24/2026 10:00,Sylhet,Habiganj,Madhabpur,30.9,73,0,0.9595,High
4/24/2026 12:00,Sylhet,Habiganj,Madhabpur,32,65,0,0.96,High
4/24/2026 14:00,Sylhet,Habiganj,Madhabpur,33,62,0,1,High
4/24/2026 16:00,Sylhet,Habiganj,Madhabpur,33,60,0,1,High
4/24/2026 18:00,Sylhet,Habiganj,Madhabpur,30.7,76,0,1,High
4/24/2026 20:00,Sylhet,Habiganj,Madhabpur,28.2,83,0,1,High
4/24/2026 22:00,Sylhet,Habiganj,Madhabpur,26.9,87,0,0.6775,Medium
4/25/2026 0:00,Sylhet,Habiganj,Madhabpur,26,94,0,0.478,Medium
4/25/2026 2:00,Sylhet,Habiganj,Madhabpur,25.8,94,0,0.475,Medium
4/25/2026 4:00,Sylhet,Habiganj,Madhabpur,25,95,0,0.465,Medium
4/25/2026 6:00,Sylhet,Habiganj,Madhabpur,26,92,0,0.774,High
4/25/2026 8:00,Sylhet,Habiganj,Madhabpur,28.7,87,0,0.8045,High
4/25/2026 10:00,Sylhet,Habiganj,Madhabpur,27.5,85,0,0.9325,High
4/25/2026 12:00,Sylhet,Habiganj,Madhabpur,31,74,0,0.963,High
4/25/2026 14:00,Sylhet,Habiganj,Madhabpur,32.8,64,0,1,High
4/25/2026 16:00,Sylhet,Habiganj,Madhabpur,33,62,0,1,High
4/25/2026 18:00,Sylhet,Habiganj,Madhabpur,30,79,0,1,High
4/25/2026 20:00,Sylhet,Habiganj,Madhabpur,27.3,84,0,1,High
4/25/2026 22:00,Sylhet,Habiganj,Madhabpur,26,90,0,0.67,Medium
4/26/2026 0:00,Sylhet,Habiganj,Madhabpur,25.6,92,0,0.468,Medium
4/26/2026 2:00,Sylhet,Habiganj,Madhabpur,26.1,87,0,0.4655,Medium
4/26/2026 4:00,Sylhet,Habiganj,Madhabpur,25.4,88,0,0.457,Medium
4/26/2026 6:00,Sylhet,Habiganj,Madhabpur,23.4,96,0,0.743,High
4/26/2026 8:00,Sylhet,Habiganj,Madhabpur,25.1,89,0,0.7545,High
4/26/2026 10:00,Sylhet,Habiganj,Madhabpur,28.5,73,0,0.9235,High
4/26/2026 12:00,Sylhet,Habiganj,Madhabpur,29.4,62,0,0.915,High
4/26/2026 14:00,Sylhet,Habiganj,Madhabpur,30.4,61,0.1,1,High
4/26/2026 16:00,Sylhet,Habiganj,Madhabpur,27.4,76,2.9,1,High
4/26/2026 18:00,Sylhet,Habiganj,Madhabpur,25.1,85,0,1,High
4/26/2026 20:00,Sylhet,Habiganj,Madhabpur,24.7,86,0,1,High
4/26/2026 22:00,Sylhet,Habiganj,Madhabpur,24.7,86,0,0.6425,Medium
4/27/2026 0:00,Sylhet,Habiganj,Madhabpur,23,91,0,0.427,Low
4/27/2026 2:00,Sylhet,Habiganj,Madhabpur,22.4,94,0,0.424,Low
4/27/2026 4:00,Sylhet,Habiganj,Madhabpur,23.2,90,0,0.428,Low
4/27/2026 6:00,Sylhet,Habiganj,Madhabpur,19.8,94,0.8,0.686,Medium
4/27/2026 8:00,Sylhet,Habiganj,Madhabpur,20.4,95,8.8,0.674,Medium
4/27/2026 10:00,Sylhet,Habiganj,Madhabpur,23.5,93,0.1,0.8882,High
4/27/2026 12:00,Sylhet,Habiganj,Madhabpur,24.8,79,0.4,0.879,High
4/27/2026 14:00,Sylhet,Habiganj,Madhabpur,26,75,0.2,0.9895,High
4/27/2026 16:00,Sylhet,Habiganj,Madhabpur,25.9,83,0.1,1,High
4/27/2026 18:00,Sylhet,Habiganj,Madhabpur,23.8,91,12.2,1,High
4/27/2026 20:00,Sylhet,Habiganj,Madhabpur,22.6,95,1.4,1,High
4/27/2026 22:00,Sylhet,Habiganj,Madhabpur,22,98,0.2,0.6255,Medium
4/28/2026 0:00,Sylhet,Habiganj,Madhabpur,21.9,96,0.1,0.4202,Low
4/28/2026 2:00,Sylhet,Habiganj,Madhabpur,21.8,96,0,0.419,Low
4/28/2026 4:00,Sylhet,Habiganj,Madhabpur,21.2,97,10.5,0.3857,Low
4/28/2026 6:00,Sylhet,Habiganj,Madhabpur,22.2,96,3.5,0.7162,High
4/28/2026 8:00,Sylhet,Habiganj,Madhabpur,23.9,93,0.1,0.7442,High
4/28/2026 10:00,Sylhet,Habiganj,Madhabpur,23,96,0.7,0.8852,High
4/28/2026 12:00,Sylhet,Habiganj,Madhabpur,22.2,94,5.1,0.8582,High
4/28/2026 14:00,Sylhet,Habiganj,Madhabpur,23.8,91,0.6,0.9875,High
4/28/2026 16:00,Sylhet,Habiganj,Madhabpur,25.9,83,0.6,1,High
4/28/2026 18:00,Sylhet,Habiganj,Madhabpur,23.1,92,0.5,1,High
4/28/2026 20:00,Sylhet,Habiganj,Madhabpur,23,91,0,1,High
4/28/2026 22:00,Sylhet,Habiganj,Madhabpur,23,94,0.1,0.6328,Medium
4/29/2026 0:00,Sylhet,Habiganj,Madhabpur,22.5,92,0.1,0.4212,Low
4/29/2026 2:00,Sylhet,Habiganj,Madhabpur,22,96,7,0.4045,Low
4/29/2026 4:00,Sylhet,Habiganj,Madhabpur,21.5,97,4.5,0.4052,Low
4/29/2026 6:00,Sylhet,Habiganj,Madhabpur,21.8,98,1.3,0.7198,High
4/29/2026 8:00,Sylhet,Habiganj,Madhabpur,22,96,3.7,0.7128,High
4/29/2026 10:00,Sylhet,Habiganj,Madhabpur,22,93,4,0.856,High
4/29/2026 12:00,Sylhet,Habiganj,Madhabpur,21,95,0.2,0.8545,High
4/29/2026 14:00,Sylhet,Habiganj,Madhabpur,23,86,0,0.967,High
4/29/2026 16:00,Sylhet,Habiganj,Madhabpur,23.2,85,0,0.968,High
4/29/2026 18:00,Sylhet,Habiganj,Madhabpur,22,88,0,1,High
4/29/2026 20:00,Sylhet,Habiganj,Madhabpur,21.1,92,0,1,High
4/29/2026 22:00,Sylhet,Habiganj,Madhabpur,20.1,96,0,0.5935,Medium
4/30/2026 0:00,Sylhet,Habiganj,Madhabpur,21,96,0,0.407,Low
4/30/2026 2:00,Sylhet,Habiganj,Madhabpur,20.9,96,0.2,0.405,Low
4/30/2026 4:00,Sylhet,Habiganj,Madhabpur,21,94,0.1,0.4028,Low
4/30/2026 6:00,Sylhet,Habiganj,Madhabpur,20.8,96,0,0.704,High
4/30/2026 8:00,Sylhet,Habiganj,Madhabpur,21.5,95,0.7,0.7107,High
4/30/2026 10:00,Sylhet,Habiganj,Madhabpur,24.4,78,0,0.872,High
4/30/2026 12:00,Sylhet,Habiganj,Madhabpur,27.2,66,0,0.89,High
4/30/2026 14:00,Sylhet,Habiganj,Madhabpur,29.1,56,0,0.9985,High
4/30/2026 16:00,Sylhet,Habiganj,Madhabpur,28,63,0.1,0.9958,High
4/30/2026 18:00,Sylhet,Habiganj,Madhabpur,26,81,0,1,High
4/30/2026 20:00,Sylhet,Habiganj,Madhabpur,24,87,0.3,1,High
4/30/2026 22:00,Sylhet,Habiganj,Madhabpur,22.9,93,0,0.6295,Medium
5/1/2026 0:00,Sylhet,Habiganj,Madhabpur,22.5,94,0.1,0.4252,Low
5/1/2026 2:00,Sylhet,Habiganj,Madhabpur,22.4,91,0,0.418,Low
5/1/2026 4:00,Sylhet,Habiganj,Madhabpur,21.6,91,0,0.406,Low
5/1/2026 6:00,Sylhet,Habiganj,Madhabpur,21.9,96,3,0.713,High
5/1/2026 8:00,Sylhet,Habiganj,Madhabpur,21.9,96,2.5,0.7142,High
5/1/2026 10:00,Sylhet,Habiganj,Madhabpur,22,93,1.3,0.8628,High
5/1/2026 12:00,Sylhet,Habiganj,Madhabpur,23.2,90,8.7,0.8562,High
5/1/2026 14:00,Sylhet,Habiganj,Madhabpur,22.4,92,3.4,0.9615,High
5/1/2026 16:00,Sylhet,Habiganj,Madhabpur,23.7,89,0.3,0.9828,High
5/1/2026 18:00,Sylhet,Habiganj,Madhabpur,22.6,94,0.7,1,High
5/1/2026 20:00,Sylhet,Habiganj,Madhabpur,21.7,95,0,1,High
5/1/2026 22:00,Sylhet,Habiganj,Madhabpur,21,98,0,0.611,Medium
5/2/2026 0:00,Sylhet,Habiganj,Madhabpur,21.5,96,1.1,0.4118,Low
5/2/2026 2:00,Sylhet,Habiganj,Madhabpur,21,97,0.3,0.4083,Low
5/2/2026 4:00,Sylhet,Habiganj,Madhabpur,20.1,98,0.7,0.3958,Low
5/2/2026 6:00,Sylhet,Habiganj,Madhabpur,20.7,97,1,0.702,High
5/2/2026 8:00,Sylhet,Habiganj,Madhabpur,22.5,89,0.2,0.715,High
5/2/2026 10:00,Sylhet,Habiganj,Madhabpur,24.6,80,0,0.879,High
5/2/2026 12:00,Sylhet,Habiganj,Madhabpur,23,89,0.1,0.8728,High
5/2/2026 14:00,Sylhet,Habiganj,Madhabpur,25.3,78,0.3,0.9848,High
5/2/2026 16:00,Sylhet,Habiganj,Madhabpur,22.7,87,0.6,0.963,High
5/2/2026 18:00,Sylhet,Habiganj,Madhabpur,22.5,88,0.1,1,High
5/2/2026 20:00,Sylhet,Habiganj,Madhabpur,22.5,92,0,1,High
5/2/2026 22:00,Sylhet,Habiganj,Madhabpur,22,94,0,0.618,Medium
5/3/2026 0:00,Sylhet,Habiganj,Madhabpur,22.4,93,0,0.422,Low
5/3/2026 2:00,Sylhet,Habiganj,Madhabpur,21.8,93,0.1,0.4128,Low
5/3/2026 4:00,Sylhet,Habiganj,Madhabpur,20.9,95,0,0.4035,Low
5/3/2026 6:00,Sylhet,Habiganj,Madhabpur,20.6,95,0.1,0.6988,Medium
5/3/2026 8:00,Sylhet,Habiganj,Madhabpur,23,85,0,0.715,High
5/3/2026 10:00,Sylhet,Habiganj,Madhabpur,25.6,75,0,0.884,High
5/3/2026 12:00,Sylhet,Habiganj,Madhabpur,28,70,0.1,0.9098,High
5/3/2026 14:00,Sylhet,Habiganj,Madhabpur,25,83,0.1,0.9907,High
5/3/2026 16:00,Sylhet,Habiganj,Madhabpur,28.2,73,0,1,High
5/3/2026 18:00,Sylhet,Habiganj,Madhabpur,25.3,88,0,1,High
5/3/2026 20:00,Sylhet,Habiganj,Madhabpur,23.9,91,0,1,High
5/3/2026 22:00,Sylhet,Habiganj,Madhabpur,23.3,94,0,0.6375,Medium
5/4/2026 0:00,Sylhet,Habiganj,Madhabpur,21.9,97,0,0.4225,Low
5/4/2026 2:00,Sylhet,Habiganj,Madhabpur,22,95,0.1,0.4198,Low
5/4/2026 4:00,Sylhet,Habiganj,Madhabpur,21.2,98,0,0.414,Low
5/4/2026 6:00,Sylhet,Habiganj,Madhabpur,22.3,98,6.3,0.7147,High
5/4/2026 8:00,Sylhet,Habiganj,Madhabpur,22.8,94,2,0.725,High
5/4/2026 10:00,Sylhet,Habiganj,Madhabpur,25,85,0.2,0.8945,High
5/4/2026 12:00,Sylhet,Habiganj,Madhabpur,26.6,73,0,0.895,High
5/4/2026 14:00,Sylhet,Habiganj,Madhabpur,28.2,66,0,1,High
5/4/2026 16:00,Sylhet,Habiganj,Madhabpur,29,63,0,1,High
5/4/2026 18:00,Sylhet,Habiganj,Madhabpur,26.8,83,0,1,High
5/4/2026 20:00,Sylhet,Habiganj,Madhabpur,24.1,92,0,1,High
5/4/2026 22:00,Sylhet,Habiganj,Madhabpur,23.1,95,0,0.6365,Medium
5/5/2026 0:00,Sylhet,Habiganj,Madhabpur,23,96,0,0.437,Low
5/5/2026 2:00,Sylhet,Habiganj,Madhabpur,23.4,96,0,0.443,Low
5/5/2026 4:00,Sylhet,Habiganj,Madhabpur,22,98,0,0.426,Low
5/5/2026 6:00,Sylhet,Habiganj,Madhabpur,23.2,90,0,0.728,High
5/5/2026 8:00,Sylhet,Habiganj,Madhabpur,25.8,86,0,0.759,High
5/5/2026 10:00,Sylhet,Habiganj,Madhabpur,29,72,0,0.929,High
5/5/2026 12:00,Sylhet,Habiganj,Madhabpur,30.6,63,0,0.935,High
5/5/2026 14:00,Sylhet,Habiganj,Madhabpur,31.5,57,0,1,High
5/5/2026 16:00,Sylhet,Habiganj,Madhabpur,30.2,61,0,1,High
5/5/2026 18:00,Sylhet,Habiganj,Madhabpur,27.4,74,0,1,High
5/5/2026 20:00,Sylhet,Habiganj,Madhabpur,25.8,76,0,1,High
5/5/2026 22:00,Sylhet,Habiganj,Madhabpur,24.4,88,0,0.642,Medium
5/6/2026 0:00,Sylhet,Habiganj,Madhabpur,24.1,95,0,0.4515,Medium
5/6/2026 2:00,Sylhet,Habiganj,Madhabpur,23.8,96,0,0.449,Low
5/6/2026 4:00,Sylhet,Habiganj,Madhabpur,23,98,0,0.441,Low
5/6/2026 6:00,Sylhet,Habiganj,Madhabpur,23.8,93,0,0.743,High
5/6/2026 8:00,Sylhet,Habiganj,Madhabpur,26.5,83,0,0.7635,High
5/6/2026 10:00,Sylhet,Habiganj,Madhabpur,28.4,75,0,0.926,High
5/6/2026 12:00,Sylhet,Habiganj,Madhabpur,28.9,73,0,0.9295,High
5/6/2026 14:00,Sylhet,Habiganj,Madhabpur,30.2,67,0,1,High
5/6/2026 16:00,Sylhet,Habiganj,Madhabpur,30.6,66,0,1,High
5/6/2026 18:00,Sylhet,Habiganj,Madhabpur,28.2,72,1,1,High
5/6/2026 20:00,Sylhet,Habiganj,Madhabpur,24.6,93,5.6,1,High
5/6/2026 22:00,Sylhet,Habiganj,Madhabpur,24,95,0.4,0.649,Medium
5/7/2026 0:00,Sylhet,Habiganj,Madhabpur,23.5,98,0,0.4485,Low
5/7/2026 2:00,Sylhet,Habiganj,Madhabpur,23.3,99,0,0.4475,Low
5/7/2026 4:00,Sylhet,Habiganj,Madhabpur,23,98,0,0.441,Low
5/7/2026 6:00,Sylhet,Habiganj,Madhabpur,21.5,97,0.2,0.716,High
5/7/2026 8:00,Sylhet,Habiganj,Madhabpur,24.4,84,0,0.734,High
5/7/2026 10:00,Sylhet,Habiganj,Madhabpur,26.8,78,0,0.908,High
5/7/2026 12:00,Sylhet,Habiganj,Madhabpur,28.9,66,0.2,0.915,High
5/7/2026 14:00,Sylhet,Habiganj,Madhabpur,30.2,62,0,1,High
5/7/2026 16:00,Sylhet,Habiganj,Madhabpur,30.4,59,0,1,High
5/7/2026 18:00,Sylhet,Habiganj,Madhabpur,28.6,72,0,1,High
5/7/2026 20:00,Sylhet,Habiganj,Madhabpur,25.9,81,0,1,High
5/7/2026 22:00,Sylhet,Habiganj,Madhabpur,25.2,85,0,0.648,Medium
5/8/2026 0:00,Sylhet,Habiganj,Madhabpur,25,88,0,0.451,Medium
5/8/2026 2:00,Sylhet,Habiganj,Madhabpur,24.9,89,0,0.4515,Medium
5/8/2026 4:00,Sylhet,Habiganj,Madhabpur,23.9,94,0,0.4465,Low
5/8/2026 6:00,Sylhet,Habiganj,Madhabpur,23.9,94,0,0.7465,High
5/8/2026 8:00,Sylhet,Habiganj,Madhabpur,28,79,0,0.778,High
5/8/2026 10:00,Sylhet,Habiganj,Madhabpur,30.6,60,0,0.929,High
5/8/2026 12:00,Sylhet,Habiganj,Madhabpur,29.6,64,0.1,0.9218,High
5/8/2026 14:00,Sylhet,Habiganj,Madhabpur,30.5,61,0,1,High
5/8/2026 16:00,Sylhet,Habiganj,Madhabpur,30.8,58,0,1,High
5/8/2026 18:00,Sylhet,Habiganj,Madhabpur,29,66,0,1,High
5/8/2026 20:00,Sylhet,Habiganj,Madhabpur,26.3,74,0,1,High
5/8/2026 22:00,Sylhet,Habiganj,Madhabpur,25.3,80,0,0.6395,Medium
5/9/2026 0:00,Sylhet,Habiganj,Madhabpur,25,82,0,0.439,Low
5/9/2026 2:00,Sylhet,Habiganj,Madhabpur,24.9,83,0,0.4395,Low
5/9/2026 4:00,Sylhet,Habiganj,Madhabpur,23.6,87,0,0.428,Low
5/9/2026 6:00,Sylhet,Habiganj,Madhabpur,23.8,91,0,0.739,High
5/9/2026 8:00,Sylhet,Habiganj,Madhabpur,27,80,0,0.765,High
5/9/2026 10:00,Sylhet,Habiganj,Madhabpur,30,60,0,0.92,High
5/9/2026 12:00,Sylhet,Habiganj,Madhabpur,31.7,50,0,0.9255,High
5/9/2026 14:00,Sylhet,Habiganj,Madhabpur,33,46,0,1,High
5/9/2026 16:00,Sylhet,Habiganj,Madhabpur,32.5,49,0,1,High
5/9/2026 18:00,Sylhet,Habiganj,Madhabpur,30.2,68,0,1,High
5/9/2026 20:00,Sylhet,Habiganj,Madhabpur,27,75,0,1,High
5/9/2026 22:00,Sylhet,Habiganj,Madhabpur,26.1,78,0,0.6475,Medium
5/10/2026 0:00,Sylhet,Habiganj,Madhabpur,26,81,0,0.452,Medium
5/10/2026 2:00,Sylhet,Habiganj,Madhabpur,26.1,76,0,0.4435,Low
5/10/2026 4:00,Sylhet,Habiganj,Madhabpur,24.9,82,0,0.4375,Low
5/10/2026 6:00,Sylhet,Habiganj,Madhabpur,25.2,83,0,0.744,High
5/10/2026 8:00,Sylhet,Habiganj,Madhabpur,28.9,74,0,0.7815,High
5/10/2026 10:00,Sylhet,Habiganj,Madhabpur,31,66,0,0.947,High
5/10/2026 12:00,Sylhet,Habiganj,Madhabpur,32.5,51,0,0.9395,High
5/10/2026 14:00,Sylhet,Habiganj,Madhabpur,26.1,77,1,0.993,High
5/10/2026 16:00,Sylhet,Habiganj,Madhabpur,27.5,73,0,1,High
5/10/2026 18:00,Sylhet,Habiganj,Madhabpur,25.1,82,0,1,High
5/10/2026 20:00,Sylhet,Habiganj,Madhabpur,24.2,90,0,1,High
5/10/2026 22:00,Sylhet,Habiganj,Madhabpur,24,91,0,0.642,Medium
5/11/2026 0:00,Sylhet,Habiganj,Madhabpur,23.9,91,0,0.4405,Low
5/11/2026 2:00,Sylhet,Habiganj,Madhabpur,23.7,91,0,0.4375,Low
5/11/2026 4:00,Sylhet,Habiganj,Madhabpur,22.7,95,0,0.4305,Low
5/11/2026 6:00,Sylhet,Habiganj,Madhabpur,22.4,91,0.1,0.7177,High
5/11/2026 8:00,Sylhet,Habiganj,Madhabpur,24.5,89,0,0.7455,High
5/11/2026 10:00,Sylhet,Habiganj,Madhabpur,27.3,74,0,0.9075,High
5/11/2026 12:00,Sylhet,Habiganj,Madhabpur,28.2,68,0,0.909,High
5/11/2026 14:00,Sylhet,Habiganj,Madhabpur,29,59,0.3,1,High
5/11/2026 16:00,Sylhet,Habiganj,Madhabpur,27.8,69,0,1,High
5/11/2026 18:00,Sylhet,Habiganj,Madhabpur,26.5,84,0,1,High
5/11/2026 20:00,Sylhet,Habiganj,Madhabpur,23.9,88,0.1,1,High
5/11/2026 22:00,Sylhet,Habiganj,Madhabpur,23.5,91,0,0.6345,Medium
5/12/2026 0:00,Sylhet,Habiganj,Madhabpur,23.7,92,0,0.4395,Low
5/12/2026 2:00,Sylhet,Habiganj,Madhabpur,22.6,96,0,0.431,Low
5/12/2026 4:00,Sylhet,Habiganj,Madhabpur,21.8,97,0,0.421,Low
5/12/2026 6:00,Sylhet,Habiganj,Madhabpur,23,94,0.4,0.732,High
5/12/2026 8:00,Sylhet,Habiganj,Madhabpur,25.7,84,0.2,0.753,High
5/12/2026 10:00,Sylhet,Habiganj,Madhabpur,28.1,76,0,0.9235,High
5/12/2026 12:00,Sylhet,Habiganj,Madhabpur,30,63,0.1,0.9258,High
5/12/2026 14:00,Sylhet,Habiganj,Madhabpur,30.5,59,0.1,1,High
5/12/2026 16:00,Sylhet,Habiganj,Madhabpur,30.4,58,0,1,High
5/12/2026 18:00,Sylhet,Habiganj,Madhabpur,29.6,71,0,1,High
5/12/2026 20:00,Sylhet,Habiganj,Madhabpur,27.5,78,0,1,High
5/12/2026 22:00,Sylhet,Habiganj,Madhabpur,25.9,85,0,0.6585,Medium
5/13/2026 0:00,Sylhet,Habiganj,Madhabpur,25.9,85,0,0.4585,Medium
5/13/2026 2:00,Sylhet,Habiganj,Madhabpur,23.2,95,0.1,0.4378,Low
5/13/2026 4:00,Sylhet,Habiganj,Madhabpur,22.8,96,0,0.434,Low
5/13/2026 6:00,Sylhet,Habiganj,Madhabpur,24,96,0,0.752,High
5/13/2026 8:00,Sylhet,Habiganj,Madhabpur,24.6,88,0.1,0.7448,High
5/13/2026 10:00,Sylhet,Habiganj,Madhabpur,28,76,0,0.922,High
5/13/2026 12:00,Sylhet,Habiganj,Madhabpur,29.9,70,0,0.9385,High
5/13/2026 14:00,Sylhet,Habiganj,Madhabpur,31,67,0,1,High
5/13/2026 16:00,Sylhet,Habiganj,Madhabpur,30.8,66,0.1,1,High
5/13/2026 18:00,Sylhet,Habiganj,Madhabpur,29.1,77,0,1,High
5/13/2026 20:00,Sylhet,Habiganj,Madhabpur,27,87,0,1,High
5/13/2026 22:00,Sylhet,Habiganj,Madhabpur,26.1,95,0.2,0.681,Medium
4/13/2026 0:00,Sylhet,Habiganj,Nabiganj,23,83,0,0.411,Low
4/13/2026 2:00,Sylhet,Habiganj,Nabiganj,23.5,93,0,0.4385,Low
4/13/2026 4:00,Sylhet,Habiganj,Nabiganj,22.9,90,0.1,0.4232,Low
4/13/2026 6:00,Sylhet,Habiganj,Nabiganj,24.4,98,0,0.762,High
4/13/2026 8:00,Sylhet,Habiganj,Nabiganj,20.9,96,0.3,0.7047,High
4/13/2026 10:00,Sylhet,Habiganj,Nabiganj,24.1,90,0,0.8915,High
4/13/2026 12:00,Sylhet,Habiganj,Nabiganj,29.2,71,0.1,0.9298,High
4/13/2026 14:00,Sylhet,Habiganj,Nabiganj,30.8,64,0.1,1,High
4/13/2026 16:00,Sylhet,Habiganj,Nabiganj,29.5,67,0.3,1,High
4/13/2026 18:00,Sylhet,Habiganj,Nabiganj,28.5,69,0.5,1,High
4/13/2026 20:00,Sylhet,Habiganj,Nabiganj,25.1,91,0.2,1,High
4/13/2026 22:00,Sylhet,Habiganj,Nabiganj,24.1,94,0,0.6495,Medium
4/14/2026 0:00,Sylhet,Habiganj,Nabiganj,24.8,90,0,0.452,Medium
4/14/2026 2:00,Sylhet,Habiganj,Nabiganj,21.5,98,1.4,0.415,Low
4/14/2026 4:00,Sylhet,Habiganj,Nabiganj,21.4,93,0,0.407,Low
4/14/2026 6:00,Sylhet,Habiganj,Nabiganj,22,91,0.9,0.7098,High
4/14/2026 8:00,Sylhet,Habiganj,Nabiganj,24.4,89,0,0.744,High
4/14/2026 10:00,Sylhet,Habiganj,Nabiganj,28.6,75,0.2,0.9285,High
4/14/2026 12:00,Sylhet,Habiganj,Nabiganj,30,71,0.1,0.9418,High
4/14/2026 14:00,Sylhet,Habiganj,Nabiganj,31.1,65,0,1,High
4/14/2026 16:00,Sylhet,Habiganj,Nabiganj,30.8,66,0.2,1,High
4/14/2026 18:00,Sylhet,Habiganj,Nabiganj,26.8,78,0,1,High
4/14/2026 20:00,Sylhet,Habiganj,Nabiganj,26.4,85,0,1,High
4/14/2026 22:00,Sylhet,Habiganj,Nabiganj,26.2,86,0,0.665,Medium
4/15/2026 0:00,Sylhet,Habiganj,Nabiganj,20.4,99,0,0.404,Low
4/15/2026 2:00,Sylhet,Habiganj,Nabiganj,21.5,97,0.3,0.4158,Low
4/15/2026 4:00,Sylhet,Habiganj,Nabiganj,21.9,96,0,0.4205,Low
4/15/2026 6:00,Sylhet,Habiganj,Nabiganj,22,96,0.1,0.7218,High
4/15/2026 8:00,Sylhet,Habiganj,Nabiganj,23.8,88,0.2,0.7325,High
4/15/2026 10:00,Sylhet,Habiganj,Nabiganj,27.5,76,0,0.9145,High
4/15/2026 12:00,Sylhet,Habiganj,Nabiganj,30,67,0,0.934,High
4/15/2026 14:00,Sylhet,Habiganj,Nabiganj,31.2,64,0,1,High
4/15/2026 16:00,Sylhet,Habiganj,Nabiganj,31.5,63,0,1,High
4/15/2026 18:00,Sylhet,Habiganj,Nabiganj,28.6,75,0,1,High
4/15/2026 20:00,Sylhet,Habiganj,Nabiganj,26.8,74,0,1,High
4/15/2026 22:00,Sylhet,Habiganj,Nabiganj,23.6,87,0,0.628,Medium
4/16/2026 0:00,Sylhet,Habiganj,Nabiganj,21.5,96,0,0.4145,Low
4/16/2026 2:00,Sylhet,Habiganj,Nabiganj,21.6,91,0,0.406,Low
4/16/2026 4:00,Sylhet,Habiganj,Nabiganj,21.5,91,0,0.4045,Low
4/16/2026 6:00,Sylhet,Habiganj,Nabiganj,21,97,0,0.709,High
4/16/2026 8:00,Sylhet,Habiganj,Nabiganj,23.5,89,0,0.7305,High
4/16/2026 10:00,Sylhet,Habiganj,Nabiganj,27.8,75,0,0.917,High
4/16/2026 12:00,Sylhet,Habiganj,Nabiganj,29.3,68,0,0.9255,High
4/16/2026 14:00,Sylhet,Habiganj,Nabiganj,30.5,65,0.1,1,High
4/16/2026 16:00,Sylhet,Habiganj,Nabiganj,30.6,64,0.1,1,High
4/16/2026 18:00,Sylhet,Habiganj,Nabiganj,28,85,0,1,High
4/16/2026 20:00,Sylhet,Habiganj,Nabiganj,25.9,84,0,1,High
4/16/2026 22:00,Sylhet,Habiganj,Nabiganj,22.8,93,2.1,0.6228,Medium
4/17/2026 0:00,Sylhet,Habiganj,Nabiganj,24,93,0,0.446,Low
4/17/2026 2:00,Sylhet,Habiganj,Nabiganj,22.2,96,5,0.4125,Low
4/17/2026 4:00,Sylhet,Habiganj,Nabiganj,21.9,97,0,0.4225,Low
4/17/2026 6:00,Sylhet,Habiganj,Nabiganj,23.2,100,0,0.748,High
4/17/2026 8:00,Sylhet,Habiganj,Nabiganj,24.9,93,0,0.7595,High
4/17/2026 10:00,Sylhet,Habiganj,Nabiganj,27.2,80,0,0.918,High
4/17/2026 12:00,Sylhet,Habiganj,Nabiganj,30.6,72,0,0.953,High
4/17/2026 14:00,Sylhet,Habiganj,Nabiganj,31.6,66,0,1,High
4/17/2026 16:00,Sylhet,Habiganj,Nabiganj,31.3,64,0,1,High
4/17/2026 18:00,Sylhet,Habiganj,Nabiganj,29.4,82,0,1,High
4/17/2026 20:00,Sylhet,Habiganj,Nabiganj,26.4,93,0,1,High
4/17/2026 22:00,Sylhet,Habiganj,Nabiganj,25.5,93,0,0.6685,Medium
4/18/2026 0:00,Sylhet,Habiganj,Nabiganj,24.7,93,0,0.4565,Medium
4/18/2026 2:00,Sylhet,Habiganj,Nabiganj,24.5,96,0,0.4595,Medium
4/18/2026 4:00,Sylhet,Habiganj,Nabiganj,24.1,96,0,0.4535,Medium
4/18/2026 6:00,Sylhet,Habiganj,Nabiganj,23.9,98,0.6,0.753,High
4/18/2026 8:00,Sylhet,Habiganj,Nabiganj,25.4,91,0,0.763,High
4/18/2026 10:00,Sylhet,Habiganj,Nabiganj,28.5,79,0,0.9355,High
4/18/2026 12:00,Sylhet,Habiganj,Nabiganj,30.2,73,0.1,0.9488,High
4/18/2026 14:00,Sylhet,Habiganj,Nabiganj,30.8,73,0.1,1,High
4/18/2026 16:00,Sylhet,Habiganj,Nabiganj,30.4,70,0,1,High
4/18/2026 18:00,Sylhet,Habiganj,Nabiganj,28.7,86,0,1,High
4/18/2026 20:00,Sylhet,Habiganj,Nabiganj,26,96,0,1,High
4/18/2026 22:00,Sylhet,Habiganj,Nabiganj,25.9,93,0,0.6745,Medium
4/19/2026 0:00,Sylhet,Habiganj,Nabiganj,25.4,97,0.2,0.4745,Medium
4/19/2026 2:00,Sylhet,Habiganj,Nabiganj,22.8,96,0.3,0.4332,Low
4/19/2026 4:00,Sylhet,Habiganj,Nabiganj,22.5,97,0,0.4315,Low
4/19/2026 6:00,Sylhet,Habiganj,Nabiganj,23.2,96,0,0.74,High
4/19/2026 8:00,Sylhet,Habiganj,Nabiganj,22.7,94,0.9,0.7262,High
4/19/2026 10:00,Sylhet,Habiganj,Nabiganj,26.8,84,0,0.92,High
4/19/2026 12:00,Sylhet,Habiganj,Nabiganj,28.6,76,0.9,0.9288,High
4/19/2026 14:00,Sylhet,Habiganj,Nabiganj,27.8,79,0.1,1,High
4/19/2026 16:00,Sylhet,Habiganj,Nabiganj,29.9,73,0,1,High
4/19/2026 18:00,Sylhet,Habiganj,Nabiganj,27.5,88,0,1,High
4/19/2026 20:00,Sylhet,Habiganj,Nabiganj,25.8,95,0,1,High
4/19/2026 22:00,Sylhet,Habiganj,Nabiganj,25.7,96,0,0.6775,Medium
4/20/2026 0:00,Sylhet,Habiganj,Nabiganj,24.2,100,0.2,0.4625,Medium
4/20/2026 2:00,Sylhet,Habiganj,Nabiganj,24.4,97,0.9,0.4578,Medium
4/20/2026 4:00,Sylhet,Habiganj,Nabiganj,22.6,97,0.8,0.431,Low
4/20/2026 6:00,Sylhet,Habiganj,Nabiganj,23.8,99,0.1,0.7548,High
4/20/2026 8:00,Sylhet,Habiganj,Nabiganj,25.5,92,0,0.7665,High
4/20/2026 10:00,Sylhet,Habiganj,Nabiganj,28.2,82,0.2,0.9365,High
4/20/2026 12:00,Sylhet,Habiganj,Nabiganj,31.7,68,0,0.9615,High
4/20/2026 14:00,Sylhet,Habiganj,Nabiganj,32.9,61,0,1,High
4/20/2026 16:00,Sylhet,Habiganj,Nabiganj,33,62,0,1,High
4/20/2026 18:00,Sylhet,Habiganj,Nabiganj,27.1,90,7.5,1,High
4/20/2026 20:00,Sylhet,Habiganj,Nabiganj,26.7,87,0,1,High
4/20/2026 22:00,Sylhet,Habiganj,Nabiganj,27.5,83,0,0.6785,Medium
4/21/2026 0:00,Sylhet,Habiganj,Nabiganj,26,92,0.2,0.4735,Medium
4/21/2026 2:00,Sylhet,Habiganj,Nabiganj,26.2,96,0.2,0.4845,Medium
4/21/2026 4:00,Sylhet,Habiganj,Nabiganj,26.2,96,0.2,0.4845,Medium
4/21/2026 6:00,Sylhet,Habiganj,Nabiganj,25.1,94,0.3,0.7637,High
4/21/2026 8:00,Sylhet,Habiganj,Nabiganj,27,85,0.2,0.7745,High
4/21/2026 10:00,Sylhet,Habiganj,Nabiganj,30.1,74,0.3,0.9488,High
4/21/2026 12:00,Sylhet,Habiganj,Nabiganj,32.2,62,0,0.957,High
4/21/2026 14:00,Sylhet,Habiganj,Nabiganj,32.2,62,0.4,1,High
4/21/2026 16:00,Sylhet,Habiganj,Nabiganj,31.4,68,0,1,High
4/21/2026 18:00,Sylhet,Habiganj,Nabiganj,30.2,70,0,1,High
4/21/2026 20:00,Sylhet,Habiganj,Nabiganj,29.3,73,0,1,High
4/21/2026 22:00,Sylhet,Habiganj,Nabiganj,28,82,0,0.684,Medium
4/22/2026 0:00,Sylhet,Habiganj,Nabiganj,26.4,90,0,0.476,Medium
4/22/2026 2:00,Sylhet,Habiganj,Nabiganj,23,99,1.5,0.4392,Low
4/22/2026 4:00,Sylhet,Habiganj,Nabiganj,24.3,95,0,0.4545,Medium
4/22/2026 6:00,Sylhet,Habiganj,Nabiganj,21.5,98,0,0.7185,High
4/22/2026 8:00,Sylhet,Habiganj,Nabiganj,23.4,91,0,0.733,High
4/22/2026 10:00,Sylhet,Habiganj,Nabiganj,26.5,84,0.1,0.9152,High
4/22/2026 12:00,Sylhet,Habiganj,Nabiganj,30.5,71,0,0.9495,High
4/22/2026 14:00,Sylhet,Habiganj,Nabiganj,33.5,57,0,1,High
4/22/2026 16:00,Sylhet,Habiganj,Nabiganj,33,61,0,1,High
4/22/2026 18:00,Sylhet,Habiganj,Nabiganj,29.8,65,0,1,High
4/22/2026 20:00,Sylhet,Habiganj,Nabiganj,25,79,0,1,High
4/22/2026 22:00,Sylhet,Habiganj,Nabiganj,24.1,84,0,0.6295,Medium
4/23/2026 0:00,Sylhet,Habiganj,Nabiganj,23,92,0,0.429,Low
4/23/2026 2:00,Sylhet,Habiganj,Nabiganj,23.5,93,0,0.4385,Low
4/23/2026 4:00,Sylhet,Habiganj,Nabiganj,24.3,92,0,0.4485,Low
4/23/2026 6:00,Sylhet,Habiganj,Nabiganj,24.5,92,0,0.7515,High
4/23/2026 8:00,Sylhet,Habiganj,Nabiganj,26.1,90,0,0.7715,High
4/23/2026 10:00,Sylhet,Habiganj,Nabiganj,29.9,73,0.2,0.944,High
4/23/2026 12:00,Sylhet,Habiganj,Nabiganj,30.1,71,0,0.9435,High
4/23/2026 14:00,Sylhet,Habiganj,Nabiganj,31.1,68,0.1,1,High
4/23/2026 16:00,Sylhet,Habiganj,Nabiganj,31.8,65,0,1,High
4/23/2026 18:00,Sylhet,Habiganj,Nabiganj,30,80,0,1,High
4/23/2026 20:00,Sylhet,Habiganj,Nabiganj,27.9,83,0,1,High
4/23/2026 22:00,Sylhet,Habiganj,Nabiganj,26.8,87,0,0.676,Medium
4/24/2026 0:00,Sylhet,Habiganj,Nabiganj,26,91,0,0.472,Medium
4/24/2026 2:00,Sylhet,Habiganj,Nabiganj,25.9,90,0,0.4685,Medium
4/24/2026 4:00,Sylhet,Habiganj,Nabiganj,25.1,94,0,0.4645,Medium
4/24/2026 6:00,Sylhet,Habiganj,Nabiganj,25.6,97,0,0.778,High
4/24/2026 8:00,Sylhet,Habiganj,Nabiganj,28.6,84,0,0.797,High
4/24/2026 10:00,Sylhet,Habiganj,Nabiganj,30.9,73,0,0.9595,High
4/24/2026 12:00,Sylhet,Habiganj,Nabiganj,32,65,0,0.96,High
4/24/2026 14:00,Sylhet,Habiganj,Nabiganj,33,62,0,1,High
4/24/2026 16:00,Sylhet,Habiganj,Nabiganj,33,60,0,1,High
4/24/2026 18:00,Sylhet,Habiganj,Nabiganj,30.7,76,0,1,High
4/24/2026 20:00,Sylhet,Habiganj,Nabiganj,28.2,83,0,1,High
4/24/2026 22:00,Sylhet,Habiganj,Nabiganj,26.9,87,0,0.6775,Medium
4/25/2026 0:00,Sylhet,Habiganj,Nabiganj,26,94,0,0.478,Medium
4/25/2026 2:00,Sylhet,Habiganj,Nabiganj,25.8,94,0,0.475,Medium
4/25/2026 4:00,Sylhet,Habiganj,Nabiganj,25,95,0,0.465,Medium
4/25/2026 6:00,Sylhet,Habiganj,Nabiganj,26,92,0,0.774,High
4/25/2026 8:00,Sylhet,Habiganj,Nabiganj,28.7,87,0,0.8045,High
4/25/2026 10:00,Sylhet,Habiganj,Nabiganj,27.5,85,0,0.9325,High
4/25/2026 12:00,Sylhet,Habiganj,Nabiganj,31,74,0,0.963,High
4/25/2026 14:00,Sylhet,Habiganj,Nabiganj,32.8,64,0,1,High
4/25/2026 16:00,Sylhet,Habiganj,Nabiganj,33,62,0,1,High
4/25/2026 18:00,Sylhet,Habiganj,Nabiganj,30,79,0,1,High
4/25/2026 20:00,Sylhet,Habiganj,Nabiganj,27.3,84,0,1,High
4/25/2026 22:00,Sylhet,Habiganj,Nabiganj,26,90,0,0.67,Medium
4/26/2026 0:00,Sylhet,Habiganj,Nabiganj,25.6,92,0,0.468,Medium
4/26/2026 2:00,Sylhet,Habiganj,Nabiganj,26.1,87,0,0.4655,Medium
4/26/2026 4:00,Sylhet,Habiganj,Nabiganj,25.4,88,0,0.457,Medium
4/26/2026 6:00,Sylhet,Habiganj,Nabiganj,23.4,96,0,0.743,High
4/26/2026 8:00,Sylhet,Habiganj,Nabiganj,25.1,89,0,0.7545,High
4/26/2026 10:00,Sylhet,Habiganj,Nabiganj,28.5,73,0,0.9235,High
4/26/2026 12:00,Sylhet,Habiganj,Nabiganj,29.4,62,0,0.915,High
4/26/2026 14:00,Sylhet,Habiganj,Nabiganj,30.4,61,0.1,1,High
4/26/2026 16:00,Sylhet,Habiganj,Nabiganj,27.4,76,2.9,1,High
4/26/2026 18:00,Sylhet,Habiganj,Nabiganj,25.1,85,0,1,High
4/26/2026 20:00,Sylhet,Habiganj,Nabiganj,24.7,86,0,1,High
4/26/2026 22:00,Sylhet,Habiganj,Nabiganj,24.7,86,0,0.6425,Medium
4/27/2026 0:00,Sylhet,Habiganj,Nabiganj,23,91,0,0.427,Low
4/27/2026 2:00,Sylhet,Habiganj,Nabiganj,22.4,94,0,0.424,Low
4/27/2026 4:00,Sylhet,Habiganj,Nabiganj,23.2,90,0,0.428,Low
4/27/2026 6:00,Sylhet,Habiganj,Nabiganj,19.8,94,0.8,0.686,Medium
4/27/2026 8:00,Sylhet,Habiganj,Nabiganj,20.4,95,8.8,0.674,Medium
4/27/2026 10:00,Sylhet,Habiganj,Nabiganj,23.5,93,0.1,0.8882,High
4/27/2026 12:00,Sylhet,Habiganj,Nabiganj,24.8,79,0.4,0.879,High
4/27/2026 14:00,Sylhet,Habiganj,Nabiganj,26,75,0.2,0.9895,High
4/27/2026 16:00,Sylhet,Habiganj,Nabiganj,25.9,83,0.1,1,High
4/27/2026 18:00,Sylhet,Habiganj,Nabiganj,23.8,91,12.2,1,High
4/27/2026 20:00,Sylhet,Habiganj,Nabiganj,22.6,95,1.4,1,High
4/27/2026 22:00,Sylhet,Habiganj,Nabiganj,22,98,0.2,0.6255,Medium
4/28/2026 0:00,Sylhet,Habiganj,Nabiganj,21.9,96,0.1,0.4202,Low
4/28/2026 2:00,Sylhet,Habiganj,Nabiganj,21.8,96,0,0.419,Low
4/28/2026 4:00,Sylhet,Habiganj,Nabiganj,21.2,97,10.5,0.3857,Low
4/28/2026 6:00,Sylhet,Habiganj,Nabiganj,22.2,96,3.5,0.7162,High
4/28/2026 8:00,Sylhet,Habiganj,Nabiganj,23.9,93,0.1,0.7442,High
4/28/2026 10:00,Sylhet,Habiganj,Nabiganj,23,96,0.7,0.8852,High
4/28/2026 12:00,Sylhet,Habiganj,Nabiganj,22.2,94,5.1,0.8582,High
4/28/2026 14:00,Sylhet,Habiganj,Nabiganj,23.8,91,0.6,0.9875,High
4/28/2026 16:00,Sylhet,Habiganj,Nabiganj,25.9,83,0.6,1,High
4/28/2026 18:00,Sylhet,Habiganj,Nabiganj,23.1,92,0.5,1,High
4/28/2026 20:00,Sylhet,Habiganj,Nabiganj,23,91,0,1,High
4/28/2026 22:00,Sylhet,Habiganj,Nabiganj,23,94,0.1,0.6328,Medium
4/29/2026 0:00,Sylhet,Habiganj,Nabiganj,22.5,92,0.1,0.4212,Low
4/29/2026 2:00,Sylhet,Habiganj,Nabiganj,22,96,7,0.4045,Low
4/29/2026 4:00,Sylhet,Habiganj,Nabiganj,21.5,97,4.5,0.4052,Low
4/29/2026 6:00,Sylhet,Habiganj,Nabiganj,21.8,98,1.3,0.7198,High
4/29/2026 8:00,Sylhet,Habiganj,Nabiganj,22,96,3.7,0.7128,High
4/29/2026 10:00,Sylhet,Habiganj,Nabiganj,22,93,4,0.856,High
4/29/2026 12:00,Sylhet,Habiganj,Nabiganj,21,95,0.2,0.8545,High
4/29/2026 14:00,Sylhet,Habiganj,Nabiganj,23,86,0,0.967,High
4/29/2026 16:00,Sylhet,Habiganj,Nabiganj,23.2,85,0,0.968,High
4/29/2026 18:00,Sylhet,Habiganj,Nabiganj,22,88,0,1,High
4/29/2026 20:00,Sylhet,Habiganj,Nabiganj,21.1,92,0,1,High
4/29/2026 22:00,Sylhet,Habiganj,Nabiganj,20.1,96,0,0.5935,Medium
4/30/2026 0:00,Sylhet,Habiganj,Nabiganj,21,96,0,0.407,Low
4/30/2026 2:00,Sylhet,Habiganj,Nabiganj,20.9,96,0.2,0.405,Low
4/30/2026 4:00,Sylhet,Habiganj,Nabiganj,21,94,0.1,0.4028,Low
4/30/2026 6:00,Sylhet,Habiganj,Nabiganj,20.8,96,0,0.704,High
4/30/2026 8:00,Sylhet,Habiganj,Nabiganj,21.5,95,0.7,0.7107,High
4/30/2026 10:00,Sylhet,Habiganj,Nabiganj,24.4,78,0,0.872,High
4/30/2026 12:00,Sylhet,Habiganj,Nabiganj,27.2,66,0,0.89,High
4/30/2026 14:00,Sylhet,Habiganj,Nabiganj,29.1,56,0,0.9985,High
4/30/2026 16:00,Sylhet,Habiganj,Nabiganj,28,63,0.1,0.9958,High
4/30/2026 18:00,Sylhet,Habiganj,Nabiganj,26,81,0,1,High
4/30/2026 20:00,Sylhet,Habiganj,Nabiganj,24,87,0.3,1,High
4/30/2026 22:00,Sylhet,Habiganj,Nabiganj,22.9,93,0,0.6295,Medium
5/1/2026 0:00,Sylhet,Habiganj,Nabiganj,22.5,94,0.1,0.4252,Low
5/1/2026 2:00,Sylhet,Habiganj,Nabiganj,22.4,91,0,0.418,Low
5/1/2026 4:00,Sylhet,Habiganj,Nabiganj,21.6,91,0,0.406,Low
5/1/2026 6:00,Sylhet,Habiganj,Nabiganj,21.9,96,3,0.713,High
5/1/2026 8:00,Sylhet,Habiganj,Nabiganj,21.9,96,2.5,0.7142,High
5/1/2026 10:00,Sylhet,Habiganj,Nabiganj,22,93,1.3,0.8628,High
5/1/2026 12:00,Sylhet,Habiganj,Nabiganj,23.2,90,8.7,0.8562,High
5/1/2026 14:00,Sylhet,Habiganj,Nabiganj,22.4,92,3.4,0.9615,High
5/1/2026 16:00,Sylhet,Habiganj,Nabiganj,23.7,89,0.3,0.9828,High
5/1/2026 18:00,Sylhet,Habiganj,Nabiganj,22.6,94,0.7,1,High
5/1/2026 20:00,Sylhet,Habiganj,Nabiganj,21.7,95,0,1,High
5/1/2026 22:00,Sylhet,Habiganj,Nabiganj,21,98,0,0.611,Medium
5/2/2026 0:00,Sylhet,Habiganj,Nabiganj,21.5,96,1.1,0.4118,Low
5/2/2026 2:00,Sylhet,Habiganj,Nabiganj,21,97,0.3,0.4083,Low
5/2/2026 4:00,Sylhet,Habiganj,Nabiganj,20.1,98,0.7,0.3958,Low
5/2/2026 6:00,Sylhet,Habiganj,Nabiganj,20.7,97,1,0.702,High
5/2/2026 8:00,Sylhet,Habiganj,Nabiganj,22.5,89,0.2,0.715,High
5/2/2026 10:00,Sylhet,Habiganj,Nabiganj,24.6,80,0,0.879,High
5/2/2026 12:00,Sylhet,Habiganj,Nabiganj,23,89,0.1,0.8728,High
5/2/2026 14:00,Sylhet,Habiganj,Nabiganj,25.3,78,0.3,0.9848,High
5/2/2026 16:00,Sylhet,Habiganj,Nabiganj,22.7,87,0.6,0.963,High
5/2/2026 18:00,Sylhet,Habiganj,Nabiganj,22.5,88,0.1,1,High
5/2/2026 20:00,Sylhet,Habiganj,Nabiganj,22.5,92,0,1,High
5/2/2026 22:00,Sylhet,Habiganj,Nabiganj,22,94,0,0.618,Medium
5/3/2026 0:00,Sylhet,Habiganj,Nabiganj,22.4,93,0,0.422,Low
5/3/2026 2:00,Sylhet,Habiganj,Nabiganj,21.8,93,0.1,0.4128,Low
5/3/2026 4:00,Sylhet,Habiganj,Nabiganj,20.9,95,0,0.4035,Low
5/3/2026 6:00,Sylhet,Habiganj,Nabiganj,20.6,95,0.1,0.6988,Medium
5/3/2026 8:00,Sylhet,Habiganj,Nabiganj,23,85,0,0.715,High
5/3/2026 10:00,Sylhet,Habiganj,Nabiganj,25.6,75,0,0.884,High
5/3/2026 12:00,Sylhet,Habiganj,Nabiganj,28,70,0.1,0.9098,High
5/3/2026 14:00,Sylhet,Habiganj,Nabiganj,25,83,0.1,0.9907,High
5/3/2026 16:00,Sylhet,Habiganj,Nabiganj,28.2,73,0,1,High
5/3/2026 18:00,Sylhet,Habiganj,Nabiganj,25.3,88,0,1,High
5/3/2026 20:00,Sylhet,Habiganj,Nabiganj,23.9,91,0,1,High
5/3/2026 22:00,Sylhet,Habiganj,Nabiganj,23.3,94,0,0.6375,Medium
5/4/2026 0:00,Sylhet,Habiganj,Nabiganj,21.9,97,0,0.4225,Low
5/4/2026 2:00,Sylhet,Habiganj,Nabiganj,22,95,0.1,0.4198,Low
5/4/2026 4:00,Sylhet,Habiganj,Nabiganj,21.2,98,0,0.414,Low
5/4/2026 6:00,Sylhet,Habiganj,Nabiganj,22.3,98,6.3,0.7147,High
5/4/2026 8:00,Sylhet,Habiganj,Nabiganj,22.8,94,2,0.725,High
5/4/2026 10:00,Sylhet,Habiganj,Nabiganj,25,85,0.2,0.8945,High
5/4/2026 12:00,Sylhet,Habiganj,Nabiganj,26.6,73,0,0.895,High
5/4/2026 14:00,Sylhet,Habiganj,Nabiganj,28.2,66,0,1,High
5/4/2026 16:00,Sylhet,Habiganj,Nabiganj,29,63,0,1,High
5/4/2026 18:00,Sylhet,Habiganj,Nabiganj,26.8,83,0,1,High
5/4/2026 20:00,Sylhet,Habiganj,Nabiganj,24.1,92,0,1,High
5/4/2026 22:00,Sylhet,Habiganj,Nabiganj,23.1,95,0,0.6365,Medium
5/5/2026 0:00,Sylhet,Habiganj,Nabiganj,23,96,0,0.437,Low
5/5/2026 2:00,Sylhet,Habiganj,Nabiganj,23.4,96,0,0.443,Low
5/5/2026 4:00,Sylhet,Habiganj,Nabiganj,22,98,0,0.426,Low
5/5/2026 6:00,Sylhet,Habiganj,Nabiganj,23.2,90,0,0.728,High
5/5/2026 8:00,Sylhet,Habiganj,Nabiganj,25.8,86,0,0.759,High
5/5/2026 10:00,Sylhet,Habiganj,Nabiganj,29,72,0,0.929,High
5/5/2026 12:00,Sylhet,Habiganj,Nabiganj,30.6,63,0,0.935,High
5/5/2026 14:00,Sylhet,Habiganj,Nabiganj,31.5,57,0,1,High
5/5/2026 16:00,Sylhet,Habiganj,Nabiganj,30.2,61,0,1,High
5/5/2026 18:00,Sylhet,Habiganj,Nabiganj,27.4,74,0,1,High
5/5/2026 20:00,Sylhet,Habiganj,Nabiganj,25.8,76,0,1,High
5/5/2026 22:00,Sylhet,Habiganj,Nabiganj,24.4,88,0,0.642,Medium
5/6/2026 0:00,Sylhet,Habiganj,Nabiganj,24.1,95,0,0.4515,Medium
5/6/2026 2:00,Sylhet,Habiganj,Nabiganj,23.8,96,0,0.449,Low
5/6/2026 4:00,Sylhet,Habiganj,Nabiganj,23,98,0,0.441,Low
5/6/2026 6:00,Sylhet,Habiganj,Nabiganj,23.8,93,0,0.743,High
5/6/2026 8:00,Sylhet,Habiganj,Nabiganj,26.5,83,0,0.7635,High
5/6/2026 10:00,Sylhet,Habiganj,Nabiganj,28.4,75,0,0.926,High
5/6/2026 12:00,Sylhet,Habiganj,Nabiganj,28.9,73,0,0.9295,High
5/6/2026 14:00,Sylhet,Habiganj,Nabiganj,30.2,67,0,1,High
5/6/2026 16:00,Sylhet,Habiganj,Nabiganj,30.6,66,0,1,High
5/6/2026 18:00,Sylhet,Habiganj,Nabiganj,28.2,72,1,1,High
5/6/2026 20:00,Sylhet,Habiganj,Nabiganj,24.6,93,5.6,1,High
5/6/2026 22:00,Sylhet,Habiganj,Nabiganj,24,95,0.4,0.649,Medium
5/7/2026 0:00,Sylhet,Habiganj,Nabiganj,23.5,98,0,0.4485,Low
5/7/2026 2:00,Sylhet,Habiganj,Nabiganj,23.3,99,0,0.4475,Low
5/7/2026 4:00,Sylhet,Habiganj,Nabiganj,23,98,0,0.441,Low
5/7/2026 6:00,Sylhet,Habiganj,Nabiganj,21.5,97,0.2,0.716,High
5/7/2026 8:00,Sylhet,Habiganj,Nabiganj,24.4,84,0,0.734,High
5/7/2026 10:00,Sylhet,Habiganj,Nabiganj,26.8,78,0,0.908,High
5/7/2026 12:00,Sylhet,Habiganj,Nabiganj,28.9,66,0.2,0.915,High
5/7/2026 14:00,Sylhet,Habiganj,Nabiganj,30.2,62,0,1,High
5/7/2026 16:00,Sylhet,Habiganj,Nabiganj,30.4,59,0,1,High
5/7/2026 18:00,Sylhet,Habiganj,Nabiganj,28.6,72,0,1,High
5/7/2026 20:00,Sylhet,Habiganj,Nabiganj,25.9,81,0,1,High
5/7/2026 22:00,Sylhet,Habiganj,Nabiganj,25.2,85,0,0.648,Medium
5/8/2026 0:00,Sylhet,Habiganj,Nabiganj,25,88,0,0.451,Medium
5/8/2026 2:00,Sylhet,Habiganj,Nabiganj,24.9,89,0,0.4515,Medium
5/8/2026 4:00,Sylhet,Habiganj,Nabiganj,23.9,94,0,0.4465,Low
5/8/2026 6:00,Sylhet,Habiganj,Nabiganj,23.9,94,0,0.7465,High
5/8/2026 8:00,Sylhet,Habiganj,Nabiganj,28,79,0,0.778,High
5/8/2026 10:00,Sylhet,Habiganj,Nabiganj,30.6,60,0,0.929,High
5/8/2026 12:00,Sylhet,Habiganj,Nabiganj,29.6,64,0.1,0.9218,High
5/8/2026 14:00,Sylhet,Habiganj,Nabiganj,30.5,61,0,1,High
5/8/2026 16:00,Sylhet,Habiganj,Nabiganj,30.8,58,0,1,High
5/8/2026 18:00,Sylhet,Habiganj,Nabiganj,29,66,0,1,High
5/8/2026 20:00,Sylhet,Habiganj,Nabiganj,26.3,74,0,1,High
5/8/2026 22:00,Sylhet,Habiganj,Nabiganj,25.3,80,0,0.6395,Medium
5/9/2026 0:00,Sylhet,Habiganj,Nabiganj,25,82,0,0.439,Low
5/9/2026 2:00,Sylhet,Habiganj,Nabiganj,24.9,83,0,0.4395,Low
5/9/2026 4:00,Sylhet,Habiganj,Nabiganj,23.6,87,0,0.428,Low
5/9/2026 6:00,Sylhet,Habiganj,Nabiganj,23.8,91,0,0.739,High
5/9/2026 8:00,Sylhet,Habiganj,Nabiganj,27,80,0,0.765,High
5/9/2026 10:00,Sylhet,Habiganj,Nabiganj,30,60,0,0.92,High
5/9/2026 12:00,Sylhet,Habiganj,Nabiganj,31.7,50,0,0.9255,High
5/9/2026 14:00,Sylhet,Habiganj,Nabiganj,33,46,0,1,High
5/9/2026 16:00,Sylhet,Habiganj,Nabiganj,32.5,49,0,1,High
5/9/2026 18:00,Sylhet,Habiganj,Nabiganj,30.2,68,0,1,High
5/9/2026 20:00,Sylhet,Habiganj,Nabiganj,27,75,0,1,High
5/9/2026 22:00,Sylhet,Habiganj,Nabiganj,26.1,78,0,0.6475,Medium
5/10/2026 0:00,Sylhet,Habiganj,Nabiganj,26,81,0,0.452,Medium
5/10/2026 2:00,Sylhet,Habiganj,Nabiganj,26.1,76,0,0.4435,Low
5/10/2026 4:00,Sylhet,Habiganj,Nabiganj,24.9,82,0,0.4375,Low
5/10/2026 6:00,Sylhet,Habiganj,Nabiganj,25.2,83,0,0.744,High
5/10/2026 8:00,Sylhet,Habiganj,Nabiganj,28.9,74,0,0.7815,High
5/10/2026 10:00,Sylhet,Habiganj,Nabiganj,31,66,0,0.947,High
5/10/2026 12:00,Sylhet,Habiganj,Nabiganj,32.5,51,0,0.9395,High
5/10/2026 14:00,Sylhet,Habiganj,Nabiganj,26.1,77,1,0.993,High
5/10/2026 16:00,Sylhet,Habiganj,Nabiganj,27.5,73,0,1,High
5/10/2026 18:00,Sylhet,Habiganj,Nabiganj,25.1,82,0,1,High
5/10/2026 20:00,Sylhet,Habiganj,Nabiganj,24.2,90,0,1,High
5/10/2026 22:00,Sylhet,Habiganj,Nabiganj,24,91,0,0.642,Medium
5/11/2026 0:00,Sylhet,Habiganj,Nabiganj,23.9,91,0,0.4405,Low
5/11/2026 2:00,Sylhet,Habiganj,Nabiganj,23.7,91,0,0.4375,Low
5/11/2026 4:00,Sylhet,Habiganj,Nabiganj,22.7,95,0,0.4305,Low
5/11/2026 6:00,Sylhet,Habiganj,Nabiganj,22.4,91,0.1,0.7177,High
5/11/2026 8:00,Sylhet,Habiganj,Nabiganj,24.5,89,0,0.7455,High
5/11/2026 10:00,Sylhet,Habiganj,Nabiganj,27.3,74,0,0.9075,High
5/11/2026 12:00,Sylhet,Habiganj,Nabiganj,28.2,68,0,0.909,High
5/11/2026 14:00,Sylhet,Habiganj,Nabiganj,29,59,0.3,1,High
5/11/2026 16:00,Sylhet,Habiganj,Nabiganj,27.8,69,0,1,High
5/11/2026 18:00,Sylhet,Habiganj,Nabiganj,26.5,84,0,1,High
5/11/2026 20:00,Sylhet,Habiganj,Nabiganj,23.9,88,0.1,1,High
5/11/2026 22:00,Sylhet,Habiganj,Nabiganj,23.5,91,0,0.6345,Medium
5/12/2026 0:00,Sylhet,Habiganj,Nabiganj,23.7,92,0,0.4395,Low
5/12/2026 2:00,Sylhet,Habiganj,Nabiganj,22.6,96,0,0.431,Low
5/12/2026 4:00,Sylhet,Habiganj,Nabiganj,21.8,97,0,0.421,Low
5/12/2026 6:00,Sylhet,Habiganj,Nabiganj,23,94,0.4,0.732,High
5/12/2026 8:00,Sylhet,Habiganj,Nabiganj,25.7,84,0.2,0.753,High
5/12/2026 10:00,Sylhet,Habiganj,Nabiganj,28.1,76,0,0.9235,High
5/12/2026 12:00,Sylhet,Habiganj,Nabiganj,30,63,0.1,0.9258,High
5/12/2026 14:00,Sylhet,Habiganj,Nabiganj,30.5,59,0.1,1,High
5/12/2026 16:00,Sylhet,Habiganj,Nabiganj,30.4,58,0,1,High
5/12/2026 18:00,Sylhet,Habiganj,Nabiganj,29.6,71,0,1,High
5/12/2026 20:00,Sylhet,Habiganj,Nabiganj,27.5,78,0,1,High
5/12/2026 22:00,Sylhet,Habiganj,Nabiganj,25.9,85,0,0.6585,Medium
5/13/2026 0:00,Sylhet,Habiganj,Nabiganj,25.9,85,0,0.4585,Medium
5/13/2026 2:00,Sylhet,Habiganj,Nabiganj,23.2,95,0.1,0.4378,Low
5/13/2026 4:00,Sylhet,Habiganj,Nabiganj,22.8,96,0,0.434,Low
5/13/2026 6:00,Sylhet,Habiganj,Nabiganj,24,96,0,0.752,High
5/13/2026 8:00,Sylhet,Habiganj,Nabiganj,24.6,88,0.1,0.7448,High
5/13/2026 10:00,Sylhet,Habiganj,Nabiganj,28,76,0,0.922,High
5/13/2026 12:00,Sylhet,Habiganj,Nabiganj,29.9,70,0,0.9385,High
5/13/2026 14:00,Sylhet,Habiganj,Nabiganj,31,67,0,1,High
5/13/2026 16:00,Sylhet,Habiganj,Nabiganj,30.8,66,0.1,1,High
5/13/2026 18:00,Sylhet,Habiganj,Nabiganj,29.1,77,0,1,High
5/13/2026 20:00,Sylhet,Habiganj,Nabiganj,27,87,0,1,High
5/13/2026 22:00,Sylhet,Habiganj,Nabiganj,26.1,95,0.2,0.681,Medium
4/13/2026 0:00,Sylhet,Maulvibazar,Barlekha,21.9,90,0,0.4085,Low
4/13/2026 2:00,Sylhet,Maulvibazar,Barlekha,22.2,91,0.5,0.4138,Low
4/13/2026 4:00,Sylhet,Maulvibazar,Barlekha,20.9,96,0.4,0.4045,Low
4/13/2026 6:00,Sylhet,Maulvibazar,Barlekha,21,93,0,0.701,High
4/13/2026 8:00,Sylhet,Maulvibazar,Barlekha,21.9,90,0.2,0.708,High
4/13/2026 10:00,Sylhet,Maulvibazar,Barlekha,25,80,0.1,0.8848,High
4/13/2026 12:00,Sylhet,Maulvibazar,Barlekha,28,70,0,0.91,High
4/13/2026 14:00,Sylhet,Maulvibazar,Barlekha,30.1,64,0,1,High
4/13/2026 16:00,Sylhet,Maulvibazar,Barlekha,28,73,1.3,1,High
4/13/2026 18:00,Sylhet,Maulvibazar,Barlekha,27,82,0,1,High
4/13/2026 20:00,Sylhet,Maulvibazar,Barlekha,24.7,93,0,1,High
4/13/2026 22:00,Sylhet,Maulvibazar,Barlekha,23.9,85,0,0.6285,Medium
4/14/2026 0:00,Sylhet,Maulvibazar,Barlekha,23.9,85,0,0.4285,Low
4/14/2026 2:00,Sylhet,Maulvibazar,Barlekha,20.7,99,6,0.3935,Low
4/14/2026 4:00,Sylhet,Maulvibazar,Barlekha,21.6,95,0,0.414,Low
4/14/2026 6:00,Sylhet,Maulvibazar,Barlekha,21.5,98,2.7,0.7117,High
4/14/2026 8:00,Sylhet,Maulvibazar,Barlekha,23.8,90,0.1,0.7368,High
4/14/2026 10:00,Sylhet,Maulvibazar,Barlekha,28.1,72,0,0.9155,High
4/14/2026 12:00,Sylhet,Maulvibazar,Barlekha,29.2,71,0,0.93,High
4/14/2026 14:00,Sylhet,Maulvibazar,Barlekha,31,64,0,1,High
4/14/2026 16:00,Sylhet,Maulvibazar,Barlekha,30.8,63,0,1,High
4/14/2026 18:00,Sylhet,Maulvibazar,Barlekha,27,85,0.2,1,High
4/14/2026 20:00,Sylhet,Maulvibazar,Barlekha,25.4,90,0,1,High
4/14/2026 22:00,Sylhet,Maulvibazar,Barlekha,24.2,95,0.4,0.652,Medium
4/15/2026 0:00,Sylhet,Maulvibazar,Barlekha,21.8,99,0.8,0.423,Low
4/15/2026 2:00,Sylhet,Maulvibazar,Barlekha,21.8,98,6.2,0.4075,Low
4/15/2026 4:00,Sylhet,Maulvibazar,Barlekha,21.2,97,0,0.412,Low
4/15/2026 6:00,Sylhet,Maulvibazar,Barlekha,21.4,93,0,0.707,High
4/15/2026 8:00,Sylhet,Maulvibazar,Barlekha,23.2,87,0,0.722,High
4/15/2026 10:00,Sylhet,Maulvibazar,Barlekha,27.2,75,0,0.908,High
4/15/2026 12:00,Sylhet,Maulvibazar,Barlekha,29.6,65,0,0.924,High
4/15/2026 14:00,Sylhet,Maulvibazar,Barlekha,31.2,61,0,1,High
4/15/2026 16:00,Sylhet,Maulvibazar,Barlekha,31.5,60,0,1,High
4/15/2026 18:00,Sylhet,Maulvibazar,Barlekha,27.8,77,0,1,High
4/15/2026 20:00,Sylhet,Maulvibazar,Barlekha,23.7,94,0,1,High
4/15/2026 22:00,Sylhet,Maulvibazar,Barlekha,21.5,97,8.1,0.5962,Medium
4/16/2026 0:00,Sylhet,Maulvibazar,Barlekha,20.7,99,7.9,0.3888,Low
4/16/2026 2:00,Sylhet,Maulvibazar,Barlekha,20.8,95,4.7,0.3903,Low
4/16/2026 4:00,Sylhet,Maulvibazar,Barlekha,20.8,91,0,0.394,Low
4/16/2026 6:00,Sylhet,Maulvibazar,Barlekha,21.6,99,15,0.6845,Medium
4/16/2026 8:00,Sylhet,Maulvibazar,Barlekha,23.8,89,0,0.735,High
4/16/2026 10:00,Sylhet,Maulvibazar,Barlekha,27.3,77,0,0.9135,High
4/16/2026 12:00,Sylhet,Maulvibazar,Barlekha,28.6,72,0,0.923,High
4/16/2026 14:00,Sylhet,Maulvibazar,Barlekha,29.9,66,0.1,1,High
4/16/2026 16:00,Sylhet,Maulvibazar,Barlekha,30,65,0.1,1,High
4/16/2026 18:00,Sylhet,Maulvibazar,Barlekha,27.5,82,0,1,High
4/16/2026 20:00,Sylhet,Maulvibazar,Barlekha,25.1,88,0,1,High
4/16/2026 22:00,Sylhet,Maulvibazar,Barlekha,22.5,94,2.6,0.619,Medium
4/17/2026 0:00,Sylhet,Maulvibazar,Barlekha,24,95,0,0.45,Medium
4/17/2026 2:00,Sylhet,Maulvibazar,Barlekha,22.3,98,8.1,0.4102,Low
4/17/2026 4:00,Sylhet,Maulvibazar,Barlekha,21.8,99,0,0.425,Low
4/17/2026 6:00,Sylhet,Maulvibazar,Barlekha,23.5,98,0,0.7485,High
4/17/2026 8:00,Sylhet,Maulvibazar,Barlekha,25.6,89,0,0.762,High
4/17/2026 10:00,Sylhet,Maulvibazar,Barlekha,27.9,77,0.1,0.9222,High
4/17/2026 12:00,Sylhet,Maulvibazar,Barlekha,31,69,0,0.953,High
4/17/2026 14:00,Sylhet,Maulvibazar,Barlekha,31.8,65,0,1,High
4/17/2026 16:00,Sylhet,Maulvibazar,Barlekha,31.5,64,0,1,High
4/17/2026 18:00,Sylhet,Maulvibazar,Barlekha,27.9,84,0.1,1,High
4/17/2026 20:00,Sylhet,Maulvibazar,Barlekha,26,93,0,1,High
4/17/2026 22:00,Sylhet,Maulvibazar,Barlekha,24.7,96,0,0.6625,Medium
4/18/2026 0:00,Sylhet,Maulvibazar,Barlekha,24.6,96,0,0.461,Medium
4/18/2026 2:00,Sylhet,Maulvibazar,Barlekha,23.4,98,0,0.447,Low
4/18/2026 4:00,Sylhet,Maulvibazar,Barlekha,23,98,0,0.441,Low
4/18/2026 6:00,Sylhet,Maulvibazar,Barlekha,24.3,96,0,0.7565,High
4/18/2026 8:00,Sylhet,Maulvibazar,Barlekha,26.6,89,0,0.777,High
4/18/2026 10:00,Sylhet,Maulvibazar,Barlekha,29.3,78,0,0.9455,High
4/18/2026 12:00,Sylhet,Maulvibazar,Barlekha,30.8,69,0,0.95,High
4/18/2026 14:00,Sylhet,Maulvibazar,Barlekha,31.5,66,0,1,High
4/18/2026 16:00,Sylhet,Maulvibazar,Barlekha,29.9,73,0,1,High
4/18/2026 18:00,Sylhet,Maulvibazar,Barlekha,28.2,87,0,1,High
4/18/2026 20:00,Sylhet,Maulvibazar,Barlekha,26.5,89,0,1,High
4/18/2026 22:00,Sylhet,Maulvibazar,Barlekha,25.7,94,0,0.6735,Medium
4/19/2026 0:00,Sylhet,Maulvibazar,Barlekha,25.7,94,0,0.4735,Medium
4/19/2026 2:00,Sylhet,Maulvibazar,Barlekha,23.1,98,0.3,0.4418,Low
4/19/2026 4:00,Sylhet,Maulvibazar,Barlekha,22.6,98,0,0.435,Low
4/19/2026 6:00,Sylhet,Maulvibazar,Barlekha,23.1,98,0,0.7425,High
4/19/2026 8:00,Sylhet,Maulvibazar,Barlekha,22.2,94,0.2,0.7205,High
4/19/2026 10:00,Sylhet,Maulvibazar,Barlekha,27.2,78,0,0.914,High
4/19/2026 12:00,Sylhet,Maulvibazar,Barlekha,28.6,73,0,0.925,High
4/19/2026 14:00,Sylhet,Maulvibazar,Barlekha,30.7,68,0,1,High
4/19/2026 16:00,Sylhet,Maulvibazar,Barlekha,30.6,69,0,1,High
4/19/2026 18:00,Sylhet,Maulvibazar,Barlekha,27.2,89,0.1,1,High
4/19/2026 20:00,Sylhet,Maulvibazar,Barlekha,25.8,93,0.1,1,High
4/19/2026 22:00,Sylhet,Maulvibazar,Barlekha,25,94,0,0.663,Medium
4/20/2026 0:00,Sylhet,Maulvibazar,Barlekha,23.5,98,0.5,0.4472,Low
4/20/2026 2:00,Sylhet,Maulvibazar,Barlekha,22.5,98,2.1,0.4282,Low
4/20/2026 4:00,Sylhet,Maulvibazar,Barlekha,22.2,98,3.7,0.4198,Low
4/20/2026 6:00,Sylhet,Maulvibazar,Barlekha,22.9,96,0.1,0.7352,High
4/20/2026 8:00,Sylhet,Maulvibazar,Barlekha,23,92,0,0.729,High
4/20/2026 10:00,Sylhet,Maulvibazar,Barlekha,27.6,81,0,0.926,High
4/20/2026 12:00,Sylhet,Maulvibazar,Barlekha,29.9,69,0.1,0.9362,High
4/20/2026 14:00,Sylhet,Maulvibazar,Barlekha,30.7,70,0.1,1,High
4/20/2026 16:00,Sylhet,Maulvibazar,Barlekha,30,76,0.1,1,High
4/20/2026 18:00,Sylhet,Maulvibazar,Barlekha,26.3,89,0,1,High
4/20/2026 20:00,Sylhet,Maulvibazar,Barlekha,27,84,0,1,High
4/20/2026 22:00,Sylhet,Maulvibazar,Barlekha,24.4,93,0,0.652,Medium
4/21/2026 0:00,Sylhet,Maulvibazar,Barlekha,21.9,99,0.9,0.4242,Low
4/21/2026 2:00,Sylhet,Maulvibazar,Barlekha,21.9,100,1.2,0.4255,Low
4/21/2026 4:00,Sylhet,Maulvibazar,Barlekha,22.2,98,0,0.429,Low
4/21/2026 6:00,Sylhet,Maulvibazar,Barlekha,23.5,97,0.2,0.746,High
4/21/2026 8:00,Sylhet,Maulvibazar,Barlekha,25.3,91,0,0.7615,High
4/21/2026 10:00,Sylhet,Maulvibazar,Barlekha,29.1,74,0.2,0.934,High
4/21/2026 12:00,Sylhet,Maulvibazar,Barlekha,31.8,63,0.1,0.9528,High
4/21/2026 14:00,Sylhet,Maulvibazar,Barlekha,31.6,64,0.8,1,High
4/21/2026 16:00,Sylhet,Maulvibazar,Barlekha,31.2,67,0,1,High
4/21/2026 18:00,Sylhet,Maulvibazar,Barlekha,30,72,0,1,High
4/21/2026 20:00,Sylhet,Maulvibazar,Barlekha,29.1,72,0,1,High
4/21/2026 22:00,Sylhet,Maulvibazar,Barlekha,27,83,0,0.671,Medium
4/22/2026 0:00,Sylhet,Maulvibazar,Barlekha,23.8,98,0,0.453,Medium
4/22/2026 2:00,Sylhet,Maulvibazar,Barlekha,21.2,98,4.1,0.4037,Low
4/22/2026 4:00,Sylhet,Maulvibazar,Barlekha,21.8,99,0,0.425,Low
4/22/2026 6:00,Sylhet,Maulvibazar,Barlekha,21,95,0,0.705,High
4/22/2026 8:00,Sylhet,Maulvibazar,Barlekha,22,92,0.2,0.7135,High
4/22/2026 10:00,Sylhet,Maulvibazar,Barlekha,25.4,84,0,0.899,High
4/22/2026 12:00,Sylhet,Maulvibazar,Barlekha,31,67,0,0.949,High
4/22/2026 14:00,Sylhet,Maulvibazar,Barlekha,33.2,57,0,1,High
4/22/2026 16:00,Sylhet,Maulvibazar,Barlekha,33.1,59,0,1,High
4/22/2026 18:00,Sylhet,Maulvibazar,Barlekha,29.5,69,1.9,1,High
4/22/2026 20:00,Sylhet,Maulvibazar,Barlekha,26.5,82,0,1,High
4/22/2026 22:00,Sylhet,Maulvibazar,Barlekha,24.3,90,0,0.6445,Medium
4/23/2026 0:00,Sylhet,Maulvibazar,Barlekha,23.2,97,0,0.442,Low
4/23/2026 2:00,Sylhet,Maulvibazar,Barlekha,23,99,0,0.443,Low
4/23/2026 4:00,Sylhet,Maulvibazar,Barlekha,22.4,98,0,0.432,Low
4/23/2026 6:00,Sylhet,Maulvibazar,Barlekha,23,93,0,0.731,High
4/23/2026 8:00,Sylhet,Maulvibazar,Barlekha,24.5,91,0,0.7495,High
4/23/2026 10:00,Sylhet,Maulvibazar,Barlekha,27.6,81,0,0.926,High
4/23/2026 12:00,Sylhet,Maulvibazar,Barlekha,27.6,76,0,0.916,High
4/23/2026 14:00,Sylhet,Maulvibazar,Barlekha,30.9,65,0,1,High
4/23/2026 16:00,Sylhet,Maulvibazar,Barlekha,30.9,64,0,1,High
4/23/2026 18:00,Sylhet,Maulvibazar,Barlekha,29.4,78,0,1,High
4/23/2026 20:00,Sylhet,Maulvibazar,Barlekha,27.8,81,0,1,High
4/23/2026 22:00,Sylhet,Maulvibazar,Barlekha,26.7,85,0,0.6705,Medium
4/24/2026 0:00,Sylhet,Maulvibazar,Barlekha,25.6,92,0,0.468,Medium
4/24/2026 2:00,Sylhet,Maulvibazar,Barlekha,24.6,96,0,0.461,Medium
4/24/2026 4:00,Sylhet,Maulvibazar,Barlekha,24,96,0,0.452,Medium
4/24/2026 6:00,Sylhet,Maulvibazar,Barlekha,24.8,97,0,0.766,High
4/24/2026 8:00,Sylhet,Maulvibazar,Barlekha,28.5,87,0,0.8015,High
4/24/2026 10:00,Sylhet,Maulvibazar,Barlekha,30.7,75,0.1,0.9602,High
4/24/2026 12:00,Sylhet,Maulvibazar,Barlekha,31.3,73,0,0.9655,High
4/24/2026 14:00,Sylhet,Maulvibazar,Barlekha,33,64,0,1,High
4/24/2026 16:00,Sylhet,Maulvibazar,Barlekha,33.2,59,0,1,High
4/24/2026 18:00,Sylhet,Maulvibazar,Barlekha,30.5,78,0,1,High
4/24/2026 20:00,Sylhet,Maulvibazar,Barlekha,27.6,86,0,1,High
4/24/2026 22:00,Sylhet,Maulvibazar,Barlekha,26,91,0,0.672,Medium
4/25/2026 0:00,Sylhet,Maulvibazar,Barlekha,25.5,94,0,0.4705,Medium
4/25/2026 2:00,Sylhet,Maulvibazar,Barlekha,25.1,96,0,0.4685,Medium
4/25/2026 4:00,Sylhet,Maulvibazar,Barlekha,24.3,97,0,0.4585,Medium
4/25/2026 6:00,Sylhet,Maulvibazar,Barlekha,25.6,96,0,0.776,High
4/25/2026 8:00,Sylhet,Maulvibazar,Barlekha,29.1,84,0,0.8045,High
4/25/2026 10:00,Sylhet,Maulvibazar,Barlekha,28.8,82,0,0.946,High
4/25/2026 12:00,Sylhet,Maulvibazar,Barlekha,32.2,69,0,0.971,High
4/25/2026 14:00,Sylhet,Maulvibazar,Barlekha,33,64,0,1,High
4/25/2026 16:00,Sylhet,Maulvibazar,Barlekha,33,61,0,1,High
4/25/2026 18:00,Sylhet,Maulvibazar,Barlekha,29.6,79,0,1,High
4/25/2026 20:00,Sylhet,Maulvibazar,Barlekha,27.4,82,0,1,High
4/25/2026 22:00,Sylhet,Maulvibazar,Barlekha,26.4,86,0,0.668,Medium
4/26/2026 0:00,Sylhet,Maulvibazar,Barlekha,26,90,0,0.47,Medium
4/26/2026 2:00,Sylhet,Maulvibazar,Barlekha,24.6,95,0,0.459,Medium
4/26/2026 4:00,Sylhet,Maulvibazar,Barlekha,24.6,94,0,0.457,Medium
4/26/2026 6:00,Sylhet,Maulvibazar,Barlekha,22.9,99,0,0.7415,High
4/26/2026 8:00,Sylhet,Maulvibazar,Barlekha,25.9,85,0,0.7585,High
4/26/2026 10:00,Sylhet,Maulvibazar,Barlekha,28.5,72,0.1,0.9212,High
4/26/2026 12:00,Sylhet,Maulvibazar,Barlekha,29.1,63,0,0.9125,High
4/26/2026 14:00,Sylhet,Maulvibazar,Barlekha,30.1,60,0.1,1,High
4/26/2026 16:00,Sylhet,Maulvibazar,Barlekha,26.7,78,3.2,0.9985,High
4/26/2026 18:00,Sylhet,Maulvibazar,Barlekha,24.9,85,0,1,High
4/26/2026 20:00,Sylhet,Maulvibazar,Barlekha,24.8,76,0,1,High
4/26/2026 22:00,Sylhet,Maulvibazar,Barlekha,24.2,83,0,0.629,Medium
4/27/2026 0:00,Sylhet,Maulvibazar,Barlekha,23.2,90,4.8,0.416,Low
4/27/2026 2:00,Sylhet,Maulvibazar,Barlekha,22.5,93,0,0.4235,Low
4/27/2026 4:00,Sylhet,Maulvibazar,Barlekha,22.6,92,0.1,0.4228,Low
4/27/2026 6:00,Sylhet,Maulvibazar,Barlekha,20,97,1.6,0.69,Medium
4/27/2026 8:00,Sylhet,Maulvibazar,Barlekha,20.6,98,2.1,0.6998,Medium
4/27/2026 10:00,Sylhet,Maulvibazar,Barlekha,22.4,93,0.2,0.8715,High
4/27/2026 12:00,Sylhet,Maulvibazar,Barlekha,24.3,81,0.1,0.8762,High
4/27/2026 14:00,Sylhet,Maulvibazar,Barlekha,26.7,74,0.1,0.9982,High
4/27/2026 16:00,Sylhet,Maulvibazar,Barlekha,25.8,79,0.1,0.9948,High
4/27/2026 18:00,Sylhet,Maulvibazar,Barlekha,22.9,92,4.3,1,High
4/27/2026 20:00,Sylhet,Maulvibazar,Barlekha,21.9,97,6.9,1,High
4/27/2026 22:00,Sylhet,Maulvibazar,Barlekha,21.5,98,7.8,0.599,Medium
4/28/2026 0:00,Sylhet,Maulvibazar,Barlekha,21.4,98,0.2,0.4165,Low
4/28/2026 2:00,Sylhet,Maulvibazar,Barlekha,21.5,96,0,0.4145,Low
4/28/2026 4:00,Sylhet,Maulvibazar,Barlekha,21.2,96,1.3,0.4068,Low
4/28/2026 6:00,Sylhet,Maulvibazar,Barlekha,22.1,96,2.5,0.7172,High
4/28/2026 8:00,Sylhet,Maulvibazar,Barlekha,21.7,95,23.4,0.6655,Medium
4/28/2026 10:00,Sylhet,Maulvibazar,Barlekha,22.5,97,1.7,0.8772,High
4/28/2026 12:00,Sylhet,Maulvibazar,Barlekha,23.7,86,15.3,0.8392,High
4/28/2026 14:00,Sylhet,Maulvibazar,Barlekha,23.6,91,0.1,0.9858,High
4/28/2026 16:00,Sylhet,Maulvibazar,Barlekha,23.1,94,3.2,0.9765,High
4/28/2026 18:00,Sylhet,Maulvibazar,Barlekha,23.1,95,0.1,1,High
4/28/2026 20:00,Sylhet,Maulvibazar,Barlekha,23,93,0,1,High
4/28/2026 22:00,Sylhet,Maulvibazar,Barlekha,22.3,96,0.9,0.6242,Medium
4/29/2026 0:00,Sylhet,Maulvibazar,Barlekha,22.5,92,0.2,0.421,Low
4/29/2026 2:00,Sylhet,Maulvibazar,Barlekha,22,95,0.3,0.4192,Low
4/29/2026 4:00,Sylhet,Maulvibazar,Barlekha,21.5,97,1.1,0.4138,Low
4/29/2026 6:00,Sylhet,Maulvibazar,Barlekha,21.5,97,6.1,0.7012,High
4/29/2026 8:00,Sylhet,Maulvibazar,Barlekha,21.8,96,3.1,0.7112,High
4/29/2026 10:00,Sylhet,Maulvibazar,Barlekha,22.6,96,2,0.876,High
4/29/2026 12:00,Sylhet,Maulvibazar,Barlekha,20.9,96,0.7,0.8537,High
4/29/2026 14:00,Sylhet,Maulvibazar,Barlekha,22.8,88,0,0.968,High
4/29/2026 16:00,Sylhet,Maulvibazar,Barlekha,23,87,0,0.969,High
4/29/2026 18:00,Sylhet,Maulvibazar,Barlekha,22.5,91,0,1,High
4/29/2026 20:00,Sylhet,Maulvibazar,Barlekha,21.2,97,0,1,High
4/29/2026 22:00,Sylhet,Maulvibazar,Barlekha,20.8,96,0,0.604,Medium
4/30/2026 0:00,Sylhet,Maulvibazar,Barlekha,21.4,92,0,0.405,Low
4/30/2026 2:00,Sylhet,Maulvibazar,Barlekha,21,93,1.1,0.3983,Low
4/30/2026 4:00,Sylhet,Maulvibazar,Barlekha,20.6,96,0.5,0.3998,Low
4/30/2026 6:00,Sylhet,Maulvibazar,Barlekha,20.6,97,0,0.703,High
4/30/2026 8:00,Sylhet,Maulvibazar,Barlekha,21.2,97,0.8,0.71,High
4/30/2026 10:00,Sylhet,Maulvibazar,Barlekha,23.1,89,0.1,0.8742,High
4/30/2026 12:00,Sylhet,Maulvibazar,Barlekha,25.5,74,0,0.8805,High
4/30/2026 14:00,Sylhet,Maulvibazar,Barlekha,28.8,58,0,0.998,High
4/30/2026 16:00,Sylhet,Maulvibazar,Barlekha,28.2,60,0,0.993,High
4/30/2026 18:00,Sylhet,Maulvibazar,Barlekha,25.6,86,0,1,High
4/30/2026 20:00,Sylhet,Maulvibazar,Barlekha,23.1,96,0.1,1,High
4/30/2026 22:00,Sylhet,Maulvibazar,Barlekha,22.6,96,0,0.631,Medium
5/1/2026 0:00,Sylhet,Maulvibazar,Barlekha,22.4,95,1.1,0.4232,Low
5/1/2026 2:00,Sylhet,Maulvibazar,Barlekha,21.4,95,0,0.411,Low
5/1/2026 4:00,Sylhet,Maulvibazar,Barlekha,21.2,95,0.1,0.4078,Low
5/1/2026 6:00,Sylhet,Maulvibazar,Barlekha,21.3,95,0.8,0.7075,High
5/1/2026 8:00,Sylhet,Maulvibazar,Barlekha,21.5,96,1.3,0.7112,High
5/1/2026 10:00,Sylhet,Maulvibazar,Barlekha,23.3,94,0.9,0.8852,High
5/1/2026 12:00,Sylhet,Maulvibazar,Barlekha,25.6,78,0.7,0.8883,High
5/1/2026 14:00,Sylhet,Maulvibazar,Barlekha,22.9,92,2.1,0.9722,High
5/1/2026 16:00,Sylhet,Maulvibazar,Barlekha,22.1,94,1.2,0.9665,High
5/1/2026 18:00,Sylhet,Maulvibazar,Barlekha,22.6,96,1.2,1,High
5/1/2026 20:00,Sylhet,Maulvibazar,Barlekha,21.5,97,0,1,High
5/1/2026 22:00,Sylhet,Maulvibazar,Barlekha,21.5,98,0,0.6185,Medium
5/2/2026 0:00,Sylhet,Maulvibazar,Barlekha,21.1,98,1.8,0.408,Low
5/2/2026 2:00,Sylhet,Maulvibazar,Barlekha,20.4,98,0.2,0.4015,Low
5/2/2026 4:00,Sylhet,Maulvibazar,Barlekha,20.1,98,4,0.3875,Low
5/2/2026 6:00,Sylhet,Maulvibazar,Barlekha,20.5,98,1.5,0.6997,Medium
5/2/2026 8:00,Sylhet,Maulvibazar,Barlekha,21.1,96,1.3,0.7052,High
5/2/2026 10:00,Sylhet,Maulvibazar,Barlekha,22.1,92,1.3,0.8622,High
5/2/2026 12:00,Sylhet,Maulvibazar,Barlekha,21.6,96,0.4,0.865,High
5/2/2026 14:00,Sylhet,Maulvibazar,Barlekha,22.8,90,0,0.972,High
5/2/2026 16:00,Sylhet,Maulvibazar,Barlekha,25.2,78,0.1,0.9838,High
5/2/2026 18:00,Sylhet,Maulvibazar,Barlekha,21.5,92,0.1,1,High
5/2/2026 20:00,Sylhet,Maulvibazar,Barlekha,21.4,96,0,1,High
5/2/2026 22:00,Sylhet,Maulvibazar,Barlekha,21.4,97,0,0.615,Medium
5/3/2026 0:00,Sylhet,Maulvibazar,Barlekha,21.5,97,0,0.4165,Low
5/3/2026 2:00,Sylhet,Maulvibazar,Barlekha,20.6,97,0,0.403,Low
5/3/2026 4:00,Sylhet,Maulvibazar,Barlekha,20.6,99,0.1,0.4068,Low
5/3/2026 6:00,Sylhet,Maulvibazar,Barlekha,20.6,98,0,0.705,High
5/3/2026 8:00,Sylhet,Maulvibazar,Barlekha,23,88,0.1,0.7208,High
5/3/2026 10:00,Sylhet,Maulvibazar,Barlekha,25.8,76,0.3,0.8882,High
5/3/2026 12:00,Sylhet,Maulvibazar,Barlekha,27.8,69,0,0.905,High
5/3/2026 14:00,Sylhet,Maulvibazar,Barlekha,24.5,85,0.4,0.9865,High
5/3/2026 16:00,Sylhet,Maulvibazar,Barlekha,28.9,65,0,1,High
5/3/2026 18:00,Sylhet,Maulvibazar,Barlekha,24,94,1.1,1,High
5/3/2026 20:00,Sylhet,Maulvibazar,Barlekha,23.4,96,0,1,High
5/3/2026 22:00,Sylhet,Maulvibazar,Barlekha,22.4,96,0,0.628,Medium
5/4/2026 0:00,Sylhet,Maulvibazar,Barlekha,22,98,0,0.426,Low
5/4/2026 2:00,Sylhet,Maulvibazar,Barlekha,21.3,96,0.7,0.4098,Low
5/4/2026 4:00,Sylhet,Maulvibazar,Barlekha,20.9,97,0,0.4075,Low
5/4/2026 6:00,Sylhet,Maulvibazar,Barlekha,21,99,1.2,0.71,High
5/4/2026 8:00,Sylhet,Maulvibazar,Barlekha,22.3,95,1.2,0.7215,High
5/4/2026 10:00,Sylhet,Maulvibazar,Barlekha,22.4,96,3.1,0.8702,High
5/4/2026 12:00,Sylhet,Maulvibazar,Barlekha,24.4,87,0,0.89,High
5/4/2026 14:00,Sylhet,Maulvibazar,Barlekha,28.4,70,0,1,High
5/4/2026 16:00,Sylhet,Maulvibazar,Barlekha,28.6,65,0,1,High
5/4/2026 18:00,Sylhet,Maulvibazar,Barlekha,26.6,81,0,1,High
5/4/2026 20:00,Sylhet,Maulvibazar,Barlekha,24.1,88,0,1,High
5/4/2026 22:00,Sylhet,Maulvibazar,Barlekha,23.2,89,0,0.626,Medium
5/5/2026 0:00,Sylhet,Maulvibazar,Barlekha,22.4,94,0,0.424,Low
5/5/2026 2:00,Sylhet,Maulvibazar,Barlekha,22.4,95,0,0.426,Low
5/5/2026 4:00,Sylhet,Maulvibazar,Barlekha,22.3,96,0,0.4265,Low
5/5/2026 6:00,Sylhet,Maulvibazar,Barlekha,22.8,94,0,0.73,High
5/5/2026 8:00,Sylhet,Maulvibazar,Barlekha,24.9,90,0,0.7535,High
5/5/2026 10:00,Sylhet,Maulvibazar,Barlekha,28.6,75,0,0.929,High
5/5/2026 12:00,Sylhet,Maulvibazar,Barlekha,30.4,62,0,0.93,High
5/5/2026 14:00,Sylhet,Maulvibazar,Barlekha,31.4,59,0,1,High
5/5/2026 16:00,Sylhet,Maulvibazar,Barlekha,30.5,61,0,1,High
5/5/2026 18:00,Sylhet,Maulvibazar,Barlekha,26.8,79,0,1,High
5/5/2026 20:00,Sylhet,Maulvibazar,Barlekha,25.5,80,0,1,High
5/5/2026 22:00,Sylhet,Maulvibazar,Barlekha,23.9,87,0,0.6325,Medium
5/6/2026 0:00,Sylhet,Maulvibazar,Barlekha,23.8,93,0,0.443,Low
5/6/2026 2:00,Sylhet,Maulvibazar,Barlekha,23.4,95,0,0.441,Low
5/6/2026 4:00,Sylhet,Maulvibazar,Barlekha,22.6,94,0.1,0.4268,Low
5/6/2026 6:00,Sylhet,Maulvibazar,Barlekha,23.2,98,0.1,0.7438,High
5/6/2026 8:00,Sylhet,Maulvibazar,Barlekha,26,82,0,0.754,High
5/6/2026 10:00,Sylhet,Maulvibazar,Barlekha,28.6,72,0,0.923,High
5/6/2026 12:00,Sylhet,Maulvibazar,Barlekha,29.5,66,0,0.9245,High
5/6/2026 14:00,Sylhet,Maulvibazar,Barlekha,30.2,65,0,1,High
5/6/2026 16:00,Sylhet,Maulvibazar,Barlekha,30.4,64,0,1,High
5/6/2026 18:00,Sylhet,Maulvibazar,Barlekha,28.2,73,0,1,High
5/6/2026 20:00,Sylhet,Maulvibazar,Barlekha,25.8,86,3.1,1,High
5/6/2026 22:00,Sylhet,Maulvibazar,Barlekha,23.2,97,0.1,0.6418,Medium
5/7/2026 0:00,Sylhet,Maulvibazar,Barlekha,23,98,0,0.441,Low
5/7/2026 2:00,Sylhet,Maulvibazar,Barlekha,22.8,98,0,0.438,Low
5/7/2026 4:00,Sylhet,Maulvibazar,Barlekha,22.6,99,0,0.437,Low
5/7/2026 6:00,Sylhet,Maulvibazar,Barlekha,22.5,96,0,0.7295,High
5/7/2026 8:00,Sylhet,Maulvibazar,Barlekha,24,89,1,0.7355,High
5/7/2026 10:00,Sylhet,Maulvibazar,Barlekha,26,77,0.1,0.8938,High
5/7/2026 12:00,Sylhet,Maulvibazar,Barlekha,28.9,69,0.1,0.9212,High
5/7/2026 14:00,Sylhet,Maulvibazar,Barlekha,30,63,0,1,High
5/7/2026 16:00,Sylhet,Maulvibazar,Barlekha,30,59,0,1,High
5/7/2026 18:00,Sylhet,Maulvibazar,Barlekha,28.6,76,0,1,High
5/7/2026 20:00,Sylhet,Maulvibazar,Barlekha,26.6,80,0,1,High
5/7/2026 22:00,Sylhet,Maulvibazar,Barlekha,25.2,84,0,0.646,Medium
5/8/2026 0:00,Sylhet,Maulvibazar,Barlekha,24.6,88,0,0.445,Low
5/8/2026 2:00,Sylhet,Maulvibazar,Barlekha,24.7,89,0,0.4485,Low
5/8/2026 4:00,Sylhet,Maulvibazar,Barlekha,24.3,90,0,0.4445,Low
5/8/2026 6:00,Sylhet,Maulvibazar,Barlekha,23.3,97,0,0.7435,High
5/8/2026 8:00,Sylhet,Maulvibazar,Barlekha,28.2,78,0,0.779,High
5/8/2026 10:00,Sylhet,Maulvibazar,Barlekha,31,58,0,0.931,High
5/8/2026 12:00,Sylhet,Maulvibazar,Barlekha,31.4,53,0,0.927,High
5/8/2026 14:00,Sylhet,Maulvibazar,Barlekha,31,55,0,1,High
5/8/2026 16:00,Sylhet,Maulvibazar,Barlekha,30.9,56,0,1,High
5/8/2026 18:00,Sylhet,Maulvibazar,Barlekha,29,71,0,1,High
5/8/2026 20:00,Sylhet,Maulvibazar,Barlekha,26.5,74,0,1,High
5/8/2026 22:00,Sylhet,Maulvibazar,Barlekha,24.9,81,0,0.6355,Medium
5/9/2026 0:00,Sylhet,Maulvibazar,Barlekha,24.1,88,0,0.4375,Low
5/9/2026 2:00,Sylhet,Maulvibazar,Barlekha,23.7,90,0,0.4355,Low
5/9/2026 4:00,Sylhet,Maulvibazar,Barlekha,22.8,92,0,0.426,Low
5/9/2026 6:00,Sylhet,Maulvibazar,Barlekha,23.1,94,0,0.7345,High
5/9/2026 8:00,Sylhet,Maulvibazar,Barlekha,27.6,78,0,0.77,High
5/9/2026 10:00,Sylhet,Maulvibazar,Barlekha,30.5,57,0,0.9215,High
5/9/2026 12:00,Sylhet,Maulvibazar,Barlekha,31.8,49,0,0.927,High
5/9/2026 14:00,Sylhet,Maulvibazar,Barlekha,33,46,0,1,High
5/9/2026 16:00,Sylhet,Maulvibazar,Barlekha,32.3,50,0,1,High
5/9/2026 18:00,Sylhet,Maulvibazar,Barlekha,30.1,68,0,1,High
5/9/2026 20:00,Sylhet,Maulvibazar,Barlekha,26.9,76,0,1,High
5/9/2026 22:00,Sylhet,Maulvibazar,Barlekha,25.9,76,0,0.6405,Medium
5/10/2026 0:00,Sylhet,Maulvibazar,Barlekha,25.2,81,0,0.44,Low
5/10/2026 2:00,Sylhet,Maulvibazar,Barlekha,25.4,80,0,0.441,Low
5/10/2026 4:00,Sylhet,Maulvibazar,Barlekha,25,83,0,0.441,Low
5/10/2026 6:00,Sylhet,Maulvibazar,Barlekha,23.7,91,0,0.7375,High
5/10/2026 8:00,Sylhet,Maulvibazar,Barlekha,28.4,75,0,0.776,High
5/10/2026 10:00,Sylhet,Maulvibazar,Barlekha,31.5,61,0,0.9445,High
5/10/2026 12:00,Sylhet,Maulvibazar,Barlekha,32.5,46,0,0.9375,High
5/10/2026 14:00,Sylhet,Maulvibazar,Barlekha,32.4,49,0.2,1,High
5/10/2026 16:00,Sylhet,Maulvibazar,Barlekha,29,71,0,1,High
5/10/2026 18:00,Sylhet,Maulvibazar,Barlekha,26.4,75,0,1,High
5/10/2026 20:00,Sylhet,Maulvibazar,Barlekha,25.2,81,0,1,High
5/10/2026 22:00,Sylhet,Maulvibazar,Barlekha,24.2,90,0,0.643,Medium
5/11/2026 0:00,Sylhet,Maulvibazar,Barlekha,24.4,88,0,0.442,Low
5/11/2026 2:00,Sylhet,Maulvibazar,Barlekha,23.4,93,0,0.437,Low
5/11/2026 4:00,Sylhet,Maulvibazar,Barlekha,22.5,93,0,0.4235,Low
5/11/2026 6:00,Sylhet,Maulvibazar,Barlekha,23.5,90,2.2,0.727,High
5/11/2026 8:00,Sylhet,Maulvibazar,Barlekha,26.1,82,0,0.7555,High
5/11/2026 10:00,Sylhet,Maulvibazar,Barlekha,28.3,68,0,0.9105,High
5/11/2026 12:00,Sylhet,Maulvibazar,Barlekha,28.6,68,0,0.915,High
5/11/2026 14:00,Sylhet,Maulvibazar,Barlekha,30.3,55,0,1,High
5/11/2026 16:00,Sylhet,Maulvibazar,Barlekha,27.8,65,0.1,0.9968,High
5/11/2026 18:00,Sylhet,Maulvibazar,Barlekha,27,80,0,1,High
5/11/2026 20:00,Sylhet,Maulvibazar,Barlekha,24.4,88,2.3,1,High
5/11/2026 22:00,Sylhet,Maulvibazar,Barlekha,23.5,91,0,0.6345,Medium
5/12/2026 0:00,Sylhet,Maulvibazar,Barlekha,23.5,94,0,0.4405,Low
5/12/2026 2:00,Sylhet,Maulvibazar,Barlekha,22.2,97,0,0.427,Low
5/12/2026 4:00,Sylhet,Maulvibazar,Barlekha,21.9,98,0,0.4245,Low
5/12/2026 6:00,Sylhet,Maulvibazar,Barlekha,22.6,96,0,0.731,High
5/12/2026 8:00,Sylhet,Maulvibazar,Barlekha,25.4,82,0.1,0.7447,High
5/12/2026 10:00,Sylhet,Maulvibazar,Barlekha,28.4,71,0,0.918,High
5/12/2026 12:00,Sylhet,Maulvibazar,Barlekha,29.6,64,0,0.922,High
5/12/2026 14:00,Sylhet,Maulvibazar,Barlekha,30.6,59,0,1,High
5/12/2026 16:00,Sylhet,Maulvibazar,Barlekha,30.3,58,0,1,High
5/12/2026 18:00,Sylhet,Maulvibazar,Barlekha,28.9,72,0,1,High
5/12/2026 20:00,Sylhet,Maulvibazar,Barlekha,26.6,79,0,1,High
5/12/2026 22:00,Sylhet,Maulvibazar,Barlekha,25.6,85,0,0.654,Medium
5/13/2026 0:00,Sylhet,Maulvibazar,Barlekha,25.5,86,0,0.4545,Medium
5/13/2026 2:00,Sylhet,Maulvibazar,Barlekha,23.8,95,1.2,0.444,Low
5/13/2026 4:00,Sylhet,Maulvibazar,Barlekha,22.6,99,0.2,0.4365,Low
5/13/2026 6:00,Sylhet,Maulvibazar,Barlekha,24,95,0,0.75,High
5/13/2026 8:00,Sylhet,Maulvibazar,Barlekha,26.8,83,0.1,0.7678,High
5/13/2026 10:00,Sylhet,Maulvibazar,Barlekha,28.6,76,0.2,0.9305,High
5/13/2026 12:00,Sylhet,Maulvibazar,Barlekha,29.9,71,0.3,0.9398,High
5/13/2026 14:00,Sylhet,Maulvibazar,Barlekha,30.4,68,0,1,High
5/13/2026 16:00,Sylhet,Maulvibazar,Barlekha,29.9,70,0.1,1,High
5/13/2026 18:00,Sylhet,Maulvibazar,Barlekha,28.5,81,0.2,1,High
5/13/2026 20:00,Sylhet,Maulvibazar,Barlekha,26.6,95,0,1,High
5/13/2026 22:00,Sylhet,Maulvibazar,Barlekha,26.1,95,0.2,0.681,Medium
4/13/2026 0:00,Sylhet,Maulvibazar,Juri,21.9,90,0,0.4085,Low
4/13/2026 2:00,Sylhet,Maulvibazar,Juri,22.2,91,0.5,0.4138,Low
4/13/2026 4:00,Sylhet,Maulvibazar,Juri,20.9,96,0.4,0.4045,Low
4/13/2026 6:00,Sylhet,Maulvibazar,Juri,21,93,0,0.701,High
4/13/2026 8:00,Sylhet,Maulvibazar,Juri,21.9,90,0.2,0.708,High
4/13/2026 10:00,Sylhet,Maulvibazar,Juri,25,80,0.1,0.8848,High
4/13/2026 12:00,Sylhet,Maulvibazar,Juri,28,70,0,0.91,High
4/13/2026 14:00,Sylhet,Maulvibazar,Juri,30.1,64,0,1,High
4/13/2026 16:00,Sylhet,Maulvibazar,Juri,28,73,1.3,1,High
4/13/2026 18:00,Sylhet,Maulvibazar,Juri,27,82,0,1,High
4/13/2026 20:00,Sylhet,Maulvibazar,Juri,24.7,93,0,1,High
4/13/2026 22:00,Sylhet,Maulvibazar,Juri,23.9,85,0,0.6285,Medium
4/14/2026 0:00,Sylhet,Maulvibazar,Juri,23.9,85,0,0.4285,Low
4/14/2026 2:00,Sylhet,Maulvibazar,Juri,20.7,99,6,0.3935,Low
4/14/2026 4:00,Sylhet,Maulvibazar,Juri,21.6,95,0,0.414,Low
4/14/2026 6:00,Sylhet,Maulvibazar,Juri,21.5,98,2.7,0.7117,High
4/14/2026 8:00,Sylhet,Maulvibazar,Juri,23.8,90,0.1,0.7368,High
4/14/2026 10:00,Sylhet,Maulvibazar,Juri,28.1,72,0,0.9155,High
4/14/2026 12:00,Sylhet,Maulvibazar,Juri,29.2,71,0,0.93,High
4/14/2026 14:00,Sylhet,Maulvibazar,Juri,31,64,0,1,High
4/14/2026 16:00,Sylhet,Maulvibazar,Juri,30.8,63,0,1,High
4/14/2026 18:00,Sylhet,Maulvibazar,Juri,27,85,0.2,1,High
4/14/2026 20:00,Sylhet,Maulvibazar,Juri,25.4,90,0,1,High
4/14/2026 22:00,Sylhet,Maulvibazar,Juri,24.2,95,0.4,0.652,Medium
4/15/2026 0:00,Sylhet,Maulvibazar,Juri,21.8,99,0.8,0.423,Low
4/15/2026 2:00,Sylhet,Maulvibazar,Juri,21.8,98,6.2,0.4075,Low
4/15/2026 4:00,Sylhet,Maulvibazar,Juri,21.2,97,0,0.412,Low
4/15/2026 6:00,Sylhet,Maulvibazar,Juri,21.4,93,0,0.707,High
4/15/2026 8:00,Sylhet,Maulvibazar,Juri,23.2,87,0,0.722,High
4/15/2026 10:00,Sylhet,Maulvibazar,Juri,27.2,75,0,0.908,High
4/15/2026 12:00,Sylhet,Maulvibazar,Juri,29.6,65,0,0.924,High
4/15/2026 14:00,Sylhet,Maulvibazar,Juri,31.2,61,0,1,High
4/15/2026 16:00,Sylhet,Maulvibazar,Juri,31.5,60,0,1,High
4/15/2026 18:00,Sylhet,Maulvibazar,Juri,27.8,77,0,1,High
4/15/2026 20:00,Sylhet,Maulvibazar,Juri,23.7,94,0,1,High
4/15/2026 22:00,Sylhet,Maulvibazar,Juri,21.5,97,8.1,0.5962,Medium
4/16/2026 0:00,Sylhet,Maulvibazar,Juri,20.7,99,7.9,0.3888,Low
4/16/2026 2:00,Sylhet,Maulvibazar,Juri,20.8,95,4.7,0.3903,Low
4/16/2026 4:00,Sylhet,Maulvibazar,Juri,20.8,91,0,0.394,Low
4/16/2026 6:00,Sylhet,Maulvibazar,Juri,21.6,99,15,0.6845,Medium
4/16/2026 8:00,Sylhet,Maulvibazar,Juri,23.8,89,0,0.735,High
4/16/2026 10:00,Sylhet,Maulvibazar,Juri,27.3,77,0,0.9135,High
4/16/2026 12:00,Sylhet,Maulvibazar,Juri,28.6,72,0,0.923,High
4/16/2026 14:00,Sylhet,Maulvibazar,Juri,29.9,66,0.1,1,High
4/16/2026 16:00,Sylhet,Maulvibazar,Juri,30,65,0.1,1,High
4/16/2026 18:00,Sylhet,Maulvibazar,Juri,27.5,82,0,1,High
4/16/2026 20:00,Sylhet,Maulvibazar,Juri,25.1,88,0,1,High
4/16/2026 22:00,Sylhet,Maulvibazar,Juri,22.5,94,2.6,0.619,Medium
4/17/2026 0:00,Sylhet,Maulvibazar,Juri,24,95,0,0.45,Medium
4/17/2026 2:00,Sylhet,Maulvibazar,Juri,22.3,98,8.1,0.4102,Low
4/17/2026 4:00,Sylhet,Maulvibazar,Juri,21.8,99,0,0.425,Low
4/17/2026 6:00,Sylhet,Maulvibazar,Juri,23.5,98,0,0.7485,High
4/17/2026 8:00,Sylhet,Maulvibazar,Juri,25.6,89,0,0.762,High
4/17/2026 10:00,Sylhet,Maulvibazar,Juri,27.9,77,0.1,0.9222,High
4/17/2026 12:00,Sylhet,Maulvibazar,Juri,31,69,0,0.953,High
4/17/2026 14:00,Sylhet,Maulvibazar,Juri,31.8,65,0,1,High
4/17/2026 16:00,Sylhet,Maulvibazar,Juri,31.5,64,0,1,High
4/17/2026 18:00,Sylhet,Maulvibazar,Juri,27.9,84,0.1,1,High
4/17/2026 20:00,Sylhet,Maulvibazar,Juri,26,93,0,1,High
4/17/2026 22:00,Sylhet,Maulvibazar,Juri,24.7,96,0,0.6625,Medium
4/18/2026 0:00,Sylhet,Maulvibazar,Juri,24.6,96,0,0.461,Medium
4/18/2026 2:00,Sylhet,Maulvibazar,Juri,23.4,98,0,0.447,Low
4/18/2026 4:00,Sylhet,Maulvibazar,Juri,23,98,0,0.441,Low
4/18/2026 6:00,Sylhet,Maulvibazar,Juri,24.3,96,0,0.7565,High
4/18/2026 8:00,Sylhet,Maulvibazar,Juri,26.6,89,0,0.777,High
4/18/2026 10:00,Sylhet,Maulvibazar,Juri,29.3,78,0,0.9455,High
4/18/2026 12:00,Sylhet,Maulvibazar,Juri,30.8,69,0,0.95,High
4/18/2026 14:00,Sylhet,Maulvibazar,Juri,31.5,66,0,1,High
4/18/2026 16:00,Sylhet,Maulvibazar,Juri,29.9,73,0,1,High
4/18/2026 18:00,Sylhet,Maulvibazar,Juri,28.2,87,0,1,High
4/18/2026 20:00,Sylhet,Maulvibazar,Juri,26.5,89,0,1,High
4/18/2026 22:00,Sylhet,Maulvibazar,Juri,25.7,94,0,0.6735,Medium
4/19/2026 0:00,Sylhet,Maulvibazar,Juri,25.7,94,0,0.4735,Medium
4/19/2026 2:00,Sylhet,Maulvibazar,Juri,23.1,98,0.3,0.4418,Low
4/19/2026 4:00,Sylhet,Maulvibazar,Juri,22.6,98,0,0.435,Low
4/19/2026 6:00,Sylhet,Maulvibazar,Juri,23.1,98,0,0.7425,High
4/19/2026 8:00,Sylhet,Maulvibazar,Juri,22.2,94,0.2,0.7205,High
4/19/2026 10:00,Sylhet,Maulvibazar,Juri,27.2,78,0,0.914,High
4/19/2026 12:00,Sylhet,Maulvibazar,Juri,28.6,73,0,0.925,High
4/19/2026 14:00,Sylhet,Maulvibazar,Juri,30.7,68,0,1,High
4/19/2026 16:00,Sylhet,Maulvibazar,Juri,30.6,69,0,1,High
4/19/2026 18:00,Sylhet,Maulvibazar,Juri,27.2,89,0.1,1,High
4/19/2026 20:00,Sylhet,Maulvibazar,Juri,25.8,93,0.1,1,High
4/19/2026 22:00,Sylhet,Maulvibazar,Juri,25,94,0,0.663,Medium
4/20/2026 0:00,Sylhet,Maulvibazar,Juri,23.5,98,0.5,0.4472,Low
4/20/2026 2:00,Sylhet,Maulvibazar,Juri,22.5,98,2.1,0.4282,Low
4/20/2026 4:00,Sylhet,Maulvibazar,Juri,22.2,98,3.7,0.4198,Low
4/20/2026 6:00,Sylhet,Maulvibazar,Juri,22.9,96,0.1,0.7352,High
4/20/2026 8:00,Sylhet,Maulvibazar,Juri,23,92,0,0.729,High
4/20/2026 10:00,Sylhet,Maulvibazar,Juri,27.6,81,0,0.926,High
4/20/2026 12:00,Sylhet,Maulvibazar,Juri,29.9,69,0.1,0.9362,High
4/20/2026 14:00,Sylhet,Maulvibazar,Juri,30.7,70,0.1,1,High
4/20/2026 16:00,Sylhet,Maulvibazar,Juri,30,76,0.1,1,High
4/20/2026 18:00,Sylhet,Maulvibazar,Juri,26.3,89,0,1,High
4/20/2026 20:00,Sylhet,Maulvibazar,Juri,27,84,0,1,High
4/20/2026 22:00,Sylhet,Maulvibazar,Juri,24.4,93,0,0.652,Medium
4/21/2026 0:00,Sylhet,Maulvibazar,Juri,21.9,99,0.9,0.4242,Low
4/21/2026 2:00,Sylhet,Maulvibazar,Juri,21.9,100,1.2,0.4255,Low
4/21/2026 4:00,Sylhet,Maulvibazar,Juri,22.2,98,0,0.429,Low
4/21/2026 6:00,Sylhet,Maulvibazar,Juri,23.5,97,0.2,0.746,High
4/21/2026 8:00,Sylhet,Maulvibazar,Juri,25.3,91,0,0.7615,High
4/21/2026 10:00,Sylhet,Maulvibazar,Juri,29.1,74,0.2,0.934,High
4/21/2026 12:00,Sylhet,Maulvibazar,Juri,31.8,63,0.1,0.9528,High
4/21/2026 14:00,Sylhet,Maulvibazar,Juri,31.6,64,0.8,1,High
4/21/2026 16:00,Sylhet,Maulvibazar,Juri,31.2,67,0,1,High
4/21/2026 18:00,Sylhet,Maulvibazar,Juri,30,72,0,1,High
4/21/2026 20:00,Sylhet,Maulvibazar,Juri,29.1,72,0,1,High
4/21/2026 22:00,Sylhet,Maulvibazar,Juri,27,83,0,0.671,Medium
4/22/2026 0:00,Sylhet,Maulvibazar,Juri,23.8,98,0,0.453,Medium
4/22/2026 2:00,Sylhet,Maulvibazar,Juri,21.2,98,4.1,0.4037,Low
4/22/2026 4:00,Sylhet,Maulvibazar,Juri,21.8,99,0,0.425,Low
4/22/2026 6:00,Sylhet,Maulvibazar,Juri,21,95,0,0.705,High
4/22/2026 8:00,Sylhet,Maulvibazar,Juri,22,92,0.2,0.7135,High
4/22/2026 10:00,Sylhet,Maulvibazar,Juri,25.4,84,0,0.899,High
4/22/2026 12:00,Sylhet,Maulvibazar,Juri,31,67,0,0.949,High
4/22/2026 14:00,Sylhet,Maulvibazar,Juri,33.2,57,0,1,High
4/22/2026 16:00,Sylhet,Maulvibazar,Juri,33.1,59,0,1,High
4/22/2026 18:00,Sylhet,Maulvibazar,Juri,29.5,69,1.9,1,High
4/22/2026 20:00,Sylhet,Maulvibazar,Juri,26.5,82,0,1,High
4/22/2026 22:00,Sylhet,Maulvibazar,Juri,24.3,90,0,0.6445,Medium
4/23/2026 0:00,Sylhet,Maulvibazar,Juri,23.2,97,0,0.442,Low
4/23/2026 2:00,Sylhet,Maulvibazar,Juri,23,99,0,0.443,Low
4/23/2026 4:00,Sylhet,Maulvibazar,Juri,22.4,98,0,0.432,Low
4/23/2026 6:00,Sylhet,Maulvibazar,Juri,23,93,0,0.731,High
4/23/2026 8:00,Sylhet,Maulvibazar,Juri,24.5,91,0,0.7495,High
4/23/2026 10:00,Sylhet,Maulvibazar,Juri,27.6,81,0,0.926,High
4/23/2026 12:00,Sylhet,Maulvibazar,Juri,27.6,76,0,0.916,High
4/23/2026 14:00,Sylhet,Maulvibazar,Juri,30.9,65,0,1,High
4/23/2026 16:00,Sylhet,Maulvibazar,Juri,30.9,64,0,1,High
4/23/2026 18:00,Sylhet,Maulvibazar,Juri,29.4,78,0,1,High
4/23/2026 20:00,Sylhet,Maulvibazar,Juri,27.8,81,0,1,High
4/23/2026 22:00,Sylhet,Maulvibazar,Juri,26.7,85,0,0.6705,Medium
4/24/2026 0:00,Sylhet,Maulvibazar,Juri,25.6,92,0,0.468,Medium
4/24/2026 2:00,Sylhet,Maulvibazar,Juri,24.6,96,0,0.461,Medium
4/24/2026 4:00,Sylhet,Maulvibazar,Juri,24,96,0,0.452,Medium
4/24/2026 6:00,Sylhet,Maulvibazar,Juri,24.8,97,0,0.766,High
4/24/2026 8:00,Sylhet,Maulvibazar,Juri,28.5,87,0,0.8015,High
4/24/2026 10:00,Sylhet,Maulvibazar,Juri,30.7,75,0.1,0.9602,High
4/24/2026 12:00,Sylhet,Maulvibazar,Juri,31.3,73,0,0.9655,High
4/24/2026 14:00,Sylhet,Maulvibazar,Juri,33,64,0,1,High
4/24/2026 16:00,Sylhet,Maulvibazar,Juri,33.2,59,0,1,High
4/24/2026 18:00,Sylhet,Maulvibazar,Juri,30.5,78,0,1,High
4/24/2026 20:00,Sylhet,Maulvibazar,Juri,27.6,86,0,1,High
4/24/2026 22:00,Sylhet,Maulvibazar,Juri,26,91,0,0.672,Medium
4/25/2026 0:00,Sylhet,Maulvibazar,Juri,25.5,94,0,0.4705,Medium
4/25/2026 2:00,Sylhet,Maulvibazar,Juri,25.1,96,0,0.4685,Medium
4/25/2026 4:00,Sylhet,Maulvibazar,Juri,24.3,97,0,0.4585,Medium
4/25/2026 6:00,Sylhet,Maulvibazar,Juri,25.6,96,0,0.776,High
4/25/2026 8:00,Sylhet,Maulvibazar,Juri,29.1,84,0,0.8045,High
4/25/2026 10:00,Sylhet,Maulvibazar,Juri,28.8,82,0,0.946,High
4/25/2026 12:00,Sylhet,Maulvibazar,Juri,32.2,69,0,0.971,High
4/25/2026 14:00,Sylhet,Maulvibazar,Juri,33,64,0,1,High
4/25/2026 16:00,Sylhet,Maulvibazar,Juri,33,61,0,1,High
4/25/2026 18:00,Sylhet,Maulvibazar,Juri,29.6,79,0,1,High
4/25/2026 20:00,Sylhet,Maulvibazar,Juri,27.4,82,0,1,High
4/25/2026 22:00,Sylhet,Maulvibazar,Juri,26.4,86,0,0.668,Medium
4/26/2026 0:00,Sylhet,Maulvibazar,Juri,26,90,0,0.47,Medium
4/26/2026 2:00,Sylhet,Maulvibazar,Juri,24.6,95,0,0.459,Medium
4/26/2026 4:00,Sylhet,Maulvibazar,Juri,24.6,94,0,0.457,Medium
4/26/2026 6:00,Sylhet,Maulvibazar,Juri,22.9,99,0,0.7415,High
4/26/2026 8:00,Sylhet,Maulvibazar,Juri,25.9,85,0,0.7585,High
4/26/2026 10:00,Sylhet,Maulvibazar,Juri,28.5,72,0.1,0.9212,High
4/26/2026 12:00,Sylhet,Maulvibazar,Juri,29.1,63,0,0.9125,High
4/26/2026 14:00,Sylhet,Maulvibazar,Juri,30.1,60,0.1,1,High
4/26/2026 16:00,Sylhet,Maulvibazar,Juri,26.7,78,3.2,0.9985,High
4/26/2026 18:00,Sylhet,Maulvibazar,Juri,24.9,85,0,1,High
4/26/2026 20:00,Sylhet,Maulvibazar,Juri,24.8,76,0,1,High
4/26/2026 22:00,Sylhet,Maulvibazar,Juri,24.2,83,0,0.629,Medium
4/27/2026 0:00,Sylhet,Maulvibazar,Juri,23.2,90,4.8,0.416,Low
4/27/2026 2:00,Sylhet,Maulvibazar,Juri,22.5,93,0,0.4235,Low
4/27/2026 4:00,Sylhet,Maulvibazar,Juri,22.6,92,0.1,0.4228,Low
4/27/2026 6:00,Sylhet,Maulvibazar,Juri,20,97,1.6,0.69,Medium
4/27/2026 8:00,Sylhet,Maulvibazar,Juri,20.6,98,2.1,0.6998,Medium
4/27/2026 10:00,Sylhet,Maulvibazar,Juri,22.4,93,0.2,0.8715,High
4/27/2026 12:00,Sylhet,Maulvibazar,Juri,24.3,81,0.1,0.8762,High
4/27/2026 14:00,Sylhet,Maulvibazar,Juri,26.7,74,0.1,0.9982,High
4/27/2026 16:00,Sylhet,Maulvibazar,Juri,25.8,79,0.1,0.9948,High
4/27/2026 18:00,Sylhet,Maulvibazar,Juri,22.9,92,4.3,1,High
4/27/2026 20:00,Sylhet,Maulvibazar,Juri,21.9,97,6.9,1,High
4/27/2026 22:00,Sylhet,Maulvibazar,Juri,21.5,98,7.8,0.599,Medium
4/28/2026 0:00,Sylhet,Maulvibazar,Juri,21.4,98,0.2,0.4165,Low
4/28/2026 2:00,Sylhet,Maulvibazar,Juri,21.5,96,0,0.4145,Low
4/28/2026 4:00,Sylhet,Maulvibazar,Juri,21.2,96,1.3,0.4068,Low
4/28/2026 6:00,Sylhet,Maulvibazar,Juri,22.1,96,2.5,0.7172,High
4/28/2026 8:00,Sylhet,Maulvibazar,Juri,21.7,95,23.4,0.6655,Medium
4/28/2026 10:00,Sylhet,Maulvibazar,Juri,22.5,97,1.7,0.8772,High
4/28/2026 12:00,Sylhet,Maulvibazar,Juri,23.7,86,15.3,0.8392,High
4/28/2026 14:00,Sylhet,Maulvibazar,Juri,23.6,91,0.1,0.9858,High
4/28/2026 16:00,Sylhet,Maulvibazar,Juri,23.1,94,3.2,0.9765,High
4/28/2026 18:00,Sylhet,Maulvibazar,Juri,23.1,95,0.1,1,High
4/28/2026 20:00,Sylhet,Maulvibazar,Juri,23,93,0,1,High
4/28/2026 22:00,Sylhet,Maulvibazar,Juri,22.3,96,0.9,0.6242,Medium
4/29/2026 0:00,Sylhet,Maulvibazar,Juri,22.5,92,0.2,0.421,Low
4/29/2026 2:00,Sylhet,Maulvibazar,Juri,22,95,0.3,0.4192,Low
4/29/2026 4:00,Sylhet,Maulvibazar,Juri,21.5,97,1.1,0.4138,Low
4/29/2026 6:00,Sylhet,Maulvibazar,Juri,21.5,97,6.1,0.7012,High
4/29/2026 8:00,Sylhet,Maulvibazar,Juri,21.8,96,3.1,0.7112,High
4/29/2026 10:00,Sylhet,Maulvibazar,Juri,22.6,96,2,0.876,High
4/29/2026 12:00,Sylhet,Maulvibazar,Juri,20.9,96,0.7,0.8537,High
4/29/2026 14:00,Sylhet,Maulvibazar,Juri,22.8,88,0,0.968,High
4/29/2026 16:00,Sylhet,Maulvibazar,Juri,23,87,0,0.969,High
4/29/2026 18:00,Sylhet,Maulvibazar,Juri,22.5,91,0,1,High
4/29/2026 20:00,Sylhet,Maulvibazar,Juri,21.2,97,0,1,High
4/29/2026 22:00,Sylhet,Maulvibazar,Juri,20.8,96,0,0.604,Medium
4/30/2026 0:00,Sylhet,Maulvibazar,Juri,21.4,92,0,0.405,Low
4/30/2026 2:00,Sylhet,Maulvibazar,Juri,21,93,1.1,0.3983,Low
4/30/2026 4:00,Sylhet,Maulvibazar,Juri,20.6,96,0.5,0.3998,Low
4/30/2026 6:00,Sylhet,Maulvibazar,Juri,20.6,97,0,0.703,High
4/30/2026 8:00,Sylhet,Maulvibazar,Juri,21.2,97,0.8,0.71,High
4/30/2026 10:00,Sylhet,Maulvibazar,Juri,23.1,89,0.1,0.8742,High
4/30/2026 12:00,Sylhet,Maulvibazar,Juri,25.5,74,0,0.8805,High
4/30/2026 14:00,Sylhet,Maulvibazar,Juri,28.8,58,0,0.998,High
4/30/2026 16:00,Sylhet,Maulvibazar,Juri,28.2,60,0,0.993,High
4/30/2026 18:00,Sylhet,Maulvibazar,Juri,25.6,86,0,1,High
4/30/2026 20:00,Sylhet,Maulvibazar,Juri,23.1,96,0.1,1,High
4/30/2026 22:00,Sylhet,Maulvibazar,Juri,22.6,96,0,0.631,Medium
5/1/2026 0:00,Sylhet,Maulvibazar,Juri,22.4,95,1.1,0.4232,Low
5/1/2026 2:00,Sylhet,Maulvibazar,Juri,21.4,95,0,0.411,Low
5/1/2026 4:00,Sylhet,Maulvibazar,Juri,21.2,95,0.1,0.4078,Low
5/1/2026 6:00,Sylhet,Maulvibazar,Juri,21.3,95,0.8,0.7075,High
5/1/2026 8:00,Sylhet,Maulvibazar,Juri,21.5,96,1.3,0.7112,High
5/1/2026 10:00,Sylhet,Maulvibazar,Juri,23.3,94,0.9,0.8852,High
5/1/2026 12:00,Sylhet,Maulvibazar,Juri,25.6,78,0.7,0.8883,High
5/1/2026 14:00,Sylhet,Maulvibazar,Juri,22.9,92,2.1,0.9722,High
5/1/2026 16:00,Sylhet,Maulvibazar,Juri,22.1,94,1.2,0.9665,High
5/1/2026 18:00,Sylhet,Maulvibazar,Juri,22.6,96,1.2,1,High
5/1/2026 20:00,Sylhet,Maulvibazar,Juri,21.5,97,0,1,High
5/1/2026 22:00,Sylhet,Maulvibazar,Juri,21.5,98,0,0.6185,Medium
5/2/2026 0:00,Sylhet,Maulvibazar,Juri,21.1,98,1.8,0.408,Low
5/2/2026 2:00,Sylhet,Maulvibazar,Juri,20.4,98,0.2,0.4015,Low
5/2/2026 4:00,Sylhet,Maulvibazar,Juri,20.1,98,4,0.3875,Low
5/2/2026 6:00,Sylhet,Maulvibazar,Juri,20.5,98,1.5,0.6997,Medium
5/2/2026 8:00,Sylhet,Maulvibazar,Juri,21.1,96,1.3,0.7052,High
5/2/2026 10:00,Sylhet,Maulvibazar,Juri,22.1,92,1.3,0.8622,High
5/2/2026 12:00,Sylhet,Maulvibazar,Juri,21.6,96,0.4,0.865,High
5/2/2026 14:00,Sylhet,Maulvibazar,Juri,22.8,90,0,0.972,High
5/2/2026 16:00,Sylhet,Maulvibazar,Juri,25.2,78,0.1,0.9838,High
5/2/2026 18:00,Sylhet,Maulvibazar,Juri,21.5,92,0.1,1,High
5/2/2026 20:00,Sylhet,Maulvibazar,Juri,21.4,96,0,1,High
5/2/2026 22:00,Sylhet,Maulvibazar,Juri,21.4,97,0,0.615,Medium
5/3/2026 0:00,Sylhet,Maulvibazar,Juri,21.5,97,0,0.4165,Low
5/3/2026 2:00,Sylhet,Maulvibazar,Juri,20.6,97,0,0.403,Low
5/3/2026 4:00,Sylhet,Maulvibazar,Juri,20.6,99,0.1,0.4068,Low
5/3/2026 6:00,Sylhet,Maulvibazar,Juri,20.6,98,0,0.705,High
5/3/2026 8:00,Sylhet,Maulvibazar,Juri,23,88,0.1,0.7208,High
5/3/2026 10:00,Sylhet,Maulvibazar,Juri,25.8,76,0.3,0.8882,High
5/3/2026 12:00,Sylhet,Maulvibazar,Juri,27.8,69,0,0.905,High
5/3/2026 14:00,Sylhet,Maulvibazar,Juri,24.5,85,0.4,0.9865,High
5/3/2026 16:00,Sylhet,Maulvibazar,Juri,28.9,65,0,1,High
5/3/2026 18:00,Sylhet,Maulvibazar,Juri,24,94,1.1,1,High
5/3/2026 20:00,Sylhet,Maulvibazar,Juri,23.4,96,0,1,High
5/3/2026 22:00,Sylhet,Maulvibazar,Juri,22.4,96,0,0.628,Medium
5/4/2026 0:00,Sylhet,Maulvibazar,Juri,22,98,0,0.426,Low
5/4/2026 2:00,Sylhet,Maulvibazar,Juri,21.3,96,0.7,0.4098,Low
5/4/2026 4:00,Sylhet,Maulvibazar,Juri,20.9,97,0,0.4075,Low
5/4/2026 6:00,Sylhet,Maulvibazar,Juri,21,99,1.2,0.71,High
5/4/2026 8:00,Sylhet,Maulvibazar,Juri,22.3,95,1.2,0.7215,High
5/4/2026 10:00,Sylhet,Maulvibazar,Juri,22.4,96,3.1,0.8702,High
5/4/2026 12:00,Sylhet,Maulvibazar,Juri,24.4,87,0,0.89,High
5/4/2026 14:00,Sylhet,Maulvibazar,Juri,28.4,70,0,1,High
5/4/2026 16:00,Sylhet,Maulvibazar,Juri,28.6,65,0,1,High
5/4/2026 18:00,Sylhet,Maulvibazar,Juri,26.6,81,0,1,High
5/4/2026 20:00,Sylhet,Maulvibazar,Juri,24.1,88,0,1,High
5/4/2026 22:00,Sylhet,Maulvibazar,Juri,23.2,89,0,0.626,Medium
5/5/2026 0:00,Sylhet,Maulvibazar,Juri,22.4,94,0,0.424,Low
5/5/2026 2:00,Sylhet,Maulvibazar,Juri,22.4,95,0,0.426,Low
5/5/2026 4:00,Sylhet,Maulvibazar,Juri,22.3,96,0,0.4265,Low
5/5/2026 6:00,Sylhet,Maulvibazar,Juri,22.8,94,0,0.73,High
5/5/2026 8:00,Sylhet,Maulvibazar,Juri,24.9,90,0,0.7535,High
5/5/2026 10:00,Sylhet,Maulvibazar,Juri,28.6,75,0,0.929,High
5/5/2026 12:00,Sylhet,Maulvibazar,Juri,30.4,62,0,0.93,High
5/5/2026 14:00,Sylhet,Maulvibazar,Juri,31.4,59,0,1,High
5/5/2026 16:00,Sylhet,Maulvibazar,Juri,30.5,61,0,1,High
5/5/2026 18:00,Sylhet,Maulvibazar,Juri,26.8,79,0,1,High
5/5/2026 20:00,Sylhet,Maulvibazar,Juri,25.5,80,0,1,High
5/5/2026 22:00,Sylhet,Maulvibazar,Juri,23.9,87,0,0.6325,Medium
5/6/2026 0:00,Sylhet,Maulvibazar,Juri,23.8,93,0,0.443,Low
5/6/2026 2:00,Sylhet,Maulvibazar,Juri,23.4,95,0,0.441,Low
5/6/2026 4:00,Sylhet,Maulvibazar,Juri,22.6,94,0.1,0.4268,Low
5/6/2026 6:00,Sylhet,Maulvibazar,Juri,23.2,98,0.1,0.7438,High
5/6/2026 8:00,Sylhet,Maulvibazar,Juri,26,82,0,0.754,High
5/6/2026 10:00,Sylhet,Maulvibazar,Juri,28.6,72,0,0.923,High
5/6/2026 12:00,Sylhet,Maulvibazar,Juri,29.5,66,0,0.9245,High
5/6/2026 14:00,Sylhet,Maulvibazar,Juri,30.2,65,0,1,High
5/6/2026 16:00,Sylhet,Maulvibazar,Juri,30.4,64,0,1,High
5/6/2026 18:00,Sylhet,Maulvibazar,Juri,28.2,73,0,1,High
5/6/2026 20:00,Sylhet,Maulvibazar,Juri,25.8,86,3.1,1,High
5/6/2026 22:00,Sylhet,Maulvibazar,Juri,23.2,97,0.1,0.6418,Medium
5/7/2026 0:00,Sylhet,Maulvibazar,Juri,23,98,0,0.441,Low
5/7/2026 2:00,Sylhet,Maulvibazar,Juri,22.8,98,0,0.438,Low
5/7/2026 4:00,Sylhet,Maulvibazar,Juri,22.6,99,0,0.437,Low
5/7/2026 6:00,Sylhet,Maulvibazar,Juri,22.5,96,0,0.7295,High
5/7/2026 8:00,Sylhet,Maulvibazar,Juri,24,89,1,0.7355,High
5/7/2026 10:00,Sylhet,Maulvibazar,Juri,26,77,0.1,0.8938,High
5/7/2026 12:00,Sylhet,Maulvibazar,Juri,28.9,69,0.1,0.9212,High
5/7/2026 14:00,Sylhet,Maulvibazar,Juri,30,63,0,1,High
5/7/2026 16:00,Sylhet,Maulvibazar,Juri,30,59,0,1,High
5/7/2026 18:00,Sylhet,Maulvibazar,Juri,28.6,76,0,1,High
5/7/2026 20:00,Sylhet,Maulvibazar,Juri,26.6,80,0,1,High
5/7/2026 22:00,Sylhet,Maulvibazar,Juri,25.2,84,0,0.646,Medium
5/8/2026 0:00,Sylhet,Maulvibazar,Juri,24.6,88,0,0.445,Low
5/8/2026 2:00,Sylhet,Maulvibazar,Juri,24.7,89,0,0.4485,Low
5/8/2026 4:00,Sylhet,Maulvibazar,Juri,24.3,90,0,0.4445,Low
5/8/2026 6:00,Sylhet,Maulvibazar,Juri,23.3,97,0,0.7435,High
5/8/2026 8:00,Sylhet,Maulvibazar,Juri,28.2,78,0,0.779,High
5/8/2026 10:00,Sylhet,Maulvibazar,Juri,31,58,0,0.931,High
5/8/2026 12:00,Sylhet,Maulvibazar,Juri,31.4,53,0,0.927,High
5/8/2026 14:00,Sylhet,Maulvibazar,Juri,31,55,0,1,High
5/8/2026 16:00,Sylhet,Maulvibazar,Juri,30.9,56,0,1,High
5/8/2026 18:00,Sylhet,Maulvibazar,Juri,29,71,0,1,High
5/8/2026 20:00,Sylhet,Maulvibazar,Juri,26.5,74,0,1,High
5/8/2026 22:00,Sylhet,Maulvibazar,Juri,24.9,81,0,0.6355,Medium
5/9/2026 0:00,Sylhet,Maulvibazar,Juri,24.1,88,0,0.4375,Low
5/9/2026 2:00,Sylhet,Maulvibazar,Juri,23.7,90,0,0.4355,Low
5/9/2026 4:00,Sylhet,Maulvibazar,Juri,22.8,92,0,0.426,Low
5/9/2026 6:00,Sylhet,Maulvibazar,Juri,23.1,94,0,0.7345,High
5/9/2026 8:00,Sylhet,Maulvibazar,Juri,27.6,78,0,0.77,High
5/9/2026 10:00,Sylhet,Maulvibazar,Juri,30.5,57,0,0.9215,High
5/9/2026 12:00,Sylhet,Maulvibazar,Juri,31.8,49,0,0.927,High
5/9/2026 14:00,Sylhet,Maulvibazar,Juri,33,46,0,1,High
5/9/2026 16:00,Sylhet,Maulvibazar,Juri,32.3,50,0,1,High
5/9/2026 18:00,Sylhet,Maulvibazar,Juri,30.1,68,0,1,High
5/9/2026 20:00,Sylhet,Maulvibazar,Juri,26.9,76,0,1,High
5/9/2026 22:00,Sylhet,Maulvibazar,Juri,25.9,76,0,0.6405,Medium
5/10/2026 0:00,Sylhet,Maulvibazar,Juri,25.2,81,0,0.44,Low
5/10/2026 2:00,Sylhet,Maulvibazar,Juri,25.4,80,0,0.441,Low
5/10/2026 4:00,Sylhet,Maulvibazar,Juri,25,83,0,0.441,Low
5/10/2026 6:00,Sylhet,Maulvibazar,Juri,23.7,91,0,0.7375,High
5/10/2026 8:00,Sylhet,Maulvibazar,Juri,28.4,75,0,0.776,High
5/10/2026 10:00,Sylhet,Maulvibazar,Juri,31.5,61,0,0.9445,High
5/10/2026 12:00,Sylhet,Maulvibazar,Juri,32.5,46,0,0.9375,High
5/10/2026 14:00,Sylhet,Maulvibazar,Juri,32.4,49,0.2,1,High
5/10/2026 16:00,Sylhet,Maulvibazar,Juri,29,71,0,1,High
5/10/2026 18:00,Sylhet,Maulvibazar,Juri,26.4,75,0,1,High
5/10/2026 20:00,Sylhet,Maulvibazar,Juri,25.2,81,0,1,High
5/10/2026 22:00,Sylhet,Maulvibazar,Juri,24.2,90,0,0.643,Medium
5/11/2026 0:00,Sylhet,Maulvibazar,Juri,24.4,88,0,0.442,Low
5/11/2026 2:00,Sylhet,Maulvibazar,Juri,23.4,93,0,0.437,Low
5/11/2026 4:00,Sylhet,Maulvibazar,Juri,22.5,93,0,0.4235,Low
5/11/2026 6:00,Sylhet,Maulvibazar,Juri,23.5,90,2.2,0.727,High
5/11/2026 8:00,Sylhet,Maulvibazar,Juri,26.1,82,0,0.7555,High
5/11/2026 10:00,Sylhet,Maulvibazar,Juri,28.3,68,0,0.9105,High
5/11/2026 12:00,Sylhet,Maulvibazar,Juri,28.6,68,0,0.915,High
5/11/2026 14:00,Sylhet,Maulvibazar,Juri,30.3,55,0,1,High
5/11/2026 16:00,Sylhet,Maulvibazar,Juri,27.8,65,0.1,0.9968,High
5/11/2026 18:00,Sylhet,Maulvibazar,Juri,27,80,0,1,High
5/11/2026 20:00,Sylhet,Maulvibazar,Juri,24.4,88,2.3,1,High
5/11/2026 22:00,Sylhet,Maulvibazar,Juri,23.5,91,0,0.6345,Medium
5/12/2026 0:00,Sylhet,Maulvibazar,Juri,23.5,94,0,0.4405,Low
5/12/2026 2:00,Sylhet,Maulvibazar,Juri,22.2,97,0,0.427,Low
5/12/2026 4:00,Sylhet,Maulvibazar,Juri,21.9,98,0,0.4245,Low
5/12/2026 6:00,Sylhet,Maulvibazar,Juri,22.6,96,0,0.731,High
5/12/2026 8:00,Sylhet,Maulvibazar,Juri,25.4,82,0.1,0.7447,High
5/12/2026 10:00,Sylhet,Maulvibazar,Juri,28.4,71,0,0.918,High
5/12/2026 12:00,Sylhet,Maulvibazar,Juri,29.6,64,0,0.922,High
5/12/2026 14:00,Sylhet,Maulvibazar,Juri,30.6,59,0,1,High
5/12/2026 16:00,Sylhet,Maulvibazar,Juri,30.3,58,0,1,High
5/12/2026 18:00,Sylhet,Maulvibazar,Juri,28.9,72,0,1,High
5/12/2026 20:00,Sylhet,Maulvibazar,Juri,26.6,79,0,1,High
5/12/2026 22:00,Sylhet,Maulvibazar,Juri,25.6,85,0,0.654,Medium
5/13/2026 0:00,Sylhet,Maulvibazar,Juri,25.5,86,0,0.4545,Medium
5/13/2026 2:00,Sylhet,Maulvibazar,Juri,23.8,95,1.2,0.444,Low
5/13/2026 4:00,Sylhet,Maulvibazar,Juri,22.6,99,0.2,0.4365,Low
5/13/2026 6:00,Sylhet,Maulvibazar,Juri,24,95,0,0.75,High
5/13/2026 8:00,Sylhet,Maulvibazar,Juri,26.8,83,0.1,0.7678,High
5/13/2026 10:00,Sylhet,Maulvibazar,Juri,28.6,76,0.2,0.9305,High
5/13/2026 12:00,Sylhet,Maulvibazar,Juri,29.9,71,0.3,0.9398,High
5/13/2026 14:00,Sylhet,Maulvibazar,Juri,30.4,68,0,1,High
5/13/2026 16:00,Sylhet,Maulvibazar,Juri,29.9,70,0.1,1,High
5/13/2026 18:00,Sylhet,Maulvibazar,Juri,28.5,81,0.2,1,High
5/13/2026 20:00,Sylhet,Maulvibazar,Juri,26.6,95,0,1,High
5/13/2026 22:00,Sylhet,Maulvibazar,Juri,26.1,95,0.2,0.681,Medium
4/13/2026 0:00,Sylhet,Maulvibazar,Kamalganj,21.9,90,0,0.4085,Low
4/13/2026 2:00,Sylhet,Maulvibazar,Kamalganj,22.2,91,0.5,0.4138,Low
4/13/2026 4:00,Sylhet,Maulvibazar,Kamalganj,20.9,96,0.4,0.4045,Low
4/13/2026 6:00,Sylhet,Maulvibazar,Kamalganj,21,93,0,0.701,High
4/13/2026 8:00,Sylhet,Maulvibazar,Kamalganj,21.9,90,0.2,0.708,High
4/13/2026 10:00,Sylhet,Maulvibazar,Kamalganj,25,80,0.1,0.8848,High
4/13/2026 12:00,Sylhet,Maulvibazar,Kamalganj,28,70,0,0.91,High
4/13/2026 14:00,Sylhet,Maulvibazar,Kamalganj,30.1,64,0,1,High
4/13/2026 16:00,Sylhet,Maulvibazar,Kamalganj,28,73,1.3,1,High
4/13/2026 18:00,Sylhet,Maulvibazar,Kamalganj,27,82,0,1,High
4/13/2026 20:00,Sylhet,Maulvibazar,Kamalganj,24.7,93,0,1,High
4/13/2026 22:00,Sylhet,Maulvibazar,Kamalganj,23.9,85,0,0.6285,Medium
4/14/2026 0:00,Sylhet,Maulvibazar,Kamalganj,23.9,85,0,0.4285,Low
4/14/2026 2:00,Sylhet,Maulvibazar,Kamalganj,20.7,99,6,0.3935,Low
4/14/2026 4:00,Sylhet,Maulvibazar,Kamalganj,21.6,95,0,0.414,Low
4/14/2026 6:00,Sylhet,Maulvibazar,Kamalganj,21.5,98,2.7,0.7117,High
4/14/2026 8:00,Sylhet,Maulvibazar,Kamalganj,23.8,90,0.1,0.7368,High
4/14/2026 10:00,Sylhet,Maulvibazar,Kamalganj,28.1,72,0,0.9155,High
4/14/2026 12:00,Sylhet,Maulvibazar,Kamalganj,29.2,71,0,0.93,High
4/14/2026 14:00,Sylhet,Maulvibazar,Kamalganj,31,64,0,1,High
4/14/2026 16:00,Sylhet,Maulvibazar,Kamalganj,30.8,63,0,1,High
4/14/2026 18:00,Sylhet,Maulvibazar,Kamalganj,27,85,0.2,1,High
4/14/2026 20:00,Sylhet,Maulvibazar,Kamalganj,25.4,90,0,1,High
4/14/2026 22:00,Sylhet,Maulvibazar,Kamalganj,24.2,95,0.4,0.652,Medium
4/15/2026 0:00,Sylhet,Maulvibazar,Kamalganj,21.8,99,0.8,0.423,Low
4/15/2026 2:00,Sylhet,Maulvibazar,Kamalganj,21.8,98,6.2,0.4075,Low
4/15/2026 4:00,Sylhet,Maulvibazar,Kamalganj,21.2,97,0,0.412,Low
4/15/2026 6:00,Sylhet,Maulvibazar,Kamalganj,21.4,93,0,0.707,High
4/15/2026 8:00,Sylhet,Maulvibazar,Kamalganj,23.2,87,0,0.722,High
4/15/2026 10:00,Sylhet,Maulvibazar,Kamalganj,27.2,75,0,0.908,High
4/15/2026 12:00,Sylhet,Maulvibazar,Kamalganj,29.6,65,0,0.924,High
4/15/2026 14:00,Sylhet,Maulvibazar,Kamalganj,31.2,61,0,1,High
4/15/2026 16:00,Sylhet,Maulvibazar,Kamalganj,31.5,60,0,1,High
4/15/2026 18:00,Sylhet,Maulvibazar,Kamalganj,27.8,77,0,1,High
4/15/2026 20:00,Sylhet,Maulvibazar,Kamalganj,23.7,94,0,1,High
4/15/2026 22:00,Sylhet,Maulvibazar,Kamalganj,21.5,97,8.1,0.5962,Medium
4/16/2026 0:00,Sylhet,Maulvibazar,Kamalganj,20.7,99,7.9,0.3888,Low
4/16/2026 2:00,Sylhet,Maulvibazar,Kamalganj,20.8,95,4.7,0.3903,Low
4/16/2026 4:00,Sylhet,Maulvibazar,Kamalganj,20.8,91,0,0.394,Low
4/16/2026 6:00,Sylhet,Maulvibazar,Kamalganj,21.6,99,15,0.6845,Medium
4/16/2026 8:00,Sylhet,Maulvibazar,Kamalganj,23.8,89,0,0.735,High
4/16/2026 10:00,Sylhet,Maulvibazar,Kamalganj,27.3,77,0,0.9135,High
4/16/2026 12:00,Sylhet,Maulvibazar,Kamalganj,28.6,72,0,0.923,High
4/16/2026 14:00,Sylhet,Maulvibazar,Kamalganj,29.9,66,0.1,1,High
4/16/2026 16:00,Sylhet,Maulvibazar,Kamalganj,30,65,0.1,1,High
4/16/2026 18:00,Sylhet,Maulvibazar,Kamalganj,27.5,82,0,1,High
4/16/2026 20:00,Sylhet,Maulvibazar,Kamalganj,25.1,88,0,1,High
4/16/2026 22:00,Sylhet,Maulvibazar,Kamalganj,22.5,94,2.6,0.619,Medium
4/17/2026 0:00,Sylhet,Maulvibazar,Kamalganj,24,95,0,0.45,Medium
4/17/2026 2:00,Sylhet,Maulvibazar,Kamalganj,22.3,98,8.1,0.4102,Low
4/17/2026 4:00,Sylhet,Maulvibazar,Kamalganj,21.8,99,0,0.425,Low
4/17/2026 6:00,Sylhet,Maulvibazar,Kamalganj,23.5,98,0,0.7485,High
4/17/2026 8:00,Sylhet,Maulvibazar,Kamalganj,25.6,89,0,0.762,High
4/17/2026 10:00,Sylhet,Maulvibazar,Kamalganj,27.9,77,0.1,0.9222,High
4/17/2026 12:00,Sylhet,Maulvibazar,Kamalganj,31,69,0,0.953,High
4/17/2026 14:00,Sylhet,Maulvibazar,Kamalganj,31.8,65,0,1,High
4/17/2026 16:00,Sylhet,Maulvibazar,Kamalganj,31.5,64,0,1,High
4/17/2026 18:00,Sylhet,Maulvibazar,Kamalganj,27.9,84,0.1,1,High
4/17/2026 20:00,Sylhet,Maulvibazar,Kamalganj,26,93,0,1,High
4/17/2026 22:00,Sylhet,Maulvibazar,Kamalganj,24.7,96,0,0.6625,Medium
4/18/2026 0:00,Sylhet,Maulvibazar,Kamalganj,24.6,96,0,0.461,Medium
4/18/2026 2:00,Sylhet,Maulvibazar,Kamalganj,23.4,98,0,0.447,Low
4/18/2026 4:00,Sylhet,Maulvibazar,Kamalganj,23,98,0,0.441,Low
4/18/2026 6:00,Sylhet,Maulvibazar,Kamalganj,24.3,96,0,0.7565,High
4/18/2026 8:00,Sylhet,Maulvibazar,Kamalganj,26.6,89,0,0.777,High
4/18/2026 10:00,Sylhet,Maulvibazar,Kamalganj,29.3,78,0,0.9455,High
4/18/2026 12:00,Sylhet,Maulvibazar,Kamalganj,30.8,69,0,0.95,High
4/18/2026 14:00,Sylhet,Maulvibazar,Kamalganj,31.5,66,0,1,High
4/18/2026 16:00,Sylhet,Maulvibazar,Kamalganj,29.9,73,0,1,High
4/18/2026 18:00,Sylhet,Maulvibazar,Kamalganj,28.2,87,0,1,High
4/18/2026 20:00,Sylhet,Maulvibazar,Kamalganj,26.5,89,0,1,High
4/18/2026 22:00,Sylhet,Maulvibazar,Kamalganj,25.7,94,0,0.6735,Medium
4/19/2026 0:00,Sylhet,Maulvibazar,Kamalganj,25.7,94,0,0.4735,Medium
4/19/2026 2:00,Sylhet,Maulvibazar,Kamalganj,23.1,98,0.3,0.4418,Low
4/19/2026 4:00,Sylhet,Maulvibazar,Kamalganj,22.6,98,0,0.435,Low
4/19/2026 6:00,Sylhet,Maulvibazar,Kamalganj,23.1,98,0,0.7425,High
4/19/2026 8:00,Sylhet,Maulvibazar,Kamalganj,22.2,94,0.2,0.7205,High
4/19/2026 10:00,Sylhet,Maulvibazar,Kamalganj,27.2,78,0,0.914,High
4/19/2026 12:00,Sylhet,Maulvibazar,Kamalganj,28.6,73,0,0.925,High
4/19/2026 14:00,Sylhet,Maulvibazar,Kamalganj,30.7,68,0,1,High
4/19/2026 16:00,Sylhet,Maulvibazar,Kamalganj,30.6,69,0,1,High
4/19/2026 18:00,Sylhet,Maulvibazar,Kamalganj,27.2,89,0.1,1,High
4/19/2026 20:00,Sylhet,Maulvibazar,Kamalganj,25.8,93,0.1,1,High
4/19/2026 22:00,Sylhet,Maulvibazar,Kamalganj,25,94,0,0.663,Medium
4/20/2026 0:00,Sylhet,Maulvibazar,Kamalganj,23.5,98,0.5,0.4472,Low
4/20/2026 2:00,Sylhet,Maulvibazar,Kamalganj,22.5,98,2.1,0.4282,Low
4/20/2026 4:00,Sylhet,Maulvibazar,Kamalganj,22.2,98,3.7,0.4198,Low
4/20/2026 6:00,Sylhet,Maulvibazar,Kamalganj,22.9,96,0.1,0.7352,High
4/20/2026 8:00,Sylhet,Maulvibazar,Kamalganj,23,92,0,0.729,High
4/20/2026 10:00,Sylhet,Maulvibazar,Kamalganj,27.6,81,0,0.926,High
4/20/2026 12:00,Sylhet,Maulvibazar,Kamalganj,29.9,69,0.1,0.9362,High
4/20/2026 14:00,Sylhet,Maulvibazar,Kamalganj,30.7,70,0.1,1,High
4/20/2026 16:00,Sylhet,Maulvibazar,Kamalganj,30,76,0.1,1,High
4/20/2026 18:00,Sylhet,Maulvibazar,Kamalganj,26.3,89,0,1,High
4/20/2026 20:00,Sylhet,Maulvibazar,Kamalganj,27,84,0,1,High
4/20/2026 22:00,Sylhet,Maulvibazar,Kamalganj,24.4,93,0,0.652,Medium
4/21/2026 0:00,Sylhet,Maulvibazar,Kamalganj,21.9,99,0.9,0.4242,Low
4/21/2026 2:00,Sylhet,Maulvibazar,Kamalganj,21.9,100,1.2,0.4255,Low
4/21/2026 4:00,Sylhet,Maulvibazar,Kamalganj,22.2,98,0,0.429,Low
4/21/2026 6:00,Sylhet,Maulvibazar,Kamalganj,23.5,97,0.2,0.746,High
4/21/2026 8:00,Sylhet,Maulvibazar,Kamalganj,25.3,91,0,0.7615,High
4/21/2026 10:00,Sylhet,Maulvibazar,Kamalganj,29.1,74,0.2,0.934,High
4/21/2026 12:00,Sylhet,Maulvibazar,Kamalganj,31.8,63,0.1,0.9528,High
4/21/2026 14:00,Sylhet,Maulvibazar,Kamalganj,31.6,64,0.8,1,High
4/21/2026 16:00,Sylhet,Maulvibazar,Kamalganj,31.2,67,0,1,High
4/21/2026 18:00,Sylhet,Maulvibazar,Kamalganj,30,72,0,1,High
4/21/2026 20:00,Sylhet,Maulvibazar,Kamalganj,29.1,72,0,1,High
4/21/2026 22:00,Sylhet,Maulvibazar,Kamalganj,27,83,0,0.671,Medium
4/22/2026 0:00,Sylhet,Maulvibazar,Kamalganj,23.8,98,0,0.453,Medium
4/22/2026 2:00,Sylhet,Maulvibazar,Kamalganj,21.2,98,4.1,0.4037,Low
4/22/2026 4:00,Sylhet,Maulvibazar,Kamalganj,21.8,99,0,0.425,Low
4/22/2026 6:00,Sylhet,Maulvibazar,Kamalganj,21,95,0,0.705,High
4/22/2026 8:00,Sylhet,Maulvibazar,Kamalganj,22,92,0.2,0.7135,High
4/22/2026 10:00,Sylhet,Maulvibazar,Kamalganj,25.4,84,0,0.899,High
4/22/2026 12:00,Sylhet,Maulvibazar,Kamalganj,31,67,0,0.949,High
4/22/2026 14:00,Sylhet,Maulvibazar,Kamalganj,33.2,57,0,1,High
4/22/2026 16:00,Sylhet,Maulvibazar,Kamalganj,33.1,59,0,1,High
4/22/2026 18:00,Sylhet,Maulvibazar,Kamalganj,29.5,69,1.9,1,High
4/22/2026 20:00,Sylhet,Maulvibazar,Kamalganj,26.5,82,0,1,High
4/22/2026 22:00,Sylhet,Maulvibazar,Kamalganj,24.3,90,0,0.6445,Medium
4/23/2026 0:00,Sylhet,Maulvibazar,Kamalganj,23.2,97,0,0.442,Low
4/23/2026 2:00,Sylhet,Maulvibazar,Kamalganj,23,99,0,0.443,Low
4/23/2026 4:00,Sylhet,Maulvibazar,Kamalganj,22.4,98,0,0.432,Low
4/23/2026 6:00,Sylhet,Maulvibazar,Kamalganj,23,93,0,0.731,High
4/23/2026 8:00,Sylhet,Maulvibazar,Kamalganj,24.5,91,0,0.7495,High
4/23/2026 10:00,Sylhet,Maulvibazar,Kamalganj,27.6,81,0,0.926,High
4/23/2026 12:00,Sylhet,Maulvibazar,Kamalganj,27.6,76,0,0.916,High
4/23/2026 14:00,Sylhet,Maulvibazar,Kamalganj,30.9,65,0,1,High
4/23/2026 16:00,Sylhet,Maulvibazar,Kamalganj,30.9,64,0,1,High
4/23/2026 18:00,Sylhet,Maulvibazar,Kamalganj,29.4,78,0,1,High
4/23/2026 20:00,Sylhet,Maulvibazar,Kamalganj,27.8,81,0,1,High
4/23/2026 22:00,Sylhet,Maulvibazar,Kamalganj,26.7,85,0,0.6705,Medium
4/24/2026 0:00,Sylhet,Maulvibazar,Kamalganj,25.6,92,0,0.468,Medium
4/24/2026 2:00,Sylhet,Maulvibazar,Kamalganj,24.6,96,0,0.461,Medium
4/24/2026 4:00,Sylhet,Maulvibazar,Kamalganj,24,96,0,0.452,Medium
4/24/2026 6:00,Sylhet,Maulvibazar,Kamalganj,24.8,97,0,0.766,High
4/24/2026 8:00,Sylhet,Maulvibazar,Kamalganj,28.5,87,0,0.8015,High
4/24/2026 10:00,Sylhet,Maulvibazar,Kamalganj,30.7,75,0.1,0.9602,High
4/24/2026 12:00,Sylhet,Maulvibazar,Kamalganj,31.3,73,0,0.9655,High
4/24/2026 14:00,Sylhet,Maulvibazar,Kamalganj,33,64,0,1,High
4/24/2026 16:00,Sylhet,Maulvibazar,Kamalganj,33.2,59,0,1,High
4/24/2026 18:00,Sylhet,Maulvibazar,Kamalganj,30.5,78,0,1,High
4/24/2026 20:00,Sylhet,Maulvibazar,Kamalganj,27.6,86,0,1,High
4/24/2026 22:00,Sylhet,Maulvibazar,Kamalganj,26,91,0,0.672,Medium
4/25/2026 0:00,Sylhet,Maulvibazar,Kamalganj,25.5,94,0,0.4705,Medium
4/25/2026 2:00,Sylhet,Maulvibazar,Kamalganj,25.1,96,0,0.4685,Medium
4/25/2026 4:00,Sylhet,Maulvibazar,Kamalganj,24.3,97,0,0.4585,Medium
4/25/2026 6:00,Sylhet,Maulvibazar,Kamalganj,25.6,96,0,0.776,High
4/25/2026 8:00,Sylhet,Maulvibazar,Kamalganj,29.1,84,0,0.8045,High
4/25/2026 10:00,Sylhet,Maulvibazar,Kamalganj,28.8,82,0,0.946,High
4/25/2026 12:00,Sylhet,Maulvibazar,Kamalganj,32.2,69,0,0.971,High
4/25/2026 14:00,Sylhet,Maulvibazar,Kamalganj,33,64,0,1,High
4/25/2026 16:00,Sylhet,Maulvibazar,Kamalganj,33,61,0,1,High
4/25/2026 18:00,Sylhet,Maulvibazar,Kamalganj,29.6,79,0,1,High
4/25/2026 20:00,Sylhet,Maulvibazar,Kamalganj,27.4,82,0,1,High
4/25/2026 22:00,Sylhet,Maulvibazar,Kamalganj,26.4,86,0,0.668,Medium
4/26/2026 0:00,Sylhet,Maulvibazar,Kamalganj,26,90,0,0.47,Medium
4/26/2026 2:00,Sylhet,Maulvibazar,Kamalganj,24.6,95,0,0.459,Medium
4/26/2026 4:00,Sylhet,Maulvibazar,Kamalganj,24.6,94,0,0.457,Medium
4/26/2026 6:00,Sylhet,Maulvibazar,Kamalganj,22.9,99,0,0.7415,High
4/26/2026 8:00,Sylhet,Maulvibazar,Kamalganj,25.9,85,0,0.7585,High
4/26/2026 10:00,Sylhet,Maulvibazar,Kamalganj,28.5,72,0.1,0.9212,High
4/26/2026 12:00,Sylhet,Maulvibazar,Kamalganj,29.1,63,0,0.9125,High
4/26/2026 14:00,Sylhet,Maulvibazar,Kamalganj,30.1,60,0.1,1,High
4/26/2026 16:00,Sylhet,Maulvibazar,Kamalganj,26.7,78,3.2,0.9985,High
4/26/2026 18:00,Sylhet,Maulvibazar,Kamalganj,24.9,85,0,1,High
4/26/2026 20:00,Sylhet,Maulvibazar,Kamalganj,24.8,76,0,1,High
4/26/2026 22:00,Sylhet,Maulvibazar,Kamalganj,24.2,83,0,0.629,Medium
4/27/2026 0:00,Sylhet,Maulvibazar,Kamalganj,23.2,90,4.8,0.416,Low
4/27/2026 2:00,Sylhet,Maulvibazar,Kamalganj,22.5,93,0,0.4235,Low
4/27/2026 4:00,Sylhet,Maulvibazar,Kamalganj,22.6,92,0.1,0.4228,Low
4/27/2026 6:00,Sylhet,Maulvibazar,Kamalganj,20,97,1.6,0.69,Medium
4/27/2026 8:00,Sylhet,Maulvibazar,Kamalganj,20.6,98,2.1,0.6998,Medium
4/27/2026 10:00,Sylhet,Maulvibazar,Kamalganj,22.4,93,0.2,0.8715,High
4/27/2026 12:00,Sylhet,Maulvibazar,Kamalganj,24.3,81,0.1,0.8762,High
4/27/2026 14:00,Sylhet,Maulvibazar,Kamalganj,26.7,74,0.1,0.9982,High
4/27/2026 16:00,Sylhet,Maulvibazar,Kamalganj,25.8,79,0.1,0.9948,High
4/27/2026 18:00,Sylhet,Maulvibazar,Kamalganj,22.9,92,4.3,1,High
4/27/2026 20:00,Sylhet,Maulvibazar,Kamalganj,21.9,97,6.9,1,High
4/27/2026 22:00,Sylhet,Maulvibazar,Kamalganj,21.5,98,7.8,0.599,Medium
4/28/2026 0:00,Sylhet,Maulvibazar,Kamalganj,21.4,98,0.2,0.4165,Low
4/28/2026 2:00,Sylhet,Maulvibazar,Kamalganj,21.5,96,0,0.4145,Low
4/28/2026 4:00,Sylhet,Maulvibazar,Kamalganj,21.2,96,1.3,0.4068,Low
4/28/2026 6:00,Sylhet,Maulvibazar,Kamalganj,22.1,96,2.5,0.7172,High
4/28/2026 8:00,Sylhet,Maulvibazar,Kamalganj,21.7,95,23.4,0.6655,Medium
4/28/2026 10:00,Sylhet,Maulvibazar,Kamalganj,22.5,97,1.7,0.8772,High
4/28/2026 12:00,Sylhet,Maulvibazar,Kamalganj,23.7,86,15.3,0.8392,High
4/28/2026 14:00,Sylhet,Maulvibazar,Kamalganj,23.6,91,0.1,0.9858,High
4/28/2026 16:00,Sylhet,Maulvibazar,Kamalganj,23.1,94,3.2,0.9765,High
4/28/2026 18:00,Sylhet,Maulvibazar,Kamalganj,23.1,95,0.1,1,High
4/28/2026 20:00,Sylhet,Maulvibazar,Kamalganj,23,93,0,1,High
4/28/2026 22:00,Sylhet,Maulvibazar,Kamalganj,22.3,96,0.9,0.6242,Medium
4/29/2026 0:00,Sylhet,Maulvibazar,Kamalganj,22.5,92,0.2,0.421,Low
4/29/2026 2:00,Sylhet,Maulvibazar,Kamalganj,22,95,0.3,0.4192,Low
4/29/2026 4:00,Sylhet,Maulvibazar,Kamalganj,21.5,97,1.1,0.4138,Low
4/29/2026 6:00,Sylhet,Maulvibazar,Kamalganj,21.5,97,6.1,0.7012,High
4/29/2026 8:00,Sylhet,Maulvibazar,Kamalganj,21.8,96,3.1,0.7112,High
4/29/2026 10:00,Sylhet,Maulvibazar,Kamalganj,22.6,96,2,0.876,High
4/29/2026 12:00,Sylhet,Maulvibazar,Kamalganj,20.9,96,0.7,0.8537,High
4/29/2026 14:00,Sylhet,Maulvibazar,Kamalganj,22.8,88,0,0.968,High
4/29/2026 16:00,Sylhet,Maulvibazar,Kamalganj,23,87,0,0.969,High
4/29/2026 18:00,Sylhet,Maulvibazar,Kamalganj,22.5,91,0,1,High
4/29/2026 20:00,Sylhet,Maulvibazar,Kamalganj,21.2,97,0,1,High
4/29/2026 22:00,Sylhet,Maulvibazar,Kamalganj,20.8,96,0,0.604,Medium
4/30/2026 0:00,Sylhet,Maulvibazar,Kamalganj,21.4,92,0,0.405,Low
4/30/2026 2:00,Sylhet,Maulvibazar,Kamalganj,21,93,1.1,0.3983,Low
4/30/2026 4:00,Sylhet,Maulvibazar,Kamalganj,20.6,96,0.5,0.3998,Low
4/30/2026 6:00,Sylhet,Maulvibazar,Kamalganj,20.6,97,0,0.703,High
4/30/2026 8:00,Sylhet,Maulvibazar,Kamalganj,21.2,97,0.8,0.71,High
4/30/2026 10:00,Sylhet,Maulvibazar,Kamalganj,23.1,89,0.1,0.8742,High
4/30/2026 12:00,Sylhet,Maulvibazar,Kamalganj,25.5,74,0,0.8805,High
4/30/2026 14:00,Sylhet,Maulvibazar,Kamalganj,28.8,58,0,0.998,High
4/30/2026 16:00,Sylhet,Maulvibazar,Kamalganj,28.2,60,0,0.993,High
4/30/2026 18:00,Sylhet,Maulvibazar,Kamalganj,25.6,86,0,1,High
4/30/2026 20:00,Sylhet,Maulvibazar,Kamalganj,23.1,96,0.1,1,High
4/30/2026 22:00,Sylhet,Maulvibazar,Kamalganj,22.6,96,0,0.631,Medium
5/1/2026 0:00,Sylhet,Maulvibazar,Kamalganj,22.4,95,1.1,0.4232,Low
5/1/2026 2:00,Sylhet,Maulvibazar,Kamalganj,21.4,95,0,0.411,Low
5/1/2026 4:00,Sylhet,Maulvibazar,Kamalganj,21.2,95,0.1,0.4078,Low
5/1/2026 6:00,Sylhet,Maulvibazar,Kamalganj,21.3,95,0.8,0.7075,High
5/1/2026 8:00,Sylhet,Maulvibazar,Kamalganj,21.5,96,1.3,0.7112,High
5/1/2026 10:00,Sylhet,Maulvibazar,Kamalganj,23.3,94,0.9,0.8852,High
5/1/2026 12:00,Sylhet,Maulvibazar,Kamalganj,25.6,78,0.7,0.8883,High
5/1/2026 14:00,Sylhet,Maulvibazar,Kamalganj,22.9,92,2.1,0.9722,High
5/1/2026 16:00,Sylhet,Maulvibazar,Kamalganj,22.1,94,1.2,0.9665,High
5/1/2026 18:00,Sylhet,Maulvibazar,Kamalganj,22.6,96,1.2,1,High
5/1/2026 20:00,Sylhet,Maulvibazar,Kamalganj,21.5,97,0,1,High
5/1/2026 22:00,Sylhet,Maulvibazar,Kamalganj,21.5,98,0,0.6185,Medium
5/2/2026 0:00,Sylhet,Maulvibazar,Kamalganj,21.1,98,1.8,0.408,Low
5/2/2026 2:00,Sylhet,Maulvibazar,Kamalganj,20.4,98,0.2,0.4015,Low
5/2/2026 4:00,Sylhet,Maulvibazar,Kamalganj,20.1,98,4,0.3875,Low
5/2/2026 6:00,Sylhet,Maulvibazar,Kamalganj,20.5,98,1.5,0.6997,Medium
5/2/2026 8:00,Sylhet,Maulvibazar,Kamalganj,21.1,96,1.3,0.7052,High
5/2/2026 10:00,Sylhet,Maulvibazar,Kamalganj,22.1,92,1.3,0.8622,High
5/2/2026 12:00,Sylhet,Maulvibazar,Kamalganj,21.6,96,0.4,0.865,High
5/2/2026 14:00,Sylhet,Maulvibazar,Kamalganj,22.8,90,0,0.972,High
5/2/2026 16:00,Sylhet,Maulvibazar,Kamalganj,25.2,78,0.1,0.9838,High
5/2/2026 18:00,Sylhet,Maulvibazar,Kamalganj,21.5,92,0.1,1,High
5/2/2026 20:00,Sylhet,Maulvibazar,Kamalganj,21.4,96,0,1,High
5/2/2026 22:00,Sylhet,Maulvibazar,Kamalganj,21.4,97,0,0.615,Medium
5/3/2026 0:00,Sylhet,Maulvibazar,Kamalganj,21.5,97,0,0.4165,Low
5/3/2026 2:00,Sylhet,Maulvibazar,Kamalganj,20.6,97,0,0.403,Low
5/3/2026 4:00,Sylhet,Maulvibazar,Kamalganj,20.6,99,0.1,0.4068,Low
5/3/2026 6:00,Sylhet,Maulvibazar,Kamalganj,20.6,98,0,0.705,High
5/3/2026 8:00,Sylhet,Maulvibazar,Kamalganj,23,88,0.1,0.7208,High
5/3/2026 10:00,Sylhet,Maulvibazar,Kamalganj,25.8,76,0.3,0.8882,High
5/3/2026 12:00,Sylhet,Maulvibazar,Kamalganj,27.8,69,0,0.905,High
5/3/2026 14:00,Sylhet,Maulvibazar,Kamalganj,24.5,85,0.4,0.9865,High
5/3/2026 16:00,Sylhet,Maulvibazar,Kamalganj,28.9,65,0,1,High
5/3/2026 18:00,Sylhet,Maulvibazar,Kamalganj,24,94,1.1,1,High
5/3/2026 20:00,Sylhet,Maulvibazar,Kamalganj,23.4,96,0,1,High
5/3/2026 22:00,Sylhet,Maulvibazar,Kamalganj,22.4,96,0,0.628,Medium
5/4/2026 0:00,Sylhet,Maulvibazar,Kamalganj,22,98,0,0.426,Low
5/4/2026 2:00,Sylhet,Maulvibazar,Kamalganj,21.3,96,0.7,0.4098,Low
5/4/2026 4:00,Sylhet,Maulvibazar,Kamalganj,20.9,97,0,0.4075,Low
5/4/2026 6:00,Sylhet,Maulvibazar,Kamalganj,21,99,1.2,0.71,High
5/4/2026 8:00,Sylhet,Maulvibazar,Kamalganj,22.3,95,1.2,0.7215,High
5/4/2026 10:00,Sylhet,Maulvibazar,Kamalganj,22.4,96,3.1,0.8702,High
5/4/2026 12:00,Sylhet,Maulvibazar,Kamalganj,24.4,87,0,0.89,High
5/4/2026 14:00,Sylhet,Maulvibazar,Kamalganj,28.4,70,0,1,High
5/4/2026 16:00,Sylhet,Maulvibazar,Kamalganj,28.6,65,0,1,High
5/4/2026 18:00,Sylhet,Maulvibazar,Kamalganj,26.6,81,0,1,High
5/4/2026 20:00,Sylhet,Maulvibazar,Kamalganj,24.1,88,0,1,High
5/4/2026 22:00,Sylhet,Maulvibazar,Kamalganj,23.2,89,0,0.626,Medium
5/5/2026 0:00,Sylhet,Maulvibazar,Kamalganj,22.4,94,0,0.424,Low
5/5/2026 2:00,Sylhet,Maulvibazar,Kamalganj,22.4,95,0,0.426,Low
5/5/2026 4:00,Sylhet,Maulvibazar,Kamalganj,22.3,96,0,0.4265,Low
5/5/2026 6:00,Sylhet,Maulvibazar,Kamalganj,22.8,94,0,0.73,High
5/5/2026 8:00,Sylhet,Maulvibazar,Kamalganj,24.9,90,0,0.7535,High
5/5/2026 10:00,Sylhet,Maulvibazar,Kamalganj,28.6,75,0,0.929,High
5/5/2026 12:00,Sylhet,Maulvibazar,Kamalganj,30.4,62,0,0.93,High
5/5/2026 14:00,Sylhet,Maulvibazar,Kamalganj,31.4,59,0,1,High
5/5/2026 16:00,Sylhet,Maulvibazar,Kamalganj,30.5,61,0,1,High
5/5/2026 18:00,Sylhet,Maulvibazar,Kamalganj,26.8,79,0,1,High
5/5/2026 20:00,Sylhet,Maulvibazar,Kamalganj,25.5,80,0,1,High
5/5/2026 22:00,Sylhet,Maulvibazar,Kamalganj,23.9,87,0,0.6325,Medium
5/6/2026 0:00,Sylhet,Maulvibazar,Kamalganj,23.8,93,0,0.443,Low
5/6/2026 2:00,Sylhet,Maulvibazar,Kamalganj,23.4,95,0,0.441,Low
5/6/2026 4:00,Sylhet,Maulvibazar,Kamalganj,22.6,94,0.1,0.4268,Low
5/6/2026 6:00,Sylhet,Maulvibazar,Kamalganj,23.2,98,0.1,0.7438,High
5/6/2026 8:00,Sylhet,Maulvibazar,Kamalganj,26,82,0,0.754,High
5/6/2026 10:00,Sylhet,Maulvibazar,Kamalganj,28.6,72,0,0.923,High
5/6/2026 12:00,Sylhet,Maulvibazar,Kamalganj,29.5,66,0,0.9245,High
5/6/2026 14:00,Sylhet,Maulvibazar,Kamalganj,30.2,65,0,1,High
5/6/2026 16:00,Sylhet,Maulvibazar,Kamalganj,30.4,64,0,1,High
5/6/2026 18:00,Sylhet,Maulvibazar,Kamalganj,28.2,73,0,1,High
5/6/2026 20:00,Sylhet,Maulvibazar,Kamalganj,25.8,86,3.1,1,High
5/6/2026 22:00,Sylhet,Maulvibazar,Kamalganj,23.2,97,0.1,0.6418,Medium
5/7/2026 0:00,Sylhet,Maulvibazar,Kamalganj,23,98,0,0.441,Low
5/7/2026 2:00,Sylhet,Maulvibazar,Kamalganj,22.8,98,0,0.438,Low
5/7/2026 4:00,Sylhet,Maulvibazar,Kamalganj,22.6,99,0,0.437,Low
5/7/2026 6:00,Sylhet,Maulvibazar,Kamalganj,22.5,96,0,0.7295,High
5/7/2026 8:00,Sylhet,Maulvibazar,Kamalganj,24,89,1,0.7355,High
5/7/2026 10:00,Sylhet,Maulvibazar,Kamalganj,26,77,0.1,0.8938,High
5/7/2026 12:00,Sylhet,Maulvibazar,Kamalganj,28.9,69,0.1,0.9212,High
5/7/2026 14:00,Sylhet,Maulvibazar,Kamalganj,30,63,0,1,High
5/7/2026 16:00,Sylhet,Maulvibazar,Kamalganj,30,59,0,1,High
5/7/2026 18:00,Sylhet,Maulvibazar,Kamalganj,28.6,76,0,1,High
5/7/2026 20:00,Sylhet,Maulvibazar,Kamalganj,26.6,80,0,1,High
5/7/2026 22:00,Sylhet,Maulvibazar,Kamalganj,25.2,84,0,0.646,Medium
5/8/2026 0:00,Sylhet,Maulvibazar,Kamalganj,24.6,88,0,0.445,Low
5/8/2026 2:00,Sylhet,Maulvibazar,Kamalganj,24.7,89,0,0.4485,Low
5/8/2026 4:00,Sylhet,Maulvibazar,Kamalganj,24.3,90,0,0.4445,Low
5/8/2026 6:00,Sylhet,Maulvibazar,Kamalganj,23.3,97,0,0.7435,High
5/8/2026 8:00,Sylhet,Maulvibazar,Kamalganj,28.2,78,0,0.779,High
5/8/2026 10:00,Sylhet,Maulvibazar,Kamalganj,31,58,0,0.931,High
5/8/2026 12:00,Sylhet,Maulvibazar,Kamalganj,31.4,53,0,0.927,High
5/8/2026 14:00,Sylhet,Maulvibazar,Kamalganj,31,55,0,1,High
5/8/2026 16:00,Sylhet,Maulvibazar,Kamalganj,30.9,56,0,1,High
5/8/2026 18:00,Sylhet,Maulvibazar,Kamalganj,29,71,0,1,High
5/8/2026 20:00,Sylhet,Maulvibazar,Kamalganj,26.5,74,0,1,High
5/8/2026 22:00,Sylhet,Maulvibazar,Kamalganj,24.9,81,0,0.6355,Medium
5/9/2026 0:00,Sylhet,Maulvibazar,Kamalganj,24.1,88,0,0.4375,Low
5/9/2026 2:00,Sylhet,Maulvibazar,Kamalganj,23.7,90,0,0.4355,Low
5/9/2026 4:00,Sylhet,Maulvibazar,Kamalganj,22.8,92,0,0.426,Low
5/9/2026 6:00,Sylhet,Maulvibazar,Kamalganj,23.1,94,0,0.7345,High
5/9/2026 8:00,Sylhet,Maulvibazar,Kamalganj,27.6,78,0,0.77,High
5/9/2026 10:00,Sylhet,Maulvibazar,Kamalganj,30.5,57,0,0.9215,High
5/9/2026 12:00,Sylhet,Maulvibazar,Kamalganj,31.8,49,0,0.927,High
5/9/2026 14:00,Sylhet,Maulvibazar,Kamalganj,33,46,0,1,High
5/9/2026 16:00,Sylhet,Maulvibazar,Kamalganj,32.3,50,0,1,High
5/9/2026 18:00,Sylhet,Maulvibazar,Kamalganj,30.1,68,0,1,High
5/9/2026 20:00,Sylhet,Maulvibazar,Kamalganj,26.9,76,0,1,High
5/9/2026 22:00,Sylhet,Maulvibazar,Kamalganj,25.9,76,0,0.6405,Medium
5/10/2026 0:00,Sylhet,Maulvibazar,Kamalganj,25.2,81,0,0.44,Low
5/10/2026 2:00,Sylhet,Maulvibazar,Kamalganj,25.4,80,0,0.441,Low
5/10/2026 4:00,Sylhet,Maulvibazar,Kamalganj,25,83,0,0.441,Low
5/10/2026 6:00,Sylhet,Maulvibazar,Kamalganj,23.7,91,0,0.7375,High
5/10/2026 8:00,Sylhet,Maulvibazar,Kamalganj,28.4,75,0,0.776,High
5/10/2026 10:00,Sylhet,Maulvibazar,Kamalganj,31.5,61,0,0.9445,High
5/10/2026 12:00,Sylhet,Maulvibazar,Kamalganj,32.5,46,0,0.9375,High
5/10/2026 14:00,Sylhet,Maulvibazar,Kamalganj,32.4,49,0.2,1,High
5/10/2026 16:00,Sylhet,Maulvibazar,Kamalganj,29,71,0,1,High
5/10/2026 18:00,Sylhet,Maulvibazar,Kamalganj,26.4,75,0,1,High
5/10/2026 20:00,Sylhet,Maulvibazar,Kamalganj,25.2,81,0,1,High
5/10/2026 22:00,Sylhet,Maulvibazar,Kamalganj,24.2,90,0,0.643,Medium
5/11/2026 0:00,Sylhet,Maulvibazar,Kamalganj,24.4,88,0,0.442,Low
5/11/2026 2:00,Sylhet,Maulvibazar,Kamalganj,23.4,93,0,0.437,Low
5/11/2026 4:00,Sylhet,Maulvibazar,Kamalganj,22.5,93,0,0.4235,Low
5/11/2026 6:00,Sylhet,Maulvibazar,Kamalganj,23.5,90,2.2,0.727,High
5/11/2026 8:00,Sylhet,Maulvibazar,Kamalganj,26.1,82,0,0.7555,High
5/11/2026 10:00,Sylhet,Maulvibazar,Kamalganj,28.3,68,0,0.9105,High
5/11/2026 12:00,Sylhet,Maulvibazar,Kamalganj,28.6,68,0,0.915,High
5/11/2026 14:00,Sylhet,Maulvibazar,Kamalganj,30.3,55,0,1,High
5/11/2026 16:00,Sylhet,Maulvibazar,Kamalganj,27.8,65,0.1,0.9968,High
5/11/2026 18:00,Sylhet,Maulvibazar,Kamalganj,27,80,0,1,High
5/11/2026 20:00,Sylhet,Maulvibazar,Kamalganj,24.4,88,2.3,1,High
5/11/2026 22:00,Sylhet,Maulvibazar,Kamalganj,23.5,91,0,0.6345,Medium
5/12/2026 0:00,Sylhet,Maulvibazar,Kamalganj,23.5,94,0,0.4405,Low
5/12/2026 2:00,Sylhet,Maulvibazar,Kamalganj,22.2,97,0,0.427,Low
5/12/2026 4:00,Sylhet,Maulvibazar,Kamalganj,21.9,98,0,0.4245,Low
5/12/2026 6:00,Sylhet,Maulvibazar,Kamalganj,22.6,96,0,0.731,High
5/12/2026 8:00,Sylhet,Maulvibazar,Kamalganj,25.4,82,0.1,0.7447,High
5/12/2026 10:00,Sylhet,Maulvibazar,Kamalganj,28.4,71,0,0.918,High
5/12/2026 12:00,Sylhet,Maulvibazar,Kamalganj,29.6,64,0,0.922,High
5/12/2026 14:00,Sylhet,Maulvibazar,Kamalganj,30.6,59,0,1,High
5/12/2026 16:00,Sylhet,Maulvibazar,Kamalganj,30.3,58,0,1,High
5/12/2026 18:00,Sylhet,Maulvibazar,Kamalganj,28.9,72,0,1,High
5/12/2026 20:00,Sylhet,Maulvibazar,Kamalganj,26.6,79,0,1,High
5/12/2026 22:00,Sylhet,Maulvibazar,Kamalganj,25.6,85,0,0.654,Medium
5/13/2026 0:00,Sylhet,Maulvibazar,Kamalganj,25.5,86,0,0.4545,Medium
5/13/2026 2:00,Sylhet,Maulvibazar,Kamalganj,23.8,95,1.2,0.444,Low
5/13/2026 4:00,Sylhet,Maulvibazar,Kamalganj,22.6,99,0.2,0.4365,Low
5/13/2026 6:00,Sylhet,Maulvibazar,Kamalganj,24,95,0,0.75,High
5/13/2026 8:00,Sylhet,Maulvibazar,Kamalganj,26.8,83,0.1,0.7678,High
5/13/2026 10:00,Sylhet,Maulvibazar,Kamalganj,28.6,76,0.2,0.9305,High
5/13/2026 12:00,Sylhet,Maulvibazar,Kamalganj,29.9,71,0.3,0.9398,High
5/13/2026 14:00,Sylhet,Maulvibazar,Kamalganj,30.4,68,0,1,High
5/13/2026 16:00,Sylhet,Maulvibazar,Kamalganj,29.9,70,0.1,1,High
5/13/2026 18:00,Sylhet,Maulvibazar,Kamalganj,28.5,81,0.2,1,High
5/13/2026 20:00,Sylhet,Maulvibazar,Kamalganj,26.6,95,0,1,High
5/13/2026 22:00,Sylhet,Maulvibazar,Kamalganj,26.1,95,0.2,0.681,Medium
4/13/2026 0:00,Sylhet,Maulvibazar,Kulaura,21.9,90,0,0.4085,Low
4/13/2026 2:00,Sylhet,Maulvibazar,Kulaura,22.2,91,0.5,0.4138,Low
4/13/2026 4:00,Sylhet,Maulvibazar,Kulaura,20.9,96,0.4,0.4045,Low
4/13/2026 6:00,Sylhet,Maulvibazar,Kulaura,21,93,0,0.701,High
4/13/2026 8:00,Sylhet,Maulvibazar,Kulaura,21.9,90,0.2,0.708,High
4/13/2026 10:00,Sylhet,Maulvibazar,Kulaura,25,80,0.1,0.8848,High
4/13/2026 12:00,Sylhet,Maulvibazar,Kulaura,28,70,0,0.91,High
4/13/2026 14:00,Sylhet,Maulvibazar,Kulaura,30.1,64,0,1,High
4/13/2026 16:00,Sylhet,Maulvibazar,Kulaura,28,73,1.3,1,High
4/13/2026 18:00,Sylhet,Maulvibazar,Kulaura,27,82,0,1,High
4/13/2026 20:00,Sylhet,Maulvibazar,Kulaura,24.7,93,0,1,High
4/13/2026 22:00,Sylhet,Maulvibazar,Kulaura,23.9,85,0,0.6285,Medium
4/14/2026 0:00,Sylhet,Maulvibazar,Kulaura,23.9,85,0,0.4285,Low
4/14/2026 2:00,Sylhet,Maulvibazar,Kulaura,20.7,99,6,0.3935,Low
4/14/2026 4:00,Sylhet,Maulvibazar,Kulaura,21.6,95,0,0.414,Low
4/14/2026 6:00,Sylhet,Maulvibazar,Kulaura,21.5,98,2.7,0.7117,High
4/14/2026 8:00,Sylhet,Maulvibazar,Kulaura,23.8,90,0.1,0.7368,High
4/14/2026 10:00,Sylhet,Maulvibazar,Kulaura,28.1,72,0,0.9155,High
4/14/2026 12:00,Sylhet,Maulvibazar,Kulaura,29.2,71,0,0.93,High
4/14/2026 14:00,Sylhet,Maulvibazar,Kulaura,31,64,0,1,High
4/14/2026 16:00,Sylhet,Maulvibazar,Kulaura,30.8,63,0,1,High
4/14/2026 18:00,Sylhet,Maulvibazar,Kulaura,27,85,0.2,1,High
4/14/2026 20:00,Sylhet,Maulvibazar,Kulaura,25.4,90,0,1,High
4/14/2026 22:00,Sylhet,Maulvibazar,Kulaura,24.2,95,0.4,0.652,Medium
4/15/2026 0:00,Sylhet,Maulvibazar,Kulaura,21.8,99,0.8,0.423,Low
4/15/2026 2:00,Sylhet,Maulvibazar,Kulaura,21.8,98,6.2,0.4075,Low
4/15/2026 4:00,Sylhet,Maulvibazar,Kulaura,21.2,97,0,0.412,Low
4/15/2026 6:00,Sylhet,Maulvibazar,Kulaura,21.4,93,0,0.707,High
4/15/2026 8:00,Sylhet,Maulvibazar,Kulaura,23.2,87,0,0.722,High
4/15/2026 10:00,Sylhet,Maulvibazar,Kulaura,27.2,75,0,0.908,High
4/15/2026 12:00,Sylhet,Maulvibazar,Kulaura,29.6,65,0,0.924,High
4/15/2026 14:00,Sylhet,Maulvibazar,Kulaura,31.2,61,0,1,High
4/15/2026 16:00,Sylhet,Maulvibazar,Kulaura,31.5,60,0,1,High
4/15/2026 18:00,Sylhet,Maulvibazar,Kulaura,27.8,77,0,1,High
4/15/2026 20:00,Sylhet,Maulvibazar,Kulaura,23.7,94,0,1,High
4/15/2026 22:00,Sylhet,Maulvibazar,Kulaura,21.5,97,8.1,0.5962,Medium
4/16/2026 0:00,Sylhet,Maulvibazar,Kulaura,20.7,99,7.9,0.3888,Low
4/16/2026 2:00,Sylhet,Maulvibazar,Kulaura,20.8,95,4.7,0.3903,Low
4/16/2026 4:00,Sylhet,Maulvibazar,Kulaura,20.8,91,0,0.394,Low
4/16/2026 6:00,Sylhet,Maulvibazar,Kulaura,21.6,99,15,0.6845,Medium
4/16/2026 8:00,Sylhet,Maulvibazar,Kulaura,23.8,89,0,0.735,High
4/16/2026 10:00,Sylhet,Maulvibazar,Kulaura,27.3,77,0,0.9135,High
4/16/2026 12:00,Sylhet,Maulvibazar,Kulaura,28.6,72,0,0.923,High
4/16/2026 14:00,Sylhet,Maulvibazar,Kulaura,29.9,66,0.1,1,High
4/16/2026 16:00,Sylhet,Maulvibazar,Kulaura,30,65,0.1,1,High
4/16/2026 18:00,Sylhet,Maulvibazar,Kulaura,27.5,82,0,1,High
4/16/2026 20:00,Sylhet,Maulvibazar,Kulaura,25.1,88,0,1,High
4/16/2026 22:00,Sylhet,Maulvibazar,Kulaura,22.5,94,2.6,0.619,Medium
4/17/2026 0:00,Sylhet,Maulvibazar,Kulaura,24,95,0,0.45,Medium
4/17/2026 2:00,Sylhet,Maulvibazar,Kulaura,22.3,98,8.1,0.4102,Low
4/17/2026 4:00,Sylhet,Maulvibazar,Kulaura,21.8,99,0,0.425,Low
4/17/2026 6:00,Sylhet,Maulvibazar,Kulaura,23.5,98,0,0.7485,High
4/17/2026 8:00,Sylhet,Maulvibazar,Kulaura,25.6,89,0,0.762,High
4/17/2026 10:00,Sylhet,Maulvibazar,Kulaura,27.9,77,0.1,0.9222,High
4/17/2026 12:00,Sylhet,Maulvibazar,Kulaura,31,69,0,0.953,High
4/17/2026 14:00,Sylhet,Maulvibazar,Kulaura,31.8,65,0,1,High
4/17/2026 16:00,Sylhet,Maulvibazar,Kulaura,31.5,64,0,1,High
4/17/2026 18:00,Sylhet,Maulvibazar,Kulaura,27.9,84,0.1,1,High
4/17/2026 20:00,Sylhet,Maulvibazar,Kulaura,26,93,0,1,High
4/17/2026 22:00,Sylhet,Maulvibazar,Kulaura,24.7,96,0,0.6625,Medium
4/18/2026 0:00,Sylhet,Maulvibazar,Kulaura,24.6,96,0,0.461,Medium
4/18/2026 2:00,Sylhet,Maulvibazar,Kulaura,23.4,98,0,0.447,Low
4/18/2026 4:00,Sylhet,Maulvibazar,Kulaura,23,98,0,0.441,Low
4/18/2026 6:00,Sylhet,Maulvibazar,Kulaura,24.3,96,0,0.7565,High
4/18/2026 8:00,Sylhet,Maulvibazar,Kulaura,26.6,89,0,0.777,High
4/18/2026 10:00,Sylhet,Maulvibazar,Kulaura,29.3,78,0,0.9455,High
4/18/2026 12:00,Sylhet,Maulvibazar,Kulaura,30.8,69,0,0.95,High
4/18/2026 14:00,Sylhet,Maulvibazar,Kulaura,31.5,66,0,1,High
4/18/2026 16:00,Sylhet,Maulvibazar,Kulaura,29.9,73,0,1,High
4/18/2026 18:00,Sylhet,Maulvibazar,Kulaura,28.2,87,0,1,High
4/18/2026 20:00,Sylhet,Maulvibazar,Kulaura,26.5,89,0,1,High
4/18/2026 22:00,Sylhet,Maulvibazar,Kulaura,25.7,94,0,0.6735,Medium
4/19/2026 0:00,Sylhet,Maulvibazar,Kulaura,25.7,94,0,0.4735,Medium
4/19/2026 2:00,Sylhet,Maulvibazar,Kulaura,23.1,98,0.3,0.4418,Low
4/19/2026 4:00,Sylhet,Maulvibazar,Kulaura,22.6,98,0,0.435,Low
4/19/2026 6:00,Sylhet,Maulvibazar,Kulaura,23.1,98,0,0.7425,High
4/19/2026 8:00,Sylhet,Maulvibazar,Kulaura,22.2,94,0.2,0.7205,High
4/19/2026 10:00,Sylhet,Maulvibazar,Kulaura,27.2,78,0,0.914,High
4/19/2026 12:00,Sylhet,Maulvibazar,Kulaura,28.6,73,0,0.925,High
4/19/2026 14:00,Sylhet,Maulvibazar,Kulaura,30.7,68,0,1,High
4/19/2026 16:00,Sylhet,Maulvibazar,Kulaura,30.6,69,0,1,High
4/19/2026 18:00,Sylhet,Maulvibazar,Kulaura,27.2,89,0.1,1,High
4/19/2026 20:00,Sylhet,Maulvibazar,Kulaura,25.8,93,0.1,1,High
4/19/2026 22:00,Sylhet,Maulvibazar,Kulaura,25,94,0,0.663,Medium
4/20/2026 0:00,Sylhet,Maulvibazar,Kulaura,23.5,98,0.5,0.4472,Low
4/20/2026 2:00,Sylhet,Maulvibazar,Kulaura,22.5,98,2.1,0.4282,Low
4/20/2026 4:00,Sylhet,Maulvibazar,Kulaura,22.2,98,3.7,0.4198,Low
4/20/2026 6:00,Sylhet,Maulvibazar,Kulaura,22.9,96,0.1,0.7352,High
4/20/2026 8:00,Sylhet,Maulvibazar,Kulaura,23,92,0,0.729,High
4/20/2026 10:00,Sylhet,Maulvibazar,Kulaura,27.6,81,0,0.926,High
4/20/2026 12:00,Sylhet,Maulvibazar,Kulaura,29.9,69,0.1,0.9362,High
4/20/2026 14:00,Sylhet,Maulvibazar,Kulaura,30.7,70,0.1,1,High
4/20/2026 16:00,Sylhet,Maulvibazar,Kulaura,30,76,0.1,1,High
4/20/2026 18:00,Sylhet,Maulvibazar,Kulaura,26.3,89,0,1,High
4/20/2026 20:00,Sylhet,Maulvibazar,Kulaura,27,84,0,1,High
4/20/2026 22:00,Sylhet,Maulvibazar,Kulaura,24.4,93,0,0.652,Medium
4/21/2026 0:00,Sylhet,Maulvibazar,Kulaura,21.9,99,0.9,0.4242,Low
4/21/2026 2:00,Sylhet,Maulvibazar,Kulaura,21.9,100,1.2,0.4255,Low
4/21/2026 4:00,Sylhet,Maulvibazar,Kulaura,22.2,98,0,0.429,Low
4/21/2026 6:00,Sylhet,Maulvibazar,Kulaura,23.5,97,0.2,0.746,High
4/21/2026 8:00,Sylhet,Maulvibazar,Kulaura,25.3,91,0,0.7615,High
4/21/2026 10:00,Sylhet,Maulvibazar,Kulaura,29.1,74,0.2,0.934,High
4/21/2026 12:00,Sylhet,Maulvibazar,Kulaura,31.8,63,0.1,0.9528,High
4/21/2026 14:00,Sylhet,Maulvibazar,Kulaura,31.6,64,0.8,1,High
4/21/2026 16:00,Sylhet,Maulvibazar,Kulaura,31.2,67,0,1,High
4/21/2026 18:00,Sylhet,Maulvibazar,Kulaura,30,72,0,1,High
4/21/2026 20:00,Sylhet,Maulvibazar,Kulaura,29.1,72,0,1,High
4/21/2026 22:00,Sylhet,Maulvibazar,Kulaura,27,83,0,0.671,Medium
4/22/2026 0:00,Sylhet,Maulvibazar,Kulaura,23.8,98,0,0.453,Medium
4/22/2026 2:00,Sylhet,Maulvibazar,Kulaura,21.2,98,4.1,0.4037,Low
4/22/2026 4:00,Sylhet,Maulvibazar,Kulaura,21.8,99,0,0.425,Low
4/22/2026 6:00,Sylhet,Maulvibazar,Kulaura,21,95,0,0.705,High
4/22/2026 8:00,Sylhet,Maulvibazar,Kulaura,22,92,0.2,0.7135,High
4/22/2026 10:00,Sylhet,Maulvibazar,Kulaura,25.4,84,0,0.899,High
4/22/2026 12:00,Sylhet,Maulvibazar,Kulaura,31,67,0,0.949,High
4/22/2026 14:00,Sylhet,Maulvibazar,Kulaura,33.2,57,0,1,High
4/22/2026 16:00,Sylhet,Maulvibazar,Kulaura,33.1,59,0,1,High
4/22/2026 18:00,Sylhet,Maulvibazar,Kulaura,29.5,69,1.9,1,High
4/22/2026 20:00,Sylhet,Maulvibazar,Kulaura,26.5,82,0,1,High
4/22/2026 22:00,Sylhet,Maulvibazar,Kulaura,24.3,90,0,0.6445,Medium
4/23/2026 0:00,Sylhet,Maulvibazar,Kulaura,23.2,97,0,0.442,Low
4/23/2026 2:00,Sylhet,Maulvibazar,Kulaura,23,99,0,0.443,Low
4/23/2026 4:00,Sylhet,Maulvibazar,Kulaura,22.4,98,0,0.432,Low
4/23/2026 6:00,Sylhet,Maulvibazar,Kulaura,23,93,0,0.731,High
4/23/2026 8:00,Sylhet,Maulvibazar,Kulaura,24.5,91,0,0.7495,High
4/23/2026 10:00,Sylhet,Maulvibazar,Kulaura,27.6,81,0,0.926,High
4/23/2026 12:00,Sylhet,Maulvibazar,Kulaura,27.6,76,0,0.916,High
4/23/2026 14:00,Sylhet,Maulvibazar,Kulaura,30.9,65,0,1,High
4/23/2026 16:00,Sylhet,Maulvibazar,Kulaura,30.9,64,0,1,High
4/23/2026 18:00,Sylhet,Maulvibazar,Kulaura,29.4,78,0,1,High
4/23/2026 20:00,Sylhet,Maulvibazar,Kulaura,27.8,81,0,1,High
4/23/2026 22:00,Sylhet,Maulvibazar,Kulaura,26.7,85,0,0.6705,Medium
4/24/2026 0:00,Sylhet,Maulvibazar,Kulaura,25.6,92,0,0.468,Medium
4/24/2026 2:00,Sylhet,Maulvibazar,Kulaura,24.6,96,0,0.461,Medium
4/24/2026 4:00,Sylhet,Maulvibazar,Kulaura,24,96,0,0.452,Medium
4/24/2026 6:00,Sylhet,Maulvibazar,Kulaura,24.8,97,0,0.766,High
4/24/2026 8:00,Sylhet,Maulvibazar,Kulaura,28.5,87,0,0.8015,High
4/24/2026 10:00,Sylhet,Maulvibazar,Kulaura,30.7,75,0.1,0.9602,High
4/24/2026 12:00,Sylhet,Maulvibazar,Kulaura,31.3,73,0,0.9655,High
4/24/2026 14:00,Sylhet,Maulvibazar,Kulaura,33,64,0,1,High
4/24/2026 16:00,Sylhet,Maulvibazar,Kulaura,33.2,59,0,1,High
4/24/2026 18:00,Sylhet,Maulvibazar,Kulaura,30.5,78,0,1,High
4/24/2026 20:00,Sylhet,Maulvibazar,Kulaura,27.6,86,0,1,High
4/24/2026 22:00,Sylhet,Maulvibazar,Kulaura,26,91,0,0.672,Medium
4/25/2026 0:00,Sylhet,Maulvibazar,Kulaura,25.5,94,0,0.4705,Medium
4/25/2026 2:00,Sylhet,Maulvibazar,Kulaura,25.1,96,0,0.4685,Medium
4/25/2026 4:00,Sylhet,Maulvibazar,Kulaura,24.3,97,0,0.4585,Medium
4/25/2026 6:00,Sylhet,Maulvibazar,Kulaura,25.6,96,0,0.776,High
4/25/2026 8:00,Sylhet,Maulvibazar,Kulaura,29.1,84,0,0.8045,High
4/25/2026 10:00,Sylhet,Maulvibazar,Kulaura,28.8,82,0,0.946,High
4/25/2026 12:00,Sylhet,Maulvibazar,Kulaura,32.2,69,0,0.971,High
4/25/2026 14:00,Sylhet,Maulvibazar,Kulaura,33,64,0,1,High
4/25/2026 16:00,Sylhet,Maulvibazar,Kulaura,33,61,0,1,High
4/25/2026 18:00,Sylhet,Maulvibazar,Kulaura,29.6,79,0,1,High
4/25/2026 20:00,Sylhet,Maulvibazar,Kulaura,27.4,82,0,1,High
4/25/2026 22:00,Sylhet,Maulvibazar,Kulaura,26.4,86,0,0.668,Medium
4/26/2026 0:00,Sylhet,Maulvibazar,Kulaura,26,90,0,0.47,Medium
4/26/2026 2:00,Sylhet,Maulvibazar,Kulaura,24.6,95,0,0.459,Medium
4/26/2026 4:00,Sylhet,Maulvibazar,Kulaura,24.6,94,0,0.457,Medium
4/26/2026 6:00,Sylhet,Maulvibazar,Kulaura,22.9,99,0,0.7415,High
4/26/2026 8:00,Sylhet,Maulvibazar,Kulaura,25.9,85,0,0.7585,High
4/26/2026 10:00,Sylhet,Maulvibazar,Kulaura,28.5,72,0.1,0.9212,High
4/26/2026 12:00,Sylhet,Maulvibazar,Kulaura,29.1,63,0,0.9125,High
4/26/2026 14:00,Sylhet,Maulvibazar,Kulaura,30.1,60,0.1,1,High
4/26/2026 16:00,Sylhet,Maulvibazar,Kulaura,26.7,78,3.2,0.9985,High
4/26/2026 18:00,Sylhet,Maulvibazar,Kulaura,24.9,85,0,1,High
4/26/2026 20:00,Sylhet,Maulvibazar,Kulaura,24.8,76,0,1,High
4/26/2026 22:00,Sylhet,Maulvibazar,Kulaura,24.2,83,0,0.629,Medium
4/27/2026 0:00,Sylhet,Maulvibazar,Kulaura,23.2,90,4.8,0.416,Low
4/27/2026 2:00,Sylhet,Maulvibazar,Kulaura,22.5,93,0,0.4235,Low
4/27/2026 4:00,Sylhet,Maulvibazar,Kulaura,22.6,92,0.1,0.4228,Low
4/27/2026 6:00,Sylhet,Maulvibazar,Kulaura,20,97,1.6,0.69,Medium
4/27/2026 8:00,Sylhet,Maulvibazar,Kulaura,20.6,98,2.1,0.6998,Medium
4/27/2026 10:00,Sylhet,Maulvibazar,Kulaura,22.4,93,0.2,0.8715,High
4/27/2026 12:00,Sylhet,Maulvibazar,Kulaura,24.3,81,0.1,0.8762,High
4/27/2026 14:00,Sylhet,Maulvibazar,Kulaura,26.7,74,0.1,0.9982,High
4/27/2026 16:00,Sylhet,Maulvibazar,Kulaura,25.8,79,0.1,0.9948,High
4/27/2026 18:00,Sylhet,Maulvibazar,Kulaura,22.9,92,4.3,1,High
4/27/2026 20:00,Sylhet,Maulvibazar,Kulaura,21.9,97,6.9,1,High
4/27/2026 22:00,Sylhet,Maulvibazar,Kulaura,21.5,98,7.8,0.599,Medium
4/28/2026 0:00,Sylhet,Maulvibazar,Kulaura,21.4,98,0.2,0.4165,Low
4/28/2026 2:00,Sylhet,Maulvibazar,Kulaura,21.5,96,0,0.4145,Low
4/28/2026 4:00,Sylhet,Maulvibazar,Kulaura,21.2,96,1.3,0.4068,Low
4/28/2026 6:00,Sylhet,Maulvibazar,Kulaura,22.1,96,2.5,0.7172,High
4/28/2026 8:00,Sylhet,Maulvibazar,Kulaura,21.7,95,23.4,0.6655,Medium
4/28/2026 10:00,Sylhet,Maulvibazar,Kulaura,22.5,97,1.7,0.8772,High
4/28/2026 12:00,Sylhet,Maulvibazar,Kulaura,23.7,86,15.3,0.8392,High
4/28/2026 14:00,Sylhet,Maulvibazar,Kulaura,23.6,91,0.1,0.9858,High
4/28/2026 16:00,Sylhet,Maulvibazar,Kulaura,23.1,94,3.2,0.9765,High
4/28/2026 18:00,Sylhet,Maulvibazar,Kulaura,23.1,95,0.1,1,High
4/28/2026 20:00,Sylhet,Maulvibazar,Kulaura,23,93,0,1,High
4/28/2026 22:00,Sylhet,Maulvibazar,Kulaura,22.3,96,0.9,0.6242,Medium
4/29/2026 0:00,Sylhet,Maulvibazar,Kulaura,22.5,92,0.2,0.421,Low
4/29/2026 2:00,Sylhet,Maulvibazar,Kulaura,22,95,0.3,0.4192,Low
4/29/2026 4:00,Sylhet,Maulvibazar,Kulaura,21.5,97,1.1,0.4138,Low
4/29/2026 6:00,Sylhet,Maulvibazar,Kulaura,21.5,97,6.1,0.7012,High
4/29/2026 8:00,Sylhet,Maulvibazar,Kulaura,21.8,96,3.1,0.7112,High
4/29/2026 10:00,Sylhet,Maulvibazar,Kulaura,22.6,96,2,0.876,High
4/29/2026 12:00,Sylhet,Maulvibazar,Kulaura,20.9,96,0.7,0.8537,High
4/29/2026 14:00,Sylhet,Maulvibazar,Kulaura,22.8,88,0,0.968,High
4/29/2026 16:00,Sylhet,Maulvibazar,Kulaura,23,87,0,0.969,High
4/29/2026 18:00,Sylhet,Maulvibazar,Kulaura,22.5,91,0,1,High
4/29/2026 20:00,Sylhet,Maulvibazar,Kulaura,21.2,97,0,1,High
4/29/2026 22:00,Sylhet,Maulvibazar,Kulaura,20.8,96,0,0.604,Medium
4/30/2026 0:00,Sylhet,Maulvibazar,Kulaura,21.4,92,0,0.405,Low
4/30/2026 2:00,Sylhet,Maulvibazar,Kulaura,21,93,1.1,0.3983,Low
4/30/2026 4:00,Sylhet,Maulvibazar,Kulaura,20.6,96,0.5,0.3998,Low
4/30/2026 6:00,Sylhet,Maulvibazar,Kulaura,20.6,97,0,0.703,High
4/30/2026 8:00,Sylhet,Maulvibazar,Kulaura,21.2,97,0.8,0.71,High
4/30/2026 10:00,Sylhet,Maulvibazar,Kulaura,23.1,89,0.1,0.8742,High
4/30/2026 12:00,Sylhet,Maulvibazar,Kulaura,25.5,74,0,0.8805,High
4/30/2026 14:00,Sylhet,Maulvibazar,Kulaura,28.8,58,0,0.998,High
4/30/2026 16:00,Sylhet,Maulvibazar,Kulaura,28.2,60,0,0.993,High
4/30/2026 18:00,Sylhet,Maulvibazar,Kulaura,25.6,86,0,1,High
4/30/2026 20:00,Sylhet,Maulvibazar,Kulaura,23.1,96,0.1,1,High
4/30/2026 22:00,Sylhet,Maulvibazar,Kulaura,22.6,96,0,0.631,Medium
5/1/2026 0:00,Sylhet,Maulvibazar,Kulaura,22.4,95,1.1,0.4232,Low
5/1/2026 2:00,Sylhet,Maulvibazar,Kulaura,21.4,95,0,0.411,Low
5/1/2026 4:00,Sylhet,Maulvibazar,Kulaura,21.2,95,0.1,0.4078,Low
5/1/2026 6:00,Sylhet,Maulvibazar,Kulaura,21.3,95,0.8,0.7075,High
5/1/2026 8:00,Sylhet,Maulvibazar,Kulaura,21.5,96,1.3,0.7112,High
5/1/2026 10:00,Sylhet,Maulvibazar,Kulaura,23.3,94,0.9,0.8852,High
5/1/2026 12:00,Sylhet,Maulvibazar,Kulaura,25.6,78,0.7,0.8883,High
5/1/2026 14:00,Sylhet,Maulvibazar,Kulaura,22.9,92,2.1,0.9722,High
5/1/2026 16:00,Sylhet,Maulvibazar,Kulaura,22.1,94,1.2,0.9665,High
5/1/2026 18:00,Sylhet,Maulvibazar,Kulaura,22.6,96,1.2,1,High
5/1/2026 20:00,Sylhet,Maulvibazar,Kulaura,21.5,97,0,1,High
5/1/2026 22:00,Sylhet,Maulvibazar,Kulaura,21.5,98,0,0.6185,Medium
5/2/2026 0:00,Sylhet,Maulvibazar,Kulaura,21.1,98,1.8,0.408,Low
5/2/2026 2:00,Sylhet,Maulvibazar,Kulaura,20.4,98,0.2,0.4015,Low
5/2/2026 4:00,Sylhet,Maulvibazar,Kulaura,20.1,98,4,0.3875,Low
5/2/2026 6:00,Sylhet,Maulvibazar,Kulaura,20.5,98,1.5,0.6997,Medium
5/2/2026 8:00,Sylhet,Maulvibazar,Kulaura,21.1,96,1.3,0.7052,High
5/2/2026 10:00,Sylhet,Maulvibazar,Kulaura,22.1,92,1.3,0.8622,High
5/2/2026 12:00,Sylhet,Maulvibazar,Kulaura,21.6,96,0.4,0.865,High
5/2/2026 14:00,Sylhet,Maulvibazar,Kulaura,22.8,90,0,0.972,High
5/2/2026 16:00,Sylhet,Maulvibazar,Kulaura,25.2,78,0.1,0.9838,High
5/2/2026 18:00,Sylhet,Maulvibazar,Kulaura,21.5,92,0.1,1,High
5/2/2026 20:00,Sylhet,Maulvibazar,Kulaura,21.4,96,0,1,High
5/2/2026 22:00,Sylhet,Maulvibazar,Kulaura,21.4,97,0,0.615,Medium
5/3/2026 0:00,Sylhet,Maulvibazar,Kulaura,21.5,97,0,0.4165,Low
5/3/2026 2:00,Sylhet,Maulvibazar,Kulaura,20.6,97,0,0.403,Low
5/3/2026 4:00,Sylhet,Maulvibazar,Kulaura,20.6,99,0.1,0.4068,Low
5/3/2026 6:00,Sylhet,Maulvibazar,Kulaura,20.6,98,0,0.705,High
5/3/2026 8:00,Sylhet,Maulvibazar,Kulaura,23,88,0.1,0.7208,High
5/3/2026 10:00,Sylhet,Maulvibazar,Kulaura,25.8,76,0.3,0.8882,High
5/3/2026 12:00,Sylhet,Maulvibazar,Kulaura,27.8,69,0,0.905,High
5/3/2026 14:00,Sylhet,Maulvibazar,Kulaura,24.5,85,0.4,0.9865,High
5/3/2026 16:00,Sylhet,Maulvibazar,Kulaura,28.9,65,0,1,High
5/3/2026 18:00,Sylhet,Maulvibazar,Kulaura,24,94,1.1,1,High
5/3/2026 20:00,Sylhet,Maulvibazar,Kulaura,23.4,96,0,1,High
5/3/2026 22:00,Sylhet,Maulvibazar,Kulaura,22.4,96,0,0.628,Medium
5/4/2026 0:00,Sylhet,Maulvibazar,Kulaura,22,98,0,0.426,Low
5/4/2026 2:00,Sylhet,Maulvibazar,Kulaura,21.3,96,0.7,0.4098,Low
5/4/2026 4:00,Sylhet,Maulvibazar,Kulaura,20.9,97,0,0.4075,Low
5/4/2026 6:00,Sylhet,Maulvibazar,Kulaura,21,99,1.2,0.71,High
5/4/2026 8:00,Sylhet,Maulvibazar,Kulaura,22.3,95,1.2,0.7215,High
5/4/2026 10:00,Sylhet,Maulvibazar,Kulaura,22.4,96,3.1,0.8702,High
5/4/2026 12:00,Sylhet,Maulvibazar,Kulaura,24.4,87,0,0.89,High
5/4/2026 14:00,Sylhet,Maulvibazar,Kulaura,28.4,70,0,1,High
5/4/2026 16:00,Sylhet,Maulvibazar,Kulaura,28.6,65,0,1,High
5/4/2026 18:00,Sylhet,Maulvibazar,Kulaura,26.6,81,0,1,High
5/4/2026 20:00,Sylhet,Maulvibazar,Kulaura,24.1,88,0,1,High
5/4/2026 22:00,Sylhet,Maulvibazar,Kulaura,23.2,89,0,0.626,Medium
5/5/2026 0:00,Sylhet,Maulvibazar,Kulaura,22.4,94,0,0.424,Low
5/5/2026 2:00,Sylhet,Maulvibazar,Kulaura,22.4,95,0,0.426,Low
5/5/2026 4:00,Sylhet,Maulvibazar,Kulaura,22.3,96,0,0.4265,Low
5/5/2026 6:00,Sylhet,Maulvibazar,Kulaura,22.8,94,0,0.73,High
5/5/2026 8:00,Sylhet,Maulvibazar,Kulaura,24.9,90,0,0.7535,High
5/5/2026 10:00,Sylhet,Maulvibazar,Kulaura,28.6,75,0,0.929,High
5/5/2026 12:00,Sylhet,Maulvibazar,Kulaura,30.4,62,0,0.93,High
5/5/2026 14:00,Sylhet,Maulvibazar,Kulaura,31.4,59,0,1,High
5/5/2026 16:00,Sylhet,Maulvibazar,Kulaura,30.5,61,0,1,High
5/5/2026 18:00,Sylhet,Maulvibazar,Kulaura,26.8,79,0,1,High
5/5/2026 20:00,Sylhet,Maulvibazar,Kulaura,25.5,80,0,1,High
5/5/2026 22:00,Sylhet,Maulvibazar,Kulaura,23.9,87,0,0.6325,Medium
5/6/2026 0:00,Sylhet,Maulvibazar,Kulaura,23.8,93,0,0.443,Low
5/6/2026 2:00,Sylhet,Maulvibazar,Kulaura,23.4,95,0,0.441,Low
5/6/2026 4:00,Sylhet,Maulvibazar,Kulaura,22.6,94,0.1,0.4268,Low
5/6/2026 6:00,Sylhet,Maulvibazar,Kulaura,23.2,98,0.1,0.7438,High
5/6/2026 8:00,Sylhet,Maulvibazar,Kulaura,26,82,0,0.754,High
5/6/2026 10:00,Sylhet,Maulvibazar,Kulaura,28.6,72,0,0.923,High
5/6/2026 12:00,Sylhet,Maulvibazar,Kulaura,29.5,66,0,0.9245,High
5/6/2026 14:00,Sylhet,Maulvibazar,Kulaura,30.2,65,0,1,High
5/6/2026 16:00,Sylhet,Maulvibazar,Kulaura,30.4,64,0,1,High
5/6/2026 18:00,Sylhet,Maulvibazar,Kulaura,28.2,73,0,1,High
5/6/2026 20:00,Sylhet,Maulvibazar,Kulaura,25.8,86,3.1,1,High
5/6/2026 22:00,Sylhet,Maulvibazar,Kulaura,23.2,97,0.1,0.6418,Medium
5/7/2026 0:00,Sylhet,Maulvibazar,Kulaura,23,98,0,0.441,Low
5/7/2026 2:00,Sylhet,Maulvibazar,Kulaura,22.8,98,0,0.438,Low
5/7/2026 4:00,Sylhet,Maulvibazar,Kulaura,22.6,99,0,0.437,Low
5/7/2026 6:00,Sylhet,Maulvibazar,Kulaura,22.5,96,0,0.7295,High
5/7/2026 8:00,Sylhet,Maulvibazar,Kulaura,24,89,1,0.7355,High
5/7/2026 10:00,Sylhet,Maulvibazar,Kulaura,26,77,0.1,0.8938,High
5/7/2026 12:00,Sylhet,Maulvibazar,Kulaura,28.9,69,0.1,0.9212,High
5/7/2026 14:00,Sylhet,Maulvibazar,Kulaura,30,63,0,1,High
5/7/2026 16:00,Sylhet,Maulvibazar,Kulaura,30,59,0,1,High
5/7/2026 18:00,Sylhet,Maulvibazar,Kulaura,28.6,76,0,1,High
5/7/2026 20:00,Sylhet,Maulvibazar,Kulaura,26.6,80,0,1,High
5/7/2026 22:00,Sylhet,Maulvibazar,Kulaura,25.2,84,0,0.646,Medium
5/8/2026 0:00,Sylhet,Maulvibazar,Kulaura,24.6,88,0,0.445,Low
5/8/2026 2:00,Sylhet,Maulvibazar,Kulaura,24.7,89,0,0.4485,Low
5/8/2026 4:00,Sylhet,Maulvibazar,Kulaura,24.3,90,0,0.4445,Low
5/8/2026 6:00,Sylhet,Maulvibazar,Kulaura,23.3,97,0,0.7435,High
5/8/2026 8:00,Sylhet,Maulvibazar,Kulaura,28.2,78,0,0.779,High
5/8/2026 10:00,Sylhet,Maulvibazar,Kulaura,31,58,0,0.931,High
5/8/2026 12:00,Sylhet,Maulvibazar,Kulaura,31.4,53,0,0.927,High
5/8/2026 14:00,Sylhet,Maulvibazar,Kulaura,31,55,0,1,High
5/8/2026 16:00,Sylhet,Maulvibazar,Kulaura,30.9,56,0,1,High
5/8/2026 18:00,Sylhet,Maulvibazar,Kulaura,29,71,0,1,High
5/8/2026 20:00,Sylhet,Maulvibazar,Kulaura,26.5,74,0,1,High
5/8/2026 22:00,Sylhet,Maulvibazar,Kulaura,24.9,81,0,0.6355,Medium
5/9/2026 0:00,Sylhet,Maulvibazar,Kulaura,24.1,88,0,0.4375,Low
5/9/2026 2:00,Sylhet,Maulvibazar,Kulaura,23.7,90,0,0.4355,Low
5/9/2026 4:00,Sylhet,Maulvibazar,Kulaura,22.8,92,0,0.426,Low
5/9/2026 6:00,Sylhet,Maulvibazar,Kulaura,23.1,94,0,0.7345,High
5/9/2026 8:00,Sylhet,Maulvibazar,Kulaura,27.6,78,0,0.77,High
5/9/2026 10:00,Sylhet,Maulvibazar,Kulaura,30.5,57,0,0.9215,High
5/9/2026 12:00,Sylhet,Maulvibazar,Kulaura,31.8,49,0,0.927,High
5/9/2026 14:00,Sylhet,Maulvibazar,Kulaura,33,46,0,1,High
5/9/2026 16:00,Sylhet,Maulvibazar,Kulaura,32.3,50,0,1,High
5/9/2026 18:00,Sylhet,Maulvibazar,Kulaura,30.1,68,0,1,High
5/9/2026 20:00,Sylhet,Maulvibazar,Kulaura,26.9,76,0,1,High
5/9/2026 22:00,Sylhet,Maulvibazar,Kulaura,25.9,76,0,0.6405,Medium
5/10/2026 0:00,Sylhet,Maulvibazar,Kulaura,25.2,81,0,0.44,Low
5/10/2026 2:00,Sylhet,Maulvibazar,Kulaura,25.4,80,0,0.441,Low
5/10/2026 4:00,Sylhet,Maulvibazar,Kulaura,25,83,0,0.441,Low
5/10/2026 6:00,Sylhet,Maulvibazar,Kulaura,23.7,91,0,0.7375,High
5/10/2026 8:00,Sylhet,Maulvibazar,Kulaura,28.4,75,0,0.776,High
5/10/2026 10:00,Sylhet,Maulvibazar,Kulaura,31.5,61,0,0.9445,High
5/10/2026 12:00,Sylhet,Maulvibazar,Kulaura,32.5,46,0,0.9375,High
5/10/2026 14:00,Sylhet,Maulvibazar,Kulaura,32.4,49,0.2,1,High
5/10/2026 16:00,Sylhet,Maulvibazar,Kulaura,29,71,0,1,High
5/10/2026 18:00,Sylhet,Maulvibazar,Kulaura,26.4,75,0,1,High
5/10/2026 20:00,Sylhet,Maulvibazar,Kulaura,25.2,81,0,1,High
5/10/2026 22:00,Sylhet,Maulvibazar,Kulaura,24.2,90,0,0.643,Medium
5/11/2026 0:00,Sylhet,Maulvibazar,Kulaura,24.4,88,0,0.442,Low
5/11/2026 2:00,Sylhet,Maulvibazar,Kulaura,23.4,93,0,0.437,Low
5/11/2026 4:00,Sylhet,Maulvibazar,Kulaura,22.5,93,0,0.4235,Low
5/11/2026 6:00,Sylhet,Maulvibazar,Kulaura,23.5,90,2.2,0.727,High
5/11/2026 8:00,Sylhet,Maulvibazar,Kulaura,26.1,82,0,0.7555,High
5/11/2026 10:00,Sylhet,Maulvibazar,Kulaura,28.3,68,0,0.9105,High
5/11/2026 12:00,Sylhet,Maulvibazar,Kulaura,28.6,68,0,0.915,High
5/11/2026 14:00,Sylhet,Maulvibazar,Kulaura,30.3,55,0,1,High
5/11/2026 16:00,Sylhet,Maulvibazar,Kulaura,27.8,65,0.1,0.9968,High
5/11/2026 18:00,Sylhet,Maulvibazar,Kulaura,27,80,0,1,High
5/11/2026 20:00,Sylhet,Maulvibazar,Kulaura,24.4,88,2.3,1,High
5/11/2026 22:00,Sylhet,Maulvibazar,Kulaura,23.5,91,0,0.6345,Medium
5/12/2026 0:00,Sylhet,Maulvibazar,Kulaura,23.5,94,0,0.4405,Low
5/12/2026 2:00,Sylhet,Maulvibazar,Kulaura,22.2,97,0,0.427,Low
5/12/2026 4:00,Sylhet,Maulvibazar,Kulaura,21.9,98,0,0.4245,Low
5/12/2026 6:00,Sylhet,Maulvibazar,Kulaura,22.6,96,0,0.731,High
5/12/2026 8:00,Sylhet,Maulvibazar,Kulaura,25.4,82,0.1,0.7447,High
5/12/2026 10:00,Sylhet,Maulvibazar,Kulaura,28.4,71,0,0.918,High
5/12/2026 12:00,Sylhet,Maulvibazar,Kulaura,29.6,64,0,0.922,High
5/12/2026 14:00,Sylhet,Maulvibazar,Kulaura,30.6,59,0,1,High
5/12/2026 16:00,Sylhet,Maulvibazar,Kulaura,30.3,58,0,1,High
5/12/2026 18:00,Sylhet,Maulvibazar,Kulaura,28.9,72,0,1,High
5/12/2026 20:00,Sylhet,Maulvibazar,Kulaura,26.6,79,0,1,High
5/12/2026 22:00,Sylhet,Maulvibazar,Kulaura,25.6,85,0,0.654,Medium
5/13/2026 0:00,Sylhet,Maulvibazar,Kulaura,25.5,86,0,0.4545,Medium
5/13/2026 2:00,Sylhet,Maulvibazar,Kulaura,23.8,95,1.2,0.444,Low
5/13/2026 4:00,Sylhet,Maulvibazar,Kulaura,22.6,99,0.2,0.4365,Low
5/13/2026 6:00,Sylhet,Maulvibazar,Kulaura,24,95,0,0.75,High
5/13/2026 8:00,Sylhet,Maulvibazar,Kulaura,26.8,83,0.1,0.7678,High
5/13/2026 10:00,Sylhet,Maulvibazar,Kulaura,28.6,76,0.2,0.9305,High
5/13/2026 12:00,Sylhet,Maulvibazar,Kulaura,29.9,71,0.3,0.9398,High
5/13/2026 14:00,Sylhet,Maulvibazar,Kulaura,30.4,68,0,1,High
5/13/2026 16:00,Sylhet,Maulvibazar,Kulaura,29.9,70,0.1,1,High
5/13/2026 18:00,Sylhet,Maulvibazar,Kulaura,28.5,81,0.2,1,High
5/13/2026 20:00,Sylhet,Maulvibazar,Kulaura,26.6,95,0,1,High
5/13/2026 22:00,Sylhet,Maulvibazar,Kulaura,26.1,95,0.2,0.681,Medium
4/13/2026 0:00,Sylhet,Maulvibazar,Maulvi Bazar Sadar,21.9,90,0,0.4085,Low
4/13/2026 2:00,Sylhet,Maulvibazar,Maulvi Bazar Sadar,22.2,91,0.5,0.4138,Low
4/13/2026 4:00,Sylhet,Maulvibazar,Maulvi Bazar Sadar,20.9,96,0.4,0.4045,Low
4/13/2026 6:00,Sylhet,Maulvibazar,Maulvi Bazar Sadar,21,93,0,0.701,High
4/13/2026 8:00,Sylhet,Maulvibazar,Maulvi Bazar Sadar,21.9,90,0.2,0.708,High
4/13/2026 10:00,Sylhet,Maulvibazar,Maulvi Bazar Sadar,25,80,0.1,0.8848,High
4/13/2026 12:00,Sylhet,Maulvibazar,Maulvi Bazar Sadar,28,70,0,0.91,High
4/13/2026 14:00,Sylhet,Maulvibazar,Maulvi Bazar Sadar,30.1,64,0,1,High
4/13/2026 16:00,Sylhet,Maulvibazar,Maulvi Bazar Sadar,28,73,1.3,1,High
4/13/2026 18:00,Sylhet,Maulvibazar,Maulvi Bazar Sadar,27,82,0,1,High
4/13/2026 20:00,Sylhet,Maulvibazar,Maulvi Bazar Sadar,24.7,93,0,1,High
4/13/2026 22:00,Sylhet,Maulvibazar,Maulvi Bazar Sadar,23.9,85,0,0.6285,Medium
4/14/2026 0:00,Sylhet,Maulvibazar,Maulvi Bazar Sadar,23.9,85,0,0.4285,Low
4/14/2026 2:00,Sylhet,Maulvibazar,Maulvi Bazar Sadar,20.7,99,6,0.3935,Low
4/14/2026 4:00,Sylhet,Maulvibazar,Maulvi Bazar Sadar,21.6,95,0,0.414,Low
4/14/2026 6:00,Sylhet,Maulvibazar,Maulvi Bazar Sadar,21.5,98,2.7,0.7117,High
4/14/2026 8:00,Sylhet,Maulvibazar,Maulvi Bazar Sadar,23.8,90,0.1,0.7368,High
4/14/2026 10:00,Sylhet,Maulvibazar,Maulvi Bazar Sadar,28.1,72,0,0.9155,High
4/14/2026 12:00,Sylhet,Maulvibazar,Maulvi Bazar Sadar,29.2,71,0,0.93,High
4/14/2026 14:00,Sylhet,Maulvibazar,Maulvi Bazar Sadar,31,64,0,1,High
4/14/2026 16:00,Sylhet,Maulvibazar,Maulvi Bazar Sadar,30.8,63,0,1,High
4/14/2026 18:00,Sylhet,Maulvibazar,Maulvi Bazar Sadar,27,85,0.2,1,High
4/14/2026 20:00,Sylhet,Maulvibazar,Maulvi Bazar Sadar,25.4,90,0,1,High
4/14/2026 22:00,Sylhet,Maulvibazar,Maulvi Bazar Sadar,24.2,95,0.4,0.652,Medium
4/15/2026 0:00,Sylhet,Maulvibazar,Maulvi Bazar Sadar,21.8,99,0.8,0.423,Low
4/15/2026 2:00,Sylhet,Maulvibazar,Maulvi Bazar Sadar,21.8,98,6.2,0.4075,Low
4/15/2026 4:00,Sylhet,Maulvibazar,Maulvi Bazar Sadar,21.2,97,0,0.412,Low
4/15/2026 6:00,Sylhet,Maulvibazar,Maulvi Bazar Sadar,21.4,93,0,0.707,High
4/15/2026 8:00,Sylhet,Maulvibazar,Maulvi Bazar Sadar,23.2,87,0,0.722,High
4/15/2026 10:00,Sylhet,Maulvibazar,Maulvi Bazar Sadar,27.2,75,0,0.908,High
4/15/2026 12:00,Sylhet,Maulvibazar,Maulvi Bazar Sadar,29.6,65,0,0.924,High
4/15/2026 14:00,Sylhet,Maulvibazar,Maulvi Bazar Sadar,31.2,61,0,1,High
4/15/2026 16:00,Sylhet,Maulvibazar,Maulvi Bazar Sadar,31.5,60,0,1,High
4/15/2026 18:00,Sylhet,Maulvibazar,Maulvi Bazar Sadar,27.8,77,0,1,High
4/15/2026 20:00,Sylhet,Maulvibazar,Maulvi Bazar Sadar,23.7,94,0,1,High
4/15/2026 22:00,Sylhet,Maulvibazar,Maulvi Bazar Sadar,21.5,97,8.1,0.5962,Medium
4/16/2026 0:00,Sylhet,Maulvibazar,Maulvi Bazar Sadar,20.7,99,7.9,0.3888,Low
4/16/2026 2:00,Sylhet,Maulvibazar,Maulvi Bazar Sadar,20.8,95,4.7,0.3903,Low
4/16/2026 4:00,Sylhet,Maulvibazar,Maulvi Bazar Sadar,20.8,91,0,0.394,Low
4/16/2026 6:00,Sylhet,Maulvibazar,Maulvi Bazar Sadar,21.6,99,15,0.6845,Medium
4/16/2026 8:00,Sylhet,Maulvibazar,Maulvi Bazar Sadar,23.8,89,0,0.735,High
4/16/2026 10:00,Sylhet,Maulvibazar,Maulvi Bazar Sadar,27.3,77,0,0.9135,High
4/16/2026 12:00,Sylhet,Maulvibazar,Maulvi Bazar Sadar,28.6,72,0,0.923,High
4/16/2026 14:00,Sylhet,Maulvibazar,Maulvi Bazar Sadar,29.9,66,0.1,1,High
4/16/2026 16:00,Sylhet,Maulvibazar,Maulvi Bazar Sadar,30,65,0.1,1,High
4/16/2026 18:00,Sylhet,Maulvibazar,Maulvi Bazar Sadar,27.5,82,0,1,High
4/16/2026 20:00,Sylhet,Maulvibazar,Maulvi Bazar Sadar,25.1,88,0,1,High
4/16/2026 22:00,Sylhet,Maulvibazar,Maulvi Bazar Sadar,22.5,94,2.6,0.619,Medium
4/17/2026 0:00,Sylhet,Maulvibazar,Maulvi Bazar Sadar,24,95,0,0.45,Medium
4/17/2026 2:00,Sylhet,Maulvibazar,Maulvi Bazar Sadar,22.3,98,8.1,0.4102,Low
4/17/2026 4:00,Sylhet,Maulvibazar,Maulvi Bazar Sadar,21.8,99,0,0.425,Low
4/17/2026 6:00,Sylhet,Maulvibazar,Maulvi Bazar Sadar,23.5,98,0,0.7485,High
4/17/2026 8:00,Sylhet,Maulvibazar,Maulvi Bazar Sadar,25.6,89,0,0.762,High
4/17/2026 10:00,Sylhet,Maulvibazar,Maulvi Bazar Sadar,27.9,77,0.1,0.9222,High
4/17/2026 12:00,Sylhet,Maulvibazar,Maulvi Bazar Sadar,31,69,0,0.953,High
4/17/2026 14:00,Sylhet,Maulvibazar,Maulvi Bazar Sadar,31.8,65,0,1,High
4/17/2026 16:00,Sylhet,Maulvibazar,Maulvi Bazar Sadar,31.5,64,0,1,High
4/17/2026 18:00,Sylhet,Maulvibazar,Maulvi Bazar Sadar,27.9,84,0.1,1,High
4/17/2026 20:00,Sylhet,Maulvibazar,Maulvi Bazar Sadar,26,93,0,1,High
4/17/2026 22:00,Sylhet,Maulvibazar,Maulvi Bazar Sadar,24.7,96,0,0.6625,Medium
4/18/2026 0:00,Sylhet,Maulvibazar,Maulvi Bazar Sadar,24.6,96,0,0.461,Medium
4/18/2026 2:00,Sylhet,Maulvibazar,Maulvi Bazar Sadar,23.4,98,0,0.447,Low
4/18/2026 4:00,Sylhet,Maulvibazar,Maulvi Bazar Sadar,23,98,0,0.441,Low
4/18/2026 6:00,Sylhet,Maulvibazar,Maulvi Bazar Sadar,24.3,96,0,0.7565,High
4/18/2026 8:00,Sylhet,Maulvibazar,Maulvi Bazar Sadar,26.6,89,0,0.777,High
4/18/2026 10:00,Sylhet,Maulvibazar,Maulvi Bazar Sadar,29.3,78,0,0.9455,High
4/18/2026 12:00,Sylhet,Maulvibazar,Maulvi Bazar Sadar,30.8,69,0,0.95,High
4/18/2026 14:00,Sylhet,Maulvibazar,Maulvi Bazar Sadar,31.5,66,0,1,High
4/18/2026 16:00,Sylhet,Maulvibazar,Maulvi Bazar Sadar,29.9,73,0,1,High
4/18/2026 18:00,Sylhet,Maulvibazar,Maulvi Bazar Sadar,28.2,87,0,1,High
4/18/2026 20:00,Sylhet,Maulvibazar,Maulvi Bazar Sadar,26.5,89,0,1,High
4/18/2026 22:00,Sylhet,Maulvibazar,Maulvi Bazar Sadar,25.7,94,0,0.6735,Medium
4/19/2026 0:00,Sylhet,Maulvibazar,Maulvi Bazar Sadar,25.7,94,0,0.4735,Medium
4/19/2026 2:00,Sylhet,Maulvibazar,Maulvi Bazar Sadar,23.1,98,0.3,0.4418,Low
4/19/2026 4:00,Sylhet,Maulvibazar,Maulvi Bazar Sadar,22.6,98,0,0.435,Low
4/19/2026 6:00,Sylhet,Maulvibazar,Maulvi Bazar Sadar,23.1,98,0,0.7425,High
4/19/2026 8:00,Sylhet,Maulvibazar,Maulvi Bazar Sadar,22.2,94,0.2,0.7205,High
4/19/2026 10:00,Sylhet,Maulvibazar,Maulvi Bazar Sadar,27.2,78,0,0.914,High
4/19/2026 12:00,Sylhet,Maulvibazar,Maulvi Bazar Sadar,28.6,73,0,0.925,High
4/19/2026 14:00,Sylhet,Maulvibazar,Maulvi Bazar Sadar,30.7,68,0,1,High
4/19/2026 16:00,Sylhet,Maulvibazar,Maulvi Bazar Sadar,30.6,69,0,1,High
4/19/2026 18:00,Sylhet,Maulvibazar,Maulvi Bazar Sadar,27.2,89,0.1,1,High
4/19/2026 20:00,Sylhet,Maulvibazar,Maulvi Bazar Sadar,25.8,93,0.1,1,High
4/19/2026 22:00,Sylhet,Maulvibazar,Maulvi Bazar Sadar,25,94,0,0.663,Medium
4/20/2026 0:00,Sylhet,Maulvibazar,Maulvi Bazar Sadar,23.5,98,0.5,0.4472,Low
4/20/2026 2:00,Sylhet,Maulvibazar,Maulvi Bazar Sadar,22.5,98,2.1,0.4282,Low
4/20/2026 4:00,Sylhet,Maulvibazar,Maulvi Bazar Sadar,22.2,98,3.7,0.4198,Low
4/20/2026 6:00,Sylhet,Maulvibazar,Maulvi Bazar Sadar,22.9,96,0.1,0.7352,High
4/20/2026 8:00,Sylhet,Maulvibazar,Maulvi Bazar Sadar,23,92,0,0.729,High
4/20/2026 10:00,Sylhet,Maulvibazar,Maulvi Bazar Sadar,27.6,81,0,0.926,High
4/20/2026 12:00,Sylhet,Maulvibazar,Maulvi Bazar Sadar,29.9,69,0.1,0.9362,High
4/20/2026 14:00,Sylhet,Maulvibazar,Maulvi Bazar Sadar,30.7,70,0.1,1,High
4/20/2026 16:00,Sylhet,Maulvibazar,Maulvi Bazar Sadar,30,76,0.1,1,High
4/20/2026 18:00,Sylhet,Maulvibazar,Maulvi Bazar Sadar,26.3,89,0,1,High
4/20/2026 20:00,Sylhet,Maulvibazar,Maulvi Bazar Sadar,27,84,0,1,High
4/20/2026 22:00,Sylhet,Maulvibazar,Maulvi Bazar Sadar,24.4,93,0,0.652,Medium
4/21/2026 0:00,Sylhet,Maulvibazar,Maulvi Bazar Sadar,21.9,99,0.9,0.4242,Low
4/21/2026 2:00,Sylhet,Maulvibazar,Maulvi Bazar Sadar,21.9,100,1.2,0.4255,Low
4/21/2026 4:00,Sylhet,Maulvibazar,Maulvi Bazar Sadar,22.2,98,0,0.429,Low
4/21/2026 6:00,Sylhet,Maulvibazar,Maulvi Bazar Sadar,23.5,97,0.2,0.746,High
4/21/2026 8:00,Sylhet,Maulvibazar,Maulvi Bazar Sadar,25.3,91,0,0.7615,High
4/21/2026 10:00,Sylhet,Maulvibazar,Maulvi Bazar Sadar,29.1,74,0.2,0.934,High
4/21/2026 12:00,Sylhet,Maulvibazar,Maulvi Bazar Sadar,31.8,63,0.1,0.9528,High
4/21/2026 14:00,Sylhet,Maulvibazar,Maulvi Bazar Sadar,31.6,64,0.8,1,High
4/21/2026 16:00,Sylhet,Maulvibazar,Maulvi Bazar Sadar,31.2,67,0,1,High
4/21/2026 18:00,Sylhet,Maulvibazar,Maulvi Bazar Sadar,30,72,0,1,High
4/21/2026 20:00,Sylhet,Maulvibazar,Maulvi Bazar Sadar,29.1,72,0,1,High
4/21/2026 22:00,Sylhet,Maulvibazar,Maulvi Bazar Sadar,27,83,0,0.671,Medium
4/22/2026 0:00,Sylhet,Maulvibazar,Maulvi Bazar Sadar,23.8,98,0,0.453,Medium
4/22/2026 2:00,Sylhet,Maulvibazar,Maulvi Bazar Sadar,21.2,98,4.1,0.4037,Low
4/22/2026 4:00,Sylhet,Maulvibazar,Maulvi Bazar Sadar,21.8,99,0,0.425,Low
4/22/2026 6:00,Sylhet,Maulvibazar,Maulvi Bazar Sadar,21,95,0,0.705,High
4/22/2026 8:00,Sylhet,Maulvibazar,Maulvi Bazar Sadar,22,92,0.2,0.7135,High
4/22/2026 10:00,Sylhet,Maulvibazar,Maulvi Bazar Sadar,25.4,84,0,0.899,High
4/22/2026 12:00,Sylhet,Maulvibazar,Maulvi Bazar Sadar,31,67,0,0.949,High
4/22/2026 14:00,Sylhet,Maulvibazar,Maulvi Bazar Sadar,33.2,57,0,1,High
4/22/2026 16:00,Sylhet,Maulvibazar,Maulvi Bazar Sadar,33.1,59,0,1,High
4/22/2026 18:00,Sylhet,Maulvibazar,Maulvi Bazar Sadar,29.5,69,1.9,1,High
4/22/2026 20:00,Sylhet,Maulvibazar,Maulvi Bazar Sadar,26.5,82,0,1,High
4/22/2026 22:00,Sylhet,Maulvibazar,Maulvi Bazar Sadar,24.3,90,0,0.6445,Medium
4/23/2026 0:00,Sylhet,Maulvibazar,Maulvi Bazar Sadar,23.2,97,0,0.442,Low
4/23/2026 2:00,Sylhet,Maulvibazar,Maulvi Bazar Sadar,23,99,0,0.443,Low
4/23/2026 4:00,Sylhet,Maulvibazar,Maulvi Bazar Sadar,22.4,98,0,0.432,Low
4/23/2026 6:00,Sylhet,Maulvibazar,Maulvi Bazar Sadar,23,93,0,0.731,High
4/23/2026 8:00,Sylhet,Maulvibazar,Maulvi Bazar Sadar,24.5,91,0,0.7495,High
4/23/2026 10:00,Sylhet,Maulvibazar,Maulvi Bazar Sadar,27.6,81,0,0.926,High
4/23/2026 12:00,Sylhet,Maulvibazar,Maulvi Bazar Sadar,27.6,76,0,0.916,High
4/23/2026 14:00,Sylhet,Maulvibazar,Maulvi Bazar Sadar,30.9,65,0,1,High
4/23/2026 16:00,Sylhet,Maulvibazar,Maulvi Bazar Sadar,30.9,64,0,1,High
4/23/2026 18:00,Sylhet,Maulvibazar,Maulvi Bazar Sadar,29.4,78,0,1,High
4/23/2026 20:00,Sylhet,Maulvibazar,Maulvi Bazar Sadar,27.8,81,0,1,High
4/23/2026 22:00,Sylhet,Maulvibazar,Maulvi Bazar Sadar,26.7,85,0,0.6705,Medium
4/24/2026 0:00,Sylhet,Maulvibazar,Maulvi Bazar Sadar,25.6,92,0,0.468,Medium
4/24/2026 2:00,Sylhet,Maulvibazar,Maulvi Bazar Sadar,24.6,96,0,0.461,Medium
4/24/2026 4:00,Sylhet,Maulvibazar,Maulvi Bazar Sadar,24,96,0,0.452,Medium
4/24/2026 6:00,Sylhet,Maulvibazar,Maulvi Bazar Sadar,24.8,97,0,0.766,High
4/24/2026 8:00,Sylhet,Maulvibazar,Maulvi Bazar Sadar,28.5,87,0,0.8015,High
4/24/2026 10:00,Sylhet,Maulvibazar,Maulvi Bazar Sadar,30.7,75,0.1,0.9602,High
4/24/2026 12:00,Sylhet,Maulvibazar,Maulvi Bazar Sadar,31.3,73,0,0.9655,High
4/24/2026 14:00,Sylhet,Maulvibazar,Maulvi Bazar Sadar,33,64,0,1,High
4/24/2026 16:00,Sylhet,Maulvibazar,Maulvi Bazar Sadar,33.2,59,0,1,High
4/24/2026 18:00,Sylhet,Maulvibazar,Maulvi Bazar Sadar,30.5,78,0,1,High
4/24/2026 20:00,Sylhet,Maulvibazar,Maulvi Bazar Sadar,27.6,86,0,1,High
4/24/2026 22:00,Sylhet,Maulvibazar,Maulvi Bazar Sadar,26,91,0,0.672,Medium
4/25/2026 0:00,Sylhet,Maulvibazar,Maulvi Bazar Sadar,25.5,94,0,0.4705,Medium
4/25/2026 2:00,Sylhet,Maulvibazar,Maulvi Bazar Sadar,25.1,96,0,0.4685,Medium
4/25/2026 4:00,Sylhet,Maulvibazar,Maulvi Bazar Sadar,24.3,97,0,0.4585,Medium
4/25/2026 6:00,Sylhet,Maulvibazar,Maulvi Bazar Sadar,25.6,96,0,0.776,High
4/25/2026 8:00,Sylhet,Maulvibazar,Maulvi Bazar Sadar,29.1,84,0,0.8045,High
4/25/2026 10:00,Sylhet,Maulvibazar,Maulvi Bazar Sadar,28.8,82,0,0.946,High
4/25/2026 12:00,Sylhet,Maulvibazar,Maulvi Bazar Sadar,32.2,69,0,0.971,High
4/25/2026 14:00,Sylhet,Maulvibazar,Maulvi Bazar Sadar,33,64,0,1,High
4/25/2026 16:00,Sylhet,Maulvibazar,Maulvi Bazar Sadar,33,61,0,1,High
4/25/2026 18:00,Sylhet,Maulvibazar,Maulvi Bazar Sadar,29.6,79,0,1,High
4/25/2026 20:00,Sylhet,Maulvibazar,Maulvi Bazar Sadar,27.4,82,0,1,High
4/25/2026 22:00,Sylhet,Maulvibazar,Maulvi Bazar Sadar,26.4,86,0,0.668,Medium
4/26/2026 0:00,Sylhet,Maulvibazar,Maulvi Bazar Sadar,26,90,0,0.47,Medium
4/26/2026 2:00,Sylhet,Maulvibazar,Maulvi Bazar Sadar,24.6,95,0,0.459,Medium
4/26/2026 4:00,Sylhet,Maulvibazar,Maulvi Bazar Sadar,24.6,94,0,0.457,Medium
4/26/2026 6:00,Sylhet,Maulvibazar,Maulvi Bazar Sadar,22.9,99,0,0.7415,High
4/26/2026 8:00,Sylhet,Maulvibazar,Maulvi Bazar Sadar,25.9,85,0,0.7585,High
4/26/2026 10:00,Sylhet,Maulvibazar,Maulvi Bazar Sadar,28.5,72,0.1,0.9212,High
4/26/2026 12:00,Sylhet,Maulvibazar,Maulvi Bazar Sadar,29.1,63,0,0.9125,High
4/26/2026 14:00,Sylhet,Maulvibazar,Maulvi Bazar Sadar,30.1,60,0.1,1,High
4/26/2026 16:00,Sylhet,Maulvibazar,Maulvi Bazar Sadar,26.7,78,3.2,0.9985,High
4/26/2026 18:00,Sylhet,Maulvibazar,Maulvi Bazar Sadar,24.9,85,0,1,High
4/26/2026 20:00,Sylhet,Maulvibazar,Maulvi Bazar Sadar,24.8,76,0,1,High
4/26/2026 22:00,Sylhet,Maulvibazar,Maulvi Bazar Sadar,24.2,83,0,0.629,Medium
4/27/2026 0:00,Sylhet,Maulvibazar,Maulvi Bazar Sadar,23.2,90,4.8,0.416,Low
4/27/2026 2:00,Sylhet,Maulvibazar,Maulvi Bazar Sadar,22.5,93,0,0.4235,Low
4/27/2026 4:00,Sylhet,Maulvibazar,Maulvi Bazar Sadar,22.6,92,0.1,0.4228,Low
4/27/2026 6:00,Sylhet,Maulvibazar,Maulvi Bazar Sadar,20,97,1.6,0.69,Medium
4/27/2026 8:00,Sylhet,Maulvibazar,Maulvi Bazar Sadar,20.6,98,2.1,0.6998,Medium
4/27/2026 10:00,Sylhet,Maulvibazar,Maulvi Bazar Sadar,22.4,93,0.2,0.8715,High
4/27/2026 12:00,Sylhet,Maulvibazar,Maulvi Bazar Sadar,24.3,81,0.1,0.8762,High
4/27/2026 14:00,Sylhet,Maulvibazar,Maulvi Bazar Sadar,26.7,74,0.1,0.9982,High
4/27/2026 16:00,Sylhet,Maulvibazar,Maulvi Bazar Sadar,25.8,79,0.1,0.9948,High
4/27/2026 18:00,Sylhet,Maulvibazar,Maulvi Bazar Sadar,22.9,92,4.3,1,High
4/27/2026 20:00,Sylhet,Maulvibazar,Maulvi Bazar Sadar,21.9,97,6.9,1,High
4/27/2026 22:00,Sylhet,Maulvibazar,Maulvi Bazar Sadar,21.5,98,7.8,0.599,Medium
4/28/2026 0:00,Sylhet,Maulvibazar,Maulvi Bazar Sadar,21.4,98,0.2,0.4165,Low
4/28/2026 2:00,Sylhet,Maulvibazar,Maulvi Bazar Sadar,21.5,96,0,0.4145,Low
4/28/2026 4:00,Sylhet,Maulvibazar,Maulvi Bazar Sadar,21.2,96,1.3,0.4068,Low
4/28/2026 6:00,Sylhet,Maulvibazar,Maulvi Bazar Sadar,22.1,96,2.5,0.7172,High
4/28/2026 8:00,Sylhet,Maulvibazar,Maulvi Bazar Sadar,21.7,95,23.4,0.6655,Medium
4/28/2026 10:00,Sylhet,Maulvibazar,Maulvi Bazar Sadar,22.5,97,1.7,0.8772,High
4/28/2026 12:00,Sylhet,Maulvibazar,Maulvi Bazar Sadar,23.7,86,15.3,0.8392,High
4/28/2026 14:00,Sylhet,Maulvibazar,Maulvi Bazar Sadar,23.6,91,0.1,0.9858,High
4/28/2026 16:00,Sylhet,Maulvibazar,Maulvi Bazar Sadar,23.1,94,3.2,0.9765,High
4/28/2026 18:00,Sylhet,Maulvibazar,Maulvi Bazar Sadar,23.1,95,0.1,1,High
4/28/2026 20:00,Sylhet,Maulvibazar,Maulvi Bazar Sadar,23,93,0,1,High
4/28/2026 22:00,Sylhet,Maulvibazar,Maulvi Bazar Sadar,22.3,96,0.9,0.6242,Medium
4/29/2026 0:00,Sylhet,Maulvibazar,Maulvi Bazar Sadar,22.5,92,0.2,0.421,Low
4/29/2026 2:00,Sylhet,Maulvibazar,Maulvi Bazar Sadar,22,95,0.3,0.4192,Low
4/29/2026 4:00,Sylhet,Maulvibazar,Maulvi Bazar Sadar,21.5,97,1.1,0.4138,Low
4/29/2026 6:00,Sylhet,Maulvibazar,Maulvi Bazar Sadar,21.5,97,6.1,0.7012,High
4/29/2026 8:00,Sylhet,Maulvibazar,Maulvi Bazar Sadar,21.8,96,3.1,0.7112,High
4/29/2026 10:00,Sylhet,Maulvibazar,Maulvi Bazar Sadar,22.6,96,2,0.876,High
4/29/2026 12:00,Sylhet,Maulvibazar,Maulvi Bazar Sadar,20.9,96,0.7,0.8537,High
4/29/2026 14:00,Sylhet,Maulvibazar,Maulvi Bazar Sadar,22.8,88,0,0.968,High
4/29/2026 16:00,Sylhet,Maulvibazar,Maulvi Bazar Sadar,23,87,0,0.969,High
4/29/2026 18:00,Sylhet,Maulvibazar,Maulvi Bazar Sadar,22.5,91,0,1,High
4/29/2026 20:00,Sylhet,Maulvibazar,Maulvi Bazar Sadar,21.2,97,0,1,High
4/29/2026 22:00,Sylhet,Maulvibazar,Maulvi Bazar Sadar,20.8,96,0,0.604,Medium
4/30/2026 0:00,Sylhet,Maulvibazar,Maulvi Bazar Sadar,21.4,92,0,0.405,Low
4/30/2026 2:00,Sylhet,Maulvibazar,Maulvi Bazar Sadar,21,93,1.1,0.3983,Low
4/30/2026 4:00,Sylhet,Maulvibazar,Maulvi Bazar Sadar,20.6,96,0.5,0.3998,Low
4/30/2026 6:00,Sylhet,Maulvibazar,Maulvi Bazar Sadar,20.6,97,0,0.703,High
4/30/2026 8:00,Sylhet,Maulvibazar,Maulvi Bazar Sadar,21.2,97,0.8,0.71,High
4/30/2026 10:00,Sylhet,Maulvibazar,Maulvi Bazar Sadar,23.1,89,0.1,0.8742,High
4/30/2026 12:00,Sylhet,Maulvibazar,Maulvi Bazar Sadar,25.5,74,0,0.8805,High
4/30/2026 14:00,Sylhet,Maulvibazar,Maulvi Bazar Sadar,28.8,58,0,0.998,High
4/30/2026 16:00,Sylhet,Maulvibazar,Maulvi Bazar Sadar,28.2,60,0,0.993,High
4/30/2026 18:00,Sylhet,Maulvibazar,Maulvi Bazar Sadar,25.6,86,0,1,High
4/30/2026 20:00,Sylhet,Maulvibazar,Maulvi Bazar Sadar,23.1,96,0.1,1,High
4/30/2026 22:00,Sylhet,Maulvibazar,Maulvi Bazar Sadar,22.6,96,0,0.631,Medium
5/1/2026 0:00,Sylhet,Maulvibazar,Maulvi Bazar Sadar,22.4,95,1.1,0.4232,Low
5/1/2026 2:00,Sylhet,Maulvibazar,Maulvi Bazar Sadar,21.4,95,0,0.411,Low
5/1/2026 4:00,Sylhet,Maulvibazar,Maulvi Bazar Sadar,21.2,95,0.1,0.4078,Low
5/1/2026 6:00,Sylhet,Maulvibazar,Maulvi Bazar Sadar,21.3,95,0.8,0.7075,High
5/1/2026 8:00,Sylhet,Maulvibazar,Maulvi Bazar Sadar,21.5,96,1.3,0.7112,High
5/1/2026 10:00,Sylhet,Maulvibazar,Maulvi Bazar Sadar,23.3,94,0.9,0.8852,High
5/1/2026 12:00,Sylhet,Maulvibazar,Maulvi Bazar Sadar,25.6,78,0.7,0.8883,High
5/1/2026 14:00,Sylhet,Maulvibazar,Maulvi Bazar Sadar,22.9,92,2.1,0.9722,High
5/1/2026 16:00,Sylhet,Maulvibazar,Maulvi Bazar Sadar,22.1,94,1.2,0.9665,High
5/1/2026 18:00,Sylhet,Maulvibazar,Maulvi Bazar Sadar,22.6,96,1.2,1,High
5/1/2026 20:00,Sylhet,Maulvibazar,Maulvi Bazar Sadar,21.5,97,0,1,High
5/1/2026 22:00,Sylhet,Maulvibazar,Maulvi Bazar Sadar,21.5,98,0,0.6185,Medium
5/2/2026 0:00,Sylhet,Maulvibazar,Maulvi Bazar Sadar,21.1,98,1.8,0.408,Low
5/2/2026 2:00,Sylhet,Maulvibazar,Maulvi Bazar Sadar,20.4,98,0.2,0.4015,Low
5/2/2026 4:00,Sylhet,Maulvibazar,Maulvi Bazar Sadar,20.1,98,4,0.3875,Low
5/2/2026 6:00,Sylhet,Maulvibazar,Maulvi Bazar Sadar,20.5,98,1.5,0.6997,Medium
5/2/2026 8:00,Sylhet,Maulvibazar,Maulvi Bazar Sadar,21.1,96,1.3,0.7052,High
5/2/2026 10:00,Sylhet,Maulvibazar,Maulvi Bazar Sadar,22.1,92,1.3,0.8622,High
5/2/2026 12:00,Sylhet,Maulvibazar,Maulvi Bazar Sadar,21.6,96,0.4,0.865,High
5/2/2026 14:00,Sylhet,Maulvibazar,Maulvi Bazar Sadar,22.8,90,0,0.972,High
5/2/2026 16:00,Sylhet,Maulvibazar,Maulvi Bazar Sadar,25.2,78,0.1,0.9838,High
5/2/2026 18:00,Sylhet,Maulvibazar,Maulvi Bazar Sadar,21.5,92,0.1,1,High
5/2/2026 20:00,Sylhet,Maulvibazar,Maulvi Bazar Sadar,21.4,96,0,1,High
5/2/2026 22:00,Sylhet,Maulvibazar,Maulvi Bazar Sadar,21.4,97,0,0.615,Medium
5/3/2026 0:00,Sylhet,Maulvibazar,Maulvi Bazar Sadar,21.5,97,0,0.4165,Low
5/3/2026 2:00,Sylhet,Maulvibazar,Maulvi Bazar Sadar,20.6,97,0,0.403,Low
5/3/2026 4:00,Sylhet,Maulvibazar,Maulvi Bazar Sadar,20.6,99,0.1,0.4068,Low
5/3/2026 6:00,Sylhet,Maulvibazar,Maulvi Bazar Sadar,20.6,98,0,0.705,High
5/3/2026 8:00,Sylhet,Maulvibazar,Maulvi Bazar Sadar,23,88,0.1,0.7208,High
5/3/2026 10:00,Sylhet,Maulvibazar,Maulvi Bazar Sadar,25.8,76,0.3,0.8882,High
5/3/2026 12:00,Sylhet,Maulvibazar,Maulvi Bazar Sadar,27.8,69,0,0.905,High
5/3/2026 14:00,Sylhet,Maulvibazar,Maulvi Bazar Sadar,24.5,85,0.4,0.9865,High
5/3/2026 16:00,Sylhet,Maulvibazar,Maulvi Bazar Sadar,28.9,65,0,1,High
5/3/2026 18:00,Sylhet,Maulvibazar,Maulvi Bazar Sadar,24,94,1.1,1,High
5/3/2026 20:00,Sylhet,Maulvibazar,Maulvi Bazar Sadar,23.4,96,0,1,High
5/3/2026 22:00,Sylhet,Maulvibazar,Maulvi Bazar Sadar,22.4,96,0,0.628,Medium
5/4/2026 0:00,Sylhet,Maulvibazar,Maulvi Bazar Sadar,22,98,0,0.426,Low
5/4/2026 2:00,Sylhet,Maulvibazar,Maulvi Bazar Sadar,21.3,96,0.7,0.4098,Low
5/4/2026 4:00,Sylhet,Maulvibazar,Maulvi Bazar Sadar,20.9,97,0,0.4075,Low
5/4/2026 6:00,Sylhet,Maulvibazar,Maulvi Bazar Sadar,21,99,1.2,0.71,High
5/4/2026 8:00,Sylhet,Maulvibazar,Maulvi Bazar Sadar,22.3,95,1.2,0.7215,High
5/4/2026 10:00,Sylhet,Maulvibazar,Maulvi Bazar Sadar,22.4,96,3.1,0.8702,High
5/4/2026 12:00,Sylhet,Maulvibazar,Maulvi Bazar Sadar,24.4,87,0,0.89,High
5/4/2026 14:00,Sylhet,Maulvibazar,Maulvi Bazar Sadar,28.4,70,0,1,High
5/4/2026 16:00,Sylhet,Maulvibazar,Maulvi Bazar Sadar,28.6,65,0,1,High
5/4/2026 18:00,Sylhet,Maulvibazar,Maulvi Bazar Sadar,26.6,81,0,1,High
5/4/2026 20:00,Sylhet,Maulvibazar,Maulvi Bazar Sadar,24.1,88,0,1,High
5/4/2026 22:00,Sylhet,Maulvibazar,Maulvi Bazar Sadar,23.2,89,0,0.626,Medium
5/5/2026 0:00,Sylhet,Maulvibazar,Maulvi Bazar Sadar,22.4,94,0,0.424,Low
5/5/2026 2:00,Sylhet,Maulvibazar,Maulvi Bazar Sadar,22.4,95,0,0.426,Low
5/5/2026 4:00,Sylhet,Maulvibazar,Maulvi Bazar Sadar,22.3,96,0,0.4265,Low
5/5/2026 6:00,Sylhet,Maulvibazar,Maulvi Bazar Sadar,22.8,94,0,0.73,High
5/5/2026 8:00,Sylhet,Maulvibazar,Maulvi Bazar Sadar,24.9,90,0,0.7535,High
5/5/2026 10:00,Sylhet,Maulvibazar,Maulvi Bazar Sadar,28.6,75,0,0.929,High
5/5/2026 12:00,Sylhet,Maulvibazar,Maulvi Bazar Sadar,30.4,62,0,0.93,High
5/5/2026 14:00,Sylhet,Maulvibazar,Maulvi Bazar Sadar,31.4,59,0,1,High
5/5/2026 16:00,Sylhet,Maulvibazar,Maulvi Bazar Sadar,30.5,61,0,1,High
5/5/2026 18:00,Sylhet,Maulvibazar,Maulvi Bazar Sadar,26.8,79,0,1,High
5/5/2026 20:00,Sylhet,Maulvibazar,Maulvi Bazar Sadar,25.5,80,0,1,High
5/5/2026 22:00,Sylhet,Maulvibazar,Maulvi Bazar Sadar,23.9,87,0,0.6325,Medium
5/6/2026 0:00,Sylhet,Maulvibazar,Maulvi Bazar Sadar,23.8,93,0,0.443,Low
5/6/2026 2:00,Sylhet,Maulvibazar,Maulvi Bazar Sadar,23.4,95,0,0.441,Low
5/6/2026 4:00,Sylhet,Maulvibazar,Maulvi Bazar Sadar,22.6,94,0.1,0.4268,Low
5/6/2026 6:00,Sylhet,Maulvibazar,Maulvi Bazar Sadar,23.2,98,0.1,0.7438,High
5/6/2026 8:00,Sylhet,Maulvibazar,Maulvi Bazar Sadar,26,82,0,0.754,High
5/6/2026 10:00,Sylhet,Maulvibazar,Maulvi Bazar Sadar,28.6,72,0,0.923,High
5/6/2026 12:00,Sylhet,Maulvibazar,Maulvi Bazar Sadar,29.5,66,0,0.9245,High
5/6/2026 14:00,Sylhet,Maulvibazar,Maulvi Bazar Sadar,30.2,65,0,1,High
5/6/2026 16:00,Sylhet,Maulvibazar,Maulvi Bazar Sadar,30.4,64,0,1,High
5/6/2026 18:00,Sylhet,Maulvibazar,Maulvi Bazar Sadar,28.2,73,0,1,High
5/6/2026 20:00,Sylhet,Maulvibazar,Maulvi Bazar Sadar,25.8,86,3.1,1,High
5/6/2026 22:00,Sylhet,Maulvibazar,Maulvi Bazar Sadar,23.2,97,0.1,0.6418,Medium
5/7/2026 0:00,Sylhet,Maulvibazar,Maulvi Bazar Sadar,23,98,0,0.441,Low
5/7/2026 2:00,Sylhet,Maulvibazar,Maulvi Bazar Sadar,22.8,98,0,0.438,Low
5/7/2026 4:00,Sylhet,Maulvibazar,Maulvi Bazar Sadar,22.6,99,0,0.437,Low
5/7/2026 6:00,Sylhet,Maulvibazar,Maulvi Bazar Sadar,22.5,96,0,0.7295,High
5/7/2026 8:00,Sylhet,Maulvibazar,Maulvi Bazar Sadar,24,89,1,0.7355,High
5/7/2026 10:00,Sylhet,Maulvibazar,Maulvi Bazar Sadar,26,77,0.1,0.8938,High
5/7/2026 12:00,Sylhet,Maulvibazar,Maulvi Bazar Sadar,28.9,69,0.1,0.9212,High
5/7/2026 14:00,Sylhet,Maulvibazar,Maulvi Bazar Sadar,30,63,0,1,High
5/7/2026 16:00,Sylhet,Maulvibazar,Maulvi Bazar Sadar,30,59,0,1,High
5/7/2026 18:00,Sylhet,Maulvibazar,Maulvi Bazar Sadar,28.6,76,0,1,High
5/7/2026 20:00,Sylhet,Maulvibazar,Maulvi Bazar Sadar,26.6,80,0,1,High
5/7/2026 22:00,Sylhet,Maulvibazar,Maulvi Bazar Sadar,25.2,84,0,0.646,Medium
5/8/2026 0:00,Sylhet,Maulvibazar,Maulvi Bazar Sadar,24.6,88,0,0.445,Low
5/8/2026 2:00,Sylhet,Maulvibazar,Maulvi Bazar Sadar,24.7,89,0,0.4485,Low
5/8/2026 4:00,Sylhet,Maulvibazar,Maulvi Bazar Sadar,24.3,90,0,0.4445,Low
5/8/2026 6:00,Sylhet,Maulvibazar,Maulvi Bazar Sadar,23.3,97,0,0.7435,High
5/8/2026 8:00,Sylhet,Maulvibazar,Maulvi Bazar Sadar,28.2,78,0,0.779,High
5/8/2026 10:00,Sylhet,Maulvibazar,Maulvi Bazar Sadar,31,58,0,0.931,High
5/8/2026 12:00,Sylhet,Maulvibazar,Maulvi Bazar Sadar,31.4,53,0,0.927,High
5/8/2026 14:00,Sylhet,Maulvibazar,Maulvi Bazar Sadar,31,55,0,1,High
5/8/2026 16:00,Sylhet,Maulvibazar,Maulvi Bazar Sadar,30.9,56,0,1,High
5/8/2026 18:00,Sylhet,Maulvibazar,Maulvi Bazar Sadar,29,71,0,1,High
5/8/2026 20:00,Sylhet,Maulvibazar,Maulvi Bazar Sadar,26.5,74,0,1,High
5/8/2026 22:00,Sylhet,Maulvibazar,Maulvi Bazar Sadar,24.9,81,0,0.6355,Medium
5/9/2026 0:00,Sylhet,Maulvibazar,Maulvi Bazar Sadar,24.1,88,0,0.4375,Low
5/9/2026 2:00,Sylhet,Maulvibazar,Maulvi Bazar Sadar,23.7,90,0,0.4355,Low
5/9/2026 4:00,Sylhet,Maulvibazar,Maulvi Bazar Sadar,22.8,92,0,0.426,Low
5/9/2026 6:00,Sylhet,Maulvibazar,Maulvi Bazar Sadar,23.1,94,0,0.7345,High
5/9/2026 8:00,Sylhet,Maulvibazar,Maulvi Bazar Sadar,27.6,78,0,0.77,High
5/9/2026 10:00,Sylhet,Maulvibazar,Maulvi Bazar Sadar,30.5,57,0,0.9215,High
5/9/2026 12:00,Sylhet,Maulvibazar,Maulvi Bazar Sadar,31.8,49,0,0.927,High
5/9/2026 14:00,Sylhet,Maulvibazar,Maulvi Bazar Sadar,33,46,0,1,High
5/9/2026 16:00,Sylhet,Maulvibazar,Maulvi Bazar Sadar,32.3,50,0,1,High
5/9/2026 18:00,Sylhet,Maulvibazar,Maulvi Bazar Sadar,30.1,68,0,1,High
5/9/2026 20:00,Sylhet,Maulvibazar,Maulvi Bazar Sadar,26.9,76,0,1,High
5/9/2026 22:00,Sylhet,Maulvibazar,Maulvi Bazar Sadar,25.9,76,0,0.6405,Medium
5/10/2026 0:00,Sylhet,Maulvibazar,Maulvi Bazar Sadar,25.2,81,0,0.44,Low
5/10/2026 2:00,Sylhet,Maulvibazar,Maulvi Bazar Sadar,25.4,80,0,0.441,Low
5/10/2026 4:00,Sylhet,Maulvibazar,Maulvi Bazar Sadar,25,83,0,0.441,Low
5/10/2026 6:00,Sylhet,Maulvibazar,Maulvi Bazar Sadar,23.7,91,0,0.7375,High
5/10/2026 8:00,Sylhet,Maulvibazar,Maulvi Bazar Sadar,28.4,75,0,0.776,High
5/10/2026 10:00,Sylhet,Maulvibazar,Maulvi Bazar Sadar,31.5,61,0,0.9445,High
5/10/2026 12:00,Sylhet,Maulvibazar,Maulvi Bazar Sadar,32.5,46,0,0.9375,High
5/10/2026 14:00,Sylhet,Maulvibazar,Maulvi Bazar Sadar,32.4,49,0.2,1,High
5/10/2026 16:00,Sylhet,Maulvibazar,Maulvi Bazar Sadar,29,71,0,1,High
5/10/2026 18:00,Sylhet,Maulvibazar,Maulvi Bazar Sadar,26.4,75,0,1,High
5/10/2026 20:00,Sylhet,Maulvibazar,Maulvi Bazar Sadar,25.2,81,0,1,High
5/10/2026 22:00,Sylhet,Maulvibazar,Maulvi Bazar Sadar,24.2,90,0,0.643,Medium
5/11/2026 0:00,Sylhet,Maulvibazar,Maulvi Bazar Sadar,24.4,88,0,0.442,Low
5/11/2026 2:00,Sylhet,Maulvibazar,Maulvi Bazar Sadar,23.4,93,0,0.437,Low
5/11/2026 4:00,Sylhet,Maulvibazar,Maulvi Bazar Sadar,22.5,93,0,0.4235,Low
5/11/2026 6:00,Sylhet,Maulvibazar,Maulvi Bazar Sadar,23.5,90,2.2,0.727,High
5/11/2026 8:00,Sylhet,Maulvibazar,Maulvi Bazar Sadar,26.1,82,0,0.7555,High
5/11/2026 10:00,Sylhet,Maulvibazar,Maulvi Bazar Sadar,28.3,68,0,0.9105,High
5/11/2026 12:00,Sylhet,Maulvibazar,Maulvi Bazar Sadar,28.6,68,0,0.915,High
5/11/2026 14:00,Sylhet,Maulvibazar,Maulvi Bazar Sadar,30.3,55,0,1,High
5/11/2026 16:00,Sylhet,Maulvibazar,Maulvi Bazar Sadar,27.8,65,0.1,0.9968,High
5/11/2026 18:00,Sylhet,Maulvibazar,Maulvi Bazar Sadar,27,80,0,1,High
5/11/2026 20:00,Sylhet,Maulvibazar,Maulvi Bazar Sadar,24.4,88,2.3,1,High
5/11/2026 22:00,Sylhet,Maulvibazar,Maulvi Bazar Sadar,23.5,91,0,0.6345,Medium
5/12/2026 0:00,Sylhet,Maulvibazar,Maulvi Bazar Sadar,23.5,94,0,0.4405,Low
5/12/2026 2:00,Sylhet,Maulvibazar,Maulvi Bazar Sadar,22.2,97,0,0.427,Low
5/12/2026 4:00,Sylhet,Maulvibazar,Maulvi Bazar Sadar,21.9,98,0,0.4245,Low
5/12/2026 6:00,Sylhet,Maulvibazar,Maulvi Bazar Sadar,22.6,96,0,0.731,High
5/12/2026 8:00,Sylhet,Maulvibazar,Maulvi Bazar Sadar,25.4,82,0.1,0.7447,High
5/12/2026 10:00,Sylhet,Maulvibazar,Maulvi Bazar Sadar,28.4,71,0,0.918,High
5/12/2026 12:00,Sylhet,Maulvibazar,Maulvi Bazar Sadar,29.6,64,0,0.922,High
5/12/2026 14:00,Sylhet,Maulvibazar,Maulvi Bazar Sadar,30.6,59,0,1,High
5/12/2026 16:00,Sylhet,Maulvibazar,Maulvi Bazar Sadar,30.3,58,0,1,High
5/12/2026 18:00,Sylhet,Maulvibazar,Maulvi Bazar Sadar,28.9,72,0,1,High
5/12/2026 20:00,Sylhet,Maulvibazar,Maulvi Bazar Sadar,26.6,79,0,1,High
5/12/2026 22:00,Sylhet,Maulvibazar,Maulvi Bazar Sadar,25.6,85,0,0.654,Medium
5/13/2026 0:00,Sylhet,Maulvibazar,Maulvi Bazar Sadar,25.5,86,0,0.4545,Medium
5/13/2026 2:00,Sylhet,Maulvibazar,Maulvi Bazar Sadar,23.8,95,1.2,0.444,Low
5/13/2026 4:00,Sylhet,Maulvibazar,Maulvi Bazar Sadar,22.6,99,0.2,0.4365,Low
5/13/2026 6:00,Sylhet,Maulvibazar,Maulvi Bazar Sadar,24,95,0,0.75,High
5/13/2026 8:00,Sylhet,Maulvibazar,Maulvi Bazar Sadar,26.8,83,0.1,0.7678,High
5/13/2026 10:00,Sylhet,Maulvibazar,Maulvi Bazar Sadar,28.6,76,0.2,0.9305,High
5/13/2026 12:00,Sylhet,Maulvibazar,Maulvi Bazar Sadar,29.9,71,0.3,0.9398,High
5/13/2026 14:00,Sylhet,Maulvibazar,Maulvi Bazar Sadar,30.4,68,0,1,High
5/13/2026 16:00,Sylhet,Maulvibazar,Maulvi Bazar Sadar,29.9,70,0.1,1,High
5/13/2026 18:00,Sylhet,Maulvibazar,Maulvi Bazar Sadar,28.5,81,0.2,1,High
5/13/2026 20:00,Sylhet,Maulvibazar,Maulvi Bazar Sadar,26.6,95,0,1,High
5/13/2026 22:00,Sylhet,Maulvibazar,Maulvi Bazar Sadar,26.1,95,0.2,0.681,Medium
4/13/2026 0:00,Sylhet,Maulvibazar,Rajnagar,21.9,90,0,0.4085,Low
4/13/2026 2:00,Sylhet,Maulvibazar,Rajnagar,22.2,91,0.5,0.4138,Low
4/13/2026 4:00,Sylhet,Maulvibazar,Rajnagar,20.9,96,0.4,0.4045,Low
4/13/2026 6:00,Sylhet,Maulvibazar,Rajnagar,21,93,0,0.701,High
4/13/2026 8:00,Sylhet,Maulvibazar,Rajnagar,21.9,90,0.2,0.708,High
4/13/2026 10:00,Sylhet,Maulvibazar,Rajnagar,25,80,0.1,0.8848,High
4/13/2026 12:00,Sylhet,Maulvibazar,Rajnagar,28,70,0,0.91,High
4/13/2026 14:00,Sylhet,Maulvibazar,Rajnagar,30.1,64,0,1,High
4/13/2026 16:00,Sylhet,Maulvibazar,Rajnagar,28,73,1.3,1,High
4/13/2026 18:00,Sylhet,Maulvibazar,Rajnagar,27,82,0,1,High
4/13/2026 20:00,Sylhet,Maulvibazar,Rajnagar,24.7,93,0,1,High
4/13/2026 22:00,Sylhet,Maulvibazar,Rajnagar,23.9,85,0,0.6285,Medium
4/14/2026 0:00,Sylhet,Maulvibazar,Rajnagar,23.9,85,0,0.4285,Low
4/14/2026 2:00,Sylhet,Maulvibazar,Rajnagar,20.7,99,6,0.3935,Low
4/14/2026 4:00,Sylhet,Maulvibazar,Rajnagar,21.6,95,0,0.414,Low
4/14/2026 6:00,Sylhet,Maulvibazar,Rajnagar,21.5,98,2.7,0.7117,High
4/14/2026 8:00,Sylhet,Maulvibazar,Rajnagar,23.8,90,0.1,0.7368,High
4/14/2026 10:00,Sylhet,Maulvibazar,Rajnagar,28.1,72,0,0.9155,High
4/14/2026 12:00,Sylhet,Maulvibazar,Rajnagar,29.2,71,0,0.93,High
4/14/2026 14:00,Sylhet,Maulvibazar,Rajnagar,31,64,0,1,High
4/14/2026 16:00,Sylhet,Maulvibazar,Rajnagar,30.8,63,0,1,High
4/14/2026 18:00,Sylhet,Maulvibazar,Rajnagar,27,85,0.2,1,High
4/14/2026 20:00,Sylhet,Maulvibazar,Rajnagar,25.4,90,0,1,High
4/14/2026 22:00,Sylhet,Maulvibazar,Rajnagar,24.2,95,0.4,0.652,Medium
4/15/2026 0:00,Sylhet,Maulvibazar,Rajnagar,21.8,99,0.8,0.423,Low
4/15/2026 2:00,Sylhet,Maulvibazar,Rajnagar,21.8,98,6.2,0.4075,Low
4/15/2026 4:00,Sylhet,Maulvibazar,Rajnagar,21.2,97,0,0.412,Low
4/15/2026 6:00,Sylhet,Maulvibazar,Rajnagar,21.4,93,0,0.707,High
4/15/2026 8:00,Sylhet,Maulvibazar,Rajnagar,23.2,87,0,0.722,High
4/15/2026 10:00,Sylhet,Maulvibazar,Rajnagar,27.2,75,0,0.908,High
4/15/2026 12:00,Sylhet,Maulvibazar,Rajnagar,29.6,65,0,0.924,High
4/15/2026 14:00,Sylhet,Maulvibazar,Rajnagar,31.2,61,0,1,High
4/15/2026 16:00,Sylhet,Maulvibazar,Rajnagar,31.5,60,0,1,High
4/15/2026 18:00,Sylhet,Maulvibazar,Rajnagar,27.8,77,0,1,High
4/15/2026 20:00,Sylhet,Maulvibazar,Rajnagar,23.7,94,0,1,High
4/15/2026 22:00,Sylhet,Maulvibazar,Rajnagar,21.5,97,8.1,0.5962,Medium
4/16/2026 0:00,Sylhet,Maulvibazar,Rajnagar,20.7,99,7.9,0.3888,Low
4/16/2026 2:00,Sylhet,Maulvibazar,Rajnagar,20.8,95,4.7,0.3903,Low
4/16/2026 4:00,Sylhet,Maulvibazar,Rajnagar,20.8,91,0,0.394,Low
4/16/2026 6:00,Sylhet,Maulvibazar,Rajnagar,21.6,99,15,0.6845,Medium
4/16/2026 8:00,Sylhet,Maulvibazar,Rajnagar,23.8,89,0,0.735,High
4/16/2026 10:00,Sylhet,Maulvibazar,Rajnagar,27.3,77,0,0.9135,High
4/16/2026 12:00,Sylhet,Maulvibazar,Rajnagar,28.6,72,0,0.923,High
4/16/2026 14:00,Sylhet,Maulvibazar,Rajnagar,29.9,66,0.1,1,High
4/16/2026 16:00,Sylhet,Maulvibazar,Rajnagar,30,65,0.1,1,High
4/16/2026 18:00,Sylhet,Maulvibazar,Rajnagar,27.5,82,0,1,High
4/16/2026 20:00,Sylhet,Maulvibazar,Rajnagar,25.1,88,0,1,High
4/16/2026 22:00,Sylhet,Maulvibazar,Rajnagar,22.5,94,2.6,0.619,Medium
4/17/2026 0:00,Sylhet,Maulvibazar,Rajnagar,24,95,0,0.45,Medium
4/17/2026 2:00,Sylhet,Maulvibazar,Rajnagar,22.3,98,8.1,0.4102,Low
4/17/2026 4:00,Sylhet,Maulvibazar,Rajnagar,21.8,99,0,0.425,Low
4/17/2026 6:00,Sylhet,Maulvibazar,Rajnagar,23.5,98,0,0.7485,High
4/17/2026 8:00,Sylhet,Maulvibazar,Rajnagar,25.6,89,0,0.762,High
4/17/2026 10:00,Sylhet,Maulvibazar,Rajnagar,27.9,77,0.1,0.9222,High
4/17/2026 12:00,Sylhet,Maulvibazar,Rajnagar,31,69,0,0.953,High
4/17/2026 14:00,Sylhet,Maulvibazar,Rajnagar,31.8,65,0,1,High
4/17/2026 16:00,Sylhet,Maulvibazar,Rajnagar,31.5,64,0,1,High
4/17/2026 18:00,Sylhet,Maulvibazar,Rajnagar,27.9,84,0.1,1,High
4/17/2026 20:00,Sylhet,Maulvibazar,Rajnagar,26,93,0,1,High
4/17/2026 22:00,Sylhet,Maulvibazar,Rajnagar,24.7,96,0,0.6625,Medium
4/18/2026 0:00,Sylhet,Maulvibazar,Rajnagar,24.6,96,0,0.461,Medium
4/18/2026 2:00,Sylhet,Maulvibazar,Rajnagar,23.4,98,0,0.447,Low
4/18/2026 4:00,Sylhet,Maulvibazar,Rajnagar,23,98,0,0.441,Low
4/18/2026 6:00,Sylhet,Maulvibazar,Rajnagar,24.3,96,0,0.7565,High
4/18/2026 8:00,Sylhet,Maulvibazar,Rajnagar,26.6,89,0,0.777,High
4/18/2026 10:00,Sylhet,Maulvibazar,Rajnagar,29.3,78,0,0.9455,High
4/18/2026 12:00,Sylhet,Maulvibazar,Rajnagar,30.8,69,0,0.95,High
4/18/2026 14:00,Sylhet,Maulvibazar,Rajnagar,31.5,66,0,1,High
4/18/2026 16:00,Sylhet,Maulvibazar,Rajnagar,29.9,73,0,1,High
4/18/2026 18:00,Sylhet,Maulvibazar,Rajnagar,28.2,87,0,1,High
4/18/2026 20:00,Sylhet,Maulvibazar,Rajnagar,26.5,89,0,1,High
4/18/2026 22:00,Sylhet,Maulvibazar,Rajnagar,25.7,94,0,0.6735,Medium
4/19/2026 0:00,Sylhet,Maulvibazar,Rajnagar,25.7,94,0,0.4735,Medium
4/19/2026 2:00,Sylhet,Maulvibazar,Rajnagar,23.1,98,0.3,0.4418,Low
4/19/2026 4:00,Sylhet,Maulvibazar,Rajnagar,22.6,98,0,0.435,Low
4/19/2026 6:00,Sylhet,Maulvibazar,Rajnagar,23.1,98,0,0.7425,High
4/19/2026 8:00,Sylhet,Maulvibazar,Rajnagar,22.2,94,0.2,0.7205,High
4/19/2026 10:00,Sylhet,Maulvibazar,Rajnagar,27.2,78,0,0.914,High
4/19/2026 12:00,Sylhet,Maulvibazar,Rajnagar,28.6,73,0,0.925,High
4/19/2026 14:00,Sylhet,Maulvibazar,Rajnagar,30.7,68,0,1,High
4/19/2026 16:00,Sylhet,Maulvibazar,Rajnagar,30.6,69,0,1,High
4/19/2026 18:00,Sylhet,Maulvibazar,Rajnagar,27.2,89,0.1,1,High
4/19/2026 20:00,Sylhet,Maulvibazar,Rajnagar,25.8,93,0.1,1,High
4/19/2026 22:00,Sylhet,Maulvibazar,Rajnagar,25,94,0,0.663,Medium
4/20/2026 0:00,Sylhet,Maulvibazar,Rajnagar,23.5,98,0.5,0.4472,Low
4/20/2026 2:00,Sylhet,Maulvibazar,Rajnagar,22.5,98,2.1,0.4282,Low
4/20/2026 4:00,Sylhet,Maulvibazar,Rajnagar,22.2,98,3.7,0.4198,Low
4/20/2026 6:00,Sylhet,Maulvibazar,Rajnagar,22.9,96,0.1,0.7352,High
4/20/2026 8:00,Sylhet,Maulvibazar,Rajnagar,23,92,0,0.729,High
4/20/2026 10:00,Sylhet,Maulvibazar,Rajnagar,27.6,81,0,0.926,High
4/20/2026 12:00,Sylhet,Maulvibazar,Rajnagar,29.9,69,0.1,0.9362,High
4/20/2026 14:00,Sylhet,Maulvibazar,Rajnagar,30.7,70,0.1,1,High
4/20/2026 16:00,Sylhet,Maulvibazar,Rajnagar,30,76,0.1,1,High
4/20/2026 18:00,Sylhet,Maulvibazar,Rajnagar,26.3,89,0,1,High
4/20/2026 20:00,Sylhet,Maulvibazar,Rajnagar,27,84,0,1,High
4/20/2026 22:00,Sylhet,Maulvibazar,Rajnagar,24.4,93,0,0.652,Medium
4/21/2026 0:00,Sylhet,Maulvibazar,Rajnagar,21.9,99,0.9,0.4242,Low
4/21/2026 2:00,Sylhet,Maulvibazar,Rajnagar,21.9,100,1.2,0.4255,Low
4/21/2026 4:00,Sylhet,Maulvibazar,Rajnagar,22.2,98,0,0.429,Low
4/21/2026 6:00,Sylhet,Maulvibazar,Rajnagar,23.5,97,0.2,0.746,High
4/21/2026 8:00,Sylhet,Maulvibazar,Rajnagar,25.3,91,0,0.7615,High
4/21/2026 10:00,Sylhet,Maulvibazar,Rajnagar,29.1,74,0.2,0.934,High
4/21/2026 12:00,Sylhet,Maulvibazar,Rajnagar,31.8,63,0.1,0.9528,High
4/21/2026 14:00,Sylhet,Maulvibazar,Rajnagar,31.6,64,0.8,1,High
4/21/2026 16:00,Sylhet,Maulvibazar,Rajnagar,31.2,67,0,1,High
4/21/2026 18:00,Sylhet,Maulvibazar,Rajnagar,30,72,0,1,High
4/21/2026 20:00,Sylhet,Maulvibazar,Rajnagar,29.1,72,0,1,High
4/21/2026 22:00,Sylhet,Maulvibazar,Rajnagar,27,83,0,0.671,Medium
4/22/2026 0:00,Sylhet,Maulvibazar,Rajnagar,23.8,98,0,0.453,Medium
4/22/2026 2:00,Sylhet,Maulvibazar,Rajnagar,21.2,98,4.1,0.4037,Low
4/22/2026 4:00,Sylhet,Maulvibazar,Rajnagar,21.8,99,0,0.425,Low
4/22/2026 6:00,Sylhet,Maulvibazar,Rajnagar,21,95,0,0.705,High
4/22/2026 8:00,Sylhet,Maulvibazar,Rajnagar,22,92,0.2,0.7135,High
4/22/2026 10:00,Sylhet,Maulvibazar,Rajnagar,25.4,84,0,0.899,High
4/22/2026 12:00,Sylhet,Maulvibazar,Rajnagar,31,67,0,0.949,High
4/22/2026 14:00,Sylhet,Maulvibazar,Rajnagar,33.2,57,0,1,High
4/22/2026 16:00,Sylhet,Maulvibazar,Rajnagar,33.1,59,0,1,High
4/22/2026 18:00,Sylhet,Maulvibazar,Rajnagar,29.5,69,1.9,1,High
4/22/2026 20:00,Sylhet,Maulvibazar,Rajnagar,26.5,82,0,1,High
4/22/2026 22:00,Sylhet,Maulvibazar,Rajnagar,24.3,90,0,0.6445,Medium
4/23/2026 0:00,Sylhet,Maulvibazar,Rajnagar,23.2,97,0,0.442,Low
4/23/2026 2:00,Sylhet,Maulvibazar,Rajnagar,23,99,0,0.443,Low
4/23/2026 4:00,Sylhet,Maulvibazar,Rajnagar,22.4,98,0,0.432,Low
4/23/2026 6:00,Sylhet,Maulvibazar,Rajnagar,23,93,0,0.731,High
4/23/2026 8:00,Sylhet,Maulvibazar,Rajnagar,24.5,91,0,0.7495,High
4/23/2026 10:00,Sylhet,Maulvibazar,Rajnagar,27.6,81,0,0.926,High
4/23/2026 12:00,Sylhet,Maulvibazar,Rajnagar,27.6,76,0,0.916,High
4/23/2026 14:00,Sylhet,Maulvibazar,Rajnagar,30.9,65,0,1,High
4/23/2026 16:00,Sylhet,Maulvibazar,Rajnagar,30.9,64,0,1,High
4/23/2026 18:00,Sylhet,Maulvibazar,Rajnagar,29.4,78,0,1,High
4/23/2026 20:00,Sylhet,Maulvibazar,Rajnagar,27.8,81,0,1,High
4/23/2026 22:00,Sylhet,Maulvibazar,Rajnagar,26.7,85,0,0.6705,Medium
4/24/2026 0:00,Sylhet,Maulvibazar,Rajnagar,25.6,92,0,0.468,Medium
4/24/2026 2:00,Sylhet,Maulvibazar,Rajnagar,24.6,96,0,0.461,Medium
4/24/2026 4:00,Sylhet,Maulvibazar,Rajnagar,24,96,0,0.452,Medium
4/24/2026 6:00,Sylhet,Maulvibazar,Rajnagar,24.8,97,0,0.766,High
4/24/2026 8:00,Sylhet,Maulvibazar,Rajnagar,28.5,87,0,0.8015,High
4/24/2026 10:00,Sylhet,Maulvibazar,Rajnagar,30.7,75,0.1,0.9602,High
4/24/2026 12:00,Sylhet,Maulvibazar,Rajnagar,31.3,73,0,0.9655,High
4/24/2026 14:00,Sylhet,Maulvibazar,Rajnagar,33,64,0,1,High
4/24/2026 16:00,Sylhet,Maulvibazar,Rajnagar,33.2,59,0,1,High
4/24/2026 18:00,Sylhet,Maulvibazar,Rajnagar,30.5,78,0,1,High
4/24/2026 20:00,Sylhet,Maulvibazar,Rajnagar,27.6,86,0,1,High
4/24/2026 22:00,Sylhet,Maulvibazar,Rajnagar,26,91,0,0.672,Medium
4/25/2026 0:00,Sylhet,Maulvibazar,Rajnagar,25.5,94,0,0.4705,Medium
4/25/2026 2:00,Sylhet,Maulvibazar,Rajnagar,25.1,96,0,0.4685,Medium
4/25/2026 4:00,Sylhet,Maulvibazar,Rajnagar,24.3,97,0,0.4585,Medium
4/25/2026 6:00,Sylhet,Maulvibazar,Rajnagar,25.6,96,0,0.776,High
4/25/2026 8:00,Sylhet,Maulvibazar,Rajnagar,29.1,84,0,0.8045,High
4/25/2026 10:00,Sylhet,Maulvibazar,Rajnagar,28.8,82,0,0.946,High
4/25/2026 12:00,Sylhet,Maulvibazar,Rajnagar,32.2,69,0,0.971,High
4/25/2026 14:00,Sylhet,Maulvibazar,Rajnagar,33,64,0,1,High
4/25/2026 16:00,Sylhet,Maulvibazar,Rajnagar,33,61,0,1,High
4/25/2026 18:00,Sylhet,Maulvibazar,Rajnagar,29.6,79,0,1,High
4/25/2026 20:00,Sylhet,Maulvibazar,Rajnagar,27.4,82,0,1,High
4/25/2026 22:00,Sylhet,Maulvibazar,Rajnagar,26.4,86,0,0.668,Medium
4/26/2026 0:00,Sylhet,Maulvibazar,Rajnagar,26,90,0,0.47,Medium
4/26/2026 2:00,Sylhet,Maulvibazar,Rajnagar,24.6,95,0,0.459,Medium
4/26/2026 4:00,Sylhet,Maulvibazar,Rajnagar,24.6,94,0,0.457,Medium
4/26/2026 6:00,Sylhet,Maulvibazar,Rajnagar,22.9,99,0,0.7415,High
4/26/2026 8:00,Sylhet,Maulvibazar,Rajnagar,25.9,85,0,0.7585,High
4/26/2026 10:00,Sylhet,Maulvibazar,Rajnagar,28.5,72,0.1,0.9212,High
4/26/2026 12:00,Sylhet,Maulvibazar,Rajnagar,29.1,63,0,0.9125,High
4/26/2026 14:00,Sylhet,Maulvibazar,Rajnagar,30.1,60,0.1,1,High
4/26/2026 16:00,Sylhet,Maulvibazar,Rajnagar,26.7,78,3.2,0.9985,High
4/26/2026 18:00,Sylhet,Maulvibazar,Rajnagar,24.9,85,0,1,High
4/26/2026 20:00,Sylhet,Maulvibazar,Rajnagar,24.8,76,0,1,High
4/26/2026 22:00,Sylhet,Maulvibazar,Rajnagar,24.2,83,0,0.629,Medium
4/27/2026 0:00,Sylhet,Maulvibazar,Rajnagar,23.2,90,4.8,0.416,Low
4/27/2026 2:00,Sylhet,Maulvibazar,Rajnagar,22.5,93,0,0.4235,Low
4/27/2026 4:00,Sylhet,Maulvibazar,Rajnagar,22.6,92,0.1,0.4228,Low
4/27/2026 6:00,Sylhet,Maulvibazar,Rajnagar,20,97,1.6,0.69,Medium
4/27/2026 8:00,Sylhet,Maulvibazar,Rajnagar,20.6,98,2.1,0.6998,Medium
4/27/2026 10:00,Sylhet,Maulvibazar,Rajnagar,22.4,93,0.2,0.8715,High
4/27/2026 12:00,Sylhet,Maulvibazar,Rajnagar,24.3,81,0.1,0.8762,High
4/27/2026 14:00,Sylhet,Maulvibazar,Rajnagar,26.7,74,0.1,0.9982,High
4/27/2026 16:00,Sylhet,Maulvibazar,Rajnagar,25.8,79,0.1,0.9948,High
4/27/2026 18:00,Sylhet,Maulvibazar,Rajnagar,22.9,92,4.3,1,High
4/27/2026 20:00,Sylhet,Maulvibazar,Rajnagar,21.9,97,6.9,1,High
4/27/2026 22:00,Sylhet,Maulvibazar,Rajnagar,21.5,98,7.8,0.599,Medium
4/28/2026 0:00,Sylhet,Maulvibazar,Rajnagar,21.4,98,0.2,0.4165,Low
4/28/2026 2:00,Sylhet,Maulvibazar,Rajnagar,21.5,96,0,0.4145,Low
4/28/2026 4:00,Sylhet,Maulvibazar,Rajnagar,21.2,96,1.3,0.4068,Low
4/28/2026 6:00,Sylhet,Maulvibazar,Rajnagar,22.1,96,2.5,0.7172,High
4/28/2026 8:00,Sylhet,Maulvibazar,Rajnagar,21.7,95,23.4,0.6655,Medium
4/28/2026 10:00,Sylhet,Maulvibazar,Rajnagar,22.5,97,1.7,0.8772,High
4/28/2026 12:00,Sylhet,Maulvibazar,Rajnagar,23.7,86,15.3,0.8392,High
4/28/2026 14:00,Sylhet,Maulvibazar,Rajnagar,23.6,91,0.1,0.9858,High
4/28/2026 16:00,Sylhet,Maulvibazar,Rajnagar,23.1,94,3.2,0.9765,High
4/28/2026 18:00,Sylhet,Maulvibazar,Rajnagar,23.1,95,0.1,1,High
4/28/2026 20:00,Sylhet,Maulvibazar,Rajnagar,23,93,0,1,High
4/28/2026 22:00,Sylhet,Maulvibazar,Rajnagar,22.3,96,0.9,0.6242,Medium
4/29/2026 0:00,Sylhet,Maulvibazar,Rajnagar,22.5,92,0.2,0.421,Low
4/29/2026 2:00,Sylhet,Maulvibazar,Rajnagar,22,95,0.3,0.4192,Low
4/29/2026 4:00,Sylhet,Maulvibazar,Rajnagar,21.5,97,1.1,0.4138,Low
4/29/2026 6:00,Sylhet,Maulvibazar,Rajnagar,21.5,97,6.1,0.7012,High
4/29/2026 8:00,Sylhet,Maulvibazar,Rajnagar,21.8,96,3.1,0.7112,High
4/29/2026 10:00,Sylhet,Maulvibazar,Rajnagar,22.6,96,2,0.876,High
4/29/2026 12:00,Sylhet,Maulvibazar,Rajnagar,20.9,96,0.7,0.8537,High
4/29/2026 14:00,Sylhet,Maulvibazar,Rajnagar,22.8,88,0,0.968,High
4/29/2026 16:00,Sylhet,Maulvibazar,Rajnagar,23,87,0,0.969,High
4/29/2026 18:00,Sylhet,Maulvibazar,Rajnagar,22.5,91,0,1,High
4/29/2026 20:00,Sylhet,Maulvibazar,Rajnagar,21.2,97,0,1,High
4/29/2026 22:00,Sylhet,Maulvibazar,Rajnagar,20.8,96,0,0.604,Medium
4/30/2026 0:00,Sylhet,Maulvibazar,Rajnagar,21.4,92,0,0.405,Low
4/30/2026 2:00,Sylhet,Maulvibazar,Rajnagar,21,93,1.1,0.3983,Low
4/30/2026 4:00,Sylhet,Maulvibazar,Rajnagar,20.6,96,0.5,0.3998,Low
4/30/2026 6:00,Sylhet,Maulvibazar,Rajnagar,20.6,97,0,0.703,High
4/30/2026 8:00,Sylhet,Maulvibazar,Rajnagar,21.2,97,0.8,0.71,High
4/30/2026 10:00,Sylhet,Maulvibazar,Rajnagar,23.1,89,0.1,0.8742,High
4/30/2026 12:00,Sylhet,Maulvibazar,Rajnagar,25.5,74,0,0.8805,High
4/30/2026 14:00,Sylhet,Maulvibazar,Rajnagar,28.8,58,0,0.998,High
4/30/2026 16:00,Sylhet,Maulvibazar,Rajnagar,28.2,60,0,0.993,High
4/30/2026 18:00,Sylhet,Maulvibazar,Rajnagar,25.6,86,0,1,High
4/30/2026 20:00,Sylhet,Maulvibazar,Rajnagar,23.1,96,0.1,1,High
4/30/2026 22:00,Sylhet,Maulvibazar,Rajnagar,22.6,96,0,0.631,Medium
5/1/2026 0:00,Sylhet,Maulvibazar,Rajnagar,22.4,95,1.1,0.4232,Low
5/1/2026 2:00,Sylhet,Maulvibazar,Rajnagar,21.4,95,0,0.411,Low
5/1/2026 4:00,Sylhet,Maulvibazar,Rajnagar,21.2,95,0.1,0.4078,Low
5/1/2026 6:00,Sylhet,Maulvibazar,Rajnagar,21.3,95,0.8,0.7075,High
5/1/2026 8:00,Sylhet,Maulvibazar,Rajnagar,21.5,96,1.3,0.7112,High
5/1/2026 10:00,Sylhet,Maulvibazar,Rajnagar,23.3,94,0.9,0.8852,High
5/1/2026 12:00,Sylhet,Maulvibazar,Rajnagar,25.6,78,0.7,0.8883,High
5/1/2026 14:00,Sylhet,Maulvibazar,Rajnagar,22.9,92,2.1,0.9722,High
5/1/2026 16:00,Sylhet,Maulvibazar,Rajnagar,22.1,94,1.2,0.9665,High
5/1/2026 18:00,Sylhet,Maulvibazar,Rajnagar,22.6,96,1.2,1,High
5/1/2026 20:00,Sylhet,Maulvibazar,Rajnagar,21.5,97,0,1,High
5/1/2026 22:00,Sylhet,Maulvibazar,Rajnagar,21.5,98,0,0.6185,Medium
5/2/2026 0:00,Sylhet,Maulvibazar,Rajnagar,21.1,98,1.8,0.408,Low
5/2/2026 2:00,Sylhet,Maulvibazar,Rajnagar,20.4,98,0.2,0.4015,Low
5/2/2026 4:00,Sylhet,Maulvibazar,Rajnagar,20.1,98,4,0.3875,Low
5/2/2026 6:00,Sylhet,Maulvibazar,Rajnagar,20.5,98,1.5,0.6997,Medium
5/2/2026 8:00,Sylhet,Maulvibazar,Rajnagar,21.1,96,1.3,0.7052,High
5/2/2026 10:00,Sylhet,Maulvibazar,Rajnagar,22.1,92,1.3,0.8622,High
5/2/2026 12:00,Sylhet,Maulvibazar,Rajnagar,21.6,96,0.4,0.865,High
5/2/2026 14:00,Sylhet,Maulvibazar,Rajnagar,22.8,90,0,0.972,High
5/2/2026 16:00,Sylhet,Maulvibazar,Rajnagar,25.2,78,0.1,0.9838,High
5/2/2026 18:00,Sylhet,Maulvibazar,Rajnagar,21.5,92,0.1,1,High
5/2/2026 20:00,Sylhet,Maulvibazar,Rajnagar,21.4,96,0,1,High
5/2/2026 22:00,Sylhet,Maulvibazar,Rajnagar,21.4,97,0,0.615,Medium
5/3/2026 0:00,Sylhet,Maulvibazar,Rajnagar,21.5,97,0,0.4165,Low
5/3/2026 2:00,Sylhet,Maulvibazar,Rajnagar,20.6,97,0,0.403,Low
5/3/2026 4:00,Sylhet,Maulvibazar,Rajnagar,20.6,99,0.1,0.4068,Low
5/3/2026 6:00,Sylhet,Maulvibazar,Rajnagar,20.6,98,0,0.705,High
5/3/2026 8:00,Sylhet,Maulvibazar,Rajnagar,23,88,0.1,0.7208,High
5/3/2026 10:00,Sylhet,Maulvibazar,Rajnagar,25.8,76,0.3,0.8882,High
5/3/2026 12:00,Sylhet,Maulvibazar,Rajnagar,27.8,69,0,0.905,High
5/3/2026 14:00,Sylhet,Maulvibazar,Rajnagar,24.5,85,0.4,0.9865,High
5/3/2026 16:00,Sylhet,Maulvibazar,Rajnagar,28.9,65,0,1,High
5/3/2026 18:00,Sylhet,Maulvibazar,Rajnagar,24,94,1.1,1,High
5/3/2026 20:00,Sylhet,Maulvibazar,Rajnagar,23.4,96,0,1,High
5/3/2026 22:00,Sylhet,Maulvibazar,Rajnagar,22.4,96,0,0.628,Medium
5/4/2026 0:00,Sylhet,Maulvibazar,Rajnagar,22,98,0,0.426,Low
5/4/2026 2:00,Sylhet,Maulvibazar,Rajnagar,21.3,96,0.7,0.4098,Low
5/4/2026 4:00,Sylhet,Maulvibazar,Rajnagar,20.9,97,0,0.4075,Low
5/4/2026 6:00,Sylhet,Maulvibazar,Rajnagar,21,99,1.2,0.71,High
5/4/2026 8:00,Sylhet,Maulvibazar,Rajnagar,22.3,95,1.2,0.7215,High
5/4/2026 10:00,Sylhet,Maulvibazar,Rajnagar,22.4,96,3.1,0.8702,High
5/4/2026 12:00,Sylhet,Maulvibazar,Rajnagar,24.4,87,0,0.89,High
5/4/2026 14:00,Sylhet,Maulvibazar,Rajnagar,28.4,70,0,1,High
5/4/2026 16:00,Sylhet,Maulvibazar,Rajnagar,28.6,65,0,1,High
5/4/2026 18:00,Sylhet,Maulvibazar,Rajnagar,26.6,81,0,1,High
5/4/2026 20:00,Sylhet,Maulvibazar,Rajnagar,24.1,88,0,1,High
5/4/2026 22:00,Sylhet,Maulvibazar,Rajnagar,23.2,89,0,0.626,Medium
5/5/2026 0:00,Sylhet,Maulvibazar,Rajnagar,22.4,94,0,0.424,Low
5/5/2026 2:00,Sylhet,Maulvibazar,Rajnagar,22.4,95,0,0.426,Low
5/5/2026 4:00,Sylhet,Maulvibazar,Rajnagar,22.3,96,0,0.4265,Low
5/5/2026 6:00,Sylhet,Maulvibazar,Rajnagar,22.8,94,0,0.73,High
5/5/2026 8:00,Sylhet,Maulvibazar,Rajnagar,24.9,90,0,0.7535,High
5/5/2026 10:00,Sylhet,Maulvibazar,Rajnagar,28.6,75,0,0.929,High
5/5/2026 12:00,Sylhet,Maulvibazar,Rajnagar,30.4,62,0,0.93,High
5/5/2026 14:00,Sylhet,Maulvibazar,Rajnagar,31.4,59,0,1,High
5/5/2026 16:00,Sylhet,Maulvibazar,Rajnagar,30.5,61,0,1,High
5/5/2026 18:00,Sylhet,Maulvibazar,Rajnagar,26.8,79,0,1,High
5/5/2026 20:00,Sylhet,Maulvibazar,Rajnagar,25.5,80,0,1,High
5/5/2026 22:00,Sylhet,Maulvibazar,Rajnagar,23.9,87,0,0.6325,Medium
5/6/2026 0:00,Sylhet,Maulvibazar,Rajnagar,23.8,93,0,0.443,Low
5/6/2026 2:00,Sylhet,Maulvibazar,Rajnagar,23.4,95,0,0.441,Low
5/6/2026 4:00,Sylhet,Maulvibazar,Rajnagar,22.6,94,0.1,0.4268,Low
5/6/2026 6:00,Sylhet,Maulvibazar,Rajnagar,23.2,98,0.1,0.7438,High
5/6/2026 8:00,Sylhet,Maulvibazar,Rajnagar,26,82,0,0.754,High
5/6/2026 10:00,Sylhet,Maulvibazar,Rajnagar,28.6,72,0,0.923,High
5/6/2026 12:00,Sylhet,Maulvibazar,Rajnagar,29.5,66,0,0.9245,High
5/6/2026 14:00,Sylhet,Maulvibazar,Rajnagar,30.2,65,0,1,High
5/6/2026 16:00,Sylhet,Maulvibazar,Rajnagar,30.4,64,0,1,High
5/6/2026 18:00,Sylhet,Maulvibazar,Rajnagar,28.2,73,0,1,High
5/6/2026 20:00,Sylhet,Maulvibazar,Rajnagar,25.8,86,3.1,1,High
5/6/2026 22:00,Sylhet,Maulvibazar,Rajnagar,23.2,97,0.1,0.6418,Medium
5/7/2026 0:00,Sylhet,Maulvibazar,Rajnagar,23,98,0,0.441,Low
5/7/2026 2:00,Sylhet,Maulvibazar,Rajnagar,22.8,98,0,0.438,Low
5/7/2026 4:00,Sylhet,Maulvibazar,Rajnagar,22.6,99,0,0.437,Low
5/7/2026 6:00,Sylhet,Maulvibazar,Rajnagar,22.5,96,0,0.7295,High
5/7/2026 8:00,Sylhet,Maulvibazar,Rajnagar,24,89,1,0.7355,High
5/7/2026 10:00,Sylhet,Maulvibazar,Rajnagar,26,77,0.1,0.8938,High
5/7/2026 12:00,Sylhet,Maulvibazar,Rajnagar,28.9,69,0.1,0.9212,High
5/7/2026 14:00,Sylhet,Maulvibazar,Rajnagar,30,63,0,1,High
5/7/2026 16:00,Sylhet,Maulvibazar,Rajnagar,30,59,0,1,High
5/7/2026 18:00,Sylhet,Maulvibazar,Rajnagar,28.6,76,0,1,High
5/7/2026 20:00,Sylhet,Maulvibazar,Rajnagar,26.6,80,0,1,High
5/7/2026 22:00,Sylhet,Maulvibazar,Rajnagar,25.2,84,0,0.646,Medium
5/8/2026 0:00,Sylhet,Maulvibazar,Rajnagar,24.6,88,0,0.445,Low
5/8/2026 2:00,Sylhet,Maulvibazar,Rajnagar,24.7,89,0,0.4485,Low
5/8/2026 4:00,Sylhet,Maulvibazar,Rajnagar,24.3,90,0,0.4445,Low
5/8/2026 6:00,Sylhet,Maulvibazar,Rajnagar,23.3,97,0,0.7435,High
5/8/2026 8:00,Sylhet,Maulvibazar,Rajnagar,28.2,78,0,0.779,High
5/8/2026 10:00,Sylhet,Maulvibazar,Rajnagar,31,58,0,0.931,High
5/8/2026 12:00,Sylhet,Maulvibazar,Rajnagar,31.4,53,0,0.927,High
5/8/2026 14:00,Sylhet,Maulvibazar,Rajnagar,31,55,0,1,High
5/8/2026 16:00,Sylhet,Maulvibazar,Rajnagar,30.9,56,0,1,High
5/8/2026 18:00,Sylhet,Maulvibazar,Rajnagar,29,71,0,1,High
5/8/2026 20:00,Sylhet,Maulvibazar,Rajnagar,26.5,74,0,1,High
5/8/2026 22:00,Sylhet,Maulvibazar,Rajnagar,24.9,81,0,0.6355,Medium
5/9/2026 0:00,Sylhet,Maulvibazar,Rajnagar,24.1,88,0,0.4375,Low
5/9/2026 2:00,Sylhet,Maulvibazar,Rajnagar,23.7,90,0,0.4355,Low
5/9/2026 4:00,Sylhet,Maulvibazar,Rajnagar,22.8,92,0,0.426,Low
5/9/2026 6:00,Sylhet,Maulvibazar,Rajnagar,23.1,94,0,0.7345,High
5/9/2026 8:00,Sylhet,Maulvibazar,Rajnagar,27.6,78,0,0.77,High
5/9/2026 10:00,Sylhet,Maulvibazar,Rajnagar,30.5,57,0,0.9215,High
5/9/2026 12:00,Sylhet,Maulvibazar,Rajnagar,31.8,49,0,0.927,High
5/9/2026 14:00,Sylhet,Maulvibazar,Rajnagar,33,46,0,1,High
5/9/2026 16:00,Sylhet,Maulvibazar,Rajnagar,32.3,50,0,1,High
5/9/2026 18:00,Sylhet,Maulvibazar,Rajnagar,30.1,68,0,1,High
5/9/2026 20:00,Sylhet,Maulvibazar,Rajnagar,26.9,76,0,1,High
5/9/2026 22:00,Sylhet,Maulvibazar,Rajnagar,25.9,76,0,0.6405,Medium
5/10/2026 0:00,Sylhet,Maulvibazar,Rajnagar,25.2,81,0,0.44,Low
5/10/2026 2:00,Sylhet,Maulvibazar,Rajnagar,25.4,80,0,0.441,Low
5/10/2026 4:00,Sylhet,Maulvibazar,Rajnagar,25,83,0,0.441,Low
5/10/2026 6:00,Sylhet,Maulvibazar,Rajnagar,23.7,91,0,0.7375,High
5/10/2026 8:00,Sylhet,Maulvibazar,Rajnagar,28.4,75,0,0.776,High
5/10/2026 10:00,Sylhet,Maulvibazar,Rajnagar,31.5,61,0,0.9445,High
5/10/2026 12:00,Sylhet,Maulvibazar,Rajnagar,32.5,46,0,0.9375,High
5/10/2026 14:00,Sylhet,Maulvibazar,Rajnagar,32.4,49,0.2,1,High
5/10/2026 16:00,Sylhet,Maulvibazar,Rajnagar,29,71,0,1,High
5/10/2026 18:00,Sylhet,Maulvibazar,Rajnagar,26.4,75,0,1,High
5/10/2026 20:00,Sylhet,Maulvibazar,Rajnagar,25.2,81,0,1,High
5/10/2026 22:00,Sylhet,Maulvibazar,Rajnagar,24.2,90,0,0.643,Medium
5/11/2026 0:00,Sylhet,Maulvibazar,Rajnagar,24.4,88,0,0.442,Low
5/11/2026 2:00,Sylhet,Maulvibazar,Rajnagar,23.4,93,0,0.437,Low
5/11/2026 4:00,Sylhet,Maulvibazar,Rajnagar,22.5,93,0,0.4235,Low
5/11/2026 6:00,Sylhet,Maulvibazar,Rajnagar,23.5,90,2.2,0.727,High
5/11/2026 8:00,Sylhet,Maulvibazar,Rajnagar,26.1,82,0,0.7555,High
5/11/2026 10:00,Sylhet,Maulvibazar,Rajnagar,28.3,68,0,0.9105,High
5/11/2026 12:00,Sylhet,Maulvibazar,Rajnagar,28.6,68,0,0.915,High
5/11/2026 14:00,Sylhet,Maulvibazar,Rajnagar,30.3,55,0,1,High
5/11/2026 16:00,Sylhet,Maulvibazar,Rajnagar,27.8,65,0.1,0.9968,High
5/11/2026 18:00,Sylhet,Maulvibazar,Rajnagar,27,80,0,1,High
5/11/2026 20:00,Sylhet,Maulvibazar,Rajnagar,24.4,88,2.3,1,High
5/11/2026 22:00,Sylhet,Maulvibazar,Rajnagar,23.5,91,0,0.6345,Medium
5/12/2026 0:00,Sylhet,Maulvibazar,Rajnagar,23.5,94,0,0.4405,Low
5/12/2026 2:00,Sylhet,Maulvibazar,Rajnagar,22.2,97,0,0.427,Low
5/12/2026 4:00,Sylhet,Maulvibazar,Rajnagar,21.9,98,0,0.4245,Low
5/12/2026 6:00,Sylhet,Maulvibazar,Rajnagar,22.6,96,0,0.731,High
5/12/2026 8:00,Sylhet,Maulvibazar,Rajnagar,25.4,82,0.1,0.7447,High
5/12/2026 10:00,Sylhet,Maulvibazar,Rajnagar,28.4,71,0,0.918,High
5/12/2026 12:00,Sylhet,Maulvibazar,Rajnagar,29.6,64,0,0.922,High
5/12/2026 14:00,Sylhet,Maulvibazar,Rajnagar,30.6,59,0,1,High
5/12/2026 16:00,Sylhet,Maulvibazar,Rajnagar,30.3,58,0,1,High
5/12/2026 18:00,Sylhet,Maulvibazar,Rajnagar,28.9,72,0,1,High
5/12/2026 20:00,Sylhet,Maulvibazar,Rajnagar,26.6,79,0,1,High
5/12/2026 22:00,Sylhet,Maulvibazar,Rajnagar,25.6,85,0,0.654,Medium
5/13/2026 0:00,Sylhet,Maulvibazar,Rajnagar,25.5,86,0,0.4545,Medium
5/13/2026 2:00,Sylhet,Maulvibazar,Rajnagar,23.8,95,1.2,0.444,Low
5/13/2026 4:00,Sylhet,Maulvibazar,Rajnagar,22.6,99,0.2,0.4365,Low
5/13/2026 6:00,Sylhet,Maulvibazar,Rajnagar,24,95,0,0.75,High
5/13/2026 8:00,Sylhet,Maulvibazar,Rajnagar,26.8,83,0.1,0.7678,High
5/13/2026 10:00,Sylhet,Maulvibazar,Rajnagar,28.6,76,0.2,0.9305,High
5/13/2026 12:00,Sylhet,Maulvibazar,Rajnagar,29.9,71,0.3,0.9398,High
5/13/2026 14:00,Sylhet,Maulvibazar,Rajnagar,30.4,68,0,1,High
5/13/2026 16:00,Sylhet,Maulvibazar,Rajnagar,29.9,70,0.1,1,High
5/13/2026 18:00,Sylhet,Maulvibazar,Rajnagar,28.5,81,0.2,1,High
5/13/2026 20:00,Sylhet,Maulvibazar,Rajnagar,26.6,95,0,1,High
5/13/2026 22:00,Sylhet,Maulvibazar,Rajnagar,26.1,95,0.2,0.681,Medium
4/13/2026 0:00,Sylhet,Maulvibazar,Sreemangal,21.9,90,0,0.4085,Low
4/13/2026 2:00,Sylhet,Maulvibazar,Sreemangal,22.2,91,0.5,0.4138,Low
4/13/2026 4:00,Sylhet,Maulvibazar,Sreemangal,20.9,96,0.4,0.4045,Low
4/13/2026 6:00,Sylhet,Maulvibazar,Sreemangal,21,93,0,0.701,High
4/13/2026 8:00,Sylhet,Maulvibazar,Sreemangal,21.9,90,0.2,0.708,High
4/13/2026 10:00,Sylhet,Maulvibazar,Sreemangal,25,80,0.1,0.8848,High
4/13/2026 12:00,Sylhet,Maulvibazar,Sreemangal,28,70,0,0.91,High
4/13/2026 14:00,Sylhet,Maulvibazar,Sreemangal,30.1,64,0,1,High
4/13/2026 16:00,Sylhet,Maulvibazar,Sreemangal,28,73,1.3,1,High
4/13/2026 18:00,Sylhet,Maulvibazar,Sreemangal,27,82,0,1,High
4/13/2026 20:00,Sylhet,Maulvibazar,Sreemangal,24.7,93,0,1,High
4/13/2026 22:00,Sylhet,Maulvibazar,Sreemangal,23.9,85,0,0.6285,Medium
4/14/2026 0:00,Sylhet,Maulvibazar,Sreemangal,23.9,85,0,0.4285,Low
4/14/2026 2:00,Sylhet,Maulvibazar,Sreemangal,20.7,99,6,0.3935,Low
4/14/2026 4:00,Sylhet,Maulvibazar,Sreemangal,21.6,95,0,0.414,Low
4/14/2026 6:00,Sylhet,Maulvibazar,Sreemangal,21.5,98,2.7,0.7117,High
4/14/2026 8:00,Sylhet,Maulvibazar,Sreemangal,23.8,90,0.1,0.7368,High
4/14/2026 10:00,Sylhet,Maulvibazar,Sreemangal,28.1,72,0,0.9155,High
4/14/2026 12:00,Sylhet,Maulvibazar,Sreemangal,29.2,71,0,0.93,High
4/14/2026 14:00,Sylhet,Maulvibazar,Sreemangal,31,64,0,1,High
4/14/2026 16:00,Sylhet,Maulvibazar,Sreemangal,30.8,63,0,1,High
4/14/2026 18:00,Sylhet,Maulvibazar,Sreemangal,27,85,0.2,1,High
4/14/2026 20:00,Sylhet,Maulvibazar,Sreemangal,25.4,90,0,1,High
4/14/2026 22:00,Sylhet,Maulvibazar,Sreemangal,24.2,95,0.4,0.652,Medium
4/15/2026 0:00,Sylhet,Maulvibazar,Sreemangal,21.8,99,0.8,0.423,Low
4/15/2026 2:00,Sylhet,Maulvibazar,Sreemangal,21.8,98,6.2,0.4075,Low
4/15/2026 4:00,Sylhet,Maulvibazar,Sreemangal,21.2,97,0,0.412,Low
4/15/2026 6:00,Sylhet,Maulvibazar,Sreemangal,21.4,93,0,0.707,High
4/15/2026 8:00,Sylhet,Maulvibazar,Sreemangal,23.2,87,0,0.722,High
4/15/2026 10:00,Sylhet,Maulvibazar,Sreemangal,27.2,75,0,0.908,High
4/15/2026 12:00,Sylhet,Maulvibazar,Sreemangal,29.6,65,0,0.924,High
4/15/2026 14:00,Sylhet,Maulvibazar,Sreemangal,31.2,61,0,1,High
4/15/2026 16:00,Sylhet,Maulvibazar,Sreemangal,31.5,60,0,1,High
4/15/2026 18:00,Sylhet,Maulvibazar,Sreemangal,27.8,77,0,1,High
4/15/2026 20:00,Sylhet,Maulvibazar,Sreemangal,23.7,94,0,1,High
4/15/2026 22:00,Sylhet,Maulvibazar,Sreemangal,21.5,97,8.1,0.5962,Medium
4/16/2026 0:00,Sylhet,Maulvibazar,Sreemangal,20.7,99,7.9,0.3888,Low
4/16/2026 2:00,Sylhet,Maulvibazar,Sreemangal,20.8,95,4.7,0.3903,Low
4/16/2026 4:00,Sylhet,Maulvibazar,Sreemangal,20.8,91,0,0.394,Low
4/16/2026 6:00,Sylhet,Maulvibazar,Sreemangal,21.6,99,15,0.6845,Medium
4/16/2026 8:00,Sylhet,Maulvibazar,Sreemangal,23.8,89,0,0.735,High
4/16/2026 10:00,Sylhet,Maulvibazar,Sreemangal,27.3,77,0,0.9135,High
4/16/2026 12:00,Sylhet,Maulvibazar,Sreemangal,28.6,72,0,0.923,High
4/16/2026 14:00,Sylhet,Maulvibazar,Sreemangal,29.9,66,0.1,1,High
4/16/2026 16:00,Sylhet,Maulvibazar,Sreemangal,30,65,0.1,1,High
4/16/2026 18:00,Sylhet,Maulvibazar,Sreemangal,27.5,82,0,1,High
4/16/2026 20:00,Sylhet,Maulvibazar,Sreemangal,25.1,88,0,1,High
4/16/2026 22:00,Sylhet,Maulvibazar,Sreemangal,22.5,94,2.6,0.619,Medium
4/17/2026 0:00,Sylhet,Maulvibazar,Sreemangal,24,95,0,0.45,Medium
4/17/2026 2:00,Sylhet,Maulvibazar,Sreemangal,22.3,98,8.1,0.4102,Low
4/17/2026 4:00,Sylhet,Maulvibazar,Sreemangal,21.8,99,0,0.425,Low
4/17/2026 6:00,Sylhet,Maulvibazar,Sreemangal,23.5,98,0,0.7485,High
4/17/2026 8:00,Sylhet,Maulvibazar,Sreemangal,25.6,89,0,0.762,High
4/17/2026 10:00,Sylhet,Maulvibazar,Sreemangal,27.9,77,0.1,0.9222,High
4/17/2026 12:00,Sylhet,Maulvibazar,Sreemangal,31,69,0,0.953,High
4/17/2026 14:00,Sylhet,Maulvibazar,Sreemangal,31.8,65,0,1,High
4/17/2026 16:00,Sylhet,Maulvibazar,Sreemangal,31.5,64,0,1,High
4/17/2026 18:00,Sylhet,Maulvibazar,Sreemangal,27.9,84,0.1,1,High
4/17/2026 20:00,Sylhet,Maulvibazar,Sreemangal,26,93,0,1,High
4/17/2026 22:00,Sylhet,Maulvibazar,Sreemangal,24.7,96,0,0.6625,Medium
4/18/2026 0:00,Sylhet,Maulvibazar,Sreemangal,24.6,96,0,0.461,Medium
4/18/2026 2:00,Sylhet,Maulvibazar,Sreemangal,23.4,98,0,0.447,Low
4/18/2026 4:00,Sylhet,Maulvibazar,Sreemangal,23,98,0,0.441,Low
4/18/2026 6:00,Sylhet,Maulvibazar,Sreemangal,24.3,96,0,0.7565,High
4/18/2026 8:00,Sylhet,Maulvibazar,Sreemangal,26.6,89,0,0.777,High
4/18/2026 10:00,Sylhet,Maulvibazar,Sreemangal,29.3,78,0,0.9455,High
4/18/2026 12:00,Sylhet,Maulvibazar,Sreemangal,30.8,69,0,0.95,High
4/18/2026 14:00,Sylhet,Maulvibazar,Sreemangal,31.5,66,0,1,High
4/18/2026 16:00,Sylhet,Maulvibazar,Sreemangal,29.9,73,0,1,High
4/18/2026 18:00,Sylhet,Maulvibazar,Sreemangal,28.2,87,0,1,High
4/18/2026 20:00,Sylhet,Maulvibazar,Sreemangal,26.5,89,0,1,High
4/18/2026 22:00,Sylhet,Maulvibazar,Sreemangal,25.7,94,0,0.6735,Medium
4/19/2026 0:00,Sylhet,Maulvibazar,Sreemangal,25.7,94,0,0.4735,Medium
4/19/2026 2:00,Sylhet,Maulvibazar,Sreemangal,23.1,98,0.3,0.4418,Low
4/19/2026 4:00,Sylhet,Maulvibazar,Sreemangal,22.6,98,0,0.435,Low
4/19/2026 6:00,Sylhet,Maulvibazar,Sreemangal,23.1,98,0,0.7425,High
4/19/2026 8:00,Sylhet,Maulvibazar,Sreemangal,22.2,94,0.2,0.7205,High
4/19/2026 10:00,Sylhet,Maulvibazar,Sreemangal,27.2,78,0,0.914,High
4/19/2026 12:00,Sylhet,Maulvibazar,Sreemangal,28.6,73,0,0.925,High
4/19/2026 14:00,Sylhet,Maulvibazar,Sreemangal,30.7,68,0,1,High
4/19/2026 16:00,Sylhet,Maulvibazar,Sreemangal,30.6,69,0,1,High
4/19/2026 18:00,Sylhet,Maulvibazar,Sreemangal,27.2,89,0.1,1,High
4/19/2026 20:00,Sylhet,Maulvibazar,Sreemangal,25.8,93,0.1,1,High
4/19/2026 22:00,Sylhet,Maulvibazar,Sreemangal,25,94,0,0.663,Medium
4/20/2026 0:00,Sylhet,Maulvibazar,Sreemangal,23.5,98,0.5,0.4472,Low
4/20/2026 2:00,Sylhet,Maulvibazar,Sreemangal,22.5,98,2.1,0.4282,Low
4/20/2026 4:00,Sylhet,Maulvibazar,Sreemangal,22.2,98,3.7,0.4198,Low
4/20/2026 6:00,Sylhet,Maulvibazar,Sreemangal,22.9,96,0.1,0.7352,High
4/20/2026 8:00,Sylhet,Maulvibazar,Sreemangal,23,92,0,0.729,High
4/20/2026 10:00,Sylhet,Maulvibazar,Sreemangal,27.6,81,0,0.926,High
4/20/2026 12:00,Sylhet,Maulvibazar,Sreemangal,29.9,69,0.1,0.9362,High
4/20/2026 14:00,Sylhet,Maulvibazar,Sreemangal,30.7,70,0.1,1,High
4/20/2026 16:00,Sylhet,Maulvibazar,Sreemangal,30,76,0.1,1,High
4/20/2026 18:00,Sylhet,Maulvibazar,Sreemangal,26.3,89,0,1,High
4/20/2026 20:00,Sylhet,Maulvibazar,Sreemangal,27,84,0,1,High
4/20/2026 22:00,Sylhet,Maulvibazar,Sreemangal,24.4,93,0,0.652,Medium
4/21/2026 0:00,Sylhet,Maulvibazar,Sreemangal,21.9,99,0.9,0.4242,Low
4/21/2026 2:00,Sylhet,Maulvibazar,Sreemangal,21.9,100,1.2,0.4255,Low
4/21/2026 4:00,Sylhet,Maulvibazar,Sreemangal,22.2,98,0,0.429,Low
4/21/2026 6:00,Sylhet,Maulvibazar,Sreemangal,23.5,97,0.2,0.746,High
4/21/2026 8:00,Sylhet,Maulvibazar,Sreemangal,25.3,91,0,0.7615,High
4/21/2026 10:00,Sylhet,Maulvibazar,Sreemangal,29.1,74,0.2,0.934,High
4/21/2026 12:00,Sylhet,Maulvibazar,Sreemangal,31.8,63,0.1,0.9528,High
4/21/2026 14:00,Sylhet,Maulvibazar,Sreemangal,31.6,64,0.8,1,High
4/21/2026 16:00,Sylhet,Maulvibazar,Sreemangal,31.2,67,0,1,High
4/21/2026 18:00,Sylhet,Maulvibazar,Sreemangal,30,72,0,1,High
4/21/2026 20:00,Sylhet,Maulvibazar,Sreemangal,29.1,72,0,1,High
4/21/2026 22:00,Sylhet,Maulvibazar,Sreemangal,27,83,0,0.671,Medium
4/22/2026 0:00,Sylhet,Maulvibazar,Sreemangal,23.8,98,0,0.453,Medium
4/22/2026 2:00,Sylhet,Maulvibazar,Sreemangal,21.2,98,4.1,0.4037,Low
4/22/2026 4:00,Sylhet,Maulvibazar,Sreemangal,21.8,99,0,0.425,Low
4/22/2026 6:00,Sylhet,Maulvibazar,Sreemangal,21,95,0,0.705,High
4/22/2026 8:00,Sylhet,Maulvibazar,Sreemangal,22,92,0.2,0.7135,High
4/22/2026 10:00,Sylhet,Maulvibazar,Sreemangal,25.4,84,0,0.899,High
4/22/2026 12:00,Sylhet,Maulvibazar,Sreemangal,31,67,0,0.949,High
4/22/2026 14:00,Sylhet,Maulvibazar,Sreemangal,33.2,57,0,1,High
4/22/2026 16:00,Sylhet,Maulvibazar,Sreemangal,33.1,59,0,1,High
4/22/2026 18:00,Sylhet,Maulvibazar,Sreemangal,29.5,69,1.9,1,High
4/22/2026 20:00,Sylhet,Maulvibazar,Sreemangal,26.5,82,0,1,High
4/22/2026 22:00,Sylhet,Maulvibazar,Sreemangal,24.3,90,0,0.6445,Medium
4/23/2026 0:00,Sylhet,Maulvibazar,Sreemangal,23.2,97,0,0.442,Low
4/23/2026 2:00,Sylhet,Maulvibazar,Sreemangal,23,99,0,0.443,Low
4/23/2026 4:00,Sylhet,Maulvibazar,Sreemangal,22.4,98,0,0.432,Low
4/23/2026 6:00,Sylhet,Maulvibazar,Sreemangal,23,93,0,0.731,High
4/23/2026 8:00,Sylhet,Maulvibazar,Sreemangal,24.5,91,0,0.7495,High
4/23/2026 10:00,Sylhet,Maulvibazar,Sreemangal,27.6,81,0,0.926,High
4/23/2026 12:00,Sylhet,Maulvibazar,Sreemangal,27.6,76,0,0.916,High
4/23/2026 14:00,Sylhet,Maulvibazar,Sreemangal,30.9,65,0,1,High
4/23/2026 16:00,Sylhet,Maulvibazar,Sreemangal,30.9,64,0,1,High
4/23/2026 18:00,Sylhet,Maulvibazar,Sreemangal,29.4,78,0,1,High
4/23/2026 20:00,Sylhet,Maulvibazar,Sreemangal,27.8,81,0,1,High
4/23/2026 22:00,Sylhet,Maulvibazar,Sreemangal,26.7,85,0,0.6705,Medium
4/24/2026 0:00,Sylhet,Maulvibazar,Sreemangal,25.6,92,0,0.468,Medium
4/24/2026 2:00,Sylhet,Maulvibazar,Sreemangal,24.6,96,0,0.461,Medium
4/24/2026 4:00,Sylhet,Maulvibazar,Sreemangal,24,96,0,0.452,Medium
4/24/2026 6:00,Sylhet,Maulvibazar,Sreemangal,24.8,97,0,0.766,High
4/24/2026 8:00,Sylhet,Maulvibazar,Sreemangal,28.5,87,0,0.8015,High
4/24/2026 10:00,Sylhet,Maulvibazar,Sreemangal,30.7,75,0.1,0.9602,High
4/24/2026 12:00,Sylhet,Maulvibazar,Sreemangal,31.3,73,0,0.9655,High
4/24/2026 14:00,Sylhet,Maulvibazar,Sreemangal,33,64,0,1,High
4/24/2026 16:00,Sylhet,Maulvibazar,Sreemangal,33.2,59,0,1,High
4/24/2026 18:00,Sylhet,Maulvibazar,Sreemangal,30.5,78,0,1,High
4/24/2026 20:00,Sylhet,Maulvibazar,Sreemangal,27.6,86,0,1,High
4/24/2026 22:00,Sylhet,Maulvibazar,Sreemangal,26,91,0,0.672,Medium
4/25/2026 0:00,Sylhet,Maulvibazar,Sreemangal,25.5,94,0,0.4705,Medium
4/25/2026 2:00,Sylhet,Maulvibazar,Sreemangal,25.1,96,0,0.4685,Medium
4/25/2026 4:00,Sylhet,Maulvibazar,Sreemangal,24.3,97,0,0.4585,Medium
4/25/2026 6:00,Sylhet,Maulvibazar,Sreemangal,25.6,96,0,0.776,High
4/25/2026 8:00,Sylhet,Maulvibazar,Sreemangal,29.1,84,0,0.8045,High
4/25/2026 10:00,Sylhet,Maulvibazar,Sreemangal,28.8,82,0,0.946,High
4/25/2026 12:00,Sylhet,Maulvibazar,Sreemangal,32.2,69,0,0.971,High
4/25/2026 14:00,Sylhet,Maulvibazar,Sreemangal,33,64,0,1,High
4/25/2026 16:00,Sylhet,Maulvibazar,Sreemangal,33,61,0,1,High
4/25/2026 18:00,Sylhet,Maulvibazar,Sreemangal,29.6,79,0,1,High
4/25/2026 20:00,Sylhet,Maulvibazar,Sreemangal,27.4,82,0,1,High
4/25/2026 22:00,Sylhet,Maulvibazar,Sreemangal,26.4,86,0,0.668,Medium
4/26/2026 0:00,Sylhet,Maulvibazar,Sreemangal,26,90,0,0.47,Medium
4/26/2026 2:00,Sylhet,Maulvibazar,Sreemangal,24.6,95,0,0.459,Medium
4/26/2026 4:00,Sylhet,Maulvibazar,Sreemangal,24.6,94,0,0.457,Medium
4/26/2026 6:00,Sylhet,Maulvibazar,Sreemangal,22.9,99,0,0.7415,High
4/26/2026 8:00,Sylhet,Maulvibazar,Sreemangal,25.9,85,0,0.7585,High
4/26/2026 10:00,Sylhet,Maulvibazar,Sreemangal,28.5,72,0.1,0.9212,High
4/26/2026 12:00,Sylhet,Maulvibazar,Sreemangal,29.1,63,0,0.9125,High
4/26/2026 14:00,Sylhet,Maulvibazar,Sreemangal,30.1,60,0.1,1,High
4/26/2026 16:00,Sylhet,Maulvibazar,Sreemangal,26.7,78,3.2,0.9985,High
4/26/2026 18:00,Sylhet,Maulvibazar,Sreemangal,24.9,85,0,1,High
4/26/2026 20:00,Sylhet,Maulvibazar,Sreemangal,24.8,76,0,1,High
4/26/2026 22:00,Sylhet,Maulvibazar,Sreemangal,24.2,83,0,0.629,Medium
4/27/2026 0:00,Sylhet,Maulvibazar,Sreemangal,23.2,90,4.8,0.416,Low
4/27/2026 2:00,Sylhet,Maulvibazar,Sreemangal,22.5,93,0,0.4235,Low
4/27/2026 4:00,Sylhet,Maulvibazar,Sreemangal,22.6,92,0.1,0.4228,Low
4/27/2026 6:00,Sylhet,Maulvibazar,Sreemangal,20,97,1.6,0.69,Medium
4/27/2026 8:00,Sylhet,Maulvibazar,Sreemangal,20.6,98,2.1,0.6998,Medium
4/27/2026 10:00,Sylhet,Maulvibazar,Sreemangal,22.4,93,0.2,0.8715,High
4/27/2026 12:00,Sylhet,Maulvibazar,Sreemangal,24.3,81,0.1,0.8762,High
4/27/2026 14:00,Sylhet,Maulvibazar,Sreemangal,26.7,74,0.1,0.9982,High
4/27/2026 16:00,Sylhet,Maulvibazar,Sreemangal,25.8,79,0.1,0.9948,High
4/27/2026 18:00,Sylhet,Maulvibazar,Sreemangal,22.9,92,4.3,1,High
4/27/2026 20:00,Sylhet,Maulvibazar,Sreemangal,21.9,97,6.9,1,High
4/27/2026 22:00,Sylhet,Maulvibazar,Sreemangal,21.5,98,7.8,0.599,Medium
4/28/2026 0:00,Sylhet,Maulvibazar,Sreemangal,21.4,98,0.2,0.4165,Low
4/28/2026 2:00,Sylhet,Maulvibazar,Sreemangal,21.5,96,0,0.4145,Low
4/28/2026 4:00,Sylhet,Maulvibazar,Sreemangal,21.2,96,1.3,0.4068,Low
4/28/2026 6:00,Sylhet,Maulvibazar,Sreemangal,22.1,96,2.5,0.7172,High
4/28/2026 8:00,Sylhet,Maulvibazar,Sreemangal,21.7,95,23.4,0.6655,Medium
4/28/2026 10:00,Sylhet,Maulvibazar,Sreemangal,22.5,97,1.7,0.8772,High
4/28/2026 12:00,Sylhet,Maulvibazar,Sreemangal,23.7,86,15.3,0.8392,High
4/28/2026 14:00,Sylhet,Maulvibazar,Sreemangal,23.6,91,0.1,0.9858,High
4/28/2026 16:00,Sylhet,Maulvibazar,Sreemangal,23.1,94,3.2,0.9765,High
4/28/2026 18:00,Sylhet,Maulvibazar,Sreemangal,23.1,95,0.1,1,High
4/28/2026 20:00,Sylhet,Maulvibazar,Sreemangal,23,93,0,1,High
4/28/2026 22:00,Sylhet,Maulvibazar,Sreemangal,22.3,96,0.9,0.6242,Medium
4/29/2026 0:00,Sylhet,Maulvibazar,Sreemangal,22.5,92,0.2,0.421,Low
4/29/2026 2:00,Sylhet,Maulvibazar,Sreemangal,22,95,0.3,0.4192,Low
4/29/2026 4:00,Sylhet,Maulvibazar,Sreemangal,21.5,97,1.1,0.4138,Low
4/29/2026 6:00,Sylhet,Maulvibazar,Sreemangal,21.5,97,6.1,0.7012,High
4/29/2026 8:00,Sylhet,Maulvibazar,Sreemangal,21.8,96,3.1,0.7112,High
4/29/2026 10:00,Sylhet,Maulvibazar,Sreemangal,22.6,96,2,0.876,High
4/29/2026 12:00,Sylhet,Maulvibazar,Sreemangal,20.9,96,0.7,0.8537,High
4/29/2026 14:00,Sylhet,Maulvibazar,Sreemangal,22.8,88,0,0.968,High
4/29/2026 16:00,Sylhet,Maulvibazar,Sreemangal,23,87,0,0.969,High
4/29/2026 18:00,Sylhet,Maulvibazar,Sreemangal,22.5,91,0,1,High
4/29/2026 20:00,Sylhet,Maulvibazar,Sreemangal,21.2,97,0,1,High
4/29/2026 22:00,Sylhet,Maulvibazar,Sreemangal,20.8,96,0,0.604,Medium
4/30/2026 0:00,Sylhet,Maulvibazar,Sreemangal,21.4,92,0,0.405,Low
4/30/2026 2:00,Sylhet,Maulvibazar,Sreemangal,21,93,1.1,0.3983,Low
4/30/2026 4:00,Sylhet,Maulvibazar,Sreemangal,20.6,96,0.5,0.3998,Low
4/30/2026 6:00,Sylhet,Maulvibazar,Sreemangal,20.6,97,0,0.703,High
4/30/2026 8:00,Sylhet,Maulvibazar,Sreemangal,21.2,97,0.8,0.71,High
4/30/2026 10:00,Sylhet,Maulvibazar,Sreemangal,23.1,89,0.1,0.8742,High
4/30/2026 12:00,Sylhet,Maulvibazar,Sreemangal,25.5,74,0,0.8805,High
4/30/2026 14:00,Sylhet,Maulvibazar,Sreemangal,28.8,58,0,0.998,High
4/30/2026 16:00,Sylhet,Maulvibazar,Sreemangal,28.2,60,0,0.993,High
4/30/2026 18:00,Sylhet,Maulvibazar,Sreemangal,25.6,86,0,1,High
4/30/2026 20:00,Sylhet,Maulvibazar,Sreemangal,23.1,96,0.1,1,High
4/30/2026 22:00,Sylhet,Maulvibazar,Sreemangal,22.6,96,0,0.631,Medium
5/1/2026 0:00,Sylhet,Maulvibazar,Sreemangal,22.4,95,1.1,0.4232,Low
5/1/2026 2:00,Sylhet,Maulvibazar,Sreemangal,21.4,95,0,0.411,Low
5/1/2026 4:00,Sylhet,Maulvibazar,Sreemangal,21.2,95,0.1,0.4078,Low
5/1/2026 6:00,Sylhet,Maulvibazar,Sreemangal,21.3,95,0.8,0.7075,High
5/1/2026 8:00,Sylhet,Maulvibazar,Sreemangal,21.5,96,1.3,0.7112,High
5/1/2026 10:00,Sylhet,Maulvibazar,Sreemangal,23.3,94,0.9,0.8852,High
5/1/2026 12:00,Sylhet,Maulvibazar,Sreemangal,25.6,78,0.7,0.8883,High
5/1/2026 14:00,Sylhet,Maulvibazar,Sreemangal,22.9,92,2.1,0.9722,High
5/1/2026 16:00,Sylhet,Maulvibazar,Sreemangal,22.1,94,1.2,0.9665,High
5/1/2026 18:00,Sylhet,Maulvibazar,Sreemangal,22.6,96,1.2,1,High
5/1/2026 20:00,Sylhet,Maulvibazar,Sreemangal,21.5,97,0,1,High
5/1/2026 22:00,Sylhet,Maulvibazar,Sreemangal,21.5,98,0,0.6185,Medium
5/2/2026 0:00,Sylhet,Maulvibazar,Sreemangal,21.1,98,1.8,0.408,Low
5/2/2026 2:00,Sylhet,Maulvibazar,Sreemangal,20.4,98,0.2,0.4015,Low
5/2/2026 4:00,Sylhet,Maulvibazar,Sreemangal,20.1,98,4,0.3875,Low
5/2/2026 6:00,Sylhet,Maulvibazar,Sreemangal,20.5,98,1.5,0.6997,Medium
5/2/2026 8:00,Sylhet,Maulvibazar,Sreemangal,21.1,96,1.3,0.7052,High
5/2/2026 10:00,Sylhet,Maulvibazar,Sreemangal,22.1,92,1.3,0.8622,High
5/2/2026 12:00,Sylhet,Maulvibazar,Sreemangal,21.6,96,0.4,0.865,High
5/2/2026 14:00,Sylhet,Maulvibazar,Sreemangal,22.8,90,0,0.972,High
5/2/2026 16:00,Sylhet,Maulvibazar,Sreemangal,25.2,78,0.1,0.9838,High
5/2/2026 18:00,Sylhet,Maulvibazar,Sreemangal,21.5,92,0.1,1,High
5/2/2026 20:00,Sylhet,Maulvibazar,Sreemangal,21.4,96,0,1,High
5/2/2026 22:00,Sylhet,Maulvibazar,Sreemangal,21.4,97,0,0.615,Medium
5/3/2026 0:00,Sylhet,Maulvibazar,Sreemangal,21.5,97,0,0.4165,Low
5/3/2026 2:00,Sylhet,Maulvibazar,Sreemangal,20.6,97,0,0.403,Low
5/3/2026 4:00,Sylhet,Maulvibazar,Sreemangal,20.6,99,0.1,0.4068,Low
5/3/2026 6:00,Sylhet,Maulvibazar,Sreemangal,20.6,98,0,0.705,High
5/3/2026 8:00,Sylhet,Maulvibazar,Sreemangal,23,88,0.1,0.7208,High
5/3/2026 10:00,Sylhet,Maulvibazar,Sreemangal,25.8,76,0.3,0.8882,High
5/3/2026 12:00,Sylhet,Maulvibazar,Sreemangal,27.8,69,0,0.905,High
5/3/2026 14:00,Sylhet,Maulvibazar,Sreemangal,24.5,85,0.4,0.9865,High
5/3/2026 16:00,Sylhet,Maulvibazar,Sreemangal,28.9,65,0,1,High
5/3/2026 18:00,Sylhet,Maulvibazar,Sreemangal,24,94,1.1,1,High
5/3/2026 20:00,Sylhet,Maulvibazar,Sreemangal,23.4,96,0,1,High
5/3/2026 22:00,Sylhet,Maulvibazar,Sreemangal,22.4,96,0,0.628,Medium
5/4/2026 0:00,Sylhet,Maulvibazar,Sreemangal,22,98,0,0.426,Low
5/4/2026 2:00,Sylhet,Maulvibazar,Sreemangal,21.3,96,0.7,0.4098,Low
5/4/2026 4:00,Sylhet,Maulvibazar,Sreemangal,20.9,97,0,0.4075,Low
5/4/2026 6:00,Sylhet,Maulvibazar,Sreemangal,21,99,1.2,0.71,High
5/4/2026 8:00,Sylhet,Maulvibazar,Sreemangal,22.3,95,1.2,0.7215,High
5/4/2026 10:00,Sylhet,Maulvibazar,Sreemangal,22.4,96,3.1,0.8702,High
5/4/2026 12:00,Sylhet,Maulvibazar,Sreemangal,24.4,87,0,0.89,High
5/4/2026 14:00,Sylhet,Maulvibazar,Sreemangal,28.4,70,0,1,High
5/4/2026 16:00,Sylhet,Maulvibazar,Sreemangal,28.6,65,0,1,High
5/4/2026 18:00,Sylhet,Maulvibazar,Sreemangal,26.6,81,0,1,High
5/4/2026 20:00,Sylhet,Maulvibazar,Sreemangal,24.1,88,0,1,High
5/4/2026 22:00,Sylhet,Maulvibazar,Sreemangal,23.2,89,0,0.626,Medium
5/5/2026 0:00,Sylhet,Maulvibazar,Sreemangal,22.4,94,0,0.424,Low
5/5/2026 2:00,Sylhet,Maulvibazar,Sreemangal,22.4,95,0,0.426,Low
5/5/2026 4:00,Sylhet,Maulvibazar,Sreemangal,22.3,96,0,0.4265,Low
5/5/2026 6:00,Sylhet,Maulvibazar,Sreemangal,22.8,94,0,0.73,High
5/5/2026 8:00,Sylhet,Maulvibazar,Sreemangal,24.9,90,0,0.7535,High
5/5/2026 10:00,Sylhet,Maulvibazar,Sreemangal,28.6,75,0,0.929,High
5/5/2026 12:00,Sylhet,Maulvibazar,Sreemangal,30.4,62,0,0.93,High
5/5/2026 14:00,Sylhet,Maulvibazar,Sreemangal,31.4,59,0,1,High
5/5/2026 16:00,Sylhet,Maulvibazar,Sreemangal,30.5,61,0,1,High
5/5/2026 18:00,Sylhet,Maulvibazar,Sreemangal,26.8,79,0,1,High
5/5/2026 20:00,Sylhet,Maulvibazar,Sreemangal,25.5,80,0,1,High
5/5/2026 22:00,Sylhet,Maulvibazar,Sreemangal,23.9,87,0,0.6325,Medium
5/6/2026 0:00,Sylhet,Maulvibazar,Sreemangal,23.8,93,0,0.443,Low
5/6/2026 2:00,Sylhet,Maulvibazar,Sreemangal,23.4,95,0,0.441,Low
5/6/2026 4:00,Sylhet,Maulvibazar,Sreemangal,22.6,94,0.1,0.4268,Low
5/6/2026 6:00,Sylhet,Maulvibazar,Sreemangal,23.2,98,0.1,0.7438,High
5/6/2026 8:00,Sylhet,Maulvibazar,Sreemangal,26,82,0,0.754,High
5/6/2026 10:00,Sylhet,Maulvibazar,Sreemangal,28.6,72,0,0.923,High
5/6/2026 12:00,Sylhet,Maulvibazar,Sreemangal,29.5,66,0,0.9245,High
5/6/2026 14:00,Sylhet,Maulvibazar,Sreemangal,30.2,65,0,1,High
5/6/2026 16:00,Sylhet,Maulvibazar,Sreemangal,30.4,64,0,1,High
5/6/2026 18:00,Sylhet,Maulvibazar,Sreemangal,28.2,73,0,1,High
5/6/2026 20:00,Sylhet,Maulvibazar,Sreemangal,25.8,86,3.1,1,High
5/6/2026 22:00,Sylhet,Maulvibazar,Sreemangal,23.2,97,0.1,0.6418,Medium
5/7/2026 0:00,Sylhet,Maulvibazar,Sreemangal,23,98,0,0.441,Low
5/7/2026 2:00,Sylhet,Maulvibazar,Sreemangal,22.8,98,0,0.438,Low
5/7/2026 4:00,Sylhet,Maulvibazar,Sreemangal,22.6,99,0,0.437,Low
5/7/2026 6:00,Sylhet,Maulvibazar,Sreemangal,22.5,96,0,0.7295,High
5/7/2026 8:00,Sylhet,Maulvibazar,Sreemangal,24,89,1,0.7355,High
5/7/2026 10:00,Sylhet,Maulvibazar,Sreemangal,26,77,0.1,0.8938,High
5/7/2026 12:00,Sylhet,Maulvibazar,Sreemangal,28.9,69,0.1,0.9212,High
5/7/2026 14:00,Sylhet,Maulvibazar,Sreemangal,30,63,0,1,High
5/7/2026 16:00,Sylhet,Maulvibazar,Sreemangal,30,59,0,1,High
5/7/2026 18:00,Sylhet,Maulvibazar,Sreemangal,28.6,76,0,1,High
5/7/2026 20:00,Sylhet,Maulvibazar,Sreemangal,26.6,80,0,1,High
5/7/2026 22:00,Sylhet,Maulvibazar,Sreemangal,25.2,84,0,0.646,Medium
5/8/2026 0:00,Sylhet,Maulvibazar,Sreemangal,24.6,88,0,0.445,Low
5/8/2026 2:00,Sylhet,Maulvibazar,Sreemangal,24.7,89,0,0.4485,Low
5/8/2026 4:00,Sylhet,Maulvibazar,Sreemangal,24.3,90,0,0.4445,Low
5/8/2026 6:00,Sylhet,Maulvibazar,Sreemangal,23.3,97,0,0.7435,High
5/8/2026 8:00,Sylhet,Maulvibazar,Sreemangal,28.2,78,0,0.779,High
5/8/2026 10:00,Sylhet,Maulvibazar,Sreemangal,31,58,0,0.931,High
5/8/2026 12:00,Sylhet,Maulvibazar,Sreemangal,31.4,53,0,0.927,High
5/8/2026 14:00,Sylhet,Maulvibazar,Sreemangal,31,55,0,1,High
5/8/2026 16:00,Sylhet,Maulvibazar,Sreemangal,30.9,56,0,1,High
5/8/2026 18:00,Sylhet,Maulvibazar,Sreemangal,29,71,0,1,High
5/8/2026 20:00,Sylhet,Maulvibazar,Sreemangal,26.5,74,0,1,High
5/8/2026 22:00,Sylhet,Maulvibazar,Sreemangal,24.9,81,0,0.6355,Medium
5/9/2026 0:00,Sylhet,Maulvibazar,Sreemangal,24.1,88,0,0.4375,Low
5/9/2026 2:00,Sylhet,Maulvibazar,Sreemangal,23.7,90,0,0.4355,Low
5/9/2026 4:00,Sylhet,Maulvibazar,Sreemangal,22.8,92,0,0.426,Low
5/9/2026 6:00,Sylhet,Maulvibazar,Sreemangal,23.1,94,0,0.7345,High
5/9/2026 8:00,Sylhet,Maulvibazar,Sreemangal,27.6,78,0,0.77,High
5/9/2026 10:00,Sylhet,Maulvibazar,Sreemangal,30.5,57,0,0.9215,High
5/9/2026 12:00,Sylhet,Maulvibazar,Sreemangal,31.8,49,0,0.927,High
5/9/2026 14:00,Sylhet,Maulvibazar,Sreemangal,33,46,0,1,High
5/9/2026 16:00,Sylhet,Maulvibazar,Sreemangal,32.3,50,0,1,High
5/9/2026 18:00,Sylhet,Maulvibazar,Sreemangal,30.1,68,0,1,High
5/9/2026 20:00,Sylhet,Maulvibazar,Sreemangal,26.9,76,0,1,High
5/9/2026 22:00,Sylhet,Maulvibazar,Sreemangal,25.9,76,0,0.6405,Medium
5/10/2026 0:00,Sylhet,Maulvibazar,Sreemangal,25.2,81,0,0.44,Low
5/10/2026 2:00,Sylhet,Maulvibazar,Sreemangal,25.4,80,0,0.441,Low
5/10/2026 4:00,Sylhet,Maulvibazar,Sreemangal,25,83,0,0.441,Low
5/10/2026 6:00,Sylhet,Maulvibazar,Sreemangal,23.7,91,0,0.7375,High
5/10/2026 8:00,Sylhet,Maulvibazar,Sreemangal,28.4,75,0,0.776,High
5/10/2026 10:00,Sylhet,Maulvibazar,Sreemangal,31.5,61,0,0.9445,High
5/10/2026 12:00,Sylhet,Maulvibazar,Sreemangal,32.5,46,0,0.9375,High
5/10/2026 14:00,Sylhet,Maulvibazar,Sreemangal,32.4,49,0.2,1,High
5/10/2026 16:00,Sylhet,Maulvibazar,Sreemangal,29,71,0,1,High
5/10/2026 18:00,Sylhet,Maulvibazar,Sreemangal,26.4,75,0,1,High
5/10/2026 20:00,Sylhet,Maulvibazar,Sreemangal,25.2,81,0,1,High
5/10/2026 22:00,Sylhet,Maulvibazar,Sreemangal,24.2,90,0,0.643,Medium
5/11/2026 0:00,Sylhet,Maulvibazar,Sreemangal,24.4,88,0,0.442,Low
5/11/2026 2:00,Sylhet,Maulvibazar,Sreemangal,23.4,93,0,0.437,Low
5/11/2026 4:00,Sylhet,Maulvibazar,Sreemangal,22.5,93,0,0.4235,Low
5/11/2026 6:00,Sylhet,Maulvibazar,Sreemangal,23.5,90,2.2,0.727,High
5/11/2026 8:00,Sylhet,Maulvibazar,Sreemangal,26.1,82,0,0.7555,High
5/11/2026 10:00,Sylhet,Maulvibazar,Sreemangal,28.3,68,0,0.9105,High
5/11/2026 12:00,Sylhet,Maulvibazar,Sreemangal,28.6,68,0,0.915,High
5/11/2026 14:00,Sylhet,Maulvibazar,Sreemangal,30.3,55,0,1,High
5/11/2026 16:00,Sylhet,Maulvibazar,Sreemangal,27.8,65,0.1,0.9968,High
5/11/2026 18:00,Sylhet,Maulvibazar,Sreemangal,27,80,0,1,High
5/11/2026 20:00,Sylhet,Maulvibazar,Sreemangal,24.4,88,2.3,1,High
5/11/2026 22:00,Sylhet,Maulvibazar,Sreemangal,23.5,91,0,0.6345,Medium
5/12/2026 0:00,Sylhet,Maulvibazar,Sreemangal,23.5,94,0,0.4405,Low
5/12/2026 2:00,Sylhet,Maulvibazar,Sreemangal,22.2,97,0,0.427,Low
5/12/2026 4:00,Sylhet,Maulvibazar,Sreemangal,21.9,98,0,0.4245,Low
5/12/2026 6:00,Sylhet,Maulvibazar,Sreemangal,22.6,96,0,0.731,High
5/12/2026 8:00,Sylhet,Maulvibazar,Sreemangal,25.4,82,0.1,0.7447,High
5/12/2026 10:00,Sylhet,Maulvibazar,Sreemangal,28.4,71,0,0.918,High
5/12/2026 12:00,Sylhet,Maulvibazar,Sreemangal,29.6,64,0,0.922,High
5/12/2026 14:00,Sylhet,Maulvibazar,Sreemangal,30.6,59,0,1,High
5/12/2026 16:00,Sylhet,Maulvibazar,Sreemangal,30.3,58,0,1,High
5/12/2026 18:00,Sylhet,Maulvibazar,Sreemangal,28.9,72,0,1,High
5/12/2026 20:00,Sylhet,Maulvibazar,Sreemangal,26.6,79,0,1,High
5/12/2026 22:00,Sylhet,Maulvibazar,Sreemangal,25.6,85,0,0.654,Medium
5/13/2026 0:00,Sylhet,Maulvibazar,Sreemangal,25.5,86,0,0.4545,Medium
5/13/2026 2:00,Sylhet,Maulvibazar,Sreemangal,23.8,95,1.2,0.444,Low
5/13/2026 4:00,Sylhet,Maulvibazar,Sreemangal,22.6,99,0.2,0.4365,Low
5/13/2026 6:00,Sylhet,Maulvibazar,Sreemangal,24,95,0,0.75,High
5/13/2026 8:00,Sylhet,Maulvibazar,Sreemangal,26.8,83,0.1,0.7678,High
5/13/2026 10:00,Sylhet,Maulvibazar,Sreemangal,28.6,76,0.2,0.9305,High
5/13/2026 12:00,Sylhet,Maulvibazar,Sreemangal,29.9,71,0.3,0.9398,High
5/13/2026 14:00,Sylhet,Maulvibazar,Sreemangal,30.4,68,0,1,High
5/13/2026 16:00,Sylhet,Maulvibazar,Sreemangal,29.9,70,0.1,1,High
5/13/2026 18:00,Sylhet,Maulvibazar,Sreemangal,28.5,81,0.2,1,High
5/13/2026 20:00,Sylhet,Maulvibazar,Sreemangal,26.6,95,0,1,High
5/13/2026 22:00,Sylhet,Maulvibazar,Sreemangal,26.1,95,0.2,0.681,Medium
4/13/2026 0:00,Sylhet,Sunamganj,Bishwambarpur,22.2,92,0,0.417,Low
4/13/2026 2:00,Sylhet,Sunamganj,Bishwambarpur,22.6,79,0,0.397,Low
4/13/2026 4:00,Sylhet,Sunamganj,Bishwambarpur,21.9,82,0,0.3925,Low
4/13/2026 6:00,Sylhet,Sunamganj,Bishwambarpur,21.2,92,0,0.702,High
4/13/2026 8:00,Sylhet,Sunamganj,Bishwambarpur,21.9,85,0,0.6985,Medium
4/13/2026 10:00,Sylhet,Sunamganj,Bishwambarpur,24.2,77,0,0.867,High
4/13/2026 12:00,Sylhet,Sunamganj,Bishwambarpur,24.5,76,0,0.8695,High
4/13/2026 14:00,Sylhet,Sunamganj,Bishwambarpur,27.4,67,0,0.995,High
4/13/2026 16:00,Sylhet,Sunamganj,Bishwambarpur,27,72,0,0.999,High
4/13/2026 18:00,Sylhet,Sunamganj,Bishwambarpur,26.1,82,0,1,High
4/13/2026 20:00,Sylhet,Sunamganj,Bishwambarpur,23.8,87,0,1,High
4/13/2026 22:00,Sylhet,Sunamganj,Bishwambarpur,22,92,0,0.614,Medium
4/14/2026 0:00,Sylhet,Sunamganj,Bishwambarpur,21.9,91,15,0.373,Low
4/14/2026 2:00,Sylhet,Sunamganj,Bishwambarpur,21.2,96,0,0.41,Low
4/14/2026 4:00,Sylhet,Sunamganj,Bishwambarpur,20.9,97,3.8,0.398,Low
4/14/2026 6:00,Sylhet,Sunamganj,Bishwambarpur,21.4,99,0.1,0.7188,High
4/14/2026 8:00,Sylhet,Sunamganj,Bishwambarpur,23.6,92,0,0.738,High
4/14/2026 10:00,Sylhet,Sunamganj,Bishwambarpur,27.5,72,0,0.9065,High
4/14/2026 12:00,Sylhet,Sunamganj,Bishwambarpur,28.6,68,0.1,0.9148,High
4/14/2026 14:00,Sylhet,Sunamganj,Bishwambarpur,29.8,63,0,1,High
4/14/2026 16:00,Sylhet,Sunamganj,Bishwambarpur,30,63,0,1,High
4/14/2026 18:00,Sylhet,Sunamganj,Bishwambarpur,27.2,83,0,1,High
4/14/2026 20:00,Sylhet,Sunamganj,Bishwambarpur,24.8,94,0.1,1,High
4/14/2026 22:00,Sylhet,Sunamganj,Bishwambarpur,22.8,90,0.9,0.6198,Medium
4/15/2026 0:00,Sylhet,Sunamganj,Bishwambarpur,22.4,97,1.6,0.426,Low
4/15/2026 2:00,Sylhet,Sunamganj,Bishwambarpur,21.6,99,0.1,0.4218,Low
4/15/2026 4:00,Sylhet,Sunamganj,Bishwambarpur,21.2,96,0.3,0.4092,Low
4/15/2026 6:00,Sylhet,Sunamganj,Bishwambarpur,21,98,0,0.711,High
4/15/2026 8:00,Sylhet,Sunamganj,Bishwambarpur,22.4,92,0,0.72,High
4/15/2026 10:00,Sylhet,Sunamganj,Bishwambarpur,25.1,80,0,0.8865,High
4/15/2026 12:00,Sylhet,Sunamganj,Bishwambarpur,28,68,0,0.906,High
4/15/2026 14:00,Sylhet,Sunamganj,Bishwambarpur,29.1,67,0,1,High
4/15/2026 16:00,Sylhet,Sunamganj,Bishwambarpur,29.1,68,0,1,High
4/15/2026 18:00,Sylhet,Sunamganj,Bishwambarpur,27.2,79,0,1,High
4/15/2026 20:00,Sylhet,Sunamganj,Bishwambarpur,24.2,84,0.3,1,High
4/15/2026 22:00,Sylhet,Sunamganj,Bishwambarpur,22,92,1.1,0.6112,Medium
4/16/2026 0:00,Sylhet,Sunamganj,Bishwambarpur,20.6,98,13.5,0.3713,Low
4/16/2026 2:00,Sylhet,Sunamganj,Bishwambarpur,21,94,0,0.403,Low
4/16/2026 4:00,Sylhet,Sunamganj,Bishwambarpur,20.8,92,0.1,0.3958,Low
4/16/2026 6:00,Sylhet,Sunamganj,Bishwambarpur,21.5,98,0.2,0.718,High
4/16/2026 8:00,Sylhet,Sunamganj,Bishwambarpur,24,89,0,0.738,High
4/16/2026 10:00,Sylhet,Sunamganj,Bishwambarpur,27.5,77,0,0.9165,High
4/16/2026 12:00,Sylhet,Sunamganj,Bishwambarpur,29.6,66,0,0.926,High
4/16/2026 14:00,Sylhet,Sunamganj,Bishwambarpur,30.5,62,0.2,1,High
4/16/2026 16:00,Sylhet,Sunamganj,Bishwambarpur,30.3,63,0,1,High
4/16/2026 18:00,Sylhet,Sunamganj,Bishwambarpur,27.8,80,0,1,High
4/16/2026 20:00,Sylhet,Sunamganj,Bishwambarpur,25.2,91,0,1,High
4/16/2026 22:00,Sylhet,Sunamganj,Bishwambarpur,24.5,93,0,0.6535,Medium
4/17/2026 0:00,Sylhet,Sunamganj,Bishwambarpur,25.4,88,1.4,0.4535,Medium
4/17/2026 2:00,Sylhet,Sunamganj,Bishwambarpur,24,92,0.1,0.4438,Low
4/17/2026 4:00,Sylhet,Sunamganj,Bishwambarpur,22.9,98,0,0.4395,Low
4/17/2026 6:00,Sylhet,Sunamganj,Bishwambarpur,23.4,98,0,0.747,High
4/17/2026 8:00,Sylhet,Sunamganj,Bishwambarpur,26,90,0,0.77,High
4/17/2026 10:00,Sylhet,Sunamganj,Bishwambarpur,28.6,76,0,0.931,High
4/17/2026 12:00,Sylhet,Sunamganj,Bishwambarpur,30.7,71,0,0.9525,High
4/17/2026 14:00,Sylhet,Sunamganj,Bishwambarpur,31.5,72,0.1,1,High
4/17/2026 16:00,Sylhet,Sunamganj,Bishwambarpur,27,80,4.8,1,High
4/17/2026 18:00,Sylhet,Sunamganj,Bishwambarpur,27.6,85,0,1,High
4/17/2026 20:00,Sylhet,Sunamganj,Bishwambarpur,25.5,93,0,1,High
4/17/2026 22:00,Sylhet,Sunamganj,Bishwambarpur,24.4,99,0,0.664,Medium
4/18/2026 0:00,Sylhet,Sunamganj,Bishwambarpur,23.9,100,0,0.4585,Medium
4/18/2026 2:00,Sylhet,Sunamganj,Bishwambarpur,23.6,100,0,0.454,Medium
4/18/2026 4:00,Sylhet,Sunamganj,Bishwambarpur,23.4,96,0.2,0.4425,Low
4/18/2026 6:00,Sylhet,Sunamganj,Bishwambarpur,23.6,96,0,0.746,High
4/18/2026 8:00,Sylhet,Sunamganj,Bishwambarpur,24.1,91,0.7,0.7417,High
4/18/2026 10:00,Sylhet,Sunamganj,Bishwambarpur,27.4,82,0.2,0.9245,High
4/18/2026 12:00,Sylhet,Sunamganj,Bishwambarpur,29.4,73,0,0.937,High
4/18/2026 14:00,Sylhet,Sunamganj,Bishwambarpur,29.7,71,0,1,High
4/18/2026 16:00,Sylhet,Sunamganj,Bishwambarpur,29.4,71,0,1,High
4/18/2026 18:00,Sylhet,Sunamganj,Bishwambarpur,28.5,82,0,1,High
4/18/2026 20:00,Sylhet,Sunamganj,Bishwambarpur,26,90,0,1,High
4/18/2026 22:00,Sylhet,Sunamganj,Bishwambarpur,24.4,98,0,0.662,Medium
4/19/2026 0:00,Sylhet,Sunamganj,Bishwambarpur,23.8,99,0,0.455,Medium
4/19/2026 2:00,Sylhet,Sunamganj,Bishwambarpur,23.5,98,0,0.4485,Low
4/19/2026 4:00,Sylhet,Sunamganj,Bishwambarpur,22.6,98,0,0.435,Low
4/19/2026 6:00,Sylhet,Sunamganj,Bishwambarpur,23.1,98,0,0.7425,High
4/19/2026 8:00,Sylhet,Sunamganj,Bishwambarpur,25.1,90,0,0.7565,High
4/19/2026 10:00,Sylhet,Sunamganj,Bishwambarpur,28,77,0.1,0.9238,High
4/19/2026 12:00,Sylhet,Sunamganj,Bishwambarpur,28.9,74,0.2,0.931,High
4/19/2026 14:00,Sylhet,Sunamganj,Bishwambarpur,29.5,71,0,1,High
4/19/2026 16:00,Sylhet,Sunamganj,Bishwambarpur,28.4,75,0.1,1,High
4/19/2026 18:00,Sylhet,Sunamganj,Bishwambarpur,27.6,90,0,1,High
4/19/2026 20:00,Sylhet,Sunamganj,Bishwambarpur,25.5,97,0,1,High
4/19/2026 22:00,Sylhet,Sunamganj,Bishwambarpur,24.6,99,0,0.667,Medium
4/20/2026 0:00,Sylhet,Sunamganj,Bishwambarpur,23.5,98,8.7,0.4268,Low
4/20/2026 2:00,Sylhet,Sunamganj,Bishwambarpur,22.4,98,3.3,0.4238,Low
4/20/2026 4:00,Sylhet,Sunamganj,Bishwambarpur,22.4,95,2,0.421,Low
4/20/2026 6:00,Sylhet,Sunamganj,Bishwambarpur,22.6,95,0,0.729,High
4/20/2026 8:00,Sylhet,Sunamganj,Bishwambarpur,24.9,90,0,0.7535,High
4/20/2026 10:00,Sylhet,Sunamganj,Bishwambarpur,26.9,78,0.1,0.9092,High
4/20/2026 12:00,Sylhet,Sunamganj,Bishwambarpur,29.8,68,0,0.933,High
4/20/2026 14:00,Sylhet,Sunamganj,Bishwambarpur,30.6,69,0,1,High
4/20/2026 16:00,Sylhet,Sunamganj,Bishwambarpur,30.5,70,0,1,High
4/20/2026 18:00,Sylhet,Sunamganj,Bishwambarpur,26.8,90,0,1,High
4/20/2026 20:00,Sylhet,Sunamganj,Bishwambarpur,24.8,90,0,1,High
4/20/2026 22:00,Sylhet,Sunamganj,Bishwambarpur,23.4,94,5.6,0.625,Medium
4/21/2026 0:00,Sylhet,Sunamganj,Bishwambarpur,23,96,0,0.437,Low
4/21/2026 2:00,Sylhet,Sunamganj,Bishwambarpur,22.8,98,0.1,0.4378,Low
4/21/2026 4:00,Sylhet,Sunamganj,Bishwambarpur,22.7,96,0.2,0.432,Low
4/21/2026 6:00,Sylhet,Sunamganj,Bishwambarpur,23.6,94,0.1,0.7418,High
4/21/2026 8:00,Sylhet,Sunamganj,Bishwambarpur,25,89,0.1,0.7527,High
4/21/2026 10:00,Sylhet,Sunamganj,Bishwambarpur,26,83,0,0.906,High
4/21/2026 12:00,Sylhet,Sunamganj,Bishwambarpur,28.2,75,0,0.923,High
4/21/2026 14:00,Sylhet,Sunamganj,Bishwambarpur,29.8,72,0,1,High
4/21/2026 16:00,Sylhet,Sunamganj,Bishwambarpur,30.3,70,0,1,High
4/21/2026 18:00,Sylhet,Sunamganj,Bishwambarpur,28.9,82,0,1,High
4/21/2026 20:00,Sylhet,Sunamganj,Bishwambarpur,26.5,83,0,1,High
4/21/2026 22:00,Sylhet,Sunamganj,Bishwambarpur,24.4,91,0.1,0.6477,Medium
4/22/2026 0:00,Sylhet,Sunamganj,Bishwambarpur,23.3,94,2,0.4325,Low
4/22/2026 2:00,Sylhet,Sunamganj,Bishwambarpur,23,99,0,0.443,Low
4/22/2026 4:00,Sylhet,Sunamganj,Bishwambarpur,23.5,94,0,0.4405,Low
4/22/2026 6:00,Sylhet,Sunamganj,Bishwambarpur,21.5,92,0.2,0.706,High
4/22/2026 8:00,Sylhet,Sunamganj,Bishwambarpur,21.9,85,0.1,0.6982,Medium
4/22/2026 10:00,Sylhet,Sunamganj,Bishwambarpur,24.6,78,0,0.875,High
4/22/2026 12:00,Sylhet,Sunamganj,Bishwambarpur,29,71,0,0.927,High
4/22/2026 14:00,Sylhet,Sunamganj,Bishwambarpur,30.7,69,0,1,High
4/22/2026 16:00,Sylhet,Sunamganj,Bishwambarpur,30.4,69,0,1,High
4/22/2026 18:00,Sylhet,Sunamganj,Bishwambarpur,28.1,75,0,1,High
4/22/2026 20:00,Sylhet,Sunamganj,Bishwambarpur,25.9,88,0,1,High
4/22/2026 22:00,Sylhet,Sunamganj,Bishwambarpur,24.1,96,0,0.6535,Medium
4/23/2026 0:00,Sylhet,Sunamganj,Bishwambarpur,24.2,98,0,0.459,Medium
4/23/2026 2:00,Sylhet,Sunamganj,Bishwambarpur,24.6,89,0,0.447,Low
4/23/2026 4:00,Sylhet,Sunamganj,Bishwambarpur,23.3,95,0,0.4395,Low
4/23/2026 6:00,Sylhet,Sunamganj,Bishwambarpur,23.6,93,0,0.74,High
4/23/2026 8:00,Sylhet,Sunamganj,Bishwambarpur,25.8,90,0,0.767,High
4/23/2026 10:00,Sylhet,Sunamganj,Bishwambarpur,27.7,80,0.2,0.925,High
4/23/2026 12:00,Sylhet,Sunamganj,Bishwambarpur,29,74,0.1,0.9328,High
4/23/2026 14:00,Sylhet,Sunamganj,Bishwambarpur,31,64,0,1,High
4/23/2026 16:00,Sylhet,Sunamganj,Bishwambarpur,31.5,61,0,1,High
4/23/2026 18:00,Sylhet,Sunamganj,Bishwambarpur,29.1,80,0,1,High
4/23/2026 20:00,Sylhet,Sunamganj,Bishwambarpur,26.6,89,0,1,High
4/23/2026 22:00,Sylhet,Sunamganj,Bishwambarpur,25.2,94,0,0.666,Medium
4/24/2026 0:00,Sylhet,Sunamganj,Bishwambarpur,24.5,100,0,0.4675,Medium
4/24/2026 2:00,Sylhet,Sunamganj,Bishwambarpur,24.1,100,0,0.4615,Medium
4/24/2026 4:00,Sylhet,Sunamganj,Bishwambarpur,23.9,100,0,0.4585,Medium
4/24/2026 6:00,Sylhet,Sunamganj,Bishwambarpur,24.2,100,0,0.763,High
4/24/2026 8:00,Sylhet,Sunamganj,Bishwambarpur,25.6,93,0.4,0.769,High
4/24/2026 10:00,Sylhet,Sunamganj,Bishwambarpur,29.1,77,0,0.9405,High
4/24/2026 12:00,Sylhet,Sunamganj,Bishwambarpur,31.4,68,0.1,0.9568,High
4/24/2026 14:00,Sylhet,Sunamganj,Bishwambarpur,32.5,63,0,1,High
4/24/2026 16:00,Sylhet,Sunamganj,Bishwambarpur,32.2,65,0,1,High
4/24/2026 18:00,Sylhet,Sunamganj,Bishwambarpur,31,78,0,1,High
4/24/2026 20:00,Sylhet,Sunamganj,Bishwambarpur,28,90,0,1,High
4/24/2026 22:00,Sylhet,Sunamganj,Bishwambarpur,26.1,99,0,0.6895,Medium
4/25/2026 0:00,Sylhet,Sunamganj,Bishwambarpur,25.9,99,0,0.4865,Medium
4/25/2026 2:00,Sylhet,Sunamganj,Bishwambarpur,24.8,100,0,0.472,Medium
4/25/2026 4:00,Sylhet,Sunamganj,Bishwambarpur,24.4,100,0,0.466,Medium
4/25/2026 6:00,Sylhet,Sunamganj,Bishwambarpur,25.7,91,0,0.7675,High
4/25/2026 8:00,Sylhet,Sunamganj,Bishwambarpur,25.2,88,0.3,0.7532,High
4/25/2026 10:00,Sylhet,Sunamganj,Bishwambarpur,27.6,82,0.1,0.9278,High
4/25/2026 12:00,Sylhet,Sunamganj,Bishwambarpur,30.6,72,0,0.953,High
4/25/2026 14:00,Sylhet,Sunamganj,Bishwambarpur,32.4,65,0,1,High
4/25/2026 16:00,Sylhet,Sunamganj,Bishwambarpur,32,65,0,1,High
4/25/2026 18:00,Sylhet,Sunamganj,Bishwambarpur,30,83,0,1,High
4/25/2026 20:00,Sylhet,Sunamganj,Bishwambarpur,26.9,88,0,1,High
4/25/2026 22:00,Sylhet,Sunamganj,Bishwambarpur,25,94,0,0.663,Medium
4/26/2026 0:00,Sylhet,Sunamganj,Bishwambarpur,24.6,100,0,0.469,Medium
4/26/2026 2:00,Sylhet,Sunamganj,Bishwambarpur,24.1,100,0,0.4615,Medium
4/26/2026 4:00,Sylhet,Sunamganj,Bishwambarpur,24.9,86,0,0.4455,Low
4/26/2026 6:00,Sylhet,Sunamganj,Bishwambarpur,23.4,99,0,0.749,High
4/26/2026 8:00,Sylhet,Sunamganj,Bishwambarpur,25.5,89,0,0.7605,High
4/26/2026 10:00,Sylhet,Sunamganj,Bishwambarpur,28.2,76,0,0.925,High
4/26/2026 12:00,Sylhet,Sunamganj,Bishwambarpur,28.4,64,0,0.904,High
4/26/2026 14:00,Sylhet,Sunamganj,Bishwambarpur,27.8,68,0,1,High
4/26/2026 16:00,Sylhet,Sunamganj,Bishwambarpur,25,83,0.4,0.99,High
4/26/2026 18:00,Sylhet,Sunamganj,Bishwambarpur,24.7,84,0.9,1,High
4/26/2026 20:00,Sylhet,Sunamganj,Bishwambarpur,24,83,0,1,High
4/26/2026 22:00,Sylhet,Sunamganj,Bishwambarpur,23.5,87,0,0.6265,Medium
4/27/2026 0:00,Sylhet,Sunamganj,Bishwambarpur,23.2,86,0.9,0.4178,Low
4/27/2026 2:00,Sylhet,Sunamganj,Bishwambarpur,22.5,87,1.1,0.4088,Low
4/27/2026 4:00,Sylhet,Sunamganj,Bishwambarpur,22.4,86,0,0.408,Low
4/27/2026 6:00,Sylhet,Sunamganj,Bishwambarpur,20.6,92,1.2,0.69,Medium
4/27/2026 8:00,Sylhet,Sunamganj,Bishwambarpur,21.1,95,2,0.7015,High
4/27/2026 10:00,Sylhet,Sunamganj,Bishwambarpur,22.2,90,0.6,0.8615,High
4/27/2026 12:00,Sylhet,Sunamganj,Bishwambarpur,23,81,0.6,0.8555,High
4/27/2026 14:00,Sylhet,Sunamganj,Bishwambarpur,24.2,77,0,0.967,High
4/27/2026 16:00,Sylhet,Sunamganj,Bishwambarpur,22.3,92,5.3,0.9552,High
4/27/2026 18:00,Sylhet,Sunamganj,Bishwambarpur,22.4,93,0.4,1,High
4/27/2026 20:00,Sylhet,Sunamganj,Bishwambarpur,22,94,0.4,1,High
4/27/2026 22:00,Sylhet,Sunamganj,Bishwambarpur,21.8,96,0.9,0.6168,Medium
4/28/2026 0:00,Sylhet,Sunamganj,Bishwambarpur,21.7,96,1.2,0.4145,Low
4/28/2026 2:00,Sylhet,Sunamganj,Bishwambarpur,21.4,95,0.6,0.4095,Low
4/28/2026 4:00,Sylhet,Sunamganj,Bishwambarpur,21,98,3.9,0.4013,Low
4/28/2026 6:00,Sylhet,Sunamganj,Bishwambarpur,22.4,94,4.5,0.7127,High
4/28/2026 8:00,Sylhet,Sunamganj,Bishwambarpur,23.8,88,2.5,0.7268,High
4/28/2026 10:00,Sylhet,Sunamganj,Bishwambarpur,23.5,92,16.3,0.8458,High
4/28/2026 12:00,Sylhet,Sunamganj,Bishwambarpur,23.8,84,1.9,0.8702,High
4/28/2026 14:00,Sylhet,Sunamganj,Bishwambarpur,24.7,82,0.2,0.984,High
4/28/2026 16:00,Sylhet,Sunamganj,Bishwambarpur,23.8,87,0.2,0.9805,High
4/28/2026 18:00,Sylhet,Sunamganj,Bishwambarpur,23.4,93,1.6,1,High
4/28/2026 20:00,Sylhet,Sunamganj,Bishwambarpur,23,92,0.3,1,High
4/28/2026 22:00,Sylhet,Sunamganj,Bishwambarpur,22.2,94,2.5,0.6148,Medium
4/29/2026 0:00,Sylhet,Sunamganj,Bishwambarpur,22.6,97,0.4,0.432,Low
4/29/2026 2:00,Sylhet,Sunamganj,Bishwambarpur,22.2,98,1.3,0.4258,Low
4/29/2026 4:00,Sylhet,Sunamganj,Bishwambarpur,21.8,97,6.6,0.4045,Low
4/29/2026 6:00,Sylhet,Sunamganj,Bishwambarpur,21.6,94,19.6,0.663,Medium
4/29/2026 8:00,Sylhet,Sunamganj,Bishwambarpur,21.6,94,4.7,0.7002,High
4/29/2026 10:00,Sylhet,Sunamganj,Bishwambarpur,21.9,94,5.8,0.852,High
4/29/2026 12:00,Sylhet,Sunamganj,Bishwambarpur,21.4,93,0.3,0.8562,High
4/29/2026 14:00,Sylhet,Sunamganj,Bishwambarpur,23.9,78,0,0.9645,High
4/29/2026 16:00,Sylhet,Sunamganj,Bishwambarpur,23.8,78,0,0.963,High
4/29/2026 18:00,Sylhet,Sunamganj,Bishwambarpur,23.4,81,0,1,High
4/29/2026 20:00,Sylhet,Sunamganj,Bishwambarpur,22.3,86,0,1,High
4/29/2026 22:00,Sylhet,Sunamganj,Bishwambarpur,21,92,0,0.599,Medium
4/30/2026 0:00,Sylhet,Sunamganj,Bishwambarpur,21.4,92,0,0.405,Low
4/30/2026 2:00,Sylhet,Sunamganj,Bishwambarpur,21.4,95,1,0.4085,Low
4/30/2026 4:00,Sylhet,Sunamganj,Bishwambarpur,20.9,96,1.3,0.4022,Low
4/30/2026 6:00,Sylhet,Sunamganj,Bishwambarpur,20.9,95,0,0.7035,High
4/30/2026 8:00,Sylhet,Sunamganj,Bishwambarpur,22.1,87,0.1,0.7052,High
4/30/2026 10:00,Sylhet,Sunamganj,Bishwambarpur,25.5,73,0,0.8785,High
4/30/2026 12:00,Sylhet,Sunamganj,Bishwambarpur,26.2,69,0,0.881,High
4/30/2026 14:00,Sylhet,Sunamganj,Bishwambarpur,27.5,64,0,0.9905,High
4/30/2026 16:00,Sylhet,Sunamganj,Bishwambarpur,27.9,62,0,0.9925,High
4/30/2026 18:00,Sylhet,Sunamganj,Bishwambarpur,25.7,81,0,1,High
4/30/2026 20:00,Sylhet,Sunamganj,Bishwambarpur,22.8,92,0,1,High
4/30/2026 22:00,Sylhet,Sunamganj,Bishwambarpur,22,94,0.3,0.6172,Medium
5/1/2026 0:00,Sylhet,Sunamganj,Bishwambarpur,21.6,98,0,0.42,Low
5/1/2026 2:00,Sylhet,Sunamganj,Bishwambarpur,22.4,94,0,0.424,Low
5/1/2026 4:00,Sylhet,Sunamganj,Bishwambarpur,21.6,94,0,0.412,Low
5/1/2026 6:00,Sylhet,Sunamganj,Bishwambarpur,21.5,93,0.4,0.7075,High
5/1/2026 8:00,Sylhet,Sunamganj,Bishwambarpur,22.6,96,0.7,0.7292,High
5/1/2026 10:00,Sylhet,Sunamganj,Bishwambarpur,24,87,0.1,0.8838,High
5/1/2026 12:00,Sylhet,Sunamganj,Bishwambarpur,25,83,0,0.891,High
5/1/2026 14:00,Sylhet,Sunamganj,Bishwambarpur,25.6,75,2.2,0.9785,High
5/1/2026 16:00,Sylhet,Sunamganj,Bishwambarpur,23.6,85,0.2,0.9735,High
5/1/2026 18:00,Sylhet,Sunamganj,Bishwambarpur,23,85,0,1,High
5/1/2026 20:00,Sylhet,Sunamganj,Bishwambarpur,21.1,91,0,1,High
5/1/2026 22:00,Sylhet,Sunamganj,Bishwambarpur,20.8,93,0,0.598,Medium
5/2/2026 0:00,Sylhet,Sunamganj,Bishwambarpur,21.2,94,0,0.406,Low
5/2/2026 2:00,Sylhet,Sunamganj,Bishwambarpur,20.9,97,0.1,0.4072,Low
5/2/2026 4:00,Sylhet,Sunamganj,Bishwambarpur,20.5,98,0,0.4035,Low
5/2/2026 6:00,Sylhet,Sunamganj,Bishwambarpur,21.2,96,0,0.71,High
5/2/2026 8:00,Sylhet,Sunamganj,Bishwambarpur,20.9,97,2.8,0.7005,High
5/2/2026 10:00,Sylhet,Sunamganj,Bishwambarpur,22,91,0.3,0.8612,High
5/2/2026 12:00,Sylhet,Sunamganj,Bishwambarpur,21.8,96,0.8,0.867,High
5/2/2026 14:00,Sylhet,Sunamganj,Bishwambarpur,22.5,88,1.4,0.96,High
5/2/2026 16:00,Sylhet,Sunamganj,Bishwambarpur,22,93,1,0.9635,High
5/2/2026 18:00,Sylhet,Sunamganj,Bishwambarpur,22.4,93,0.1,1,High
5/2/2026 20:00,Sylhet,Sunamganj,Bishwambarpur,21.1,95,1.3,1,High
5/2/2026 22:00,Sylhet,Sunamganj,Bishwambarpur,21,93,1.1,0.5982,Medium
5/3/2026 0:00,Sylhet,Sunamganj,Bishwambarpur,21,96,5.3,0.3938,Low
5/3/2026 2:00,Sylhet,Sunamganj,Bishwambarpur,20.3,99,0.4,0.4015,Low
5/3/2026 4:00,Sylhet,Sunamganj,Bishwambarpur,20.1,98,10.5,0.3712,Low
5/3/2026 6:00,Sylhet,Sunamganj,Bishwambarpur,20.5,98,1.4,0.7,High
5/3/2026 8:00,Sylhet,Sunamganj,Bishwambarpur,23.1,86,0,0.7185,High
5/3/2026 10:00,Sylhet,Sunamganj,Bishwambarpur,25.5,75,0,0.8825,High
5/3/2026 12:00,Sylhet,Sunamganj,Bishwambarpur,27,70,0,0.895,High
5/3/2026 14:00,Sylhet,Sunamganj,Bishwambarpur,28.5,64,0.1,1,High
5/3/2026 16:00,Sylhet,Sunamganj,Bishwambarpur,28.1,66,0.1,1,High
5/3/2026 18:00,Sylhet,Sunamganj,Bishwambarpur,25.1,86,0,1,High
5/3/2026 20:00,Sylhet,Sunamganj,Bishwambarpur,23.2,94,0,1,High
5/3/2026 22:00,Sylhet,Sunamganj,Bishwambarpur,22.8,95,0,0.632,Medium
5/4/2026 0:00,Sylhet,Sunamganj,Bishwambarpur,21.5,98,0,0.4185,Low
5/4/2026 2:00,Sylhet,Sunamganj,Bishwambarpur,21.5,96,0,0.4145,Low
5/4/2026 4:00,Sylhet,Sunamganj,Bishwambarpur,21.3,98,0,0.4155,Low
5/4/2026 6:00,Sylhet,Sunamganj,Bishwambarpur,23,93,0,0.731,High
5/4/2026 8:00,Sylhet,Sunamganj,Bishwambarpur,22.2,96,4.8,0.713,High
5/4/2026 10:00,Sylhet,Sunamganj,Bishwambarpur,23.7,91,7.7,0.8682,High
5/4/2026 12:00,Sylhet,Sunamganj,Bishwambarpur,25.6,79,0.1,0.8918,High
5/4/2026 14:00,Sylhet,Sunamganj,Bishwambarpur,26.9,75,0.2,1,High
5/4/2026 16:00,Sylhet,Sunamganj,Bishwambarpur,28,69,0,1,High
5/4/2026 18:00,Sylhet,Sunamganj,Bishwambarpur,25.5,83,0,1,High
5/4/2026 20:00,Sylhet,Sunamganj,Bishwambarpur,23.5,89,0,1,High
5/4/2026 22:00,Sylhet,Sunamganj,Bishwambarpur,22.4,94,0,0.624,Medium
5/5/2026 0:00,Sylhet,Sunamganj,Bishwambarpur,22.5,95,0,0.4275,Low
5/5/2026 2:00,Sylhet,Sunamganj,Bishwambarpur,21.8,99,0,0.425,Low
5/5/2026 4:00,Sylhet,Sunamganj,Bishwambarpur,21.5,100,0,0.4225,Low
5/5/2026 6:00,Sylhet,Sunamganj,Bishwambarpur,21.9,92,0,0.7125,High
5/5/2026 8:00,Sylhet,Sunamganj,Bishwambarpur,24.1,89,0,0.7395,High
5/5/2026 10:00,Sylhet,Sunamganj,Bishwambarpur,27,76,0,0.907,High
5/5/2026 12:00,Sylhet,Sunamganj,Bishwambarpur,30.3,66,0.1,0.9362,High
5/5/2026 14:00,Sylhet,Sunamganj,Bishwambarpur,31,63,0,1,High
5/5/2026 16:00,Sylhet,Sunamganj,Bishwambarpur,30.5,60,0,1,High
5/5/2026 18:00,Sylhet,Sunamganj,Bishwambarpur,28.2,72,0,1,High
5/5/2026 20:00,Sylhet,Sunamganj,Bishwambarpur,25.5,85,0,1,High
5/5/2026 22:00,Sylhet,Sunamganj,Bishwambarpur,23.8,95,0,0.647,Medium
5/6/2026 0:00,Sylhet,Sunamganj,Bishwambarpur,23.8,97,0,0.451,Medium
5/6/2026 2:00,Sylhet,Sunamganj,Bishwambarpur,22.8,95,0.4,0.431,Low
5/6/2026 4:00,Sylhet,Sunamganj,Bishwambarpur,22.8,97,0.3,0.4352,Low
5/6/2026 6:00,Sylhet,Sunamganj,Bishwambarpur,23.1,90,0,0.7265,High
5/6/2026 8:00,Sylhet,Sunamganj,Bishwambarpur,26.8,77,0,0.756,High
5/6/2026 10:00,Sylhet,Sunamganj,Bishwambarpur,29.2,73,0.1,0.9338,High
5/6/2026 12:00,Sylhet,Sunamganj,Bishwambarpur,29.6,70,0.1,0.9338,High
5/6/2026 14:00,Sylhet,Sunamganj,Bishwambarpur,29.2,70,0,1,High
5/6/2026 16:00,Sylhet,Sunamganj,Bishwambarpur,28,75,0,1,High
5/6/2026 18:00,Sylhet,Sunamganj,Bishwambarpur,26.4,81,0,1,High
5/6/2026 20:00,Sylhet,Sunamganj,Bishwambarpur,25.4,90,1.2,1,High
5/6/2026 22:00,Sylhet,Sunamganj,Bishwambarpur,24.6,94,1.6,0.653,Medium
5/7/2026 0:00,Sylhet,Sunamganj,Bishwambarpur,24.4,86,0.5,0.4368,Low
5/7/2026 2:00,Sylhet,Sunamganj,Bishwambarpur,23.2,94,0,0.436,Low
5/7/2026 4:00,Sylhet,Sunamganj,Bishwambarpur,22.3,97,0,0.4285,Low
5/7/2026 6:00,Sylhet,Sunamganj,Bishwambarpur,23,100,0,0.745,High
5/7/2026 8:00,Sylhet,Sunamganj,Bishwambarpur,25.5,87,0,0.7565,High
5/7/2026 10:00,Sylhet,Sunamganj,Bishwambarpur,28.7,70,0,0.9205,High
5/7/2026 12:00,Sylhet,Sunamganj,Bishwambarpur,29.5,60,0,0.9125,High
5/7/2026 14:00,Sylhet,Sunamganj,Bishwambarpur,30.4,59,0,1,High
5/7/2026 16:00,Sylhet,Sunamganj,Bishwambarpur,30.3,58,0,1,High
5/7/2026 18:00,Sylhet,Sunamganj,Bishwambarpur,28.9,74,0,1,High
5/7/2026 20:00,Sylhet,Sunamganj,Bishwambarpur,26.6,79,0,1,High
5/7/2026 22:00,Sylhet,Sunamganj,Bishwambarpur,25.4,88,0,0.657,Medium
5/8/2026 0:00,Sylhet,Sunamganj,Bishwambarpur,25.5,89,0,0.4605,Medium
5/8/2026 2:00,Sylhet,Sunamganj,Bishwambarpur,23.5,97,0,0.4465,Low
5/8/2026 4:00,Sylhet,Sunamganj,Bishwambarpur,22.6,100,0,0.439,Low
5/8/2026 6:00,Sylhet,Sunamganj,Bishwambarpur,22.4,95,0,0.726,High
5/8/2026 8:00,Sylhet,Sunamganj,Bishwambarpur,26.9,80,0,0.7635,High
5/8/2026 10:00,Sylhet,Sunamganj,Bishwambarpur,30.4,60,0,0.926,High
5/8/2026 12:00,Sylhet,Sunamganj,Bishwambarpur,30.9,59,0,0.9315,High
5/8/2026 14:00,Sylhet,Sunamganj,Bishwambarpur,31.1,57,0.1,1,High
5/8/2026 16:00,Sylhet,Sunamganj,Bishwambarpur,31,53,0,1,High
5/8/2026 18:00,Sylhet,Sunamganj,Bishwambarpur,28.5,65,0,1,High
5/8/2026 20:00,Sylhet,Sunamganj,Bishwambarpur,26.2,74,0,1,High
5/8/2026 22:00,Sylhet,Sunamganj,Bishwambarpur,24.5,87,0,0.6415,Medium
5/9/2026 0:00,Sylhet,Sunamganj,Bishwambarpur,23.5,94,0,0.4405,Low
5/9/2026 2:00,Sylhet,Sunamganj,Bishwambarpur,22.1,96,0,0.4235,Low
5/9/2026 4:00,Sylhet,Sunamganj,Bishwambarpur,21.5,100,0,0.4225,Low
5/9/2026 6:00,Sylhet,Sunamganj,Bishwambarpur,22.5,99,0,0.7355,High
5/9/2026 8:00,Sylhet,Sunamganj,Bishwambarpur,25.6,78,0,0.74,High
5/9/2026 10:00,Sylhet,Sunamganj,Bishwambarpur,29.5,65,0,0.9225,High
5/9/2026 12:00,Sylhet,Sunamganj,Bishwambarpur,31.5,55,0,0.9325,High
5/9/2026 14:00,Sylhet,Sunamganj,Bishwambarpur,32.8,47,0,1,High
5/9/2026 16:00,Sylhet,Sunamganj,Bishwambarpur,32.2,50,0,1,High
5/9/2026 18:00,Sylhet,Sunamganj,Bishwambarpur,30.1,72,0,1,High
5/9/2026 20:00,Sylhet,Sunamganj,Bishwambarpur,27.5,78,0,1,High
5/9/2026 22:00,Sylhet,Sunamganj,Bishwambarpur,26,87,0,0.664,Medium
5/10/2026 0:00,Sylhet,Sunamganj,Bishwambarpur,24.9,93,0,0.4595,Medium
5/10/2026 2:00,Sylhet,Sunamganj,Bishwambarpur,24.7,91,0,0.4525,Medium
5/10/2026 4:00,Sylhet,Sunamganj,Bishwambarpur,24.8,91,0,0.454,Medium
5/10/2026 6:00,Sylhet,Sunamganj,Bishwambarpur,24,91,0,0.742,High
5/10/2026 8:00,Sylhet,Sunamganj,Bishwambarpur,27.6,79,0,0.772,High
5/10/2026 10:00,Sylhet,Sunamganj,Bishwambarpur,30.6,65,0,0.939,High
5/10/2026 12:00,Sylhet,Sunamganj,Bishwambarpur,32.3,52,0,0.9385,High
5/10/2026 14:00,Sylhet,Sunamganj,Bishwambarpur,32.4,48,0,1,High
5/10/2026 16:00,Sylhet,Sunamganj,Bishwambarpur,28.1,69,2.7,1,High
5/10/2026 18:00,Sylhet,Sunamganj,Bishwambarpur,26,81,0,1,High
5/10/2026 20:00,Sylhet,Sunamganj,Bishwambarpur,24.9,87,0,1,High
5/10/2026 22:00,Sylhet,Sunamganj,Bishwambarpur,24.4,91,0,0.648,Medium
5/11/2026 0:00,Sylhet,Sunamganj,Bishwambarpur,24.8,90,0,0.452,Medium
5/11/2026 2:00,Sylhet,Sunamganj,Bishwambarpur,23.8,89,0.7,0.4332,Low
5/11/2026 4:00,Sylhet,Sunamganj,Bishwambarpur,22,92,0.7,0.4122,Low
5/11/2026 6:00,Sylhet,Sunamganj,Bishwambarpur,22.9,95,0.1,0.7332,High
5/11/2026 8:00,Sylhet,Sunamganj,Bishwambarpur,22.2,87,1.2,0.704,High
5/11/2026 10:00,Sylhet,Sunamganj,Bishwambarpur,27.8,70,0,0.907,High
5/11/2026 12:00,Sylhet,Sunamganj,Bishwambarpur,27.9,70,0,0.9085,High
5/11/2026 14:00,Sylhet,Sunamganj,Bishwambarpur,23.3,91,7.5,0.9627,High
5/11/2026 16:00,Sylhet,Sunamganj,Bishwambarpur,26.2,77,0.1,0.9968,High
5/11/2026 18:00,Sylhet,Sunamganj,Bishwambarpur,26.9,79,0,1,High
5/11/2026 20:00,Sylhet,Sunamganj,Bishwambarpur,24.8,90,0,1,High
5/11/2026 22:00,Sylhet,Sunamganj,Bishwambarpur,24.2,91,0,0.645,Medium
5/12/2026 0:00,Sylhet,Sunamganj,Bishwambarpur,22.9,96,0,0.4355,Low
5/12/2026 2:00,Sylhet,Sunamganj,Bishwambarpur,22.2,100,0,0.433,Low
5/12/2026 4:00,Sylhet,Sunamganj,Bishwambarpur,22.4,100,0,0.436,Low
5/12/2026 6:00,Sylhet,Sunamganj,Bishwambarpur,23,96,0.4,0.736,High
5/12/2026 8:00,Sylhet,Sunamganj,Bishwambarpur,25.9,86,0.1,0.7602,High
5/12/2026 10:00,Sylhet,Sunamganj,Bishwambarpur,28.2,74,0.1,0.9208,High
5/12/2026 12:00,Sylhet,Sunamganj,Bishwambarpur,29.5,63,0.1,0.9182,High
5/12/2026 14:00,Sylhet,Sunamganj,Bishwambarpur,30.1,64,0,1,High
5/12/2026 16:00,Sylhet,Sunamganj,Bishwambarpur,29.9,65,0,1,High
5/12/2026 18:00,Sylhet,Sunamganj,Bishwambarpur,28,79,0,1,High
5/12/2026 20:00,Sylhet,Sunamganj,Bishwambarpur,26.2,89,0,1,High
5/12/2026 22:00,Sylhet,Sunamganj,Bishwambarpur,24.7,99,0,0.6685,Medium
5/13/2026 0:00,Sylhet,Sunamganj,Bishwambarpur,25,99,0,0.473,Medium
5/13/2026 2:00,Sylhet,Sunamganj,Bishwambarpur,22.5,99,9.6,0.4115,Low
5/13/2026 4:00,Sylhet,Sunamganj,Bishwambarpur,22.5,98,0.5,0.4322,Low
5/13/2026 6:00,Sylhet,Sunamganj,Bishwambarpur,23.5,97,3.5,0.7377,High
5/13/2026 8:00,Sylhet,Sunamganj,Bishwambarpur,23.7,97,2.6,0.743,High
5/13/2026 10:00,Sylhet,Sunamganj,Bishwambarpur,24.9,94,1,0.909,High
5/13/2026 12:00,Sylhet,Sunamganj,Bishwambarpur,28.8,72,0.1,0.9258,High
5/13/2026 14:00,Sylhet,Sunamganj,Bishwambarpur,30.4,62,0.1,1,High
5/13/2026 16:00,Sylhet,Sunamganj,Bishwambarpur,30.6,63,0,1,High
5/13/2026 18:00,Sylhet,Sunamganj,Bishwambarpur,28.8,74,0.1,1,High
5/13/2026 20:00,Sylhet,Sunamganj,Bishwambarpur,26.2,90,0,1,High
5/13/2026 22:00,Sylhet,Sunamganj,Bishwambarpur,22.5,99,4.2,0.625,Medium
4/13/2026 0:00,Sylhet,Sunamganj,Chhatak,22.2,92,0,0.417,Low
4/13/2026 2:00,Sylhet,Sunamganj,Chhatak,22.6,79,0,0.397,Low
4/13/2026 4:00,Sylhet,Sunamganj,Chhatak,21.9,82,0,0.3925,Low
4/13/2026 6:00,Sylhet,Sunamganj,Chhatak,21.2,92,0,0.702,High
4/13/2026 8:00,Sylhet,Sunamganj,Chhatak,21.9,85,0,0.6985,Medium
4/13/2026 10:00,Sylhet,Sunamganj,Chhatak,24.2,77,0,0.867,High
4/13/2026 12:00,Sylhet,Sunamganj,Chhatak,24.5,76,0,0.8695,High
4/13/2026 14:00,Sylhet,Sunamganj,Chhatak,27.4,67,0,0.995,High
4/13/2026 16:00,Sylhet,Sunamganj,Chhatak,27,72,0,0.999,High
4/13/2026 18:00,Sylhet,Sunamganj,Chhatak,26.1,82,0,1,High
4/13/2026 20:00,Sylhet,Sunamganj,Chhatak,23.8,87,0,1,High
4/13/2026 22:00,Sylhet,Sunamganj,Chhatak,22,92,0,0.614,Medium
4/14/2026 0:00,Sylhet,Sunamganj,Chhatak,21.9,91,15,0.373,Low
4/14/2026 2:00,Sylhet,Sunamganj,Chhatak,21.2,96,0,0.41,Low
4/14/2026 4:00,Sylhet,Sunamganj,Chhatak,20.9,97,3.8,0.398,Low
4/14/2026 6:00,Sylhet,Sunamganj,Chhatak,21.4,99,0.1,0.7188,High
4/14/2026 8:00,Sylhet,Sunamganj,Chhatak,23.6,92,0,0.738,High
4/14/2026 10:00,Sylhet,Sunamganj,Chhatak,27.5,72,0,0.9065,High
4/14/2026 12:00,Sylhet,Sunamganj,Chhatak,28.6,68,0.1,0.9148,High
4/14/2026 14:00,Sylhet,Sunamganj,Chhatak,29.8,63,0,1,High
4/14/2026 16:00,Sylhet,Sunamganj,Chhatak,30,63,0,1,High
4/14/2026 18:00,Sylhet,Sunamganj,Chhatak,27.2,83,0,1,High
4/14/2026 20:00,Sylhet,Sunamganj,Chhatak,24.8,94,0.1,1,High
4/14/2026 22:00,Sylhet,Sunamganj,Chhatak,22.8,90,0.9,0.6198,Medium
4/15/2026 0:00,Sylhet,Sunamganj,Chhatak,22.4,97,1.6,0.426,Low
4/15/2026 2:00,Sylhet,Sunamganj,Chhatak,21.6,99,0.1,0.4218,Low
4/15/2026 4:00,Sylhet,Sunamganj,Chhatak,21.2,96,0.3,0.4092,Low
4/15/2026 6:00,Sylhet,Sunamganj,Chhatak,21,98,0,0.711,High
4/15/2026 8:00,Sylhet,Sunamganj,Chhatak,22.4,92,0,0.72,High
4/15/2026 10:00,Sylhet,Sunamganj,Chhatak,25.1,80,0,0.8865,High
4/15/2026 12:00,Sylhet,Sunamganj,Chhatak,28,68,0,0.906,High
4/15/2026 14:00,Sylhet,Sunamganj,Chhatak,29.1,67,0,1,High
4/15/2026 16:00,Sylhet,Sunamganj,Chhatak,29.1,68,0,1,High
4/15/2026 18:00,Sylhet,Sunamganj,Chhatak,27.2,79,0,1,High
4/15/2026 20:00,Sylhet,Sunamganj,Chhatak,24.2,84,0.3,1,High
4/15/2026 22:00,Sylhet,Sunamganj,Chhatak,22,92,1.1,0.6112,Medium
4/16/2026 0:00,Sylhet,Sunamganj,Chhatak,20.6,98,13.5,0.3713,Low
4/16/2026 2:00,Sylhet,Sunamganj,Chhatak,21,94,0,0.403,Low
4/16/2026 4:00,Sylhet,Sunamganj,Chhatak,20.8,92,0.1,0.3958,Low
4/16/2026 6:00,Sylhet,Sunamganj,Chhatak,21.5,98,0.2,0.718,High
4/16/2026 8:00,Sylhet,Sunamganj,Chhatak,24,89,0,0.738,High
4/16/2026 10:00,Sylhet,Sunamganj,Chhatak,27.5,77,0,0.9165,High
4/16/2026 12:00,Sylhet,Sunamganj,Chhatak,29.6,66,0,0.926,High
4/16/2026 14:00,Sylhet,Sunamganj,Chhatak,30.5,62,0.2,1,High
4/16/2026 16:00,Sylhet,Sunamganj,Chhatak,30.3,63,0,1,High
4/16/2026 18:00,Sylhet,Sunamganj,Chhatak,27.8,80,0,1,High
4/16/2026 20:00,Sylhet,Sunamganj,Chhatak,25.2,91,0,1,High
4/16/2026 22:00,Sylhet,Sunamganj,Chhatak,24.5,93,0,0.6535,Medium
4/17/2026 0:00,Sylhet,Sunamganj,Chhatak,25.4,88,1.4,0.4535,Medium
4/17/2026 2:00,Sylhet,Sunamganj,Chhatak,24,92,0.1,0.4438,Low
4/17/2026 4:00,Sylhet,Sunamganj,Chhatak,22.9,98,0,0.4395,Low
4/17/2026 6:00,Sylhet,Sunamganj,Chhatak,23.4,98,0,0.747,High
4/17/2026 8:00,Sylhet,Sunamganj,Chhatak,26,90,0,0.77,High
4/17/2026 10:00,Sylhet,Sunamganj,Chhatak,28.6,76,0,0.931,High
4/17/2026 12:00,Sylhet,Sunamganj,Chhatak,30.7,71,0,0.9525,High
4/17/2026 14:00,Sylhet,Sunamganj,Chhatak,31.5,72,0.1,1,High
4/17/2026 16:00,Sylhet,Sunamganj,Chhatak,27,80,4.8,1,High
4/17/2026 18:00,Sylhet,Sunamganj,Chhatak,27.6,85,0,1,High
4/17/2026 20:00,Sylhet,Sunamganj,Chhatak,25.5,93,0,1,High
4/17/2026 22:00,Sylhet,Sunamganj,Chhatak,24.4,99,0,0.664,Medium
4/18/2026 0:00,Sylhet,Sunamganj,Chhatak,23.9,100,0,0.4585,Medium
4/18/2026 2:00,Sylhet,Sunamganj,Chhatak,23.6,100,0,0.454,Medium
4/18/2026 4:00,Sylhet,Sunamganj,Chhatak,23.4,96,0.2,0.4425,Low
4/18/2026 6:00,Sylhet,Sunamganj,Chhatak,23.6,96,0,0.746,High
4/18/2026 8:00,Sylhet,Sunamganj,Chhatak,24.1,91,0.7,0.7417,High
4/18/2026 10:00,Sylhet,Sunamganj,Chhatak,27.4,82,0.2,0.9245,High
4/18/2026 12:00,Sylhet,Sunamganj,Chhatak,29.4,73,0,0.937,High
4/18/2026 14:00,Sylhet,Sunamganj,Chhatak,29.7,71,0,1,High
4/18/2026 16:00,Sylhet,Sunamganj,Chhatak,29.4,71,0,1,High
4/18/2026 18:00,Sylhet,Sunamganj,Chhatak,28.5,82,0,1,High
4/18/2026 20:00,Sylhet,Sunamganj,Chhatak,26,90,0,1,High
4/18/2026 22:00,Sylhet,Sunamganj,Chhatak,24.4,98,0,0.662,Medium
4/19/2026 0:00,Sylhet,Sunamganj,Chhatak,23.8,99,0,0.455,Medium
4/19/2026 2:00,Sylhet,Sunamganj,Chhatak,23.5,98,0,0.4485,Low
4/19/2026 4:00,Sylhet,Sunamganj,Chhatak,22.6,98,0,0.435,Low
4/19/2026 6:00,Sylhet,Sunamganj,Chhatak,23.1,98,0,0.7425,High
4/19/2026 8:00,Sylhet,Sunamganj,Chhatak,25.1,90,0,0.7565,High
4/19/2026 10:00,Sylhet,Sunamganj,Chhatak,28,77,0.1,0.9238,High
4/19/2026 12:00,Sylhet,Sunamganj,Chhatak,28.9,74,0.2,0.931,High
4/19/2026 14:00,Sylhet,Sunamganj,Chhatak,29.5,71,0,1,High
4/19/2026 16:00,Sylhet,Sunamganj,Chhatak,28.4,75,0.1,1,High
4/19/2026 18:00,Sylhet,Sunamganj,Chhatak,27.6,90,0,1,High
4/19/2026 20:00,Sylhet,Sunamganj,Chhatak,25.5,97,0,1,High
4/19/2026 22:00,Sylhet,Sunamganj,Chhatak,24.6,99,0,0.667,Medium
4/20/2026 0:00,Sylhet,Sunamganj,Chhatak,23.5,98,8.7,0.4268,Low
4/20/2026 2:00,Sylhet,Sunamganj,Chhatak,22.4,98,3.3,0.4238,Low
4/20/2026 4:00,Sylhet,Sunamganj,Chhatak,22.4,95,2,0.421,Low
4/20/2026 6:00,Sylhet,Sunamganj,Chhatak,22.6,95,0,0.729,High
4/20/2026 8:00,Sylhet,Sunamganj,Chhatak,24.9,90,0,0.7535,High
4/20/2026 10:00,Sylhet,Sunamganj,Chhatak,26.9,78,0.1,0.9092,High
4/20/2026 12:00,Sylhet,Sunamganj,Chhatak,29.8,68,0,0.933,High
4/20/2026 14:00,Sylhet,Sunamganj,Chhatak,30.6,69,0,1,High
4/20/2026 16:00,Sylhet,Sunamganj,Chhatak,30.5,70,0,1,High
4/20/2026 18:00,Sylhet,Sunamganj,Chhatak,26.8,90,0,1,High
4/20/2026 20:00,Sylhet,Sunamganj,Chhatak,24.8,90,0,1,High
4/20/2026 22:00,Sylhet,Sunamganj,Chhatak,23.4,94,5.6,0.625,Medium
4/21/2026 0:00,Sylhet,Sunamganj,Chhatak,23,96,0,0.437,Low
4/21/2026 2:00,Sylhet,Sunamganj,Chhatak,22.8,98,0.1,0.4378,Low
4/21/2026 4:00,Sylhet,Sunamganj,Chhatak,22.7,96,0.2,0.432,Low
4/21/2026 6:00,Sylhet,Sunamganj,Chhatak,23.6,94,0.1,0.7418,High
4/21/2026 8:00,Sylhet,Sunamganj,Chhatak,25,89,0.1,0.7527,High
4/21/2026 10:00,Sylhet,Sunamganj,Chhatak,26,83,0,0.906,High
4/21/2026 12:00,Sylhet,Sunamganj,Chhatak,28.2,75,0,0.923,High
4/21/2026 14:00,Sylhet,Sunamganj,Chhatak,29.8,72,0,1,High
4/21/2026 16:00,Sylhet,Sunamganj,Chhatak,30.3,70,0,1,High
4/21/2026 18:00,Sylhet,Sunamganj,Chhatak,28.9,82,0,1,High
4/21/2026 20:00,Sylhet,Sunamganj,Chhatak,26.5,83,0,1,High
4/21/2026 22:00,Sylhet,Sunamganj,Chhatak,24.4,91,0.1,0.6477,Medium
4/22/2026 0:00,Sylhet,Sunamganj,Chhatak,23.3,94,2,0.4325,Low
4/22/2026 2:00,Sylhet,Sunamganj,Chhatak,23,99,0,0.443,Low
4/22/2026 4:00,Sylhet,Sunamganj,Chhatak,23.5,94,0,0.4405,Low
4/22/2026 6:00,Sylhet,Sunamganj,Chhatak,21.5,92,0.2,0.706,High
4/22/2026 8:00,Sylhet,Sunamganj,Chhatak,21.9,85,0.1,0.6982,Medium
4/22/2026 10:00,Sylhet,Sunamganj,Chhatak,24.6,78,0,0.875,High
4/22/2026 12:00,Sylhet,Sunamganj,Chhatak,29,71,0,0.927,High
4/22/2026 14:00,Sylhet,Sunamganj,Chhatak,30.7,69,0,1,High
4/22/2026 16:00,Sylhet,Sunamganj,Chhatak,30.4,69,0,1,High
4/22/2026 18:00,Sylhet,Sunamganj,Chhatak,28.1,75,0,1,High
4/22/2026 20:00,Sylhet,Sunamganj,Chhatak,25.9,88,0,1,High
4/22/2026 22:00,Sylhet,Sunamganj,Chhatak,24.1,96,0,0.6535,Medium
4/23/2026 0:00,Sylhet,Sunamganj,Chhatak,24.2,98,0,0.459,Medium
4/23/2026 2:00,Sylhet,Sunamganj,Chhatak,24.6,89,0,0.447,Low
4/23/2026 4:00,Sylhet,Sunamganj,Chhatak,23.3,95,0,0.4395,Low
4/23/2026 6:00,Sylhet,Sunamganj,Chhatak,23.6,93,0,0.74,High
4/23/2026 8:00,Sylhet,Sunamganj,Chhatak,25.8,90,0,0.767,High
4/23/2026 10:00,Sylhet,Sunamganj,Chhatak,27.7,80,0.2,0.925,High
4/23/2026 12:00,Sylhet,Sunamganj,Chhatak,29,74,0.1,0.9328,High
4/23/2026 14:00,Sylhet,Sunamganj,Chhatak,31,64,0,1,High
4/23/2026 16:00,Sylhet,Sunamganj,Chhatak,31.5,61,0,1,High
4/23/2026 18:00,Sylhet,Sunamganj,Chhatak,29.1,80,0,1,High
4/23/2026 20:00,Sylhet,Sunamganj,Chhatak,26.6,89,0,1,High
4/23/2026 22:00,Sylhet,Sunamganj,Chhatak,25.2,94,0,0.666,Medium
4/24/2026 0:00,Sylhet,Sunamganj,Chhatak,24.5,100,0,0.4675,Medium
4/24/2026 2:00,Sylhet,Sunamganj,Chhatak,24.1,100,0,0.4615,Medium
4/24/2026 4:00,Sylhet,Sunamganj,Chhatak,23.9,100,0,0.4585,Medium
4/24/2026 6:00,Sylhet,Sunamganj,Chhatak,24.2,100,0,0.763,High
4/24/2026 8:00,Sylhet,Sunamganj,Chhatak,25.6,93,0.4,0.769,High
4/24/2026 10:00,Sylhet,Sunamganj,Chhatak,29.1,77,0,0.9405,High
4/24/2026 12:00,Sylhet,Sunamganj,Chhatak,31.4,68,0.1,0.9568,High
4/24/2026 14:00,Sylhet,Sunamganj,Chhatak,32.5,63,0,1,High
4/24/2026 16:00,Sylhet,Sunamganj,Chhatak,32.2,65,0,1,High
4/24/2026 18:00,Sylhet,Sunamganj,Chhatak,31,78,0,1,High
4/24/2026 20:00,Sylhet,Sunamganj,Chhatak,28,90,0,1,High
4/24/2026 22:00,Sylhet,Sunamganj,Chhatak,26.1,99,0,0.6895,Medium
4/25/2026 0:00,Sylhet,Sunamganj,Chhatak,25.9,99,0,0.4865,Medium
4/25/2026 2:00,Sylhet,Sunamganj,Chhatak,24.8,100,0,0.472,Medium
4/25/2026 4:00,Sylhet,Sunamganj,Chhatak,24.4,100,0,0.466,Medium
4/25/2026 6:00,Sylhet,Sunamganj,Chhatak,25.7,91,0,0.7675,High
4/25/2026 8:00,Sylhet,Sunamganj,Chhatak,25.2,88,0.3,0.7532,High
4/25/2026 10:00,Sylhet,Sunamganj,Chhatak,27.6,82,0.1,0.9278,High
4/25/2026 12:00,Sylhet,Sunamganj,Chhatak,30.6,72,0,0.953,High
4/25/2026 14:00,Sylhet,Sunamganj,Chhatak,32.4,65,0,1,High
4/25/2026 16:00,Sylhet,Sunamganj,Chhatak,32,65,0,1,High
4/25/2026 18:00,Sylhet,Sunamganj,Chhatak,30,83,0,1,High
4/25/2026 20:00,Sylhet,Sunamganj,Chhatak,26.9,88,0,1,High
4/25/2026 22:00,Sylhet,Sunamganj,Chhatak,25,94,0,0.663,Medium
4/26/2026 0:00,Sylhet,Sunamganj,Chhatak,24.6,100,0,0.469,Medium
4/26/2026 2:00,Sylhet,Sunamganj,Chhatak,24.1,100,0,0.4615,Medium
4/26/2026 4:00,Sylhet,Sunamganj,Chhatak,24.9,86,0,0.4455,Low
4/26/2026 6:00,Sylhet,Sunamganj,Chhatak,23.4,99,0,0.749,High
4/26/2026 8:00,Sylhet,Sunamganj,Chhatak,25.5,89,0,0.7605,High
4/26/2026 10:00,Sylhet,Sunamganj,Chhatak,28.2,76,0,0.925,High
4/26/2026 12:00,Sylhet,Sunamganj,Chhatak,28.4,64,0,0.904,High
4/26/2026 14:00,Sylhet,Sunamganj,Chhatak,27.8,68,0,1,High
4/26/2026 16:00,Sylhet,Sunamganj,Chhatak,25,83,0.4,0.99,High
4/26/2026 18:00,Sylhet,Sunamganj,Chhatak,24.7,84,0.9,1,High
4/26/2026 20:00,Sylhet,Sunamganj,Chhatak,24,83,0,1,High
4/26/2026 22:00,Sylhet,Sunamganj,Chhatak,23.5,87,0,0.6265,Medium
4/27/2026 0:00,Sylhet,Sunamganj,Chhatak,23.2,86,0.9,0.4178,Low
4/27/2026 2:00,Sylhet,Sunamganj,Chhatak,22.5,87,1.1,0.4088,Low
4/27/2026 4:00,Sylhet,Sunamganj,Chhatak,22.4,86,0,0.408,Low
4/27/2026 6:00,Sylhet,Sunamganj,Chhatak,20.6,92,1.2,0.69,Medium
4/27/2026 8:00,Sylhet,Sunamganj,Chhatak,21.1,95,2,0.7015,High
4/27/2026 10:00,Sylhet,Sunamganj,Chhatak,22.2,90,0.6,0.8615,High
4/27/2026 12:00,Sylhet,Sunamganj,Chhatak,23,81,0.6,0.8555,High
4/27/2026 14:00,Sylhet,Sunamganj,Chhatak,24.2,77,0,0.967,High
4/27/2026 16:00,Sylhet,Sunamganj,Chhatak,22.3,92,5.3,0.9552,High
4/27/2026 18:00,Sylhet,Sunamganj,Chhatak,22.4,93,0.4,1,High
4/27/2026 20:00,Sylhet,Sunamganj,Chhatak,22,94,0.4,1,High
4/27/2026 22:00,Sylhet,Sunamganj,Chhatak,21.8,96,0.9,0.6168,Medium
4/28/2026 0:00,Sylhet,Sunamganj,Chhatak,21.7,96,1.2,0.4145,Low
4/28/2026 2:00,Sylhet,Sunamganj,Chhatak,21.4,95,0.6,0.4095,Low
4/28/2026 4:00,Sylhet,Sunamganj,Chhatak,21,98,3.9,0.4013,Low
4/28/2026 6:00,Sylhet,Sunamganj,Chhatak,22.4,94,4.5,0.7127,High
4/28/2026 8:00,Sylhet,Sunamganj,Chhatak,23.8,88,2.5,0.7268,High
4/28/2026 10:00,Sylhet,Sunamganj,Chhatak,23.5,92,16.3,0.8458,High
4/28/2026 12:00,Sylhet,Sunamganj,Chhatak,23.8,84,1.9,0.8702,High
4/28/2026 14:00,Sylhet,Sunamganj,Chhatak,24.7,82,0.2,0.984,High
4/28/2026 16:00,Sylhet,Sunamganj,Chhatak,23.8,87,0.2,0.9805,High
4/28/2026 18:00,Sylhet,Sunamganj,Chhatak,23.4,93,1.6,1,High
4/28/2026 20:00,Sylhet,Sunamganj,Chhatak,23,92,0.3,1,High
4/28/2026 22:00,Sylhet,Sunamganj,Chhatak,22.2,94,2.5,0.6148,Medium
4/29/2026 0:00,Sylhet,Sunamganj,Chhatak,22.6,97,0.4,0.432,Low
4/29/2026 2:00,Sylhet,Sunamganj,Chhatak,22.2,98,1.3,0.4258,Low
4/29/2026 4:00,Sylhet,Sunamganj,Chhatak,21.8,97,6.6,0.4045,Low
4/29/2026 6:00,Sylhet,Sunamganj,Chhatak,21.6,94,19.6,0.663,Medium
4/29/2026 8:00,Sylhet,Sunamganj,Chhatak,21.6,94,4.7,0.7002,High
4/29/2026 10:00,Sylhet,Sunamganj,Chhatak,21.9,94,5.8,0.852,High
4/29/2026 12:00,Sylhet,Sunamganj,Chhatak,21.4,93,0.3,0.8562,High
4/29/2026 14:00,Sylhet,Sunamganj,Chhatak,23.9,78,0,0.9645,High
4/29/2026 16:00,Sylhet,Sunamganj,Chhatak,23.8,78,0,0.963,High
4/29/2026 18:00,Sylhet,Sunamganj,Chhatak,23.4,81,0,1,High
4/29/2026 20:00,Sylhet,Sunamganj,Chhatak,22.3,86,0,1,High
4/29/2026 22:00,Sylhet,Sunamganj,Chhatak,21,92,0,0.599,Medium
4/30/2026 0:00,Sylhet,Sunamganj,Chhatak,21.4,92,0,0.405,Low
4/30/2026 2:00,Sylhet,Sunamganj,Chhatak,21.4,95,1,0.4085,Low
4/30/2026 4:00,Sylhet,Sunamganj,Chhatak,20.9,96,1.3,0.4022,Low
4/30/2026 6:00,Sylhet,Sunamganj,Chhatak,20.9,95,0,0.7035,High
4/30/2026 8:00,Sylhet,Sunamganj,Chhatak,22.1,87,0.1,0.7052,High
4/30/2026 10:00,Sylhet,Sunamganj,Chhatak,25.5,73,0,0.8785,High
4/30/2026 12:00,Sylhet,Sunamganj,Chhatak,26.2,69,0,0.881,High
4/30/2026 14:00,Sylhet,Sunamganj,Chhatak,27.5,64,0,0.9905,High
4/30/2026 16:00,Sylhet,Sunamganj,Chhatak,27.9,62,0,0.9925,High
4/30/2026 18:00,Sylhet,Sunamganj,Chhatak,25.7,81,0,1,High
4/30/2026 20:00,Sylhet,Sunamganj,Chhatak,22.8,92,0,1,High
4/30/2026 22:00,Sylhet,Sunamganj,Chhatak,22,94,0.3,0.6172,Medium
5/1/2026 0:00,Sylhet,Sunamganj,Chhatak,21.6,98,0,0.42,Low
5/1/2026 2:00,Sylhet,Sunamganj,Chhatak,22.4,94,0,0.424,Low
5/1/2026 4:00,Sylhet,Sunamganj,Chhatak,21.6,94,0,0.412,Low
5/1/2026 6:00,Sylhet,Sunamganj,Chhatak,21.5,93,0.4,0.7075,High
5/1/2026 8:00,Sylhet,Sunamganj,Chhatak,22.6,96,0.7,0.7292,High
5/1/2026 10:00,Sylhet,Sunamganj,Chhatak,24,87,0.1,0.8838,High
5/1/2026 12:00,Sylhet,Sunamganj,Chhatak,25,83,0,0.891,High
5/1/2026 14:00,Sylhet,Sunamganj,Chhatak,25.6,75,2.2,0.9785,High
5/1/2026 16:00,Sylhet,Sunamganj,Chhatak,23.6,85,0.2,0.9735,High
5/1/2026 18:00,Sylhet,Sunamganj,Chhatak,23,85,0,1,High
5/1/2026 20:00,Sylhet,Sunamganj,Chhatak,21.1,91,0,1,High
5/1/2026 22:00,Sylhet,Sunamganj,Chhatak,20.8,93,0,0.598,Medium
5/2/2026 0:00,Sylhet,Sunamganj,Chhatak,21.2,94,0,0.406,Low
5/2/2026 2:00,Sylhet,Sunamganj,Chhatak,20.9,97,0.1,0.4072,Low
5/2/2026 4:00,Sylhet,Sunamganj,Chhatak,20.5,98,0,0.4035,Low
5/2/2026 6:00,Sylhet,Sunamganj,Chhatak,21.2,96,0,0.71,High
5/2/2026 8:00,Sylhet,Sunamganj,Chhatak,20.9,97,2.8,0.7005,High
5/2/2026 10:00,Sylhet,Sunamganj,Chhatak,22,91,0.3,0.8612,High
5/2/2026 12:00,Sylhet,Sunamganj,Chhatak,21.8,96,0.8,0.867,High
5/2/2026 14:00,Sylhet,Sunamganj,Chhatak,22.5,88,1.4,0.96,High
5/2/2026 16:00,Sylhet,Sunamganj,Chhatak,22,93,1,0.9635,High
5/2/2026 18:00,Sylhet,Sunamganj,Chhatak,22.4,93,0.1,1,High
5/2/2026 20:00,Sylhet,Sunamganj,Chhatak,21.1,95,1.3,1,High
5/2/2026 22:00,Sylhet,Sunamganj,Chhatak,21,93,1.1,0.5982,Medium
5/3/2026 0:00,Sylhet,Sunamganj,Chhatak,21,96,5.3,0.3938,Low
5/3/2026 2:00,Sylhet,Sunamganj,Chhatak,20.3,99,0.4,0.4015,Low
5/3/2026 4:00,Sylhet,Sunamganj,Chhatak,20.1,98,10.5,0.3712,Low
5/3/2026 6:00,Sylhet,Sunamganj,Chhatak,20.5,98,1.4,0.7,High
5/3/2026 8:00,Sylhet,Sunamganj,Chhatak,23.1,86,0,0.7185,High
5/3/2026 10:00,Sylhet,Sunamganj,Chhatak,25.5,75,0,0.8825,High
5/3/2026 12:00,Sylhet,Sunamganj,Chhatak,27,70,0,0.895,High
5/3/2026 14:00,Sylhet,Sunamganj,Chhatak,28.5,64,0.1,1,High
5/3/2026 16:00,Sylhet,Sunamganj,Chhatak,28.1,66,0.1,1,High
5/3/2026 18:00,Sylhet,Sunamganj,Chhatak,25.1,86,0,1,High
5/3/2026 20:00,Sylhet,Sunamganj,Chhatak,23.2,94,0,1,High
5/3/2026 22:00,Sylhet,Sunamganj,Chhatak,22.8,95,0,0.632,Medium
5/4/2026 0:00,Sylhet,Sunamganj,Chhatak,21.5,98,0,0.4185,Low
5/4/2026 2:00,Sylhet,Sunamganj,Chhatak,21.5,96,0,0.4145,Low
5/4/2026 4:00,Sylhet,Sunamganj,Chhatak,21.3,98,0,0.4155,Low
5/4/2026 6:00,Sylhet,Sunamganj,Chhatak,23,93,0,0.731,High
5/4/2026 8:00,Sylhet,Sunamganj,Chhatak,22.2,96,4.8,0.713,High
5/4/2026 10:00,Sylhet,Sunamganj,Chhatak,23.7,91,7.7,0.8682,High
5/4/2026 12:00,Sylhet,Sunamganj,Chhatak,25.6,79,0.1,0.8918,High
5/4/2026 14:00,Sylhet,Sunamganj,Chhatak,26.9,75,0.2,1,High
5/4/2026 16:00,Sylhet,Sunamganj,Chhatak,28,69,0,1,High
5/4/2026 18:00,Sylhet,Sunamganj,Chhatak,25.5,83,0,1,High
5/4/2026 20:00,Sylhet,Sunamganj,Chhatak,23.5,89,0,1,High
5/4/2026 22:00,Sylhet,Sunamganj,Chhatak,22.4,94,0,0.624,Medium
5/5/2026 0:00,Sylhet,Sunamganj,Chhatak,22.5,95,0,0.4275,Low
5/5/2026 2:00,Sylhet,Sunamganj,Chhatak,21.8,99,0,0.425,Low
5/5/2026 4:00,Sylhet,Sunamganj,Chhatak,21.5,100,0,0.4225,Low
5/5/2026 6:00,Sylhet,Sunamganj,Chhatak,21.9,92,0,0.7125,High
5/5/2026 8:00,Sylhet,Sunamganj,Chhatak,24.1,89,0,0.7395,High
5/5/2026 10:00,Sylhet,Sunamganj,Chhatak,27,76,0,0.907,High
5/5/2026 12:00,Sylhet,Sunamganj,Chhatak,30.3,66,0.1,0.9362,High
5/5/2026 14:00,Sylhet,Sunamganj,Chhatak,31,63,0,1,High
5/5/2026 16:00,Sylhet,Sunamganj,Chhatak,30.5,60,0,1,High
5/5/2026 18:00,Sylhet,Sunamganj,Chhatak,28.2,72,0,1,High
5/5/2026 20:00,Sylhet,Sunamganj,Chhatak,25.5,85,0,1,High
5/5/2026 22:00,Sylhet,Sunamganj,Chhatak,23.8,95,0,0.647,Medium
5/6/2026 0:00,Sylhet,Sunamganj,Chhatak,23.8,97,0,0.451,Medium
5/6/2026 2:00,Sylhet,Sunamganj,Chhatak,22.8,95,0.4,0.431,Low
5/6/2026 4:00,Sylhet,Sunamganj,Chhatak,22.8,97,0.3,0.4352,Low
5/6/2026 6:00,Sylhet,Sunamganj,Chhatak,23.1,90,0,0.7265,High
5/6/2026 8:00,Sylhet,Sunamganj,Chhatak,26.8,77,0,0.756,High
5/6/2026 10:00,Sylhet,Sunamganj,Chhatak,29.2,73,0.1,0.9338,High
5/6/2026 12:00,Sylhet,Sunamganj,Chhatak,29.6,70,0.1,0.9338,High
5/6/2026 14:00,Sylhet,Sunamganj,Chhatak,29.2,70,0,1,High
5/6/2026 16:00,Sylhet,Sunamganj,Chhatak,28,75,0,1,High
5/6/2026 18:00,Sylhet,Sunamganj,Chhatak,26.4,81,0,1,High
5/6/2026 20:00,Sylhet,Sunamganj,Chhatak,25.4,90,1.2,1,High
5/6/2026 22:00,Sylhet,Sunamganj,Chhatak,24.6,94,1.6,0.653,Medium
5/7/2026 0:00,Sylhet,Sunamganj,Chhatak,24.4,86,0.5,0.4368,Low
5/7/2026 2:00,Sylhet,Sunamganj,Chhatak,23.2,94,0,0.436,Low
5/7/2026 4:00,Sylhet,Sunamganj,Chhatak,22.3,97,0,0.4285,Low
5/7/2026 6:00,Sylhet,Sunamganj,Chhatak,23,100,0,0.745,High
5/7/2026 8:00,Sylhet,Sunamganj,Chhatak,25.5,87,0,0.7565,High
5/7/2026 10:00,Sylhet,Sunamganj,Chhatak,28.7,70,0,0.9205,High
5/7/2026 12:00,Sylhet,Sunamganj,Chhatak,29.5,60,0,0.9125,High
5/7/2026 14:00,Sylhet,Sunamganj,Chhatak,30.4,59,0,1,High
5/7/2026 16:00,Sylhet,Sunamganj,Chhatak,30.3,58,0,1,High
5/7/2026 18:00,Sylhet,Sunamganj,Chhatak,28.9,74,0,1,High
5/7/2026 20:00,Sylhet,Sunamganj,Chhatak,26.6,79,0,1,High
5/7/2026 22:00,Sylhet,Sunamganj,Chhatak,25.4,88,0,0.657,Medium
5/8/2026 0:00,Sylhet,Sunamganj,Chhatak,25.5,89,0,0.4605,Medium
5/8/2026 2:00,Sylhet,Sunamganj,Chhatak,23.5,97,0,0.4465,Low
5/8/2026 4:00,Sylhet,Sunamganj,Chhatak,22.6,100,0,0.439,Low
5/8/2026 6:00,Sylhet,Sunamganj,Chhatak,22.4,95,0,0.726,High
5/8/2026 8:00,Sylhet,Sunamganj,Chhatak,26.9,80,0,0.7635,High
5/8/2026 10:00,Sylhet,Sunamganj,Chhatak,30.4,60,0,0.926,High
5/8/2026 12:00,Sylhet,Sunamganj,Chhatak,30.9,59,0,0.9315,High
5/8/2026 14:00,Sylhet,Sunamganj,Chhatak,31.1,57,0.1,1,High
5/8/2026 16:00,Sylhet,Sunamganj,Chhatak,31,53,0,1,High
5/8/2026 18:00,Sylhet,Sunamganj,Chhatak,28.5,65,0,1,High
5/8/2026 20:00,Sylhet,Sunamganj,Chhatak,26.2,74,0,1,High
5/8/2026 22:00,Sylhet,Sunamganj,Chhatak,24.5,87,0,0.6415,Medium
5/9/2026 0:00,Sylhet,Sunamganj,Chhatak,23.5,94,0,0.4405,Low
5/9/2026 2:00,Sylhet,Sunamganj,Chhatak,22.1,96,0,0.4235,Low
5/9/2026 4:00,Sylhet,Sunamganj,Chhatak,21.5,100,0,0.4225,Low
5/9/2026 6:00,Sylhet,Sunamganj,Chhatak,22.5,99,0,0.7355,High
5/9/2026 8:00,Sylhet,Sunamganj,Chhatak,25.6,78,0,0.74,High
5/9/2026 10:00,Sylhet,Sunamganj,Chhatak,29.5,65,0,0.9225,High
5/9/2026 12:00,Sylhet,Sunamganj,Chhatak,31.5,55,0,0.9325,High
5/9/2026 14:00,Sylhet,Sunamganj,Chhatak,32.8,47,0,1,High
5/9/2026 16:00,Sylhet,Sunamganj,Chhatak,32.2,50,0,1,High
5/9/2026 18:00,Sylhet,Sunamganj,Chhatak,30.1,72,0,1,High
5/9/2026 20:00,Sylhet,Sunamganj,Chhatak,27.5,78,0,1,High
5/9/2026 22:00,Sylhet,Sunamganj,Chhatak,26,87,0,0.664,Medium
5/10/2026 0:00,Sylhet,Sunamganj,Chhatak,24.9,93,0,0.4595,Medium
5/10/2026 2:00,Sylhet,Sunamganj,Chhatak,24.7,91,0,0.4525,Medium
5/10/2026 4:00,Sylhet,Sunamganj,Chhatak,24.8,91,0,0.454,Medium
5/10/2026 6:00,Sylhet,Sunamganj,Chhatak,24,91,0,0.742,High
5/10/2026 8:00,Sylhet,Sunamganj,Chhatak,27.6,79,0,0.772,High
5/10/2026 10:00,Sylhet,Sunamganj,Chhatak,30.6,65,0,0.939,High
5/10/2026 12:00,Sylhet,Sunamganj,Chhatak,32.3,52,0,0.9385,High
5/10/2026 14:00,Sylhet,Sunamganj,Chhatak,32.4,48,0,1,High
5/10/2026 16:00,Sylhet,Sunamganj,Chhatak,28.1,69,2.7,1,High
5/10/2026 18:00,Sylhet,Sunamganj,Chhatak,26,81,0,1,High
5/10/2026 20:00,Sylhet,Sunamganj,Chhatak,24.9,87,0,1,High
5/10/2026 22:00,Sylhet,Sunamganj,Chhatak,24.4,91,0,0.648,Medium
5/11/2026 0:00,Sylhet,Sunamganj,Chhatak,24.8,90,0,0.452,Medium
5/11/2026 2:00,Sylhet,Sunamganj,Chhatak,23.8,89,0.7,0.4332,Low
5/11/2026 4:00,Sylhet,Sunamganj,Chhatak,22,92,0.7,0.4122,Low
5/11/2026 6:00,Sylhet,Sunamganj,Chhatak,22.9,95,0.1,0.7332,High
5/11/2026 8:00,Sylhet,Sunamganj,Chhatak,22.2,87,1.2,0.704,High
5/11/2026 10:00,Sylhet,Sunamganj,Chhatak,27.8,70,0,0.907,High
5/11/2026 12:00,Sylhet,Sunamganj,Chhatak,27.9,70,0,0.9085,High
5/11/2026 14:00,Sylhet,Sunamganj,Chhatak,23.3,91,7.5,0.9627,High
5/11/2026 16:00,Sylhet,Sunamganj,Chhatak,26.2,77,0.1,0.9968,High
5/11/2026 18:00,Sylhet,Sunamganj,Chhatak,26.9,79,0,1,High
5/11/2026 20:00,Sylhet,Sunamganj,Chhatak,24.8,90,0,1,High
5/11/2026 22:00,Sylhet,Sunamganj,Chhatak,24.2,91,0,0.645,Medium
5/12/2026 0:00,Sylhet,Sunamganj,Chhatak,22.9,96,0,0.4355,Low
5/12/2026 2:00,Sylhet,Sunamganj,Chhatak,22.2,100,0,0.433,Low
5/12/2026 4:00,Sylhet,Sunamganj,Chhatak,22.4,100,0,0.436,Low
5/12/2026 6:00,Sylhet,Sunamganj,Chhatak,23,96,0.4,0.736,High
5/12/2026 8:00,Sylhet,Sunamganj,Chhatak,25.9,86,0.1,0.7602,High
5/12/2026 10:00,Sylhet,Sunamganj,Chhatak,28.2,74,0.1,0.9208,High
5/12/2026 12:00,Sylhet,Sunamganj,Chhatak,29.5,63,0.1,0.9182,High
5/12/2026 14:00,Sylhet,Sunamganj,Chhatak,30.1,64,0,1,High
5/12/2026 16:00,Sylhet,Sunamganj,Chhatak,29.9,65,0,1,High
5/12/2026 18:00,Sylhet,Sunamganj,Chhatak,28,79,0,1,High
5/12/2026 20:00,Sylhet,Sunamganj,Chhatak,26.2,89,0,1,High
5/12/2026 22:00,Sylhet,Sunamganj,Chhatak,24.7,99,0,0.6685,Medium
5/13/2026 0:00,Sylhet,Sunamganj,Chhatak,25,99,0,0.473,Medium
5/13/2026 2:00,Sylhet,Sunamganj,Chhatak,22.5,99,9.6,0.4115,Low
5/13/2026 4:00,Sylhet,Sunamganj,Chhatak,22.5,98,0.5,0.4322,Low
5/13/2026 6:00,Sylhet,Sunamganj,Chhatak,23.5,97,3.5,0.7377,High
5/13/2026 8:00,Sylhet,Sunamganj,Chhatak,23.7,97,2.6,0.743,High
5/13/2026 10:00,Sylhet,Sunamganj,Chhatak,24.9,94,1,0.909,High
5/13/2026 12:00,Sylhet,Sunamganj,Chhatak,28.8,72,0.1,0.9258,High
5/13/2026 14:00,Sylhet,Sunamganj,Chhatak,30.4,62,0.1,1,High
5/13/2026 16:00,Sylhet,Sunamganj,Chhatak,30.6,63,0,1,High
5/13/2026 18:00,Sylhet,Sunamganj,Chhatak,28.8,74,0.1,1,High
5/13/2026 20:00,Sylhet,Sunamganj,Chhatak,26.2,90,0,1,High
5/13/2026 22:00,Sylhet,Sunamganj,Chhatak,22.5,99,4.2,0.625,Medium
4/13/2026 0:00,Sylhet,Sunamganj,Dakshin Sunamganj,22.2,92,0,0.417,Low
4/13/2026 2:00,Sylhet,Sunamganj,Dakshin Sunamganj,22.6,79,0,0.397,Low
4/13/2026 4:00,Sylhet,Sunamganj,Dakshin Sunamganj,21.9,82,0,0.3925,Low
4/13/2026 6:00,Sylhet,Sunamganj,Dakshin Sunamganj,21.2,92,0,0.702,High
4/13/2026 8:00,Sylhet,Sunamganj,Dakshin Sunamganj,21.9,85,0,0.6985,Medium
4/13/2026 10:00,Sylhet,Sunamganj,Dakshin Sunamganj,24.2,77,0,0.867,High
4/13/2026 12:00,Sylhet,Sunamganj,Dakshin Sunamganj,24.5,76,0,0.8695,High
4/13/2026 14:00,Sylhet,Sunamganj,Dakshin Sunamganj,27.4,67,0,0.995,High
4/13/2026 16:00,Sylhet,Sunamganj,Dakshin Sunamganj,27,72,0,0.999,High
4/13/2026 18:00,Sylhet,Sunamganj,Dakshin Sunamganj,26.1,82,0,1,High
4/13/2026 20:00,Sylhet,Sunamganj,Dakshin Sunamganj,23.8,87,0,1,High
4/13/2026 22:00,Sylhet,Sunamganj,Dakshin Sunamganj,22,92,0,0.614,Medium
4/14/2026 0:00,Sylhet,Sunamganj,Dakshin Sunamganj,21.9,91,15,0.373,Low
4/14/2026 2:00,Sylhet,Sunamganj,Dakshin Sunamganj,21.2,96,0,0.41,Low
4/14/2026 4:00,Sylhet,Sunamganj,Dakshin Sunamganj,20.9,97,3.8,0.398,Low
4/14/2026 6:00,Sylhet,Sunamganj,Dakshin Sunamganj,21.4,99,0.1,0.7188,High
4/14/2026 8:00,Sylhet,Sunamganj,Dakshin Sunamganj,23.6,92,0,0.738,High
4/14/2026 10:00,Sylhet,Sunamganj,Dakshin Sunamganj,27.5,72,0,0.9065,High
4/14/2026 12:00,Sylhet,Sunamganj,Dakshin Sunamganj,28.6,68,0.1,0.9148,High
4/14/2026 14:00,Sylhet,Sunamganj,Dakshin Sunamganj,29.8,63,0,1,High
4/14/2026 16:00,Sylhet,Sunamganj,Dakshin Sunamganj,30,63,0,1,High
4/14/2026 18:00,Sylhet,Sunamganj,Dakshin Sunamganj,27.2,83,0,1,High
4/14/2026 20:00,Sylhet,Sunamganj,Dakshin Sunamganj,24.8,94,0.1,1,High
4/14/2026 22:00,Sylhet,Sunamganj,Dakshin Sunamganj,22.8,90,0.9,0.6198,Medium
4/15/2026 0:00,Sylhet,Sunamganj,Dakshin Sunamganj,22.4,97,1.6,0.426,Low
4/15/2026 2:00,Sylhet,Sunamganj,Dakshin Sunamganj,21.6,99,0.1,0.4218,Low
4/15/2026 4:00,Sylhet,Sunamganj,Dakshin Sunamganj,21.2,96,0.3,0.4092,Low
4/15/2026 6:00,Sylhet,Sunamganj,Dakshin Sunamganj,21,98,0,0.711,High
4/15/2026 8:00,Sylhet,Sunamganj,Dakshin Sunamganj,22.4,92,0,0.72,High
4/15/2026 10:00,Sylhet,Sunamganj,Dakshin Sunamganj,25.1,80,0,0.8865,High
4/15/2026 12:00,Sylhet,Sunamganj,Dakshin Sunamganj,28,68,0,0.906,High
4/15/2026 14:00,Sylhet,Sunamganj,Dakshin Sunamganj,29.1,67,0,1,High
4/15/2026 16:00,Sylhet,Sunamganj,Dakshin Sunamganj,29.1,68,0,1,High
4/15/2026 18:00,Sylhet,Sunamganj,Dakshin Sunamganj,27.2,79,0,1,High
4/15/2026 20:00,Sylhet,Sunamganj,Dakshin Sunamganj,24.2,84,0.3,1,High
4/15/2026 22:00,Sylhet,Sunamganj,Dakshin Sunamganj,22,92,1.1,0.6112,Medium
4/16/2026 0:00,Sylhet,Sunamganj,Dakshin Sunamganj,20.6,98,13.5,0.3713,Low
4/16/2026 2:00,Sylhet,Sunamganj,Dakshin Sunamganj,21,94,0,0.403,Low
4/16/2026 4:00,Sylhet,Sunamganj,Dakshin Sunamganj,20.8,92,0.1,0.3958,Low
4/16/2026 6:00,Sylhet,Sunamganj,Dakshin Sunamganj,21.5,98,0.2,0.718,High
4/16/2026 8:00,Sylhet,Sunamganj,Dakshin Sunamganj,24,89,0,0.738,High
4/16/2026 10:00,Sylhet,Sunamganj,Dakshin Sunamganj,27.5,77,0,0.9165,High
4/16/2026 12:00,Sylhet,Sunamganj,Dakshin Sunamganj,29.6,66,0,0.926,High
4/16/2026 14:00,Sylhet,Sunamganj,Dakshin Sunamganj,30.5,62,0.2,1,High
4/16/2026 16:00,Sylhet,Sunamganj,Dakshin Sunamganj,30.3,63,0,1,High
4/16/2026 18:00,Sylhet,Sunamganj,Dakshin Sunamganj,27.8,80,0,1,High
4/16/2026 20:00,Sylhet,Sunamganj,Dakshin Sunamganj,25.2,91,0,1,High
4/16/2026 22:00,Sylhet,Sunamganj,Dakshin Sunamganj,24.5,93,0,0.6535,Medium
4/17/2026 0:00,Sylhet,Sunamganj,Dakshin Sunamganj,25.4,88,1.4,0.4535,Medium
4/17/2026 2:00,Sylhet,Sunamganj,Dakshin Sunamganj,24,92,0.1,0.4438,Low
4/17/2026 4:00,Sylhet,Sunamganj,Dakshin Sunamganj,22.9,98,0,0.4395,Low
4/17/2026 6:00,Sylhet,Sunamganj,Dakshin Sunamganj,23.4,98,0,0.747,High
4/17/2026 8:00,Sylhet,Sunamganj,Dakshin Sunamganj,26,90,0,0.77,High
4/17/2026 10:00,Sylhet,Sunamganj,Dakshin Sunamganj,28.6,76,0,0.931,High
4/17/2026 12:00,Sylhet,Sunamganj,Dakshin Sunamganj,30.7,71,0,0.9525,High
4/17/2026 14:00,Sylhet,Sunamganj,Dakshin Sunamganj,31.5,72,0.1,1,High
4/17/2026 16:00,Sylhet,Sunamganj,Dakshin Sunamganj,27,80,4.8,1,High
4/17/2026 18:00,Sylhet,Sunamganj,Dakshin Sunamganj,27.6,85,0,1,High
4/17/2026 20:00,Sylhet,Sunamganj,Dakshin Sunamganj,25.5,93,0,1,High
4/17/2026 22:00,Sylhet,Sunamganj,Dakshin Sunamganj,24.4,99,0,0.664,Medium
4/18/2026 0:00,Sylhet,Sunamganj,Dakshin Sunamganj,23.9,100,0,0.4585,Medium
4/18/2026 2:00,Sylhet,Sunamganj,Dakshin Sunamganj,23.6,100,0,0.454,Medium
4/18/2026 4:00,Sylhet,Sunamganj,Dakshin Sunamganj,23.4,96,0.2,0.4425,Low
4/18/2026 6:00,Sylhet,Sunamganj,Dakshin Sunamganj,23.6,96,0,0.746,High
4/18/2026 8:00,Sylhet,Sunamganj,Dakshin Sunamganj,24.1,91,0.7,0.7417,High
4/18/2026 10:00,Sylhet,Sunamganj,Dakshin Sunamganj,27.4,82,0.2,0.9245,High
4/18/2026 12:00,Sylhet,Sunamganj,Dakshin Sunamganj,29.4,73,0,0.937,High
4/18/2026 14:00,Sylhet,Sunamganj,Dakshin Sunamganj,29.7,71,0,1,High
4/18/2026 16:00,Sylhet,Sunamganj,Dakshin Sunamganj,29.4,71,0,1,High
4/18/2026 18:00,Sylhet,Sunamganj,Dakshin Sunamganj,28.5,82,0,1,High
4/18/2026 20:00,Sylhet,Sunamganj,Dakshin Sunamganj,26,90,0,1,High
4/18/2026 22:00,Sylhet,Sunamganj,Dakshin Sunamganj,24.4,98,0,0.662,Medium
4/19/2026 0:00,Sylhet,Sunamganj,Dakshin Sunamganj,23.8,99,0,0.455,Medium
4/19/2026 2:00,Sylhet,Sunamganj,Dakshin Sunamganj,23.5,98,0,0.4485,Low
4/19/2026 4:00,Sylhet,Sunamganj,Dakshin Sunamganj,22.6,98,0,0.435,Low
4/19/2026 6:00,Sylhet,Sunamganj,Dakshin Sunamganj,23.1,98,0,0.7425,High
4/19/2026 8:00,Sylhet,Sunamganj,Dakshin Sunamganj,25.1,90,0,0.7565,High
4/19/2026 10:00,Sylhet,Sunamganj,Dakshin Sunamganj,28,77,0.1,0.9238,High
4/19/2026 12:00,Sylhet,Sunamganj,Dakshin Sunamganj,28.9,74,0.2,0.931,High
4/19/2026 14:00,Sylhet,Sunamganj,Dakshin Sunamganj,29.5,71,0,1,High
4/19/2026 16:00,Sylhet,Sunamganj,Dakshin Sunamganj,28.4,75,0.1,1,High
4/19/2026 18:00,Sylhet,Sunamganj,Dakshin Sunamganj,27.6,90,0,1,High
4/19/2026 20:00,Sylhet,Sunamganj,Dakshin Sunamganj,25.5,97,0,1,High
4/19/2026 22:00,Sylhet,Sunamganj,Dakshin Sunamganj,24.6,99,0,0.667,Medium
4/20/2026 0:00,Sylhet,Sunamganj,Dakshin Sunamganj,23.5,98,8.7,0.4268,Low
4/20/2026 2:00,Sylhet,Sunamganj,Dakshin Sunamganj,22.4,98,3.3,0.4238,Low
4/20/2026 4:00,Sylhet,Sunamganj,Dakshin Sunamganj,22.4,95,2,0.421,Low
4/20/2026 6:00,Sylhet,Sunamganj,Dakshin Sunamganj,22.6,95,0,0.729,High
4/20/2026 8:00,Sylhet,Sunamganj,Dakshin Sunamganj,24.9,90,0,0.7535,High
4/20/2026 10:00,Sylhet,Sunamganj,Dakshin Sunamganj,26.9,78,0.1,0.9092,High
4/20/2026 12:00,Sylhet,Sunamganj,Dakshin Sunamganj,29.8,68,0,0.933,High
4/20/2026 14:00,Sylhet,Sunamganj,Dakshin Sunamganj,30.6,69,0,1,High
4/20/2026 16:00,Sylhet,Sunamganj,Dakshin Sunamganj,30.5,70,0,1,High
4/20/2026 18:00,Sylhet,Sunamganj,Dakshin Sunamganj,26.8,90,0,1,High
4/20/2026 20:00,Sylhet,Sunamganj,Dakshin Sunamganj,24.8,90,0,1,High
4/20/2026 22:00,Sylhet,Sunamganj,Dakshin Sunamganj,23.4,94,5.6,0.625,Medium
4/21/2026 0:00,Sylhet,Sunamganj,Dakshin Sunamganj,23,96,0,0.437,Low
4/21/2026 2:00,Sylhet,Sunamganj,Dakshin Sunamganj,22.8,98,0.1,0.4378,Low
4/21/2026 4:00,Sylhet,Sunamganj,Dakshin Sunamganj,22.7,96,0.2,0.432,Low
4/21/2026 6:00,Sylhet,Sunamganj,Dakshin Sunamganj,23.6,94,0.1,0.7418,High
4/21/2026 8:00,Sylhet,Sunamganj,Dakshin Sunamganj,25,89,0.1,0.7527,High
4/21/2026 10:00,Sylhet,Sunamganj,Dakshin Sunamganj,26,83,0,0.906,High
4/21/2026 12:00,Sylhet,Sunamganj,Dakshin Sunamganj,28.2,75,0,0.923,High
4/21/2026 14:00,Sylhet,Sunamganj,Dakshin Sunamganj,29.8,72,0,1,High
4/21/2026 16:00,Sylhet,Sunamganj,Dakshin Sunamganj,30.3,70,0,1,High
4/21/2026 18:00,Sylhet,Sunamganj,Dakshin Sunamganj,28.9,82,0,1,High
4/21/2026 20:00,Sylhet,Sunamganj,Dakshin Sunamganj,26.5,83,0,1,High
4/21/2026 22:00,Sylhet,Sunamganj,Dakshin Sunamganj,24.4,91,0.1,0.6477,Medium
4/22/2026 0:00,Sylhet,Sunamganj,Dakshin Sunamganj,23.3,94,2,0.4325,Low
4/22/2026 2:00,Sylhet,Sunamganj,Dakshin Sunamganj,23,99,0,0.443,Low
4/22/2026 4:00,Sylhet,Sunamganj,Dakshin Sunamganj,23.5,94,0,0.4405,Low
4/22/2026 6:00,Sylhet,Sunamganj,Dakshin Sunamganj,21.5,92,0.2,0.706,High
4/22/2026 8:00,Sylhet,Sunamganj,Dakshin Sunamganj,21.9,85,0.1,0.6982,Medium
4/22/2026 10:00,Sylhet,Sunamganj,Dakshin Sunamganj,24.6,78,0,0.875,High
4/22/2026 12:00,Sylhet,Sunamganj,Dakshin Sunamganj,29,71,0,0.927,High
4/22/2026 14:00,Sylhet,Sunamganj,Dakshin Sunamganj,30.7,69,0,1,High
4/22/2026 16:00,Sylhet,Sunamganj,Dakshin Sunamganj,30.4,69,0,1,High
4/22/2026 18:00,Sylhet,Sunamganj,Dakshin Sunamganj,28.1,75,0,1,High
4/22/2026 20:00,Sylhet,Sunamganj,Dakshin Sunamganj,25.9,88,0,1,High
4/22/2026 22:00,Sylhet,Sunamganj,Dakshin Sunamganj,24.1,96,0,0.6535,Medium
4/23/2026 0:00,Sylhet,Sunamganj,Dakshin Sunamganj,24.2,98,0,0.459,Medium
4/23/2026 2:00,Sylhet,Sunamganj,Dakshin Sunamganj,24.6,89,0,0.447,Low
4/23/2026 4:00,Sylhet,Sunamganj,Dakshin Sunamganj,23.3,95,0,0.4395,Low
4/23/2026 6:00,Sylhet,Sunamganj,Dakshin Sunamganj,23.6,93,0,0.74,High
4/23/2026 8:00,Sylhet,Sunamganj,Dakshin Sunamganj,25.8,90,0,0.767,High
4/23/2026 10:00,Sylhet,Sunamganj,Dakshin Sunamganj,27.7,80,0.2,0.925,High
4/23/2026 12:00,Sylhet,Sunamganj,Dakshin Sunamganj,29,74,0.1,0.9328,High
4/23/2026 14:00,Sylhet,Sunamganj,Dakshin Sunamganj,31,64,0,1,High
4/23/2026 16:00,Sylhet,Sunamganj,Dakshin Sunamganj,31.5,61,0,1,High
4/23/2026 18:00,Sylhet,Sunamganj,Dakshin Sunamganj,29.1,80,0,1,High
4/23/2026 20:00,Sylhet,Sunamganj,Dakshin Sunamganj,26.6,89,0,1,High
4/23/2026 22:00,Sylhet,Sunamganj,Dakshin Sunamganj,25.2,94,0,0.666,Medium
4/24/2026 0:00,Sylhet,Sunamganj,Dakshin Sunamganj,24.5,100,0,0.4675,Medium
4/24/2026 2:00,Sylhet,Sunamganj,Dakshin Sunamganj,24.1,100,0,0.4615,Medium
4/24/2026 4:00,Sylhet,Sunamganj,Dakshin Sunamganj,23.9,100,0,0.4585,Medium
4/24/2026 6:00,Sylhet,Sunamganj,Dakshin Sunamganj,24.2,100,0,0.763,High
4/24/2026 8:00,Sylhet,Sunamganj,Dakshin Sunamganj,25.6,93,0.4,0.769,High
4/24/2026 10:00,Sylhet,Sunamganj,Dakshin Sunamganj,29.1,77,0,0.9405,High
4/24/2026 12:00,Sylhet,Sunamganj,Dakshin Sunamganj,31.4,68,0.1,0.9568,High
4/24/2026 14:00,Sylhet,Sunamganj,Dakshin Sunamganj,32.5,63,0,1,High
4/24/2026 16:00,Sylhet,Sunamganj,Dakshin Sunamganj,32.2,65,0,1,High
4/24/2026 18:00,Sylhet,Sunamganj,Dakshin Sunamganj,31,78,0,1,High
4/24/2026 20:00,Sylhet,Sunamganj,Dakshin Sunamganj,28,90,0,1,High
4/24/2026 22:00,Sylhet,Sunamganj,Dakshin Sunamganj,26.1,99,0,0.6895,Medium
4/25/2026 0:00,Sylhet,Sunamganj,Dakshin Sunamganj,25.9,99,0,0.4865,Medium
4/25/2026 2:00,Sylhet,Sunamganj,Dakshin Sunamganj,24.8,100,0,0.472,Medium
4/25/2026 4:00,Sylhet,Sunamganj,Dakshin Sunamganj,24.4,100,0,0.466,Medium
4/25/2026 6:00,Sylhet,Sunamganj,Dakshin Sunamganj,25.7,91,0,0.7675,High
4/25/2026 8:00,Sylhet,Sunamganj,Dakshin Sunamganj,25.2,88,0.3,0.7532,High
4/25/2026 10:00,Sylhet,Sunamganj,Dakshin Sunamganj,27.6,82,0.1,0.9278,High
4/25/2026 12:00,Sylhet,Sunamganj,Dakshin Sunamganj,30.6,72,0,0.953,High
4/25/2026 14:00,Sylhet,Sunamganj,Dakshin Sunamganj,32.4,65,0,1,High
4/25/2026 16:00,Sylhet,Sunamganj,Dakshin Sunamganj,32,65,0,1,High
4/25/2026 18:00,Sylhet,Sunamganj,Dakshin Sunamganj,30,83,0,1,High
4/25/2026 20:00,Sylhet,Sunamganj,Dakshin Sunamganj,26.9,88,0,1,High
4/25/2026 22:00,Sylhet,Sunamganj,Dakshin Sunamganj,25,94,0,0.663,Medium
4/26/2026 0:00,Sylhet,Sunamganj,Dakshin Sunamganj,24.6,100,0,0.469,Medium
4/26/2026 2:00,Sylhet,Sunamganj,Dakshin Sunamganj,24.1,100,0,0.4615,Medium
4/26/2026 4:00,Sylhet,Sunamganj,Dakshin Sunamganj,24.9,86,0,0.4455,Low
4/26/2026 6:00,Sylhet,Sunamganj,Dakshin Sunamganj,23.4,99,0,0.749,High
4/26/2026 8:00,Sylhet,Sunamganj,Dakshin Sunamganj,25.5,89,0,0.7605,High
4/26/2026 10:00,Sylhet,Sunamganj,Dakshin Sunamganj,28.2,76,0,0.925,High
4/26/2026 12:00,Sylhet,Sunamganj,Dakshin Sunamganj,28.4,64,0,0.904,High
4/26/2026 14:00,Sylhet,Sunamganj,Dakshin Sunamganj,27.8,68,0,1,High
4/26/2026 16:00,Sylhet,Sunamganj,Dakshin Sunamganj,25,83,0.4,0.99,High
4/26/2026 18:00,Sylhet,Sunamganj,Dakshin Sunamganj,24.7,84,0.9,1,High
4/26/2026 20:00,Sylhet,Sunamganj,Dakshin Sunamganj,24,83,0,1,High
4/26/2026 22:00,Sylhet,Sunamganj,Dakshin Sunamganj,23.5,87,0,0.6265,Medium
4/27/2026 0:00,Sylhet,Sunamganj,Dakshin Sunamganj,23.2,86,0.9,0.4178,Low
4/27/2026 2:00,Sylhet,Sunamganj,Dakshin Sunamganj,22.5,87,1.1,0.4088,Low
4/27/2026 4:00,Sylhet,Sunamganj,Dakshin Sunamganj,22.4,86,0,0.408,Low
4/27/2026 6:00,Sylhet,Sunamganj,Dakshin Sunamganj,20.6,92,1.2,0.69,Medium
4/27/2026 8:00,Sylhet,Sunamganj,Dakshin Sunamganj,21.1,95,2,0.7015,High
4/27/2026 10:00,Sylhet,Sunamganj,Dakshin Sunamganj,22.2,90,0.6,0.8615,High
4/27/2026 12:00,Sylhet,Sunamganj,Dakshin Sunamganj,23,81,0.6,0.8555,High
4/27/2026 14:00,Sylhet,Sunamganj,Dakshin Sunamganj,24.2,77,0,0.967,High
4/27/2026 16:00,Sylhet,Sunamganj,Dakshin Sunamganj,22.3,92,5.3,0.9552,High
4/27/2026 18:00,Sylhet,Sunamganj,Dakshin Sunamganj,22.4,93,0.4,1,High
4/27/2026 20:00,Sylhet,Sunamganj,Dakshin Sunamganj,22,94,0.4,1,High
4/27/2026 22:00,Sylhet,Sunamganj,Dakshin Sunamganj,21.8,96,0.9,0.6168,Medium
4/28/2026 0:00,Sylhet,Sunamganj,Dakshin Sunamganj,21.7,96,1.2,0.4145,Low
4/28/2026 2:00,Sylhet,Sunamganj,Dakshin Sunamganj,21.4,95,0.6,0.4095,Low
4/28/2026 4:00,Sylhet,Sunamganj,Dakshin Sunamganj,21,98,3.9,0.4013,Low
4/28/2026 6:00,Sylhet,Sunamganj,Dakshin Sunamganj,22.4,94,4.5,0.7127,High
4/28/2026 8:00,Sylhet,Sunamganj,Dakshin Sunamganj,23.8,88,2.5,0.7268,High
4/28/2026 10:00,Sylhet,Sunamganj,Dakshin Sunamganj,23.5,92,16.3,0.8458,High
4/28/2026 12:00,Sylhet,Sunamganj,Dakshin Sunamganj,23.8,84,1.9,0.8702,High
4/28/2026 14:00,Sylhet,Sunamganj,Dakshin Sunamganj,24.7,82,0.2,0.984,High
4/28/2026 16:00,Sylhet,Sunamganj,Dakshin Sunamganj,23.8,87,0.2,0.9805,High
4/28/2026 18:00,Sylhet,Sunamganj,Dakshin Sunamganj,23.4,93,1.6,1,High
4/28/2026 20:00,Sylhet,Sunamganj,Dakshin Sunamganj,23,92,0.3,1,High
4/28/2026 22:00,Sylhet,Sunamganj,Dakshin Sunamganj,22.2,94,2.5,0.6148,Medium
4/29/2026 0:00,Sylhet,Sunamganj,Dakshin Sunamganj,22.6,97,0.4,0.432,Low
4/29/2026 2:00,Sylhet,Sunamganj,Dakshin Sunamganj,22.2,98,1.3,0.4258,Low
4/29/2026 4:00,Sylhet,Sunamganj,Dakshin Sunamganj,21.8,97,6.6,0.4045,Low
4/29/2026 6:00,Sylhet,Sunamganj,Dakshin Sunamganj,21.6,94,19.6,0.663,Medium
4/29/2026 8:00,Sylhet,Sunamganj,Dakshin Sunamganj,21.6,94,4.7,0.7002,High
4/29/2026 10:00,Sylhet,Sunamganj,Dakshin Sunamganj,21.9,94,5.8,0.852,High
4/29/2026 12:00,Sylhet,Sunamganj,Dakshin Sunamganj,21.4,93,0.3,0.8562,High
4/29/2026 14:00,Sylhet,Sunamganj,Dakshin Sunamganj,23.9,78,0,0.9645,High
4/29/2026 16:00,Sylhet,Sunamganj,Dakshin Sunamganj,23.8,78,0,0.963,High
4/29/2026 18:00,Sylhet,Sunamganj,Dakshin Sunamganj,23.4,81,0,1,High
4/29/2026 20:00,Sylhet,Sunamganj,Dakshin Sunamganj,22.3,86,0,1,High
4/29/2026 22:00,Sylhet,Sunamganj,Dakshin Sunamganj,21,92,0,0.599,Medium
4/30/2026 0:00,Sylhet,Sunamganj,Dakshin Sunamganj,21.4,92,0,0.405,Low
4/30/2026 2:00,Sylhet,Sunamganj,Dakshin Sunamganj,21.4,95,1,0.4085,Low
4/30/2026 4:00,Sylhet,Sunamganj,Dakshin Sunamganj,20.9,96,1.3,0.4022,Low
4/30/2026 6:00,Sylhet,Sunamganj,Dakshin Sunamganj,20.9,95,0,0.7035,High
4/30/2026 8:00,Sylhet,Sunamganj,Dakshin Sunamganj,22.1,87,0.1,0.7052,High
4/30/2026 10:00,Sylhet,Sunamganj,Dakshin Sunamganj,25.5,73,0,0.8785,High
4/30/2026 12:00,Sylhet,Sunamganj,Dakshin Sunamganj,26.2,69,0,0.881,High
4/30/2026 14:00,Sylhet,Sunamganj,Dakshin Sunamganj,27.5,64,0,0.9905,High
4/30/2026 16:00,Sylhet,Sunamganj,Dakshin Sunamganj,27.9,62,0,0.9925,High
4/30/2026 18:00,Sylhet,Sunamganj,Dakshin Sunamganj,25.7,81,0,1,High
4/30/2026 20:00,Sylhet,Sunamganj,Dakshin Sunamganj,22.8,92,0,1,High
4/30/2026 22:00,Sylhet,Sunamganj,Dakshin Sunamganj,22,94,0.3,0.6172,Medium
5/1/2026 0:00,Sylhet,Sunamganj,Dakshin Sunamganj,21.6,98,0,0.42,Low
5/1/2026 2:00,Sylhet,Sunamganj,Dakshin Sunamganj,22.4,94,0,0.424,Low
5/1/2026 4:00,Sylhet,Sunamganj,Dakshin Sunamganj,21.6,94,0,0.412,Low
5/1/2026 6:00,Sylhet,Sunamganj,Dakshin Sunamganj,21.5,93,0.4,0.7075,High
5/1/2026 8:00,Sylhet,Sunamganj,Dakshin Sunamganj,22.6,96,0.7,0.7292,High
5/1/2026 10:00,Sylhet,Sunamganj,Dakshin Sunamganj,24,87,0.1,0.8838,High
5/1/2026 12:00,Sylhet,Sunamganj,Dakshin Sunamganj,25,83,0,0.891,High
5/1/2026 14:00,Sylhet,Sunamganj,Dakshin Sunamganj,25.6,75,2.2,0.9785,High
5/1/2026 16:00,Sylhet,Sunamganj,Dakshin Sunamganj,23.6,85,0.2,0.9735,High
5/1/2026 18:00,Sylhet,Sunamganj,Dakshin Sunamganj,23,85,0,1,High
5/1/2026 20:00,Sylhet,Sunamganj,Dakshin Sunamganj,21.1,91,0,1,High
5/1/2026 22:00,Sylhet,Sunamganj,Dakshin Sunamganj,20.8,93,0,0.598,Medium
5/2/2026 0:00,Sylhet,Sunamganj,Dakshin Sunamganj,21.2,94,0,0.406,Low
5/2/2026 2:00,Sylhet,Sunamganj,Dakshin Sunamganj,20.9,97,0.1,0.4072,Low
5/2/2026 4:00,Sylhet,Sunamganj,Dakshin Sunamganj,20.5,98,0,0.4035,Low
5/2/2026 6:00,Sylhet,Sunamganj,Dakshin Sunamganj,21.2,96,0,0.71,High
5/2/2026 8:00,Sylhet,Sunamganj,Dakshin Sunamganj,20.9,97,2.8,0.7005,High
5/2/2026 10:00,Sylhet,Sunamganj,Dakshin Sunamganj,22,91,0.3,0.8612,High
5/2/2026 12:00,Sylhet,Sunamganj,Dakshin Sunamganj,21.8,96,0.8,0.867,High
5/2/2026 14:00,Sylhet,Sunamganj,Dakshin Sunamganj,22.5,88,1.4,0.96,High
5/2/2026 16:00,Sylhet,Sunamganj,Dakshin Sunamganj,22,93,1,0.9635,High
5/2/2026 18:00,Sylhet,Sunamganj,Dakshin Sunamganj,22.4,93,0.1,1,High
5/2/2026 20:00,Sylhet,Sunamganj,Dakshin Sunamganj,21.1,95,1.3,1,High
5/2/2026 22:00,Sylhet,Sunamganj,Dakshin Sunamganj,21,93,1.1,0.5982,Medium
5/3/2026 0:00,Sylhet,Sunamganj,Dakshin Sunamganj,21,96,5.3,0.3938,Low
5/3/2026 2:00,Sylhet,Sunamganj,Dakshin Sunamganj,20.3,99,0.4,0.4015,Low
5/3/2026 4:00,Sylhet,Sunamganj,Dakshin Sunamganj,20.1,98,10.5,0.3712,Low
5/3/2026 6:00,Sylhet,Sunamganj,Dakshin Sunamganj,20.5,98,1.4,0.7,High
5/3/2026 8:00,Sylhet,Sunamganj,Dakshin Sunamganj,23.1,86,0,0.7185,High
5/3/2026 10:00,Sylhet,Sunamganj,Dakshin Sunamganj,25.5,75,0,0.8825,High
5/3/2026 12:00,Sylhet,Sunamganj,Dakshin Sunamganj,27,70,0,0.895,High
5/3/2026 14:00,Sylhet,Sunamganj,Dakshin Sunamganj,28.5,64,0.1,1,High
5/3/2026 16:00,Sylhet,Sunamganj,Dakshin Sunamganj,28.1,66,0.1,1,High
5/3/2026 18:00,Sylhet,Sunamganj,Dakshin Sunamganj,25.1,86,0,1,High
5/3/2026 20:00,Sylhet,Sunamganj,Dakshin Sunamganj,23.2,94,0,1,High
5/3/2026 22:00,Sylhet,Sunamganj,Dakshin Sunamganj,22.8,95,0,0.632,Medium
5/4/2026 0:00,Sylhet,Sunamganj,Dakshin Sunamganj,21.5,98,0,0.4185,Low
5/4/2026 2:00,Sylhet,Sunamganj,Dakshin Sunamganj,21.5,96,0,0.4145,Low
5/4/2026 4:00,Sylhet,Sunamganj,Dakshin Sunamganj,21.3,98,0,0.4155,Low
5/4/2026 6:00,Sylhet,Sunamganj,Dakshin Sunamganj,23,93,0,0.731,High
5/4/2026 8:00,Sylhet,Sunamganj,Dakshin Sunamganj,22.2,96,4.8,0.713,High
5/4/2026 10:00,Sylhet,Sunamganj,Dakshin Sunamganj,23.7,91,7.7,0.8682,High
5/4/2026 12:00,Sylhet,Sunamganj,Dakshin Sunamganj,25.6,79,0.1,0.8918,High
5/4/2026 14:00,Sylhet,Sunamganj,Dakshin Sunamganj,26.9,75,0.2,1,High
5/4/2026 16:00,Sylhet,Sunamganj,Dakshin Sunamganj,28,69,0,1,High
5/4/2026 18:00,Sylhet,Sunamganj,Dakshin Sunamganj,25.5,83,0,1,High
5/4/2026 20:00,Sylhet,Sunamganj,Dakshin Sunamganj,23.5,89,0,1,High
5/4/2026 22:00,Sylhet,Sunamganj,Dakshin Sunamganj,22.4,94,0,0.624,Medium
5/5/2026 0:00,Sylhet,Sunamganj,Dakshin Sunamganj,22.5,95,0,0.4275,Low
5/5/2026 2:00,Sylhet,Sunamganj,Dakshin Sunamganj,21.8,99,0,0.425,Low
5/5/2026 4:00,Sylhet,Sunamganj,Dakshin Sunamganj,21.5,100,0,0.4225,Low
5/5/2026 6:00,Sylhet,Sunamganj,Dakshin Sunamganj,21.9,92,0,0.7125,High
5/5/2026 8:00,Sylhet,Sunamganj,Dakshin Sunamganj,24.1,89,0,0.7395,High
5/5/2026 10:00,Sylhet,Sunamganj,Dakshin Sunamganj,27,76,0,0.907,High
5/5/2026 12:00,Sylhet,Sunamganj,Dakshin Sunamganj,30.3,66,0.1,0.9362,High
5/5/2026 14:00,Sylhet,Sunamganj,Dakshin Sunamganj,31,63,0,1,High
5/5/2026 16:00,Sylhet,Sunamganj,Dakshin Sunamganj,30.5,60,0,1,High
5/5/2026 18:00,Sylhet,Sunamganj,Dakshin Sunamganj,28.2,72,0,1,High
5/5/2026 20:00,Sylhet,Sunamganj,Dakshin Sunamganj,25.5,85,0,1,High
5/5/2026 22:00,Sylhet,Sunamganj,Dakshin Sunamganj,23.8,95,0,0.647,Medium
5/6/2026 0:00,Sylhet,Sunamganj,Dakshin Sunamganj,23.8,97,0,0.451,Medium
5/6/2026 2:00,Sylhet,Sunamganj,Dakshin Sunamganj,22.8,95,0.4,0.431,Low
5/6/2026 4:00,Sylhet,Sunamganj,Dakshin Sunamganj,22.8,97,0.3,0.4352,Low
5/6/2026 6:00,Sylhet,Sunamganj,Dakshin Sunamganj,23.1,90,0,0.7265,High
5/6/2026 8:00,Sylhet,Sunamganj,Dakshin Sunamganj,26.8,77,0,0.756,High
5/6/2026 10:00,Sylhet,Sunamganj,Dakshin Sunamganj,29.2,73,0.1,0.9338,High
5/6/2026 12:00,Sylhet,Sunamganj,Dakshin Sunamganj,29.6,70,0.1,0.9338,High
5/6/2026 14:00,Sylhet,Sunamganj,Dakshin Sunamganj,29.2,70,0,1,High
5/6/2026 16:00,Sylhet,Sunamganj,Dakshin Sunamganj,28,75,0,1,High
5/6/2026 18:00,Sylhet,Sunamganj,Dakshin Sunamganj,26.4,81,0,1,High
5/6/2026 20:00,Sylhet,Sunamganj,Dakshin Sunamganj,25.4,90,1.2,1,High
5/6/2026 22:00,Sylhet,Sunamganj,Dakshin Sunamganj,24.6,94,1.6,0.653,Medium
5/7/2026 0:00,Sylhet,Sunamganj,Dakshin Sunamganj,24.4,86,0.5,0.4368,Low
5/7/2026 2:00,Sylhet,Sunamganj,Dakshin Sunamganj,23.2,94,0,0.436,Low
5/7/2026 4:00,Sylhet,Sunamganj,Dakshin Sunamganj,22.3,97,0,0.4285,Low
5/7/2026 6:00,Sylhet,Sunamganj,Dakshin Sunamganj,23,100,0,0.745,High
5/7/2026 8:00,Sylhet,Sunamganj,Dakshin Sunamganj,25.5,87,0,0.7565,High
5/7/2026 10:00,Sylhet,Sunamganj,Dakshin Sunamganj,28.7,70,0,0.9205,High
5/7/2026 12:00,Sylhet,Sunamganj,Dakshin Sunamganj,29.5,60,0,0.9125,High
5/7/2026 14:00,Sylhet,Sunamganj,Dakshin Sunamganj,30.4,59,0,1,High
5/7/2026 16:00,Sylhet,Sunamganj,Dakshin Sunamganj,30.3,58,0,1,High
5/7/2026 18:00,Sylhet,Sunamganj,Dakshin Sunamganj,28.9,74,0,1,High
5/7/2026 20:00,Sylhet,Sunamganj,Dakshin Sunamganj,26.6,79,0,1,High
5/7/2026 22:00,Sylhet,Sunamganj,Dakshin Sunamganj,25.4,88,0,0.657,Medium
5/8/2026 0:00,Sylhet,Sunamganj,Dakshin Sunamganj,25.5,89,0,0.4605,Medium
5/8/2026 2:00,Sylhet,Sunamganj,Dakshin Sunamganj,23.5,97,0,0.4465,Low
5/8/2026 4:00,Sylhet,Sunamganj,Dakshin Sunamganj,22.6,100,0,0.439,Low
5/8/2026 6:00,Sylhet,Sunamganj,Dakshin Sunamganj,22.4,95,0,0.726,High
5/8/2026 8:00,Sylhet,Sunamganj,Dakshin Sunamganj,26.9,80,0,0.7635,High
5/8/2026 10:00,Sylhet,Sunamganj,Dakshin Sunamganj,30.4,60,0,0.926,High
5/8/2026 12:00,Sylhet,Sunamganj,Dakshin Sunamganj,30.9,59,0,0.9315,High
5/8/2026 14:00,Sylhet,Sunamganj,Dakshin Sunamganj,31.1,57,0.1,1,High
5/8/2026 16:00,Sylhet,Sunamganj,Dakshin Sunamganj,31,53,0,1,High
5/8/2026 18:00,Sylhet,Sunamganj,Dakshin Sunamganj,28.5,65,0,1,High
5/8/2026 20:00,Sylhet,Sunamganj,Dakshin Sunamganj,26.2,74,0,1,High
5/8/2026 22:00,Sylhet,Sunamganj,Dakshin Sunamganj,24.5,87,0,0.6415,Medium
5/9/2026 0:00,Sylhet,Sunamganj,Dakshin Sunamganj,23.5,94,0,0.4405,Low
5/9/2026 2:00,Sylhet,Sunamganj,Dakshin Sunamganj,22.1,96,0,0.4235,Low
5/9/2026 4:00,Sylhet,Sunamganj,Dakshin Sunamganj,21.5,100,0,0.4225,Low
5/9/2026 6:00,Sylhet,Sunamganj,Dakshin Sunamganj,22.5,99,0,0.7355,High
5/9/2026 8:00,Sylhet,Sunamganj,Dakshin Sunamganj,25.6,78,0,0.74,High
5/9/2026 10:00,Sylhet,Sunamganj,Dakshin Sunamganj,29.5,65,0,0.9225,High
5/9/2026 12:00,Sylhet,Sunamganj,Dakshin Sunamganj,31.5,55,0,0.9325,High
5/9/2026 14:00,Sylhet,Sunamganj,Dakshin Sunamganj,32.8,47,0,1,High
5/9/2026 16:00,Sylhet,Sunamganj,Dakshin Sunamganj,32.2,50,0,1,High
5/9/2026 18:00,Sylhet,Sunamganj,Dakshin Sunamganj,30.1,72,0,1,High
5/9/2026 20:00,Sylhet,Sunamganj,Dakshin Sunamganj,27.5,78,0,1,High
5/9/2026 22:00,Sylhet,Sunamganj,Dakshin Sunamganj,26,87,0,0.664,Medium
5/10/2026 0:00,Sylhet,Sunamganj,Dakshin Sunamganj,24.9,93,0,0.4595,Medium
5/10/2026 2:00,Sylhet,Sunamganj,Dakshin Sunamganj,24.7,91,0,0.4525,Medium
5/10/2026 4:00,Sylhet,Sunamganj,Dakshin Sunamganj,24.8,91,0,0.454,Medium
5/10/2026 6:00,Sylhet,Sunamganj,Dakshin Sunamganj,24,91,0,0.742,High
5/10/2026 8:00,Sylhet,Sunamganj,Dakshin Sunamganj,27.6,79,0,0.772,High
5/10/2026 10:00,Sylhet,Sunamganj,Dakshin Sunamganj,30.6,65,0,0.939,High
5/10/2026 12:00,Sylhet,Sunamganj,Dakshin Sunamganj,32.3,52,0,0.9385,High
5/10/2026 14:00,Sylhet,Sunamganj,Dakshin Sunamganj,32.4,48,0,1,High
5/10/2026 16:00,Sylhet,Sunamganj,Dakshin Sunamganj,28.1,69,2.7,1,High
5/10/2026 18:00,Sylhet,Sunamganj,Dakshin Sunamganj,26,81,0,1,High
5/10/2026 20:00,Sylhet,Sunamganj,Dakshin Sunamganj,24.9,87,0,1,High
5/10/2026 22:00,Sylhet,Sunamganj,Dakshin Sunamganj,24.4,91,0,0.648,Medium
5/11/2026 0:00,Sylhet,Sunamganj,Dakshin Sunamganj,24.8,90,0,0.452,Medium
5/11/2026 2:00,Sylhet,Sunamganj,Dakshin Sunamganj,23.8,89,0.7,0.4332,Low
5/11/2026 4:00,Sylhet,Sunamganj,Dakshin Sunamganj,22,92,0.7,0.4122,Low
5/11/2026 6:00,Sylhet,Sunamganj,Dakshin Sunamganj,22.9,95,0.1,0.7332,High
5/11/2026 8:00,Sylhet,Sunamganj,Dakshin Sunamganj,22.2,87,1.2,0.704,High
5/11/2026 10:00,Sylhet,Sunamganj,Dakshin Sunamganj,27.8,70,0,0.907,High
5/11/2026 12:00,Sylhet,Sunamganj,Dakshin Sunamganj,27.9,70,0,0.9085,High
5/11/2026 14:00,Sylhet,Sunamganj,Dakshin Sunamganj,23.3,91,7.5,0.9627,High
5/11/2026 16:00,Sylhet,Sunamganj,Dakshin Sunamganj,26.2,77,0.1,0.9968,High
5/11/2026 18:00,Sylhet,Sunamganj,Dakshin Sunamganj,26.9,79,0,1,High
5/11/2026 20:00,Sylhet,Sunamganj,Dakshin Sunamganj,24.8,90,0,1,High
5/11/2026 22:00,Sylhet,Sunamganj,Dakshin Sunamganj,24.2,91,0,0.645,Medium
5/12/2026 0:00,Sylhet,Sunamganj,Dakshin Sunamganj,22.9,96,0,0.4355,Low
5/12/2026 2:00,Sylhet,Sunamganj,Dakshin Sunamganj,22.2,100,0,0.433,Low
5/12/2026 4:00,Sylhet,Sunamganj,Dakshin Sunamganj,22.4,100,0,0.436,Low
5/12/2026 6:00,Sylhet,Sunamganj,Dakshin Sunamganj,23,96,0.4,0.736,High
5/12/2026 8:00,Sylhet,Sunamganj,Dakshin Sunamganj,25.9,86,0.1,0.7602,High
5/12/2026 10:00,Sylhet,Sunamganj,Dakshin Sunamganj,28.2,74,0.1,0.9208,High
5/12/2026 12:00,Sylhet,Sunamganj,Dakshin Sunamganj,29.5,63,0.1,0.9182,High
5/12/2026 14:00,Sylhet,Sunamganj,Dakshin Sunamganj,30.1,64,0,1,High
5/12/2026 16:00,Sylhet,Sunamganj,Dakshin Sunamganj,29.9,65,0,1,High
5/12/2026 18:00,Sylhet,Sunamganj,Dakshin Sunamganj,28,79,0,1,High
5/12/2026 20:00,Sylhet,Sunamganj,Dakshin Sunamganj,26.2,89,0,1,High
5/12/2026 22:00,Sylhet,Sunamganj,Dakshin Sunamganj,24.7,99,0,0.6685,Medium
5/13/2026 0:00,Sylhet,Sunamganj,Dakshin Sunamganj,25,99,0,0.473,Medium
5/13/2026 2:00,Sylhet,Sunamganj,Dakshin Sunamganj,22.5,99,9.6,0.4115,Low
5/13/2026 4:00,Sylhet,Sunamganj,Dakshin Sunamganj,22.5,98,0.5,0.4322,Low
5/13/2026 6:00,Sylhet,Sunamganj,Dakshin Sunamganj,23.5,97,3.5,0.7377,High
5/13/2026 8:00,Sylhet,Sunamganj,Dakshin Sunamganj,23.7,97,2.6,0.743,High
5/13/2026 10:00,Sylhet,Sunamganj,Dakshin Sunamganj,24.9,94,1,0.909,High
5/13/2026 12:00,Sylhet,Sunamganj,Dakshin Sunamganj,28.8,72,0.1,0.9258,High
5/13/2026 14:00,Sylhet,Sunamganj,Dakshin Sunamganj,30.4,62,0.1,1,High
5/13/2026 16:00,Sylhet,Sunamganj,Dakshin Sunamganj,30.6,63,0,1,High
5/13/2026 18:00,Sylhet,Sunamganj,Dakshin Sunamganj,28.8,74,0.1,1,High
5/13/2026 20:00,Sylhet,Sunamganj,Dakshin Sunamganj,26.2,90,0,1,High
5/13/2026 22:00,Sylhet,Sunamganj,Dakshin Sunamganj,22.5,99,4.2,0.625,Medium
4/13/2026 0:00,Sylhet,Sunamganj,Derai,22.2,92,0,0.417,Low
4/13/2026 2:00,Sylhet,Sunamganj,Derai,22.6,79,0,0.397,Low
4/13/2026 4:00,Sylhet,Sunamganj,Derai,21.9,82,0,0.3925,Low
4/13/2026 6:00,Sylhet,Sunamganj,Derai,21.2,92,0,0.702,High
4/13/2026 8:00,Sylhet,Sunamganj,Derai,21.9,85,0,0.6985,Medium
4/13/2026 10:00,Sylhet,Sunamganj,Derai,24.2,77,0,0.867,High
4/13/2026 12:00,Sylhet,Sunamganj,Derai,24.5,76,0,0.8695,High
4/13/2026 14:00,Sylhet,Sunamganj,Derai,27.4,67,0,0.995,High
4/13/2026 16:00,Sylhet,Sunamganj,Derai,27,72,0,0.999,High
4/13/2026 18:00,Sylhet,Sunamganj,Derai,26.1,82,0,1,High
4/13/2026 20:00,Sylhet,Sunamganj,Derai,23.8,87,0,1,High
4/13/2026 22:00,Sylhet,Sunamganj,Derai,22,92,0,0.614,Medium
4/14/2026 0:00,Sylhet,Sunamganj,Derai,21.9,91,15,0.373,Low
4/14/2026 2:00,Sylhet,Sunamganj,Derai,21.2,96,0,0.41,Low
4/14/2026 4:00,Sylhet,Sunamganj,Derai,20.9,97,3.8,0.398,Low
4/14/2026 6:00,Sylhet,Sunamganj,Derai,21.4,99,0.1,0.7188,High
4/14/2026 8:00,Sylhet,Sunamganj,Derai,23.6,92,0,0.738,High
4/14/2026 10:00,Sylhet,Sunamganj,Derai,27.5,72,0,0.9065,High
4/14/2026 12:00,Sylhet,Sunamganj,Derai,28.6,68,0.1,0.9148,High
4/14/2026 14:00,Sylhet,Sunamganj,Derai,29.8,63,0,1,High
4/14/2026 16:00,Sylhet,Sunamganj,Derai,30,63,0,1,High
4/14/2026 18:00,Sylhet,Sunamganj,Derai,27.2,83,0,1,High
4/14/2026 20:00,Sylhet,Sunamganj,Derai,24.8,94,0.1,1,High
4/14/2026 22:00,Sylhet,Sunamganj,Derai,22.8,90,0.9,0.6198,Medium
4/15/2026 0:00,Sylhet,Sunamganj,Derai,22.4,97,1.6,0.426,Low
4/15/2026 2:00,Sylhet,Sunamganj,Derai,21.6,99,0.1,0.4218,Low
4/15/2026 4:00,Sylhet,Sunamganj,Derai,21.2,96,0.3,0.4092,Low
4/15/2026 6:00,Sylhet,Sunamganj,Derai,21,98,0,0.711,High
4/15/2026 8:00,Sylhet,Sunamganj,Derai,22.4,92,0,0.72,High
4/15/2026 10:00,Sylhet,Sunamganj,Derai,25.1,80,0,0.8865,High
4/15/2026 12:00,Sylhet,Sunamganj,Derai,28,68,0,0.906,High
4/15/2026 14:00,Sylhet,Sunamganj,Derai,29.1,67,0,1,High
4/15/2026 16:00,Sylhet,Sunamganj,Derai,29.1,68,0,1,High
4/15/2026 18:00,Sylhet,Sunamganj,Derai,27.2,79,0,1,High
4/15/2026 20:00,Sylhet,Sunamganj,Derai,24.2,84,0.3,1,High
4/15/2026 22:00,Sylhet,Sunamganj,Derai,22,92,1.1,0.6112,Medium
4/16/2026 0:00,Sylhet,Sunamganj,Derai,20.6,98,13.5,0.3713,Low
4/16/2026 2:00,Sylhet,Sunamganj,Derai,21,94,0,0.403,Low
4/16/2026 4:00,Sylhet,Sunamganj,Derai,20.8,92,0.1,0.3958,Low
4/16/2026 6:00,Sylhet,Sunamganj,Derai,21.5,98,0.2,0.718,High
4/16/2026 8:00,Sylhet,Sunamganj,Derai,24,89,0,0.738,High
4/16/2026 10:00,Sylhet,Sunamganj,Derai,27.5,77,0,0.9165,High
4/16/2026 12:00,Sylhet,Sunamganj,Derai,29.6,66,0,0.926,High
4/16/2026 14:00,Sylhet,Sunamganj,Derai,30.5,62,0.2,1,High
4/16/2026 16:00,Sylhet,Sunamganj,Derai,30.3,63,0,1,High
4/16/2026 18:00,Sylhet,Sunamganj,Derai,27.8,80,0,1,High
4/16/2026 20:00,Sylhet,Sunamganj,Derai,25.2,91,0,1,High
4/16/2026 22:00,Sylhet,Sunamganj,Derai,24.5,93,0,0.6535,Medium
4/17/2026 0:00,Sylhet,Sunamganj,Derai,25.4,88,1.4,0.4535,Medium
4/17/2026 2:00,Sylhet,Sunamganj,Derai,24,92,0.1,0.4438,Low
4/17/2026 4:00,Sylhet,Sunamganj,Derai,22.9,98,0,0.4395,Low
4/17/2026 6:00,Sylhet,Sunamganj,Derai,23.4,98,0,0.747,High
4/17/2026 8:00,Sylhet,Sunamganj,Derai,26,90,0,0.77,High
4/17/2026 10:00,Sylhet,Sunamganj,Derai,28.6,76,0,0.931,High
4/17/2026 12:00,Sylhet,Sunamganj,Derai,30.7,71,0,0.9525,High
4/17/2026 14:00,Sylhet,Sunamganj,Derai,31.5,72,0.1,1,High
4/17/2026 16:00,Sylhet,Sunamganj,Derai,27,80,4.8,1,High
4/17/2026 18:00,Sylhet,Sunamganj,Derai,27.6,85,0,1,High
4/17/2026 20:00,Sylhet,Sunamganj,Derai,25.5,93,0,1,High
4/17/2026 22:00,Sylhet,Sunamganj,Derai,24.4,99,0,0.664,Medium
4/18/2026 0:00,Sylhet,Sunamganj,Derai,23.9,100,0,0.4585,Medium
4/18/2026 2:00,Sylhet,Sunamganj,Derai,23.6,100,0,0.454,Medium
4/18/2026 4:00,Sylhet,Sunamganj,Derai,23.4,96,0.2,0.4425,Low
4/18/2026 6:00,Sylhet,Sunamganj,Derai,23.6,96,0,0.746,High
4/18/2026 8:00,Sylhet,Sunamganj,Derai,24.1,91,0.7,0.7417,High
4/18/2026 10:00,Sylhet,Sunamganj,Derai,27.4,82,0.2,0.9245,High
4/18/2026 12:00,Sylhet,Sunamganj,Derai,29.4,73,0,0.937,High
4/18/2026 14:00,Sylhet,Sunamganj,Derai,29.7,71,0,1,High
4/18/2026 16:00,Sylhet,Sunamganj,Derai,29.4,71,0,1,High
4/18/2026 18:00,Sylhet,Sunamganj,Derai,28.5,82,0,1,High
4/18/2026 20:00,Sylhet,Sunamganj,Derai,26,90,0,1,High
4/18/2026 22:00,Sylhet,Sunamganj,Derai,24.4,98,0,0.662,Medium
4/19/2026 0:00,Sylhet,Sunamganj,Derai,23.8,99,0,0.455,Medium
4/19/2026 2:00,Sylhet,Sunamganj,Derai,23.5,98,0,0.4485,Low
4/19/2026 4:00,Sylhet,Sunamganj,Derai,22.6,98,0,0.435,Low
4/19/2026 6:00,Sylhet,Sunamganj,Derai,23.1,98,0,0.7425,High
4/19/2026 8:00,Sylhet,Sunamganj,Derai,25.1,90,0,0.7565,High
4/19/2026 10:00,Sylhet,Sunamganj,Derai,28,77,0.1,0.9238,High
4/19/2026 12:00,Sylhet,Sunamganj,Derai,28.9,74,0.2,0.931,High
4/19/2026 14:00,Sylhet,Sunamganj,Derai,29.5,71,0,1,High
4/19/2026 16:00,Sylhet,Sunamganj,Derai,28.4,75,0.1,1,High
4/19/2026 18:00,Sylhet,Sunamganj,Derai,27.6,90,0,1,High
4/19/2026 20:00,Sylhet,Sunamganj,Derai,25.5,97,0,1,High
4/19/2026 22:00,Sylhet,Sunamganj,Derai,24.6,99,0,0.667,Medium
4/20/2026 0:00,Sylhet,Sunamganj,Derai,23.5,98,8.7,0.4268,Low
4/20/2026 2:00,Sylhet,Sunamganj,Derai,22.4,98,3.3,0.4238,Low
4/20/2026 4:00,Sylhet,Sunamganj,Derai,22.4,95,2,0.421,Low
4/20/2026 6:00,Sylhet,Sunamganj,Derai,22.6,95,0,0.729,High
4/20/2026 8:00,Sylhet,Sunamganj,Derai,24.9,90,0,0.7535,High
4/20/2026 10:00,Sylhet,Sunamganj,Derai,26.9,78,0.1,0.9092,High
4/20/2026 12:00,Sylhet,Sunamganj,Derai,29.8,68,0,0.933,High
4/20/2026 14:00,Sylhet,Sunamganj,Derai,30.6,69,0,1,High
4/20/2026 16:00,Sylhet,Sunamganj,Derai,30.5,70,0,1,High
4/20/2026 18:00,Sylhet,Sunamganj,Derai,26.8,90,0,1,High
4/20/2026 20:00,Sylhet,Sunamganj,Derai,24.8,90,0,1,High
4/20/2026 22:00,Sylhet,Sunamganj,Derai,23.4,94,5.6,0.625,Medium
4/21/2026 0:00,Sylhet,Sunamganj,Derai,23,96,0,0.437,Low
4/21/2026 2:00,Sylhet,Sunamganj,Derai,22.8,98,0.1,0.4378,Low
4/21/2026 4:00,Sylhet,Sunamganj,Derai,22.7,96,0.2,0.432,Low
4/21/2026 6:00,Sylhet,Sunamganj,Derai,23.6,94,0.1,0.7418,High
4/21/2026 8:00,Sylhet,Sunamganj,Derai,25,89,0.1,0.7527,High
4/21/2026 10:00,Sylhet,Sunamganj,Derai,26,83,0,0.906,High
4/21/2026 12:00,Sylhet,Sunamganj,Derai,28.2,75,0,0.923,High
4/21/2026 14:00,Sylhet,Sunamganj,Derai,29.8,72,0,1,High
4/21/2026 16:00,Sylhet,Sunamganj,Derai,30.3,70,0,1,High
4/21/2026 18:00,Sylhet,Sunamganj,Derai,28.9,82,0,1,High
4/21/2026 20:00,Sylhet,Sunamganj,Derai,26.5,83,0,1,High
4/21/2026 22:00,Sylhet,Sunamganj,Derai,24.4,91,0.1,0.6477,Medium
4/22/2026 0:00,Sylhet,Sunamganj,Derai,23.3,94,2,0.4325,Low
4/22/2026 2:00,Sylhet,Sunamganj,Derai,23,99,0,0.443,Low
4/22/2026 4:00,Sylhet,Sunamganj,Derai,23.5,94,0,0.4405,Low
4/22/2026 6:00,Sylhet,Sunamganj,Derai,21.5,92,0.2,0.706,High
4/22/2026 8:00,Sylhet,Sunamganj,Derai,21.9,85,0.1,0.6982,Medium
4/22/2026 10:00,Sylhet,Sunamganj,Derai,24.6,78,0,0.875,High
4/22/2026 12:00,Sylhet,Sunamganj,Derai,29,71,0,0.927,High
4/22/2026 14:00,Sylhet,Sunamganj,Derai,30.7,69,0,1,High
4/22/2026 16:00,Sylhet,Sunamganj,Derai,30.4,69,0,1,High
4/22/2026 18:00,Sylhet,Sunamganj,Derai,28.1,75,0,1,High
4/22/2026 20:00,Sylhet,Sunamganj,Derai,25.9,88,0,1,High
4/22/2026 22:00,Sylhet,Sunamganj,Derai,24.1,96,0,0.6535,Medium
4/23/2026 0:00,Sylhet,Sunamganj,Derai,24.2,98,0,0.459,Medium
4/23/2026 2:00,Sylhet,Sunamganj,Derai,24.6,89,0,0.447,Low
4/23/2026 4:00,Sylhet,Sunamganj,Derai,23.3,95,0,0.4395,Low
4/23/2026 6:00,Sylhet,Sunamganj,Derai,23.6,93,0,0.74,High
4/23/2026 8:00,Sylhet,Sunamganj,Derai,25.8,90,0,0.767,High
4/23/2026 10:00,Sylhet,Sunamganj,Derai,27.7,80,0.2,0.925,High
4/23/2026 12:00,Sylhet,Sunamganj,Derai,29,74,0.1,0.9328,High
4/23/2026 14:00,Sylhet,Sunamganj,Derai,31,64,0,1,High
4/23/2026 16:00,Sylhet,Sunamganj,Derai,31.5,61,0,1,High
4/23/2026 18:00,Sylhet,Sunamganj,Derai,29.1,80,0,1,High
4/23/2026 20:00,Sylhet,Sunamganj,Derai,26.6,89,0,1,High
4/23/2026 22:00,Sylhet,Sunamganj,Derai,25.2,94,0,0.666,Medium
4/24/2026 0:00,Sylhet,Sunamganj,Derai,24.5,100,0,0.4675,Medium
4/24/2026 2:00,Sylhet,Sunamganj,Derai,24.1,100,0,0.4615,Medium
4/24/2026 4:00,Sylhet,Sunamganj,Derai,23.9,100,0,0.4585,Medium
4/24/2026 6:00,Sylhet,Sunamganj,Derai,24.2,100,0,0.763,High
4/24/2026 8:00,Sylhet,Sunamganj,Derai,25.6,93,0.4,0.769,High
4/24/2026 10:00,Sylhet,Sunamganj,Derai,29.1,77,0,0.9405,High
4/24/2026 12:00,Sylhet,Sunamganj,Derai,31.4,68,0.1,0.9568,High
4/24/2026 14:00,Sylhet,Sunamganj,Derai,32.5,63,0,1,High
4/24/2026 16:00,Sylhet,Sunamganj,Derai,32.2,65,0,1,High
4/24/2026 18:00,Sylhet,Sunamganj,Derai,31,78,0,1,High
4/24/2026 20:00,Sylhet,Sunamganj,Derai,28,90,0,1,High
4/24/2026 22:00,Sylhet,Sunamganj,Derai,26.1,99,0,0.6895,Medium
4/25/2026 0:00,Sylhet,Sunamganj,Derai,25.9,99,0,0.4865,Medium
4/25/2026 2:00,Sylhet,Sunamganj,Derai,24.8,100,0,0.472,Medium
4/25/2026 4:00,Sylhet,Sunamganj,Derai,24.4,100,0,0.466,Medium
4/25/2026 6:00,Sylhet,Sunamganj,Derai,25.7,91,0,0.7675,High
4/25/2026 8:00,Sylhet,Sunamganj,Derai,25.2,88,0.3,0.7532,High
4/25/2026 10:00,Sylhet,Sunamganj,Derai,27.6,82,0.1,0.9278,High
4/25/2026 12:00,Sylhet,Sunamganj,Derai,30.6,72,0,0.953,High
4/25/2026 14:00,Sylhet,Sunamganj,Derai,32.4,65,0,1,High
4/25/2026 16:00,Sylhet,Sunamganj,Derai,32,65,0,1,High
4/25/2026 18:00,Sylhet,Sunamganj,Derai,30,83,0,1,High
4/25/2026 20:00,Sylhet,Sunamganj,Derai,26.9,88,0,1,High
4/25/2026 22:00,Sylhet,Sunamganj,Derai,25,94,0,0.663,Medium
4/26/2026 0:00,Sylhet,Sunamganj,Derai,24.6,100,0,0.469,Medium
4/26/2026 2:00,Sylhet,Sunamganj,Derai,24.1,100,0,0.4615,Medium
4/26/2026 4:00,Sylhet,Sunamganj,Derai,24.9,86,0,0.4455,Low
4/26/2026 6:00,Sylhet,Sunamganj,Derai,23.4,99,0,0.749,High
4/26/2026 8:00,Sylhet,Sunamganj,Derai,25.5,89,0,0.7605,High
4/26/2026 10:00,Sylhet,Sunamganj,Derai,28.2,76,0,0.925,High
4/26/2026 12:00,Sylhet,Sunamganj,Derai,28.4,64,0,0.904,High
4/26/2026 14:00,Sylhet,Sunamganj,Derai,27.8,68,0,1,High
4/26/2026 16:00,Sylhet,Sunamganj,Derai,25,83,0.4,0.99,High
4/26/2026 18:00,Sylhet,Sunamganj,Derai,24.7,84,0.9,1,High
4/26/2026 20:00,Sylhet,Sunamganj,Derai,24,83,0,1,High
4/26/2026 22:00,Sylhet,Sunamganj,Derai,23.5,87,0,0.6265,Medium
4/27/2026 0:00,Sylhet,Sunamganj,Derai,23.2,86,0.9,0.4178,Low
4/27/2026 2:00,Sylhet,Sunamganj,Derai,22.5,87,1.1,0.4088,Low
4/27/2026 4:00,Sylhet,Sunamganj,Derai,22.4,86,0,0.408,Low
4/27/2026 6:00,Sylhet,Sunamganj,Derai,20.6,92,1.2,0.69,Medium
4/27/2026 8:00,Sylhet,Sunamganj,Derai,21.1,95,2,0.7015,High
4/27/2026 10:00,Sylhet,Sunamganj,Derai,22.2,90,0.6,0.8615,High
4/27/2026 12:00,Sylhet,Sunamganj,Derai,23,81,0.6,0.8555,High
4/27/2026 14:00,Sylhet,Sunamganj,Derai,24.2,77,0,0.967,High
4/27/2026 16:00,Sylhet,Sunamganj,Derai,22.3,92,5.3,0.9552,High
4/27/2026 18:00,Sylhet,Sunamganj,Derai,22.4,93,0.4,1,High
4/27/2026 20:00,Sylhet,Sunamganj,Derai,22,94,0.4,1,High
4/27/2026 22:00,Sylhet,Sunamganj,Derai,21.8,96,0.9,0.6168,Medium
4/28/2026 0:00,Sylhet,Sunamganj,Derai,21.7,96,1.2,0.4145,Low
4/28/2026 2:00,Sylhet,Sunamganj,Derai,21.4,95,0.6,0.4095,Low
4/28/2026 4:00,Sylhet,Sunamganj,Derai,21,98,3.9,0.4013,Low
4/28/2026 6:00,Sylhet,Sunamganj,Derai,22.4,94,4.5,0.7127,High
4/28/2026 8:00,Sylhet,Sunamganj,Derai,23.8,88,2.5,0.7268,High
4/28/2026 10:00,Sylhet,Sunamganj,Derai,23.5,92,16.3,0.8458,High
4/28/2026 12:00,Sylhet,Sunamganj,Derai,23.8,84,1.9,0.8702,High
4/28/2026 14:00,Sylhet,Sunamganj,Derai,24.7,82,0.2,0.984,High
4/28/2026 16:00,Sylhet,Sunamganj,Derai,23.8,87,0.2,0.9805,High
4/28/2026 18:00,Sylhet,Sunamganj,Derai,23.4,93,1.6,1,High
4/28/2026 20:00,Sylhet,Sunamganj,Derai,23,92,0.3,1,High
4/28/2026 22:00,Sylhet,Sunamganj,Derai,22.2,94,2.5,0.6148,Medium
4/29/2026 0:00,Sylhet,Sunamganj,Derai,22.6,97,0.4,0.432,Low
4/29/2026 2:00,Sylhet,Sunamganj,Derai,22.2,98,1.3,0.4258,Low
4/29/2026 4:00,Sylhet,Sunamganj,Derai,21.8,97,6.6,0.4045,Low
4/29/2026 6:00,Sylhet,Sunamganj,Derai,21.6,94,19.6,0.663,Medium
4/29/2026 8:00,Sylhet,Sunamganj,Derai,21.6,94,4.7,0.7002,High
4/29/2026 10:00,Sylhet,Sunamganj,Derai,21.9,94,5.8,0.852,High
4/29/2026 12:00,Sylhet,Sunamganj,Derai,21.4,93,0.3,0.8562,High
4/29/2026 14:00,Sylhet,Sunamganj,Derai,23.9,78,0,0.9645,High
4/29/2026 16:00,Sylhet,Sunamganj,Derai,23.8,78,0,0.963,High
4/29/2026 18:00,Sylhet,Sunamganj,Derai,23.4,81,0,1,High
4/29/2026 20:00,Sylhet,Sunamganj,Derai,22.3,86,0,1,High
4/29/2026 22:00,Sylhet,Sunamganj,Derai,21,92,0,0.599,Medium
4/30/2026 0:00,Sylhet,Sunamganj,Derai,21.4,92,0,0.405,Low
4/30/2026 2:00,Sylhet,Sunamganj,Derai,21.4,95,1,0.4085,Low
4/30/2026 4:00,Sylhet,Sunamganj,Derai,20.9,96,1.3,0.4022,Low
4/30/2026 6:00,Sylhet,Sunamganj,Derai,20.9,95,0,0.7035,High
4/30/2026 8:00,Sylhet,Sunamganj,Derai,22.1,87,0.1,0.7052,High
4/30/2026 10:00,Sylhet,Sunamganj,Derai,25.5,73,0,0.8785,High
4/30/2026 12:00,Sylhet,Sunamganj,Derai,26.2,69,0,0.881,High
4/30/2026 14:00,Sylhet,Sunamganj,Derai,27.5,64,0,0.9905,High
4/30/2026 16:00,Sylhet,Sunamganj,Derai,27.9,62,0,0.9925,High
4/30/2026 18:00,Sylhet,Sunamganj,Derai,25.7,81,0,1,High
4/30/2026 20:00,Sylhet,Sunamganj,Derai,22.8,92,0,1,High
4/30/2026 22:00,Sylhet,Sunamganj,Derai,22,94,0.3,0.6172,Medium
5/1/2026 0:00,Sylhet,Sunamganj,Derai,21.6,98,0,0.42,Low
5/1/2026 2:00,Sylhet,Sunamganj,Derai,22.4,94,0,0.424,Low
5/1/2026 4:00,Sylhet,Sunamganj,Derai,21.6,94,0,0.412,Low
5/1/2026 6:00,Sylhet,Sunamganj,Derai,21.5,93,0.4,0.7075,High
5/1/2026 8:00,Sylhet,Sunamganj,Derai,22.6,96,0.7,0.7292,High
5/1/2026 10:00,Sylhet,Sunamganj,Derai,24,87,0.1,0.8838,High
5/1/2026 12:00,Sylhet,Sunamganj,Derai,25,83,0,0.891,High
5/1/2026 14:00,Sylhet,Sunamganj,Derai,25.6,75,2.2,0.9785,High
5/1/2026 16:00,Sylhet,Sunamganj,Derai,23.6,85,0.2,0.9735,High
5/1/2026 18:00,Sylhet,Sunamganj,Derai,23,85,0,1,High
5/1/2026 20:00,Sylhet,Sunamganj,Derai,21.1,91,0,1,High
5/1/2026 22:00,Sylhet,Sunamganj,Derai,20.8,93,0,0.598,Medium
5/2/2026 0:00,Sylhet,Sunamganj,Derai,21.2,94,0,0.406,Low
5/2/2026 2:00,Sylhet,Sunamganj,Derai,20.9,97,0.1,0.4072,Low
5/2/2026 4:00,Sylhet,Sunamganj,Derai,20.5,98,0,0.4035,Low
5/2/2026 6:00,Sylhet,Sunamganj,Derai,21.2,96,0,0.71,High
5/2/2026 8:00,Sylhet,Sunamganj,Derai,20.9,97,2.8,0.7005,High
5/2/2026 10:00,Sylhet,Sunamganj,Derai,22,91,0.3,0.8612,High
5/2/2026 12:00,Sylhet,Sunamganj,Derai,21.8,96,0.8,0.867,High
5/2/2026 14:00,Sylhet,Sunamganj,Derai,22.5,88,1.4,0.96,High
5/2/2026 16:00,Sylhet,Sunamganj,Derai,22,93,1,0.9635,High
5/2/2026 18:00,Sylhet,Sunamganj,Derai,22.4,93,0.1,1,High
5/2/2026 20:00,Sylhet,Sunamganj,Derai,21.1,95,1.3,1,High
5/2/2026 22:00,Sylhet,Sunamganj,Derai,21,93,1.1,0.5982,Medium
5/3/2026 0:00,Sylhet,Sunamganj,Derai,21,96,5.3,0.3938,Low
5/3/2026 2:00,Sylhet,Sunamganj,Derai,20.3,99,0.4,0.4015,Low
5/3/2026 4:00,Sylhet,Sunamganj,Derai,20.1,98,10.5,0.3712,Low
5/3/2026 6:00,Sylhet,Sunamganj,Derai,20.5,98,1.4,0.7,High
5/3/2026 8:00,Sylhet,Sunamganj,Derai,23.1,86,0,0.7185,High
5/3/2026 10:00,Sylhet,Sunamganj,Derai,25.5,75,0,0.8825,High
5/3/2026 12:00,Sylhet,Sunamganj,Derai,27,70,0,0.895,High
5/3/2026 14:00,Sylhet,Sunamganj,Derai,28.5,64,0.1,1,High
5/3/2026 16:00,Sylhet,Sunamganj,Derai,28.1,66,0.1,1,High
5/3/2026 18:00,Sylhet,Sunamganj,Derai,25.1,86,0,1,High
5/3/2026 20:00,Sylhet,Sunamganj,Derai,23.2,94,0,1,High
5/3/2026 22:00,Sylhet,Sunamganj,Derai,22.8,95,0,0.632,Medium
5/4/2026 0:00,Sylhet,Sunamganj,Derai,21.5,98,0,0.4185,Low
5/4/2026 2:00,Sylhet,Sunamganj,Derai,21.5,96,0,0.4145,Low
5/4/2026 4:00,Sylhet,Sunamganj,Derai,21.3,98,0,0.4155,Low
5/4/2026 6:00,Sylhet,Sunamganj,Derai,23,93,0,0.731,High
5/4/2026 8:00,Sylhet,Sunamganj,Derai,22.2,96,4.8,0.713,High
5/4/2026 10:00,Sylhet,Sunamganj,Derai,23.7,91,7.7,0.8682,High
5/4/2026 12:00,Sylhet,Sunamganj,Derai,25.6,79,0.1,0.8918,High
5/4/2026 14:00,Sylhet,Sunamganj,Derai,26.9,75,0.2,1,High
5/4/2026 16:00,Sylhet,Sunamganj,Derai,28,69,0,1,High
5/4/2026 18:00,Sylhet,Sunamganj,Derai,25.5,83,0,1,High
5/4/2026 20:00,Sylhet,Sunamganj,Derai,23.5,89,0,1,High
5/4/2026 22:00,Sylhet,Sunamganj,Derai,22.4,94,0,0.624,Medium
5/5/2026 0:00,Sylhet,Sunamganj,Derai,22.5,95,0,0.4275,Low
5/5/2026 2:00,Sylhet,Sunamganj,Derai,21.8,99,0,0.425,Low
5/5/2026 4:00,Sylhet,Sunamganj,Derai,21.5,100,0,0.4225,Low
5/5/2026 6:00,Sylhet,Sunamganj,Derai,21.9,92,0,0.7125,High
5/5/2026 8:00,Sylhet,Sunamganj,Derai,24.1,89,0,0.7395,High
5/5/2026 10:00,Sylhet,Sunamganj,Derai,27,76,0,0.907,High
5/5/2026 12:00,Sylhet,Sunamganj,Derai,30.3,66,0.1,0.9362,High
5/5/2026 14:00,Sylhet,Sunamganj,Derai,31,63,0,1,High
5/5/2026 16:00,Sylhet,Sunamganj,Derai,30.5,60,0,1,High
5/5/2026 18:00,Sylhet,Sunamganj,Derai,28.2,72,0,1,High
5/5/2026 20:00,Sylhet,Sunamganj,Derai,25.5,85,0,1,High
5/5/2026 22:00,Sylhet,Sunamganj,Derai,23.8,95,0,0.647,Medium
5/6/2026 0:00,Sylhet,Sunamganj,Derai,23.8,97,0,0.451,Medium
5/6/2026 2:00,Sylhet,Sunamganj,Derai,22.8,95,0.4,0.431,Low
5/6/2026 4:00,Sylhet,Sunamganj,Derai,22.8,97,0.3,0.4352,Low
5/6/2026 6:00,Sylhet,Sunamganj,Derai,23.1,90,0,0.7265,High
5/6/2026 8:00,Sylhet,Sunamganj,Derai,26.8,77,0,0.756,High
5/6/2026 10:00,Sylhet,Sunamganj,Derai,29.2,73,0.1,0.9338,High
5/6/2026 12:00,Sylhet,Sunamganj,Derai,29.6,70,0.1,0.9338,High
5/6/2026 14:00,Sylhet,Sunamganj,Derai,29.2,70,0,1,High
5/6/2026 16:00,Sylhet,Sunamganj,Derai,28,75,0,1,High
5/6/2026 18:00,Sylhet,Sunamganj,Derai,26.4,81,0,1,High
5/6/2026 20:00,Sylhet,Sunamganj,Derai,25.4,90,1.2,1,High
5/6/2026 22:00,Sylhet,Sunamganj,Derai,24.6,94,1.6,0.653,Medium
5/7/2026 0:00,Sylhet,Sunamganj,Derai,24.4,86,0.5,0.4368,Low
5/7/2026 2:00,Sylhet,Sunamganj,Derai,23.2,94,0,0.436,Low
5/7/2026 4:00,Sylhet,Sunamganj,Derai,22.3,97,0,0.4285,Low
5/7/2026 6:00,Sylhet,Sunamganj,Derai,23,100,0,0.745,High
5/7/2026 8:00,Sylhet,Sunamganj,Derai,25.5,87,0,0.7565,High
5/7/2026 10:00,Sylhet,Sunamganj,Derai,28.7,70,0,0.9205,High
5/7/2026 12:00,Sylhet,Sunamganj,Derai,29.5,60,0,0.9125,High
5/7/2026 14:00,Sylhet,Sunamganj,Derai,30.4,59,0,1,High
5/7/2026 16:00,Sylhet,Sunamganj,Derai,30.3,58,0,1,High
5/7/2026 18:00,Sylhet,Sunamganj,Derai,28.9,74,0,1,High
5/7/2026 20:00,Sylhet,Sunamganj,Derai,26.6,79,0,1,High
5/7/2026 22:00,Sylhet,Sunamganj,Derai,25.4,88,0,0.657,Medium
5/8/2026 0:00,Sylhet,Sunamganj,Derai,25.5,89,0,0.4605,Medium
5/8/2026 2:00,Sylhet,Sunamganj,Derai,23.5,97,0,0.4465,Low
5/8/2026 4:00,Sylhet,Sunamganj,Derai,22.6,100,0,0.439,Low
5/8/2026 6:00,Sylhet,Sunamganj,Derai,22.4,95,0,0.726,High
5/8/2026 8:00,Sylhet,Sunamganj,Derai,26.9,80,0,0.7635,High
5/8/2026 10:00,Sylhet,Sunamganj,Derai,30.4,60,0,0.926,High
5/8/2026 12:00,Sylhet,Sunamganj,Derai,30.9,59,0,0.9315,High
5/8/2026 14:00,Sylhet,Sunamganj,Derai,31.1,57,0.1,1,High
5/8/2026 16:00,Sylhet,Sunamganj,Derai,31,53,0,1,High
5/8/2026 18:00,Sylhet,Sunamganj,Derai,28.5,65,0,1,High
5/8/2026 20:00,Sylhet,Sunamganj,Derai,26.2,74,0,1,High
5/8/2026 22:00,Sylhet,Sunamganj,Derai,24.5,87,0,0.6415,Medium
5/9/2026 0:00,Sylhet,Sunamganj,Derai,23.5,94,0,0.4405,Low
5/9/2026 2:00,Sylhet,Sunamganj,Derai,22.1,96,0,0.4235,Low
5/9/2026 4:00,Sylhet,Sunamganj,Derai,21.5,100,0,0.4225,Low
5/9/2026 6:00,Sylhet,Sunamganj,Derai,22.5,99,0,0.7355,High
5/9/2026 8:00,Sylhet,Sunamganj,Derai,25.6,78,0,0.74,High
5/9/2026 10:00,Sylhet,Sunamganj,Derai,29.5,65,0,0.9225,High
5/9/2026 12:00,Sylhet,Sunamganj,Derai,31.5,55,0,0.9325,High
5/9/2026 14:00,Sylhet,Sunamganj,Derai,32.8,47,0,1,High
5/9/2026 16:00,Sylhet,Sunamganj,Derai,32.2,50,0,1,High
5/9/2026 18:00,Sylhet,Sunamganj,Derai,30.1,72,0,1,High
5/9/2026 20:00,Sylhet,Sunamganj,Derai,27.5,78,0,1,High
5/9/2026 22:00,Sylhet,Sunamganj,Derai,26,87,0,0.664,Medium
5/10/2026 0:00,Sylhet,Sunamganj,Derai,24.9,93,0,0.4595,Medium
5/10/2026 2:00,Sylhet,Sunamganj,Derai,24.7,91,0,0.4525,Medium
5/10/2026 4:00,Sylhet,Sunamganj,Derai,24.8,91,0,0.454,Medium
5/10/2026 6:00,Sylhet,Sunamganj,Derai,24,91,0,0.742,High
5/10/2026 8:00,Sylhet,Sunamganj,Derai,27.6,79,0,0.772,High
5/10/2026 10:00,Sylhet,Sunamganj,Derai,30.6,65,0,0.939,High
5/10/2026 12:00,Sylhet,Sunamganj,Derai,32.3,52,0,0.9385,High
5/10/2026 14:00,Sylhet,Sunamganj,Derai,32.4,48,0,1,High
5/10/2026 16:00,Sylhet,Sunamganj,Derai,28.1,69,2.7,1,High
5/10/2026 18:00,Sylhet,Sunamganj,Derai,26,81,0,1,High
5/10/2026 20:00,Sylhet,Sunamganj,Derai,24.9,87,0,1,High
5/10/2026 22:00,Sylhet,Sunamganj,Derai,24.4,91,0,0.648,Medium
5/11/2026 0:00,Sylhet,Sunamganj,Derai,24.8,90,0,0.452,Medium
5/11/2026 2:00,Sylhet,Sunamganj,Derai,23.8,89,0.7,0.4332,Low
5/11/2026 4:00,Sylhet,Sunamganj,Derai,22,92,0.7,0.4122,Low
5/11/2026 6:00,Sylhet,Sunamganj,Derai,22.9,95,0.1,0.7332,High
5/11/2026 8:00,Sylhet,Sunamganj,Derai,22.2,87,1.2,0.704,High
5/11/2026 10:00,Sylhet,Sunamganj,Derai,27.8,70,0,0.907,High
5/11/2026 12:00,Sylhet,Sunamganj,Derai,27.9,70,0,0.9085,High
5/11/2026 14:00,Sylhet,Sunamganj,Derai,23.3,91,7.5,0.9627,High
5/11/2026 16:00,Sylhet,Sunamganj,Derai,26.2,77,0.1,0.9968,High
5/11/2026 18:00,Sylhet,Sunamganj,Derai,26.9,79,0,1,High
5/11/2026 20:00,Sylhet,Sunamganj,Derai,24.8,90,0,1,High
5/11/2026 22:00,Sylhet,Sunamganj,Derai,24.2,91,0,0.645,Medium
5/12/2026 0:00,Sylhet,Sunamganj,Derai,22.9,96,0,0.4355,Low
5/12/2026 2:00,Sylhet,Sunamganj,Derai,22.2,100,0,0.433,Low
5/12/2026 4:00,Sylhet,Sunamganj,Derai,22.4,100,0,0.436,Low
5/12/2026 6:00,Sylhet,Sunamganj,Derai,23,96,0.4,0.736,High
5/12/2026 8:00,Sylhet,Sunamganj,Derai,25.9,86,0.1,0.7602,High
5/12/2026 10:00,Sylhet,Sunamganj,Derai,28.2,74,0.1,0.9208,High
5/12/2026 12:00,Sylhet,Sunamganj,Derai,29.5,63,0.1,0.9182,High
5/12/2026 14:00,Sylhet,Sunamganj,Derai,30.1,64,0,1,High
5/12/2026 16:00,Sylhet,Sunamganj,Derai,29.9,65,0,1,High
5/12/2026 18:00,Sylhet,Sunamganj,Derai,28,79,0,1,High
5/12/2026 20:00,Sylhet,Sunamganj,Derai,26.2,89,0,1,High
5/12/2026 22:00,Sylhet,Sunamganj,Derai,24.7,99,0,0.6685,Medium
5/13/2026 0:00,Sylhet,Sunamganj,Derai,25,99,0,0.473,Medium
5/13/2026 2:00,Sylhet,Sunamganj,Derai,22.5,99,9.6,0.4115,Low
5/13/2026 4:00,Sylhet,Sunamganj,Derai,22.5,98,0.5,0.4322,Low
5/13/2026 6:00,Sylhet,Sunamganj,Derai,23.5,97,3.5,0.7377,High
5/13/2026 8:00,Sylhet,Sunamganj,Derai,23.7,97,2.6,0.743,High
5/13/2026 10:00,Sylhet,Sunamganj,Derai,24.9,94,1,0.909,High
5/13/2026 12:00,Sylhet,Sunamganj,Derai,28.8,72,0.1,0.9258,High
5/13/2026 14:00,Sylhet,Sunamganj,Derai,30.4,62,0.1,1,High
5/13/2026 16:00,Sylhet,Sunamganj,Derai,30.6,63,0,1,High
5/13/2026 18:00,Sylhet,Sunamganj,Derai,28.8,74,0.1,1,High
5/13/2026 20:00,Sylhet,Sunamganj,Derai,26.2,90,0,1,High
5/13/2026 22:00,Sylhet,Sunamganj,Derai,22.5,99,4.2,0.625,Medium
4/13/2026 0:00,Sylhet,Sunamganj,Dharampasha,22.2,92,0,0.417,Low
4/13/2026 2:00,Sylhet,Sunamganj,Dharampasha,22.6,79,0,0.397,Low
4/13/2026 4:00,Sylhet,Sunamganj,Dharampasha,21.9,82,0,0.3925,Low
4/13/2026 6:00,Sylhet,Sunamganj,Dharampasha,21.2,92,0,0.702,High
4/13/2026 8:00,Sylhet,Sunamganj,Dharampasha,21.9,85,0,0.6985,Medium
4/13/2026 10:00,Sylhet,Sunamganj,Dharampasha,24.2,77,0,0.867,High
4/13/2026 12:00,Sylhet,Sunamganj,Dharampasha,24.5,76,0,0.8695,High
4/13/2026 14:00,Sylhet,Sunamganj,Dharampasha,27.4,67,0,0.995,High
4/13/2026 16:00,Sylhet,Sunamganj,Dharampasha,27,72,0,0.999,High
4/13/2026 18:00,Sylhet,Sunamganj,Dharampasha,26.1,82,0,1,High
4/13/2026 20:00,Sylhet,Sunamganj,Dharampasha,23.8,87,0,1,High
4/13/2026 22:00,Sylhet,Sunamganj,Dharampasha,22,92,0,0.614,Medium
4/14/2026 0:00,Sylhet,Sunamganj,Dharampasha,21.9,91,15,0.373,Low
4/14/2026 2:00,Sylhet,Sunamganj,Dharampasha,21.2,96,0,0.41,Low
4/14/2026 4:00,Sylhet,Sunamganj,Dharampasha,20.9,97,3.8,0.398,Low
4/14/2026 6:00,Sylhet,Sunamganj,Dharampasha,21.4,99,0.1,0.7188,High
4/14/2026 8:00,Sylhet,Sunamganj,Dharampasha,23.6,92,0,0.738,High
4/14/2026 10:00,Sylhet,Sunamganj,Dharampasha,27.5,72,0,0.9065,High
4/14/2026 12:00,Sylhet,Sunamganj,Dharampasha,28.6,68,0.1,0.9148,High
4/14/2026 14:00,Sylhet,Sunamganj,Dharampasha,29.8,63,0,1,High
4/14/2026 16:00,Sylhet,Sunamganj,Dharampasha,30,63,0,1,High
4/14/2026 18:00,Sylhet,Sunamganj,Dharampasha,27.2,83,0,1,High
4/14/2026 20:00,Sylhet,Sunamganj,Dharampasha,24.8,94,0.1,1,High
4/14/2026 22:00,Sylhet,Sunamganj,Dharampasha,22.8,90,0.9,0.6198,Medium
4/15/2026 0:00,Sylhet,Sunamganj,Dharampasha,22.4,97,1.6,0.426,Low
4/15/2026 2:00,Sylhet,Sunamganj,Dharampasha,21.6,99,0.1,0.4218,Low
4/15/2026 4:00,Sylhet,Sunamganj,Dharampasha,21.2,96,0.3,0.4092,Low
4/15/2026 6:00,Sylhet,Sunamganj,Dharampasha,21,98,0,0.711,High
4/15/2026 8:00,Sylhet,Sunamganj,Dharampasha,22.4,92,0,0.72,High
4/15/2026 10:00,Sylhet,Sunamganj,Dharampasha,25.1,80,0,0.8865,High
4/15/2026 12:00,Sylhet,Sunamganj,Dharampasha,28,68,0,0.906,High
4/15/2026 14:00,Sylhet,Sunamganj,Dharampasha,29.1,67,0,1,High
4/15/2026 16:00,Sylhet,Sunamganj,Dharampasha,29.1,68,0,1,High
4/15/2026 18:00,Sylhet,Sunamganj,Dharampasha,27.2,79,0,1,High
4/15/2026 20:00,Sylhet,Sunamganj,Dharampasha,24.2,84,0.3,1,High
4/15/2026 22:00,Sylhet,Sunamganj,Dharampasha,22,92,1.1,0.6112,Medium
4/16/2026 0:00,Sylhet,Sunamganj,Dharampasha,20.6,98,13.5,0.3713,Low
4/16/2026 2:00,Sylhet,Sunamganj,Dharampasha,21,94,0,0.403,Low
4/16/2026 4:00,Sylhet,Sunamganj,Dharampasha,20.8,92,0.1,0.3958,Low
4/16/2026 6:00,Sylhet,Sunamganj,Dharampasha,21.5,98,0.2,0.718,High
4/16/2026 8:00,Sylhet,Sunamganj,Dharampasha,24,89,0,0.738,High
4/16/2026 10:00,Sylhet,Sunamganj,Dharampasha,27.5,77,0,0.9165,High
4/16/2026 12:00,Sylhet,Sunamganj,Dharampasha,29.6,66,0,0.926,High
4/16/2026 14:00,Sylhet,Sunamganj,Dharampasha,30.5,62,0.2,1,High
4/16/2026 16:00,Sylhet,Sunamganj,Dharampasha,30.3,63,0,1,High
4/16/2026 18:00,Sylhet,Sunamganj,Dharampasha,27.8,80,0,1,High
4/16/2026 20:00,Sylhet,Sunamganj,Dharampasha,25.2,91,0,1,High
4/16/2026 22:00,Sylhet,Sunamganj,Dharampasha,24.5,93,0,0.6535,Medium
4/17/2026 0:00,Sylhet,Sunamganj,Dharampasha,25.4,88,1.4,0.4535,Medium
4/17/2026 2:00,Sylhet,Sunamganj,Dharampasha,24,92,0.1,0.4438,Low
4/17/2026 4:00,Sylhet,Sunamganj,Dharampasha,22.9,98,0,0.4395,Low
4/17/2026 6:00,Sylhet,Sunamganj,Dharampasha,23.4,98,0,0.747,High
4/17/2026 8:00,Sylhet,Sunamganj,Dharampasha,26,90,0,0.77,High
4/17/2026 10:00,Sylhet,Sunamganj,Dharampasha,28.6,76,0,0.931,High
4/17/2026 12:00,Sylhet,Sunamganj,Dharampasha,30.7,71,0,0.9525,High
4/17/2026 14:00,Sylhet,Sunamganj,Dharampasha,31.5,72,0.1,1,High
4/17/2026 16:00,Sylhet,Sunamganj,Dharampasha,27,80,4.8,1,High
4/17/2026 18:00,Sylhet,Sunamganj,Dharampasha,27.6,85,0,1,High
4/17/2026 20:00,Sylhet,Sunamganj,Dharampasha,25.5,93,0,1,High
4/17/2026 22:00,Sylhet,Sunamganj,Dharampasha,24.4,99,0,0.664,Medium
4/18/2026 0:00,Sylhet,Sunamganj,Dharampasha,23.9,100,0,0.4585,Medium
4/18/2026 2:00,Sylhet,Sunamganj,Dharampasha,23.6,100,0,0.454,Medium
4/18/2026 4:00,Sylhet,Sunamganj,Dharampasha,23.4,96,0.2,0.4425,Low
4/18/2026 6:00,Sylhet,Sunamganj,Dharampasha,23.6,96,0,0.746,High
4/18/2026 8:00,Sylhet,Sunamganj,Dharampasha,24.1,91,0.7,0.7417,High
4/18/2026 10:00,Sylhet,Sunamganj,Dharampasha,27.4,82,0.2,0.9245,High
4/18/2026 12:00,Sylhet,Sunamganj,Dharampasha,29.4,73,0,0.937,High
4/18/2026 14:00,Sylhet,Sunamganj,Dharampasha,29.7,71,0,1,High
4/18/2026 16:00,Sylhet,Sunamganj,Dharampasha,29.4,71,0,1,High
4/18/2026 18:00,Sylhet,Sunamganj,Dharampasha,28.5,82,0,1,High
4/18/2026 20:00,Sylhet,Sunamganj,Dharampasha,26,90,0,1,High
4/18/2026 22:00,Sylhet,Sunamganj,Dharampasha,24.4,98,0,0.662,Medium
4/19/2026 0:00,Sylhet,Sunamganj,Dharampasha,23.8,99,0,0.455,Medium
4/19/2026 2:00,Sylhet,Sunamganj,Dharampasha,23.5,98,0,0.4485,Low
4/19/2026 4:00,Sylhet,Sunamganj,Dharampasha,22.6,98,0,0.435,Low
4/19/2026 6:00,Sylhet,Sunamganj,Dharampasha,23.1,98,0,0.7425,High
4/19/2026 8:00,Sylhet,Sunamganj,Dharampasha,25.1,90,0,0.7565,High
4/19/2026 10:00,Sylhet,Sunamganj,Dharampasha,28,77,0.1,0.9238,High
4/19/2026 12:00,Sylhet,Sunamganj,Dharampasha,28.9,74,0.2,0.931,High
4/19/2026 14:00,Sylhet,Sunamganj,Dharampasha,29.5,71,0,1,High
4/19/2026 16:00,Sylhet,Sunamganj,Dharampasha,28.4,75,0.1,1,High
4/19/2026 18:00,Sylhet,Sunamganj,Dharampasha,27.6,90,0,1,High
4/19/2026 20:00,Sylhet,Sunamganj,Dharampasha,25.5,97,0,1,High
4/19/2026 22:00,Sylhet,Sunamganj,Dharampasha,24.6,99,0,0.667,Medium
4/20/2026 0:00,Sylhet,Sunamganj,Dharampasha,23.5,98,8.7,0.4268,Low
4/20/2026 2:00,Sylhet,Sunamganj,Dharampasha,22.4,98,3.3,0.4238,Low
4/20/2026 4:00,Sylhet,Sunamganj,Dharampasha,22.4,95,2,0.421,Low
4/20/2026 6:00,Sylhet,Sunamganj,Dharampasha,22.6,95,0,0.729,High
4/20/2026 8:00,Sylhet,Sunamganj,Dharampasha,24.9,90,0,0.7535,High
4/20/2026 10:00,Sylhet,Sunamganj,Dharampasha,26.9,78,0.1,0.9092,High
4/20/2026 12:00,Sylhet,Sunamganj,Dharampasha,29.8,68,0,0.933,High
4/20/2026 14:00,Sylhet,Sunamganj,Dharampasha,30.6,69,0,1,High
4/20/2026 16:00,Sylhet,Sunamganj,Dharampasha,30.5,70,0,1,High
4/20/2026 18:00,Sylhet,Sunamganj,Dharampasha,26.8,90,0,1,High
4/20/2026 20:00,Sylhet,Sunamganj,Dharampasha,24.8,90,0,1,High
4/20/2026 22:00,Sylhet,Sunamganj,Dharampasha,23.4,94,5.6,0.625,Medium
4/21/2026 0:00,Sylhet,Sunamganj,Dharampasha,23,96,0,0.437,Low
4/21/2026 2:00,Sylhet,Sunamganj,Dharampasha,22.8,98,0.1,0.4378,Low
4/21/2026 4:00,Sylhet,Sunamganj,Dharampasha,22.7,96,0.2,0.432,Low
4/21/2026 6:00,Sylhet,Sunamganj,Dharampasha,23.6,94,0.1,0.7418,High
4/21/2026 8:00,Sylhet,Sunamganj,Dharampasha,25,89,0.1,0.7527,High
4/21/2026 10:00,Sylhet,Sunamganj,Dharampasha,26,83,0,0.906,High
4/21/2026 12:00,Sylhet,Sunamganj,Dharampasha,28.2,75,0,0.923,High
4/21/2026 14:00,Sylhet,Sunamganj,Dharampasha,29.8,72,0,1,High
4/21/2026 16:00,Sylhet,Sunamganj,Dharampasha,30.3,70,0,1,High
4/21/2026 18:00,Sylhet,Sunamganj,Dharampasha,28.9,82,0,1,High
4/21/2026 20:00,Sylhet,Sunamganj,Dharampasha,26.5,83,0,1,High
4/21/2026 22:00,Sylhet,Sunamganj,Dharampasha,24.4,91,0.1,0.6477,Medium
4/22/2026 0:00,Sylhet,Sunamganj,Dharampasha,23.3,94,2,0.4325,Low
4/22/2026 2:00,Sylhet,Sunamganj,Dharampasha,23,99,0,0.443,Low
4/22/2026 4:00,Sylhet,Sunamganj,Dharampasha,23.5,94,0,0.4405,Low
4/22/2026 6:00,Sylhet,Sunamganj,Dharampasha,21.5,92,0.2,0.706,High
4/22/2026 8:00,Sylhet,Sunamganj,Dharampasha,21.9,85,0.1,0.6982,Medium
4/22/2026 10:00,Sylhet,Sunamganj,Dharampasha,24.6,78,0,0.875,High
4/22/2026 12:00,Sylhet,Sunamganj,Dharampasha,29,71,0,0.927,High
4/22/2026 14:00,Sylhet,Sunamganj,Dharampasha,30.7,69,0,1,High
4/22/2026 16:00,Sylhet,Sunamganj,Dharampasha,30.4,69,0,1,High
4/22/2026 18:00,Sylhet,Sunamganj,Dharampasha,28.1,75,0,1,High
4/22/2026 20:00,Sylhet,Sunamganj,Dharampasha,25.9,88,0,1,High
4/22/2026 22:00,Sylhet,Sunamganj,Dharampasha,24.1,96,0,0.6535,Medium
4/23/2026 0:00,Sylhet,Sunamganj,Dharampasha,24.2,98,0,0.459,Medium
4/23/2026 2:00,Sylhet,Sunamganj,Dharampasha,24.6,89,0,0.447,Low
4/23/2026 4:00,Sylhet,Sunamganj,Dharampasha,23.3,95,0,0.4395,Low
4/23/2026 6:00,Sylhet,Sunamganj,Dharampasha,23.6,93,0,0.74,High
4/23/2026 8:00,Sylhet,Sunamganj,Dharampasha,25.8,90,0,0.767,High
4/23/2026 10:00,Sylhet,Sunamganj,Dharampasha,27.7,80,0.2,0.925,High
4/23/2026 12:00,Sylhet,Sunamganj,Dharampasha,29,74,0.1,0.9328,High
4/23/2026 14:00,Sylhet,Sunamganj,Dharampasha,31,64,0,1,High
4/23/2026 16:00,Sylhet,Sunamganj,Dharampasha,31.5,61,0,1,High
4/23/2026 18:00,Sylhet,Sunamganj,Dharampasha,29.1,80,0,1,High
4/23/2026 20:00,Sylhet,Sunamganj,Dharampasha,26.6,89,0,1,High
4/23/2026 22:00,Sylhet,Sunamganj,Dharampasha,25.2,94,0,0.666,Medium
4/24/2026 0:00,Sylhet,Sunamganj,Dharampasha,24.5,100,0,0.4675,Medium
4/24/2026 2:00,Sylhet,Sunamganj,Dharampasha,24.1,100,0,0.4615,Medium
4/24/2026 4:00,Sylhet,Sunamganj,Dharampasha,23.9,100,0,0.4585,Medium
4/24/2026 6:00,Sylhet,Sunamganj,Dharampasha,24.2,100,0,0.763,High
4/24/2026 8:00,Sylhet,Sunamganj,Dharampasha,25.6,93,0.4,0.769,High
4/24/2026 10:00,Sylhet,Sunamganj,Dharampasha,29.1,77,0,0.9405,High
4/24/2026 12:00,Sylhet,Sunamganj,Dharampasha,31.4,68,0.1,0.9568,High
4/24/2026 14:00,Sylhet,Sunamganj,Dharampasha,32.5,63,0,1,High
4/24/2026 16:00,Sylhet,Sunamganj,Dharampasha,32.2,65,0,1,High
4/24/2026 18:00,Sylhet,Sunamganj,Dharampasha,31,78,0,1,High
4/24/2026 20:00,Sylhet,Sunamganj,Dharampasha,28,90,0,1,High
4/24/2026 22:00,Sylhet,Sunamganj,Dharampasha,26.1,99,0,0.6895,Medium
4/25/2026 0:00,Sylhet,Sunamganj,Dharampasha,25.9,99,0,0.4865,Medium
4/25/2026 2:00,Sylhet,Sunamganj,Dharampasha,24.8,100,0,0.472,Medium
4/25/2026 4:00,Sylhet,Sunamganj,Dharampasha,24.4,100,0,0.466,Medium
4/25/2026 6:00,Sylhet,Sunamganj,Dharampasha,25.7,91,0,0.7675,High
4/25/2026 8:00,Sylhet,Sunamganj,Dharampasha,25.2,88,0.3,0.7532,High
4/25/2026 10:00,Sylhet,Sunamganj,Dharampasha,27.6,82,0.1,0.9278,High
4/25/2026 12:00,Sylhet,Sunamganj,Dharampasha,30.6,72,0,0.953,High
4/25/2026 14:00,Sylhet,Sunamganj,Dharampasha,32.4,65,0,1,High
4/25/2026 16:00,Sylhet,Sunamganj,Dharampasha,32,65,0,1,High
4/25/2026 18:00,Sylhet,Sunamganj,Dharampasha,30,83,0,1,High
4/25/2026 20:00,Sylhet,Sunamganj,Dharampasha,26.9,88,0,1,High
4/25/2026 22:00,Sylhet,Sunamganj,Dharampasha,25,94,0,0.663,Medium
4/26/2026 0:00,Sylhet,Sunamganj,Dharampasha,24.6,100,0,0.469,Medium
4/26/2026 2:00,Sylhet,Sunamganj,Dharampasha,24.1,100,0,0.4615,Medium
4/26/2026 4:00,Sylhet,Sunamganj,Dharampasha,24.9,86,0,0.4455,Low
4/26/2026 6:00,Sylhet,Sunamganj,Dharampasha,23.4,99,0,0.749,High
4/26/2026 8:00,Sylhet,Sunamganj,Dharampasha,25.5,89,0,0.7605,High
4/26/2026 10:00,Sylhet,Sunamganj,Dharampasha,28.2,76,0,0.925,High
4/26/2026 12:00,Sylhet,Sunamganj,Dharampasha,28.4,64,0,0.904,High
4/26/2026 14:00,Sylhet,Sunamganj,Dharampasha,27.8,68,0,1,High
4/26/2026 16:00,Sylhet,Sunamganj,Dharampasha,25,83,0.4,0.99,High
4/26/2026 18:00,Sylhet,Sunamganj,Dharampasha,24.7,84,0.9,1,High
4/26/2026 20:00,Sylhet,Sunamganj,Dharampasha,24,83,0,1,High
4/26/2026 22:00,Sylhet,Sunamganj,Dharampasha,23.5,87,0,0.6265,Medium
4/27/2026 0:00,Sylhet,Sunamganj,Dharampasha,23.2,86,0.9,0.4178,Low
4/27/2026 2:00,Sylhet,Sunamganj,Dharampasha,22.5,87,1.1,0.4088,Low
4/27/2026 4:00,Sylhet,Sunamganj,Dharampasha,22.4,86,0,0.408,Low
4/27/2026 6:00,Sylhet,Sunamganj,Dharampasha,20.6,92,1.2,0.69,Medium
4/27/2026 8:00,Sylhet,Sunamganj,Dharampasha,21.1,95,2,0.7015,High
4/27/2026 10:00,Sylhet,Sunamganj,Dharampasha,22.2,90,0.6,0.8615,High
4/27/2026 12:00,Sylhet,Sunamganj,Dharampasha,23,81,0.6,0.8555,High
4/27/2026 14:00,Sylhet,Sunamganj,Dharampasha,24.2,77,0,0.967,High
4/27/2026 16:00,Sylhet,Sunamganj,Dharampasha,22.3,92,5.3,0.9552,High
4/27/2026 18:00,Sylhet,Sunamganj,Dharampasha,22.4,93,0.4,1,High
4/27/2026 20:00,Sylhet,Sunamganj,Dharampasha,22,94,0.4,1,High
4/27/2026 22:00,Sylhet,Sunamganj,Dharampasha,21.8,96,0.9,0.6168,Medium
4/28/2026 0:00,Sylhet,Sunamganj,Dharampasha,21.7,96,1.2,0.4145,Low
4/28/2026 2:00,Sylhet,Sunamganj,Dharampasha,21.4,95,0.6,0.4095,Low
4/28/2026 4:00,Sylhet,Sunamganj,Dharampasha,21,98,3.9,0.4013,Low
4/28/2026 6:00,Sylhet,Sunamganj,Dharampasha,22.4,94,4.5,0.7127,High
4/28/2026 8:00,Sylhet,Sunamganj,Dharampasha,23.8,88,2.5,0.7268,High
4/28/2026 10:00,Sylhet,Sunamganj,Dharampasha,23.5,92,16.3,0.8458,High
4/28/2026 12:00,Sylhet,Sunamganj,Dharampasha,23.8,84,1.9,0.8702,High
4/28/2026 14:00,Sylhet,Sunamganj,Dharampasha,24.7,82,0.2,0.984,High
4/28/2026 16:00,Sylhet,Sunamganj,Dharampasha,23.8,87,0.2,0.9805,High
4/28/2026 18:00,Sylhet,Sunamganj,Dharampasha,23.4,93,1.6,1,High
4/28/2026 20:00,Sylhet,Sunamganj,Dharampasha,23,92,0.3,1,High
4/28/2026 22:00,Sylhet,Sunamganj,Dharampasha,22.2,94,2.5,0.6148,Medium
4/29/2026 0:00,Sylhet,Sunamganj,Dharampasha,22.6,97,0.4,0.432,Low
4/29/2026 2:00,Sylhet,Sunamganj,Dharampasha,22.2,98,1.3,0.4258,Low
4/29/2026 4:00,Sylhet,Sunamganj,Dharampasha,21.8,97,6.6,0.4045,Low
4/29/2026 6:00,Sylhet,Sunamganj,Dharampasha,21.6,94,19.6,0.663,Medium
4/29/2026 8:00,Sylhet,Sunamganj,Dharampasha,21.6,94,4.7,0.7002,High
4/29/2026 10:00,Sylhet,Sunamganj,Dharampasha,21.9,94,5.8,0.852,High
4/29/2026 12:00,Sylhet,Sunamganj,Dharampasha,21.4,93,0.3,0.8562,High
4/29/2026 14:00,Sylhet,Sunamganj,Dharampasha,23.9,78,0,0.9645,High
4/29/2026 16:00,Sylhet,Sunamganj,Dharampasha,23.8,78,0,0.963,High
4/29/2026 18:00,Sylhet,Sunamganj,Dharampasha,23.4,81,0,1,High
4/29/2026 20:00,Sylhet,Sunamganj,Dharampasha,22.3,86,0,1,High
4/29/2026 22:00,Sylhet,Sunamganj,Dharampasha,21,92,0,0.599,Medium
4/30/2026 0:00,Sylhet,Sunamganj,Dharampasha,21.4,92,0,0.405,Low
4/30/2026 2:00,Sylhet,Sunamganj,Dharampasha,21.4,95,1,0.4085,Low
4/30/2026 4:00,Sylhet,Sunamganj,Dharampasha,20.9,96,1.3,0.4022,Low
4/30/2026 6:00,Sylhet,Sunamganj,Dharampasha,20.9,95,0,0.7035,High
4/30/2026 8:00,Sylhet,Sunamganj,Dharampasha,22.1,87,0.1,0.7052,High
4/30/2026 10:00,Sylhet,Sunamganj,Dharampasha,25.5,73,0,0.8785,High
4/30/2026 12:00,Sylhet,Sunamganj,Dharampasha,26.2,69,0,0.881,High
4/30/2026 14:00,Sylhet,Sunamganj,Dharampasha,27.5,64,0,0.9905,High
4/30/2026 16:00,Sylhet,Sunamganj,Dharampasha,27.9,62,0,0.9925,High
4/30/2026 18:00,Sylhet,Sunamganj,Dharampasha,25.7,81,0,1,High
4/30/2026 20:00,Sylhet,Sunamganj,Dharampasha,22.8,92,0,1,High
4/30/2026 22:00,Sylhet,Sunamganj,Dharampasha,22,94,0.3,0.6172,Medium
5/1/2026 0:00,Sylhet,Sunamganj,Dharampasha,21.6,98,0,0.42,Low
5/1/2026 2:00,Sylhet,Sunamganj,Dharampasha,22.4,94,0,0.424,Low
5/1/2026 4:00,Sylhet,Sunamganj,Dharampasha,21.6,94,0,0.412,Low
5/1/2026 6:00,Sylhet,Sunamganj,Dharampasha,21.5,93,0.4,0.7075,High
5/1/2026 8:00,Sylhet,Sunamganj,Dharampasha,22.6,96,0.7,0.7292,High
5/1/2026 10:00,Sylhet,Sunamganj,Dharampasha,24,87,0.1,0.8838,High
5/1/2026 12:00,Sylhet,Sunamganj,Dharampasha,25,83,0,0.891,High
5/1/2026 14:00,Sylhet,Sunamganj,Dharampasha,25.6,75,2.2,0.9785,High
5/1/2026 16:00,Sylhet,Sunamganj,Dharampasha,23.6,85,0.2,0.9735,High
5/1/2026 18:00,Sylhet,Sunamganj,Dharampasha,23,85,0,1,High
5/1/2026 20:00,Sylhet,Sunamganj,Dharampasha,21.1,91,0,1,High
5/1/2026 22:00,Sylhet,Sunamganj,Dharampasha,20.8,93,0,0.598,Medium
5/2/2026 0:00,Sylhet,Sunamganj,Dharampasha,21.2,94,0,0.406,Low
5/2/2026 2:00,Sylhet,Sunamganj,Dharampasha,20.9,97,0.1,0.4072,Low
5/2/2026 4:00,Sylhet,Sunamganj,Dharampasha,20.5,98,0,0.4035,Low
5/2/2026 6:00,Sylhet,Sunamganj,Dharampasha,21.2,96,0,0.71,High
5/2/2026 8:00,Sylhet,Sunamganj,Dharampasha,20.9,97,2.8,0.7005,High
5/2/2026 10:00,Sylhet,Sunamganj,Dharampasha,22,91,0.3,0.8612,High
5/2/2026 12:00,Sylhet,Sunamganj,Dharampasha,21.8,96,0.8,0.867,High
5/2/2026 14:00,Sylhet,Sunamganj,Dharampasha,22.5,88,1.4,0.96,High
5/2/2026 16:00,Sylhet,Sunamganj,Dharampasha,22,93,1,0.9635,High
5/2/2026 18:00,Sylhet,Sunamganj,Dharampasha,22.4,93,0.1,1,High
5/2/2026 20:00,Sylhet,Sunamganj,Dharampasha,21.1,95,1.3,1,High
5/2/2026 22:00,Sylhet,Sunamganj,Dharampasha,21,93,1.1,0.5982,Medium
5/3/2026 0:00,Sylhet,Sunamganj,Dharampasha,21,96,5.3,0.3938,Low
5/3/2026 2:00,Sylhet,Sunamganj,Dharampasha,20.3,99,0.4,0.4015,Low
5/3/2026 4:00,Sylhet,Sunamganj,Dharampasha,20.1,98,10.5,0.3712,Low
5/3/2026 6:00,Sylhet,Sunamganj,Dharampasha,20.5,98,1.4,0.7,High
5/3/2026 8:00,Sylhet,Sunamganj,Dharampasha,23.1,86,0,0.7185,High
5/3/2026 10:00,Sylhet,Sunamganj,Dharampasha,25.5,75,0,0.8825,High
5/3/2026 12:00,Sylhet,Sunamganj,Dharampasha,27,70,0,0.895,High
5/3/2026 14:00,Sylhet,Sunamganj,Dharampasha,28.5,64,0.1,1,High
5/3/2026 16:00,Sylhet,Sunamganj,Dharampasha,28.1,66,0.1,1,High
5/3/2026 18:00,Sylhet,Sunamganj,Dharampasha,25.1,86,0,1,High
5/3/2026 20:00,Sylhet,Sunamganj,Dharampasha,23.2,94,0,1,High
5/3/2026 22:00,Sylhet,Sunamganj,Dharampasha,22.8,95,0,0.632,Medium
5/4/2026 0:00,Sylhet,Sunamganj,Dharampasha,21.5,98,0,0.4185,Low
5/4/2026 2:00,Sylhet,Sunamganj,Dharampasha,21.5,96,0,0.4145,Low
5/4/2026 4:00,Sylhet,Sunamganj,Dharampasha,21.3,98,0,0.4155,Low
5/4/2026 6:00,Sylhet,Sunamganj,Dharampasha,23,93,0,0.731,High
5/4/2026 8:00,Sylhet,Sunamganj,Dharampasha,22.2,96,4.8,0.713,High
5/4/2026 10:00,Sylhet,Sunamganj,Dharampasha,23.7,91,7.7,0.8682,High
5/4/2026 12:00,Sylhet,Sunamganj,Dharampasha,25.6,79,0.1,0.8918,High
5/4/2026 14:00,Sylhet,Sunamganj,Dharampasha,26.9,75,0.2,1,High
5/4/2026 16:00,Sylhet,Sunamganj,Dharampasha,28,69,0,1,High
5/4/2026 18:00,Sylhet,Sunamganj,Dharampasha,25.5,83,0,1,High
5/4/2026 20:00,Sylhet,Sunamganj,Dharampasha,23.5,89,0,1,High
5/4/2026 22:00,Sylhet,Sunamganj,Dharampasha,22.4,94,0,0.624,Medium
5/5/2026 0:00,Sylhet,Sunamganj,Dharampasha,22.5,95,0,0.4275,Low
5/5/2026 2:00,Sylhet,Sunamganj,Dharampasha,21.8,99,0,0.425,Low
5/5/2026 4:00,Sylhet,Sunamganj,Dharampasha,21.5,100,0,0.4225,Low
5/5/2026 6:00,Sylhet,Sunamganj,Dharampasha,21.9,92,0,0.7125,High
5/5/2026 8:00,Sylhet,Sunamganj,Dharampasha,24.1,89,0,0.7395,High
5/5/2026 10:00,Sylhet,Sunamganj,Dharampasha,27,76,0,0.907,High
5/5/2026 12:00,Sylhet,Sunamganj,Dharampasha,30.3,66,0.1,0.9362,High
5/5/2026 14:00,Sylhet,Sunamganj,Dharampasha,31,63,0,1,High
5/5/2026 16:00,Sylhet,Sunamganj,Dharampasha,30.5,60,0,1,High
5/5/2026 18:00,Sylhet,Sunamganj,Dharampasha,28.2,72,0,1,High
5/5/2026 20:00,Sylhet,Sunamganj,Dharampasha,25.5,85,0,1,High
5/5/2026 22:00,Sylhet,Sunamganj,Dharampasha,23.8,95,0,0.647,Medium
5/6/2026 0:00,Sylhet,Sunamganj,Dharampasha,23.8,97,0,0.451,Medium
5/6/2026 2:00,Sylhet,Sunamganj,Dharampasha,22.8,95,0.4,0.431,Low
5/6/2026 4:00,Sylhet,Sunamganj,Dharampasha,22.8,97,0.3,0.4352,Low
5/6/2026 6:00,Sylhet,Sunamganj,Dharampasha,23.1,90,0,0.7265,High
5/6/2026 8:00,Sylhet,Sunamganj,Dharampasha,26.8,77,0,0.756,High
5/6/2026 10:00,Sylhet,Sunamganj,Dharampasha,29.2,73,0.1,0.9338,High
5/6/2026 12:00,Sylhet,Sunamganj,Dharampasha,29.6,70,0.1,0.9338,High
5/6/2026 14:00,Sylhet,Sunamganj,Dharampasha,29.2,70,0,1,High
5/6/2026 16:00,Sylhet,Sunamganj,Dharampasha,28,75,0,1,High
5/6/2026 18:00,Sylhet,Sunamganj,Dharampasha,26.4,81,0,1,High
5/6/2026 20:00,Sylhet,Sunamganj,Dharampasha,25.4,90,1.2,1,High
5/6/2026 22:00,Sylhet,Sunamganj,Dharampasha,24.6,94,1.6,0.653,Medium
5/7/2026 0:00,Sylhet,Sunamganj,Dharampasha,24.4,86,0.5,0.4368,Low
5/7/2026 2:00,Sylhet,Sunamganj,Dharampasha,23.2,94,0,0.436,Low
5/7/2026 4:00,Sylhet,Sunamganj,Dharampasha,22.3,97,0,0.4285,Low
5/7/2026 6:00,Sylhet,Sunamganj,Dharampasha,23,100,0,0.745,High
5/7/2026 8:00,Sylhet,Sunamganj,Dharampasha,25.5,87,0,0.7565,High
5/7/2026 10:00,Sylhet,Sunamganj,Dharampasha,28.7,70,0,0.9205,High
5/7/2026 12:00,Sylhet,Sunamganj,Dharampasha,29.5,60,0,0.9125,High
5/7/2026 14:00,Sylhet,Sunamganj,Dharampasha,30.4,59,0,1,High
5/7/2026 16:00,Sylhet,Sunamganj,Dharampasha,30.3,58,0,1,High
5/7/2026 18:00,Sylhet,Sunamganj,Dharampasha,28.9,74,0,1,High
5/7/2026 20:00,Sylhet,Sunamganj,Dharampasha,26.6,79,0,1,High
5/7/2026 22:00,Sylhet,Sunamganj,Dharampasha,25.4,88,0,0.657,Medium
5/8/2026 0:00,Sylhet,Sunamganj,Dharampasha,25.5,89,0,0.4605,Medium
5/8/2026 2:00,Sylhet,Sunamganj,Dharampasha,23.5,97,0,0.4465,Low
5/8/2026 4:00,Sylhet,Sunamganj,Dharampasha,22.6,100,0,0.439,Low
5/8/2026 6:00,Sylhet,Sunamganj,Dharampasha,22.4,95,0,0.726,High
5/8/2026 8:00,Sylhet,Sunamganj,Dharampasha,26.9,80,0,0.7635,High
5/8/2026 10:00,Sylhet,Sunamganj,Dharampasha,30.4,60,0,0.926,High
5/8/2026 12:00,Sylhet,Sunamganj,Dharampasha,30.9,59,0,0.9315,High
5/8/2026 14:00,Sylhet,Sunamganj,Dharampasha,31.1,57,0.1,1,High
5/8/2026 16:00,Sylhet,Sunamganj,Dharampasha,31,53,0,1,High
5/8/2026 18:00,Sylhet,Sunamganj,Dharampasha,28.5,65,0,1,High
5/8/2026 20:00,Sylhet,Sunamganj,Dharampasha,26.2,74,0,1,High
5/8/2026 22:00,Sylhet,Sunamganj,Dharampasha,24.5,87,0,0.6415,Medium
5/9/2026 0:00,Sylhet,Sunamganj,Dharampasha,23.5,94,0,0.4405,Low
5/9/2026 2:00,Sylhet,Sunamganj,Dharampasha,22.1,96,0,0.4235,Low
5/9/2026 4:00,Sylhet,Sunamganj,Dharampasha,21.5,100,0,0.4225,Low
5/9/2026 6:00,Sylhet,Sunamganj,Dharampasha,22.5,99,0,0.7355,High
5/9/2026 8:00,Sylhet,Sunamganj,Dharampasha,25.6,78,0,0.74,High
5/9/2026 10:00,Sylhet,Sunamganj,Dharampasha,29.5,65,0,0.9225,High
5/9/2026 12:00,Sylhet,Sunamganj,Dharampasha,31.5,55,0,0.9325,High
5/9/2026 14:00,Sylhet,Sunamganj,Dharampasha,32.8,47,0,1,High
5/9/2026 16:00,Sylhet,Sunamganj,Dharampasha,32.2,50,0,1,High
5/9/2026 18:00,Sylhet,Sunamganj,Dharampasha,30.1,72,0,1,High
5/9/2026 20:00,Sylhet,Sunamganj,Dharampasha,27.5,78,0,1,High
5/9/2026 22:00,Sylhet,Sunamganj,Dharampasha,26,87,0,0.664,Medium
5/10/2026 0:00,Sylhet,Sunamganj,Dharampasha,24.9,93,0,0.4595,Medium
5/10/2026 2:00,Sylhet,Sunamganj,Dharampasha,24.7,91,0,0.4525,Medium
5/10/2026 4:00,Sylhet,Sunamganj,Dharampasha,24.8,91,0,0.454,Medium
5/10/2026 6:00,Sylhet,Sunamganj,Dharampasha,24,91,0,0.742,High
5/10/2026 8:00,Sylhet,Sunamganj,Dharampasha,27.6,79,0,0.772,High
5/10/2026 10:00,Sylhet,Sunamganj,Dharampasha,30.6,65,0,0.939,High
5/10/2026 12:00,Sylhet,Sunamganj,Dharampasha,32.3,52,0,0.9385,High
5/10/2026 14:00,Sylhet,Sunamganj,Dharampasha,32.4,48,0,1,High
5/10/2026 16:00,Sylhet,Sunamganj,Dharampasha,28.1,69,2.7,1,High
5/10/2026 18:00,Sylhet,Sunamganj,Dharampasha,26,81,0,1,High
5/10/2026 20:00,Sylhet,Sunamganj,Dharampasha,24.9,87,0,1,High
5/10/2026 22:00,Sylhet,Sunamganj,Dharampasha,24.4,91,0,0.648,Medium
5/11/2026 0:00,Sylhet,Sunamganj,Dharampasha,24.8,90,0,0.452,Medium
5/11/2026 2:00,Sylhet,Sunamganj,Dharampasha,23.8,89,0.7,0.4332,Low
5/11/2026 4:00,Sylhet,Sunamganj,Dharampasha,22,92,0.7,0.4122,Low
5/11/2026 6:00,Sylhet,Sunamganj,Dharampasha,22.9,95,0.1,0.7332,High
5/11/2026 8:00,Sylhet,Sunamganj,Dharampasha,22.2,87,1.2,0.704,High
5/11/2026 10:00,Sylhet,Sunamganj,Dharampasha,27.8,70,0,0.907,High
5/11/2026 12:00,Sylhet,Sunamganj,Dharampasha,27.9,70,0,0.9085,High
5/11/2026 14:00,Sylhet,Sunamganj,Dharampasha,23.3,91,7.5,0.9627,High
5/11/2026 16:00,Sylhet,Sunamganj,Dharampasha,26.2,77,0.1,0.9968,High
5/11/2026 18:00,Sylhet,Sunamganj,Dharampasha,26.9,79,0,1,High
5/11/2026 20:00,Sylhet,Sunamganj,Dharampasha,24.8,90,0,1,High
5/11/2026 22:00,Sylhet,Sunamganj,Dharampasha,24.2,91,0,0.645,Medium
5/12/2026 0:00,Sylhet,Sunamganj,Dharampasha,22.9,96,0,0.4355,Low
5/12/2026 2:00,Sylhet,Sunamganj,Dharampasha,22.2,100,0,0.433,Low
5/12/2026 4:00,Sylhet,Sunamganj,Dharampasha,22.4,100,0,0.436,Low
5/12/2026 6:00,Sylhet,Sunamganj,Dharampasha,23,96,0.4,0.736,High
5/12/2026 8:00,Sylhet,Sunamganj,Dharampasha,25.9,86,0.1,0.7602,High
5/12/2026 10:00,Sylhet,Sunamganj,Dharampasha,28.2,74,0.1,0.9208,High
5/12/2026 12:00,Sylhet,Sunamganj,Dharampasha,29.5,63,0.1,0.9182,High
5/12/2026 14:00,Sylhet,Sunamganj,Dharampasha,30.1,64,0,1,High
5/12/2026 16:00,Sylhet,Sunamganj,Dharampasha,29.9,65,0,1,High
5/12/2026 18:00,Sylhet,Sunamganj,Dharampasha,28,79,0,1,High
5/12/2026 20:00,Sylhet,Sunamganj,Dharampasha,26.2,89,0,1,High
5/12/2026 22:00,Sylhet,Sunamganj,Dharampasha,24.7,99,0,0.6685,Medium
5/13/2026 0:00,Sylhet,Sunamganj,Dharampasha,25,99,0,0.473,Medium
5/13/2026 2:00,Sylhet,Sunamganj,Dharampasha,22.5,99,9.6,0.4115,Low
5/13/2026 4:00,Sylhet,Sunamganj,Dharampasha,22.5,98,0.5,0.4322,Low
5/13/2026 6:00,Sylhet,Sunamganj,Dharampasha,23.5,97,3.5,0.7377,High
5/13/2026 8:00,Sylhet,Sunamganj,Dharampasha,23.7,97,2.6,0.743,High
5/13/2026 10:00,Sylhet,Sunamganj,Dharampasha,24.9,94,1,0.909,High
5/13/2026 12:00,Sylhet,Sunamganj,Dharampasha,28.8,72,0.1,0.9258,High
5/13/2026 14:00,Sylhet,Sunamganj,Dharampasha,30.4,62,0.1,1,High
5/13/2026 16:00,Sylhet,Sunamganj,Dharampasha,30.6,63,0,1,High
5/13/2026 18:00,Sylhet,Sunamganj,Dharampasha,28.8,74,0.1,1,High
5/13/2026 20:00,Sylhet,Sunamganj,Dharampasha,26.2,90,0,1,High
5/13/2026 22:00,Sylhet,Sunamganj,Dharampasha,22.5,99,4.2,0.625,Medium
4/13/2026 0:00,Sylhet,Sunamganj,Dowarabazar,22.2,92,0,0.417,Low
4/13/2026 2:00,Sylhet,Sunamganj,Dowarabazar,22.6,79,0,0.397,Low
4/13/2026 4:00,Sylhet,Sunamganj,Dowarabazar,21.9,82,0,0.3925,Low
4/13/2026 6:00,Sylhet,Sunamganj,Dowarabazar,21.2,92,0,0.702,High
4/13/2026 8:00,Sylhet,Sunamganj,Dowarabazar,21.9,85,0,0.6985,Medium
4/13/2026 10:00,Sylhet,Sunamganj,Dowarabazar,24.2,77,0,0.867,High
4/13/2026 12:00,Sylhet,Sunamganj,Dowarabazar,24.5,76,0,0.8695,High
4/13/2026 14:00,Sylhet,Sunamganj,Dowarabazar,27.4,67,0,0.995,High
4/13/2026 16:00,Sylhet,Sunamganj,Dowarabazar,27,72,0,0.999,High
4/13/2026 18:00,Sylhet,Sunamganj,Dowarabazar,26.1,82,0,1,High
4/13/2026 20:00,Sylhet,Sunamganj,Dowarabazar,23.8,87,0,1,High
4/13/2026 22:00,Sylhet,Sunamganj,Dowarabazar,22,92,0,0.614,Medium
4/14/2026 0:00,Sylhet,Sunamganj,Dowarabazar,21.9,91,15,0.373,Low
4/14/2026 2:00,Sylhet,Sunamganj,Dowarabazar,21.2,96,0,0.41,Low
4/14/2026 4:00,Sylhet,Sunamganj,Dowarabazar,20.9,97,3.8,0.398,Low
4/14/2026 6:00,Sylhet,Sunamganj,Dowarabazar,21.4,99,0.1,0.7188,High
4/14/2026 8:00,Sylhet,Sunamganj,Dowarabazar,23.6,92,0,0.738,High
4/14/2026 10:00,Sylhet,Sunamganj,Dowarabazar,27.5,72,0,0.9065,High
4/14/2026 12:00,Sylhet,Sunamganj,Dowarabazar,28.6,68,0.1,0.9148,High
4/14/2026 14:00,Sylhet,Sunamganj,Dowarabazar,29.8,63,0,1,High
4/14/2026 16:00,Sylhet,Sunamganj,Dowarabazar,30,63,0,1,High
4/14/2026 18:00,Sylhet,Sunamganj,Dowarabazar,27.2,83,0,1,High
4/14/2026 20:00,Sylhet,Sunamganj,Dowarabazar,24.8,94,0.1,1,High
4/14/2026 22:00,Sylhet,Sunamganj,Dowarabazar,22.8,90,0.9,0.6198,Medium
4/15/2026 0:00,Sylhet,Sunamganj,Dowarabazar,22.4,97,1.6,0.426,Low
4/15/2026 2:00,Sylhet,Sunamganj,Dowarabazar,21.6,99,0.1,0.4218,Low
4/15/2026 4:00,Sylhet,Sunamganj,Dowarabazar,21.2,96,0.3,0.4092,Low
4/15/2026 6:00,Sylhet,Sunamganj,Dowarabazar,21,98,0,0.711,High
4/15/2026 8:00,Sylhet,Sunamganj,Dowarabazar,22.4,92,0,0.72,High
4/15/2026 10:00,Sylhet,Sunamganj,Dowarabazar,25.1,80,0,0.8865,High
4/15/2026 12:00,Sylhet,Sunamganj,Dowarabazar,28,68,0,0.906,High
4/15/2026 14:00,Sylhet,Sunamganj,Dowarabazar,29.1,67,0,1,High
4/15/2026 16:00,Sylhet,Sunamganj,Dowarabazar,29.1,68,0,1,High
4/15/2026 18:00,Sylhet,Sunamganj,Dowarabazar,27.2,79,0,1,High
4/15/2026 20:00,Sylhet,Sunamganj,Dowarabazar,24.2,84,0.3,1,High
4/15/2026 22:00,Sylhet,Sunamganj,Dowarabazar,22,92,1.1,0.6112,Medium
4/16/2026 0:00,Sylhet,Sunamganj,Dowarabazar,20.6,98,13.5,0.3713,Low
4/16/2026 2:00,Sylhet,Sunamganj,Dowarabazar,21,94,0,0.403,Low
4/16/2026 4:00,Sylhet,Sunamganj,Dowarabazar,20.8,92,0.1,0.3958,Low
4/16/2026 6:00,Sylhet,Sunamganj,Dowarabazar,21.5,98,0.2,0.718,High
4/16/2026 8:00,Sylhet,Sunamganj,Dowarabazar,24,89,0,0.738,High
4/16/2026 10:00,Sylhet,Sunamganj,Dowarabazar,27.5,77,0,0.9165,High
4/16/2026 12:00,Sylhet,Sunamganj,Dowarabazar,29.6,66,0,0.926,High
4/16/2026 14:00,Sylhet,Sunamganj,Dowarabazar,30.5,62,0.2,1,High
4/16/2026 16:00,Sylhet,Sunamganj,Dowarabazar,30.3,63,0,1,High
4/16/2026 18:00,Sylhet,Sunamganj,Dowarabazar,27.8,80,0,1,High
4/16/2026 20:00,Sylhet,Sunamganj,Dowarabazar,25.2,91,0,1,High
4/16/2026 22:00,Sylhet,Sunamganj,Dowarabazar,24.5,93,0,0.6535,Medium
4/17/2026 0:00,Sylhet,Sunamganj,Dowarabazar,25.4,88,1.4,0.4535,Medium
4/17/2026 2:00,Sylhet,Sunamganj,Dowarabazar,24,92,0.1,0.4438,Low
4/17/2026 4:00,Sylhet,Sunamganj,Dowarabazar,22.9,98,0,0.4395,Low
4/17/2026 6:00,Sylhet,Sunamganj,Dowarabazar,23.4,98,0,0.747,High
4/17/2026 8:00,Sylhet,Sunamganj,Dowarabazar,26,90,0,0.77,High
4/17/2026 10:00,Sylhet,Sunamganj,Dowarabazar,28.6,76,0,0.931,High
4/17/2026 12:00,Sylhet,Sunamganj,Dowarabazar,30.7,71,0,0.9525,High
4/17/2026 14:00,Sylhet,Sunamganj,Dowarabazar,31.5,72,0.1,1,High
4/17/2026 16:00,Sylhet,Sunamganj,Dowarabazar,27,80,4.8,1,High
4/17/2026 18:00,Sylhet,Sunamganj,Dowarabazar,27.6,85,0,1,High
4/17/2026 20:00,Sylhet,Sunamganj,Dowarabazar,25.5,93,0,1,High
4/17/2026 22:00,Sylhet,Sunamganj,Dowarabazar,24.4,99,0,0.664,Medium
4/18/2026 0:00,Sylhet,Sunamganj,Dowarabazar,23.9,100,0,0.4585,Medium
4/18/2026 2:00,Sylhet,Sunamganj,Dowarabazar,23.6,100,0,0.454,Medium
4/18/2026 4:00,Sylhet,Sunamganj,Dowarabazar,23.4,96,0.2,0.4425,Low
4/18/2026 6:00,Sylhet,Sunamganj,Dowarabazar,23.6,96,0,0.746,High
4/18/2026 8:00,Sylhet,Sunamganj,Dowarabazar,24.1,91,0.7,0.7417,High
4/18/2026 10:00,Sylhet,Sunamganj,Dowarabazar,27.4,82,0.2,0.9245,High
4/18/2026 12:00,Sylhet,Sunamganj,Dowarabazar,29.4,73,0,0.937,High
4/18/2026 14:00,Sylhet,Sunamganj,Dowarabazar,29.7,71,0,1,High
4/18/2026 16:00,Sylhet,Sunamganj,Dowarabazar,29.4,71,0,1,High
4/18/2026 18:00,Sylhet,Sunamganj,Dowarabazar,28.5,82,0,1,High
4/18/2026 20:00,Sylhet,Sunamganj,Dowarabazar,26,90,0,1,High
4/18/2026 22:00,Sylhet,Sunamganj,Dowarabazar,24.4,98,0,0.662,Medium
4/19/2026 0:00,Sylhet,Sunamganj,Dowarabazar,23.8,99,0,0.455,Medium
4/19/2026 2:00,Sylhet,Sunamganj,Dowarabazar,23.5,98,0,0.4485,Low
4/19/2026 4:00,Sylhet,Sunamganj,Dowarabazar,22.6,98,0,0.435,Low
4/19/2026 6:00,Sylhet,Sunamganj,Dowarabazar,23.1,98,0,0.7425,High
4/19/2026 8:00,Sylhet,Sunamganj,Dowarabazar,25.1,90,0,0.7565,High
4/19/2026 10:00,Sylhet,Sunamganj,Dowarabazar,28,77,0.1,0.9238,High
4/19/2026 12:00,Sylhet,Sunamganj,Dowarabazar,28.9,74,0.2,0.931,High
4/19/2026 14:00,Sylhet,Sunamganj,Dowarabazar,29.5,71,0,1,High
4/19/2026 16:00,Sylhet,Sunamganj,Dowarabazar,28.4,75,0.1,1,High
4/19/2026 18:00,Sylhet,Sunamganj,Dowarabazar,27.6,90,0,1,High
4/19/2026 20:00,Sylhet,Sunamganj,Dowarabazar,25.5,97,0,1,High
4/19/2026 22:00,Sylhet,Sunamganj,Dowarabazar,24.6,99,0,0.667,Medium
4/20/2026 0:00,Sylhet,Sunamganj,Dowarabazar,23.5,98,8.7,0.4268,Low
4/20/2026 2:00,Sylhet,Sunamganj,Dowarabazar,22.4,98,3.3,0.4238,Low
4/20/2026 4:00,Sylhet,Sunamganj,Dowarabazar,22.4,95,2,0.421,Low
4/20/2026 6:00,Sylhet,Sunamganj,Dowarabazar,22.6,95,0,0.729,High
4/20/2026 8:00,Sylhet,Sunamganj,Dowarabazar,24.9,90,0,0.7535,High
4/20/2026 10:00,Sylhet,Sunamganj,Dowarabazar,26.9,78,0.1,0.9092,High
4/20/2026 12:00,Sylhet,Sunamganj,Dowarabazar,29.8,68,0,0.933,High
4/20/2026 14:00,Sylhet,Sunamganj,Dowarabazar,30.6,69,0,1,High
4/20/2026 16:00,Sylhet,Sunamganj,Dowarabazar,30.5,70,0,1,High
4/20/2026 18:00,Sylhet,Sunamganj,Dowarabazar,26.8,90,0,1,High
4/20/2026 20:00,Sylhet,Sunamganj,Dowarabazar,24.8,90,0,1,High
4/20/2026 22:00,Sylhet,Sunamganj,Dowarabazar,23.4,94,5.6,0.625,Medium
4/21/2026 0:00,Sylhet,Sunamganj,Dowarabazar,23,96,0,0.437,Low
4/21/2026 2:00,Sylhet,Sunamganj,Dowarabazar,22.8,98,0.1,0.4378,Low
4/21/2026 4:00,Sylhet,Sunamganj,Dowarabazar,22.7,96,0.2,0.432,Low
4/21/2026 6:00,Sylhet,Sunamganj,Dowarabazar,23.6,94,0.1,0.7418,High
4/21/2026 8:00,Sylhet,Sunamganj,Dowarabazar,25,89,0.1,0.7527,High
4/21/2026 10:00,Sylhet,Sunamganj,Dowarabazar,26,83,0,0.906,High
4/21/2026 12:00,Sylhet,Sunamganj,Dowarabazar,28.2,75,0,0.923,High
4/21/2026 14:00,Sylhet,Sunamganj,Dowarabazar,29.8,72,0,1,High
4/21/2026 16:00,Sylhet,Sunamganj,Dowarabazar,30.3,70,0,1,High
4/21/2026 18:00,Sylhet,Sunamganj,Dowarabazar,28.9,82,0,1,High
4/21/2026 20:00,Sylhet,Sunamganj,Dowarabazar,26.5,83,0,1,High
4/21/2026 22:00,Sylhet,Sunamganj,Dowarabazar,24.4,91,0.1,0.6477,Medium
4/22/2026 0:00,Sylhet,Sunamganj,Dowarabazar,23.3,94,2,0.4325,Low
4/22/2026 2:00,Sylhet,Sunamganj,Dowarabazar,23,99,0,0.443,Low
4/22/2026 4:00,Sylhet,Sunamganj,Dowarabazar,23.5,94,0,0.4405,Low
4/22/2026 6:00,Sylhet,Sunamganj,Dowarabazar,21.5,92,0.2,0.706,High
4/22/2026 8:00,Sylhet,Sunamganj,Dowarabazar,21.9,85,0.1,0.6982,Medium
4/22/2026 10:00,Sylhet,Sunamganj,Dowarabazar,24.6,78,0,0.875,High
4/22/2026 12:00,Sylhet,Sunamganj,Dowarabazar,29,71,0,0.927,High
4/22/2026 14:00,Sylhet,Sunamganj,Dowarabazar,30.7,69,0,1,High
4/22/2026 16:00,Sylhet,Sunamganj,Dowarabazar,30.4,69,0,1,High
4/22/2026 18:00,Sylhet,Sunamganj,Dowarabazar,28.1,75,0,1,High
4/22/2026 20:00,Sylhet,Sunamganj,Dowarabazar,25.9,88,0,1,High
4/22/2026 22:00,Sylhet,Sunamganj,Dowarabazar,24.1,96,0,0.6535,Medium
4/23/2026 0:00,Sylhet,Sunamganj,Dowarabazar,24.2,98,0,0.459,Medium
4/23/2026 2:00,Sylhet,Sunamganj,Dowarabazar,24.6,89,0,0.447,Low
4/23/2026 4:00,Sylhet,Sunamganj,Dowarabazar,23.3,95,0,0.4395,Low
4/23/2026 6:00,Sylhet,Sunamganj,Dowarabazar,23.6,93,0,0.74,High
4/23/2026 8:00,Sylhet,Sunamganj,Dowarabazar,25.8,90,0,0.767,High
4/23/2026 10:00,Sylhet,Sunamganj,Dowarabazar,27.7,80,0.2,0.925,High
4/23/2026 12:00,Sylhet,Sunamganj,Dowarabazar,29,74,0.1,0.9328,High
4/23/2026 14:00,Sylhet,Sunamganj,Dowarabazar,31,64,0,1,High
4/23/2026 16:00,Sylhet,Sunamganj,Dowarabazar,31.5,61,0,1,High
4/23/2026 18:00,Sylhet,Sunamganj,Dowarabazar,29.1,80,0,1,High
4/23/2026 20:00,Sylhet,Sunamganj,Dowarabazar,26.6,89,0,1,High
4/23/2026 22:00,Sylhet,Sunamganj,Dowarabazar,25.2,94,0,0.666,Medium
4/24/2026 0:00,Sylhet,Sunamganj,Dowarabazar,24.5,100,0,0.4675,Medium
4/24/2026 2:00,Sylhet,Sunamganj,Dowarabazar,24.1,100,0,0.4615,Medium
4/24/2026 4:00,Sylhet,Sunamganj,Dowarabazar,23.9,100,0,0.4585,Medium
4/24/2026 6:00,Sylhet,Sunamganj,Dowarabazar,24.2,100,0,0.763,High
4/24/2026 8:00,Sylhet,Sunamganj,Dowarabazar,25.6,93,0.4,0.769,High
4/24/2026 10:00,Sylhet,Sunamganj,Dowarabazar,29.1,77,0,0.9405,High
4/24/2026 12:00,Sylhet,Sunamganj,Dowarabazar,31.4,68,0.1,0.9568,High
4/24/2026 14:00,Sylhet,Sunamganj,Dowarabazar,32.5,63,0,1,High
4/24/2026 16:00,Sylhet,Sunamganj,Dowarabazar,32.2,65,0,1,High
4/24/2026 18:00,Sylhet,Sunamganj,Dowarabazar,31,78,0,1,High
4/24/2026 20:00,Sylhet,Sunamganj,Dowarabazar,28,90,0,1,High
4/24/2026 22:00,Sylhet,Sunamganj,Dowarabazar,26.1,99,0,0.6895,Medium
4/25/2026 0:00,Sylhet,Sunamganj,Dowarabazar,25.9,99,0,0.4865,Medium
4/25/2026 2:00,Sylhet,Sunamganj,Dowarabazar,24.8,100,0,0.472,Medium
4/25/2026 4:00,Sylhet,Sunamganj,Dowarabazar,24.4,100,0,0.466,Medium
4/25/2026 6:00,Sylhet,Sunamganj,Dowarabazar,25.7,91,0,0.7675,High
4/25/2026 8:00,Sylhet,Sunamganj,Dowarabazar,25.2,88,0.3,0.7532,High
4/25/2026 10:00,Sylhet,Sunamganj,Dowarabazar,27.6,82,0.1,0.9278,High
4/25/2026 12:00,Sylhet,Sunamganj,Dowarabazar,30.6,72,0,0.953,High
4/25/2026 14:00,Sylhet,Sunamganj,Dowarabazar,32.4,65,0,1,High
4/25/2026 16:00,Sylhet,Sunamganj,Dowarabazar,32,65,0,1,High
4/25/2026 18:00,Sylhet,Sunamganj,Dowarabazar,30,83,0,1,High
4/25/2026 20:00,Sylhet,Sunamganj,Dowarabazar,26.9,88,0,1,High
4/25/2026 22:00,Sylhet,Sunamganj,Dowarabazar,25,94,0,0.663,Medium
4/26/2026 0:00,Sylhet,Sunamganj,Dowarabazar,24.6,100,0,0.469,Medium
4/26/2026 2:00,Sylhet,Sunamganj,Dowarabazar,24.1,100,0,0.4615,Medium
4/26/2026 4:00,Sylhet,Sunamganj,Dowarabazar,24.9,86,0,0.4455,Low
4/26/2026 6:00,Sylhet,Sunamganj,Dowarabazar,23.4,99,0,0.749,High
4/26/2026 8:00,Sylhet,Sunamganj,Dowarabazar,25.5,89,0,0.7605,High
4/26/2026 10:00,Sylhet,Sunamganj,Dowarabazar,28.2,76,0,0.925,High
4/26/2026 12:00,Sylhet,Sunamganj,Dowarabazar,28.4,64,0,0.904,High
4/26/2026 14:00,Sylhet,Sunamganj,Dowarabazar,27.8,68,0,1,High
4/26/2026 16:00,Sylhet,Sunamganj,Dowarabazar,25,83,0.4,0.99,High
4/26/2026 18:00,Sylhet,Sunamganj,Dowarabazar,24.7,84,0.9,1,High
4/26/2026 20:00,Sylhet,Sunamganj,Dowarabazar,24,83,0,1,High
4/26/2026 22:00,Sylhet,Sunamganj,Dowarabazar,23.5,87,0,0.6265,Medium
4/27/2026 0:00,Sylhet,Sunamganj,Dowarabazar,23.2,86,0.9,0.4178,Low
4/27/2026 2:00,Sylhet,Sunamganj,Dowarabazar,22.5,87,1.1,0.4088,Low
4/27/2026 4:00,Sylhet,Sunamganj,Dowarabazar,22.4,86,0,0.408,Low
4/27/2026 6:00,Sylhet,Sunamganj,Dowarabazar,20.6,92,1.2,0.69,Medium
4/27/2026 8:00,Sylhet,Sunamganj,Dowarabazar,21.1,95,2,0.7015,High
4/27/2026 10:00,Sylhet,Sunamganj,Dowarabazar,22.2,90,0.6,0.8615,High
4/27/2026 12:00,Sylhet,Sunamganj,Dowarabazar,23,81,0.6,0.8555,High
4/27/2026 14:00,Sylhet,Sunamganj,Dowarabazar,24.2,77,0,0.967,High
4/27/2026 16:00,Sylhet,Sunamganj,Dowarabazar,22.3,92,5.3,0.9552,High
4/27/2026 18:00,Sylhet,Sunamganj,Dowarabazar,22.4,93,0.4,1,High
4/27/2026 20:00,Sylhet,Sunamganj,Dowarabazar,22,94,0.4,1,High
4/27/2026 22:00,Sylhet,Sunamganj,Dowarabazar,21.8,96,0.9,0.6168,Medium
4/28/2026 0:00,Sylhet,Sunamganj,Dowarabazar,21.7,96,1.2,0.4145,Low
4/28/2026 2:00,Sylhet,Sunamganj,Dowarabazar,21.4,95,0.6,0.4095,Low
4/28/2026 4:00,Sylhet,Sunamganj,Dowarabazar,21,98,3.9,0.4013,Low
4/28/2026 6:00,Sylhet,Sunamganj,Dowarabazar,22.4,94,4.5,0.7127,High
4/28/2026 8:00,Sylhet,Sunamganj,Dowarabazar,23.8,88,2.5,0.7268,High
4/28/2026 10:00,Sylhet,Sunamganj,Dowarabazar,23.5,92,16.3,0.8458,High
4/28/2026 12:00,Sylhet,Sunamganj,Dowarabazar,23.8,84,1.9,0.8702,High
4/28/2026 14:00,Sylhet,Sunamganj,Dowarabazar,24.7,82,0.2,0.984,High
4/28/2026 16:00,Sylhet,Sunamganj,Dowarabazar,23.8,87,0.2,0.9805,High
4/28/2026 18:00,Sylhet,Sunamganj,Dowarabazar,23.4,93,1.6,1,High
4/28/2026 20:00,Sylhet,Sunamganj,Dowarabazar,23,92,0.3,1,High
4/28/2026 22:00,Sylhet,Sunamganj,Dowarabazar,22.2,94,2.5,0.6148,Medium
4/29/2026 0:00,Sylhet,Sunamganj,Dowarabazar,22.6,97,0.4,0.432,Low
4/29/2026 2:00,Sylhet,Sunamganj,Dowarabazar,22.2,98,1.3,0.4258,Low
4/29/2026 4:00,Sylhet,Sunamganj,Dowarabazar,21.8,97,6.6,0.4045,Low
4/29/2026 6:00,Sylhet,Sunamganj,Dowarabazar,21.6,94,19.6,0.663,Medium
4/29/2026 8:00,Sylhet,Sunamganj,Dowarabazar,21.6,94,4.7,0.7002,High
4/29/2026 10:00,Sylhet,Sunamganj,Dowarabazar,21.9,94,5.8,0.852,High
4/29/2026 12:00,Sylhet,Sunamganj,Dowarabazar,21.4,93,0.3,0.8562,High
4/29/2026 14:00,Sylhet,Sunamganj,Dowarabazar,23.9,78,0,0.9645,High
4/29/2026 16:00,Sylhet,Sunamganj,Dowarabazar,23.8,78,0,0.963,High
4/29/2026 18:00,Sylhet,Sunamganj,Dowarabazar,23.4,81,0,1,High
4/29/2026 20:00,Sylhet,Sunamganj,Dowarabazar,22.3,86,0,1,High
4/29/2026 22:00,Sylhet,Sunamganj,Dowarabazar,21,92,0,0.599,Medium
4/30/2026 0:00,Sylhet,Sunamganj,Dowarabazar,21.4,92,0,0.405,Low
4/30/2026 2:00,Sylhet,Sunamganj,Dowarabazar,21.4,95,1,0.4085,Low
4/30/2026 4:00,Sylhet,Sunamganj,Dowarabazar,20.9,96,1.3,0.4022,Low
4/30/2026 6:00,Sylhet,Sunamganj,Dowarabazar,20.9,95,0,0.7035,High
4/30/2026 8:00,Sylhet,Sunamganj,Dowarabazar,22.1,87,0.1,0.7052,High
4/30/2026 10:00,Sylhet,Sunamganj,Dowarabazar,25.5,73,0,0.8785,High
4/30/2026 12:00,Sylhet,Sunamganj,Dowarabazar,26.2,69,0,0.881,High
4/30/2026 14:00,Sylhet,Sunamganj,Dowarabazar,27.5,64,0,0.9905,High
4/30/2026 16:00,Sylhet,Sunamganj,Dowarabazar,27.9,62,0,0.9925,High
4/30/2026 18:00,Sylhet,Sunamganj,Dowarabazar,25.7,81,0,1,High
4/30/2026 20:00,Sylhet,Sunamganj,Dowarabazar,22.8,92,0,1,High
4/30/2026 22:00,Sylhet,Sunamganj,Dowarabazar,22,94,0.3,0.6172,Medium
5/1/2026 0:00,Sylhet,Sunamganj,Dowarabazar,21.6,98,0,0.42,Low
5/1/2026 2:00,Sylhet,Sunamganj,Dowarabazar,22.4,94,0,0.424,Low
5/1/2026 4:00,Sylhet,Sunamganj,Dowarabazar,21.6,94,0,0.412,Low
5/1/2026 6:00,Sylhet,Sunamganj,Dowarabazar,21.5,93,0.4,0.7075,High
5/1/2026 8:00,Sylhet,Sunamganj,Dowarabazar,22.6,96,0.7,0.7292,High
5/1/2026 10:00,Sylhet,Sunamganj,Dowarabazar,24,87,0.1,0.8838,High
5/1/2026 12:00,Sylhet,Sunamganj,Dowarabazar,25,83,0,0.891,High
5/1/2026 14:00,Sylhet,Sunamganj,Dowarabazar,25.6,75,2.2,0.9785,High
5/1/2026 16:00,Sylhet,Sunamganj,Dowarabazar,23.6,85,0.2,0.9735,High
5/1/2026 18:00,Sylhet,Sunamganj,Dowarabazar,23,85,0,1,High
5/1/2026 20:00,Sylhet,Sunamganj,Dowarabazar,21.1,91,0,1,High
5/1/2026 22:00,Sylhet,Sunamganj,Dowarabazar,20.8,93,0,0.598,Medium
5/2/2026 0:00,Sylhet,Sunamganj,Dowarabazar,21.2,94,0,0.406,Low
5/2/2026 2:00,Sylhet,Sunamganj,Dowarabazar,20.9,97,0.1,0.4072,Low
5/2/2026 4:00,Sylhet,Sunamganj,Dowarabazar,20.5,98,0,0.4035,Low
5/2/2026 6:00,Sylhet,Sunamganj,Dowarabazar,21.2,96,0,0.71,High
5/2/2026 8:00,Sylhet,Sunamganj,Dowarabazar,20.9,97,2.8,0.7005,High
5/2/2026 10:00,Sylhet,Sunamganj,Dowarabazar,22,91,0.3,0.8612,High
5/2/2026 12:00,Sylhet,Sunamganj,Dowarabazar,21.8,96,0.8,0.867,High
5/2/2026 14:00,Sylhet,Sunamganj,Dowarabazar,22.5,88,1.4,0.96,High
5/2/2026 16:00,Sylhet,Sunamganj,Dowarabazar,22,93,1,0.9635,High
5/2/2026 18:00,Sylhet,Sunamganj,Dowarabazar,22.4,93,0.1,1,High
5/2/2026 20:00,Sylhet,Sunamganj,Dowarabazar,21.1,95,1.3,1,High
5/2/2026 22:00,Sylhet,Sunamganj,Dowarabazar,21,93,1.1,0.5982,Medium
5/3/2026 0:00,Sylhet,Sunamganj,Dowarabazar,21,96,5.3,0.3938,Low
5/3/2026 2:00,Sylhet,Sunamganj,Dowarabazar,20.3,99,0.4,0.4015,Low
5/3/2026 4:00,Sylhet,Sunamganj,Dowarabazar,20.1,98,10.5,0.3712,Low
5/3/2026 6:00,Sylhet,Sunamganj,Dowarabazar,20.5,98,1.4,0.7,High
5/3/2026 8:00,Sylhet,Sunamganj,Dowarabazar,23.1,86,0,0.7185,High
5/3/2026 10:00,Sylhet,Sunamganj,Dowarabazar,25.5,75,0,0.8825,High
5/3/2026 12:00,Sylhet,Sunamganj,Dowarabazar,27,70,0,0.895,High
5/3/2026 14:00,Sylhet,Sunamganj,Dowarabazar,28.5,64,0.1,1,High
5/3/2026 16:00,Sylhet,Sunamganj,Dowarabazar,28.1,66,0.1,1,High
5/3/2026 18:00,Sylhet,Sunamganj,Dowarabazar,25.1,86,0,1,High
5/3/2026 20:00,Sylhet,Sunamganj,Dowarabazar,23.2,94,0,1,High
5/3/2026 22:00,Sylhet,Sunamganj,Dowarabazar,22.8,95,0,0.632,Medium
5/4/2026 0:00,Sylhet,Sunamganj,Dowarabazar,21.5,98,0,0.4185,Low
5/4/2026 2:00,Sylhet,Sunamganj,Dowarabazar,21.5,96,0,0.4145,Low
5/4/2026 4:00,Sylhet,Sunamganj,Dowarabazar,21.3,98,0,0.4155,Low
5/4/2026 6:00,Sylhet,Sunamganj,Dowarabazar,23,93,0,0.731,High
5/4/2026 8:00,Sylhet,Sunamganj,Dowarabazar,22.2,96,4.8,0.713,High
5/4/2026 10:00,Sylhet,Sunamganj,Dowarabazar,23.7,91,7.7,0.8682,High
5/4/2026 12:00,Sylhet,Sunamganj,Dowarabazar,25.6,79,0.1,0.8918,High
5/4/2026 14:00,Sylhet,Sunamganj,Dowarabazar,26.9,75,0.2,1,High
5/4/2026 16:00,Sylhet,Sunamganj,Dowarabazar,28,69,0,1,High
5/4/2026 18:00,Sylhet,Sunamganj,Dowarabazar,25.5,83,0,1,High
5/4/2026 20:00,Sylhet,Sunamganj,Dowarabazar,23.5,89,0,1,High
5/4/2026 22:00,Sylhet,Sunamganj,Dowarabazar,22.4,94,0,0.624,Medium
5/5/2026 0:00,Sylhet,Sunamganj,Dowarabazar,22.5,95,0,0.4275,Low
5/5/2026 2:00,Sylhet,Sunamganj,Dowarabazar,21.8,99,0,0.425,Low
5/5/2026 4:00,Sylhet,Sunamganj,Dowarabazar,21.5,100,0,0.4225,Low
5/5/2026 6:00,Sylhet,Sunamganj,Dowarabazar,21.9,92,0,0.7125,High
5/5/2026 8:00,Sylhet,Sunamganj,Dowarabazar,24.1,89,0,0.7395,High
5/5/2026 10:00,Sylhet,Sunamganj,Dowarabazar,27,76,0,0.907,High
5/5/2026 12:00,Sylhet,Sunamganj,Dowarabazar,30.3,66,0.1,0.9362,High
5/5/2026 14:00,Sylhet,Sunamganj,Dowarabazar,31,63,0,1,High
5/5/2026 16:00,Sylhet,Sunamganj,Dowarabazar,30.5,60,0,1,High
5/5/2026 18:00,Sylhet,Sunamganj,Dowarabazar,28.2,72,0,1,High
5/5/2026 20:00,Sylhet,Sunamganj,Dowarabazar,25.5,85,0,1,High
5/5/2026 22:00,Sylhet,Sunamganj,Dowarabazar,23.8,95,0,0.647,Medium
5/6/2026 0:00,Sylhet,Sunamganj,Dowarabazar,23.8,97,0,0.451,Medium
5/6/2026 2:00,Sylhet,Sunamganj,Dowarabazar,22.8,95,0.4,0.431,Low
5/6/2026 4:00,Sylhet,Sunamganj,Dowarabazar,22.8,97,0.3,0.4352,Low
5/6/2026 6:00,Sylhet,Sunamganj,Dowarabazar,23.1,90,0,0.7265,High
5/6/2026 8:00,Sylhet,Sunamganj,Dowarabazar,26.8,77,0,0.756,High
5/6/2026 10:00,Sylhet,Sunamganj,Dowarabazar,29.2,73,0.1,0.9338,High
5/6/2026 12:00,Sylhet,Sunamganj,Dowarabazar,29.6,70,0.1,0.9338,High
5/6/2026 14:00,Sylhet,Sunamganj,Dowarabazar,29.2,70,0,1,High
5/6/2026 16:00,Sylhet,Sunamganj,Dowarabazar,28,75,0,1,High
5/6/2026 18:00,Sylhet,Sunamganj,Dowarabazar,26.4,81,0,1,High
5/6/2026 20:00,Sylhet,Sunamganj,Dowarabazar,25.4,90,1.2,1,High
5/6/2026 22:00,Sylhet,Sunamganj,Dowarabazar,24.6,94,1.6,0.653,Medium
5/7/2026 0:00,Sylhet,Sunamganj,Dowarabazar,24.4,86,0.5,0.4368,Low
5/7/2026 2:00,Sylhet,Sunamganj,Dowarabazar,23.2,94,0,0.436,Low
5/7/2026 4:00,Sylhet,Sunamganj,Dowarabazar,22.3,97,0,0.4285,Low
5/7/2026 6:00,Sylhet,Sunamganj,Dowarabazar,23,100,0,0.745,High
5/7/2026 8:00,Sylhet,Sunamganj,Dowarabazar,25.5,87,0,0.7565,High
5/7/2026 10:00,Sylhet,Sunamganj,Dowarabazar,28.7,70,0,0.9205,High
5/7/2026 12:00,Sylhet,Sunamganj,Dowarabazar,29.5,60,0,0.9125,High
5/7/2026 14:00,Sylhet,Sunamganj,Dowarabazar,30.4,59,0,1,High
5/7/2026 16:00,Sylhet,Sunamganj,Dowarabazar,30.3,58,0,1,High
5/7/2026 18:00,Sylhet,Sunamganj,Dowarabazar,28.9,74,0,1,High
5/7/2026 20:00,Sylhet,Sunamganj,Dowarabazar,26.6,79,0,1,High
5/7/2026 22:00,Sylhet,Sunamganj,Dowarabazar,25.4,88,0,0.657,Medium
5/8/2026 0:00,Sylhet,Sunamganj,Dowarabazar,25.5,89,0,0.4605,Medium
5/8/2026 2:00,Sylhet,Sunamganj,Dowarabazar,23.5,97,0,0.4465,Low
5/8/2026 4:00,Sylhet,Sunamganj,Dowarabazar,22.6,100,0,0.439,Low
5/8/2026 6:00,Sylhet,Sunamganj,Dowarabazar,22.4,95,0,0.726,High
5/8/2026 8:00,Sylhet,Sunamganj,Dowarabazar,26.9,80,0,0.7635,High
5/8/2026 10:00,Sylhet,Sunamganj,Dowarabazar,30.4,60,0,0.926,High
5/8/2026 12:00,Sylhet,Sunamganj,Dowarabazar,30.9,59,0,0.9315,High
5/8/2026 14:00,Sylhet,Sunamganj,Dowarabazar,31.1,57,0.1,1,High
5/8/2026 16:00,Sylhet,Sunamganj,Dowarabazar,31,53,0,1,High
5/8/2026 18:00,Sylhet,Sunamganj,Dowarabazar,28.5,65,0,1,High
5/8/2026 20:00,Sylhet,Sunamganj,Dowarabazar,26.2,74,0,1,High
5/8/2026 22:00,Sylhet,Sunamganj,Dowarabazar,24.5,87,0,0.6415,Medium
5/9/2026 0:00,Sylhet,Sunamganj,Dowarabazar,23.5,94,0,0.4405,Low
5/9/2026 2:00,Sylhet,Sunamganj,Dowarabazar,22.1,96,0,0.4235,Low
5/9/2026 4:00,Sylhet,Sunamganj,Dowarabazar,21.5,100,0,0.4225,Low
5/9/2026 6:00,Sylhet,Sunamganj,Dowarabazar,22.5,99,0,0.7355,High
5/9/2026 8:00,Sylhet,Sunamganj,Dowarabazar,25.6,78,0,0.74,High
5/9/2026 10:00,Sylhet,Sunamganj,Dowarabazar,29.5,65,0,0.9225,High
5/9/2026 12:00,Sylhet,Sunamganj,Dowarabazar,31.5,55,0,0.9325,High
5/9/2026 14:00,Sylhet,Sunamganj,Dowarabazar,32.8,47,0,1,High
5/9/2026 16:00,Sylhet,Sunamganj,Dowarabazar,32.2,50,0,1,High
5/9/2026 18:00,Sylhet,Sunamganj,Dowarabazar,30.1,72,0,1,High
5/9/2026 20:00,Sylhet,Sunamganj,Dowarabazar,27.5,78,0,1,High
5/9/2026 22:00,Sylhet,Sunamganj,Dowarabazar,26,87,0,0.664,Medium
5/10/2026 0:00,Sylhet,Sunamganj,Dowarabazar,24.9,93,0,0.4595,Medium
5/10/2026 2:00,Sylhet,Sunamganj,Dowarabazar,24.7,91,0,0.4525,Medium
5/10/2026 4:00,Sylhet,Sunamganj,Dowarabazar,24.8,91,0,0.454,Medium
5/10/2026 6:00,Sylhet,Sunamganj,Dowarabazar,24,91,0,0.742,High
5/10/2026 8:00,Sylhet,Sunamganj,Dowarabazar,27.6,79,0,0.772,High
5/10/2026 10:00,Sylhet,Sunamganj,Dowarabazar,30.6,65,0,0.939,High
5/10/2026 12:00,Sylhet,Sunamganj,Dowarabazar,32.3,52,0,0.9385,High
5/10/2026 14:00,Sylhet,Sunamganj,Dowarabazar,32.4,48,0,1,High
5/10/2026 16:00,Sylhet,Sunamganj,Dowarabazar,28.1,69,2.7,1,High
5/10/2026 18:00,Sylhet,Sunamganj,Dowarabazar,26,81,0,1,High
5/10/2026 20:00,Sylhet,Sunamganj,Dowarabazar,24.9,87,0,1,High
5/10/2026 22:00,Sylhet,Sunamganj,Dowarabazar,24.4,91,0,0.648,Medium
5/11/2026 0:00,Sylhet,Sunamganj,Dowarabazar,24.8,90,0,0.452,Medium
5/11/2026 2:00,Sylhet,Sunamganj,Dowarabazar,23.8,89,0.7,0.4332,Low
5/11/2026 4:00,Sylhet,Sunamganj,Dowarabazar,22,92,0.7,0.4122,Low
5/11/2026 6:00,Sylhet,Sunamganj,Dowarabazar,22.9,95,0.1,0.7332,High
5/11/2026 8:00,Sylhet,Sunamganj,Dowarabazar,22.2,87,1.2,0.704,High
5/11/2026 10:00,Sylhet,Sunamganj,Dowarabazar,27.8,70,0,0.907,High
5/11/2026 12:00,Sylhet,Sunamganj,Dowarabazar,27.9,70,0,0.9085,High
5/11/2026 14:00,Sylhet,Sunamganj,Dowarabazar,23.3,91,7.5,0.9627,High
5/11/2026 16:00,Sylhet,Sunamganj,Dowarabazar,26.2,77,0.1,0.9968,High
5/11/2026 18:00,Sylhet,Sunamganj,Dowarabazar,26.9,79,0,1,High
5/11/2026 20:00,Sylhet,Sunamganj,Dowarabazar,24.8,90,0,1,High
5/11/2026 22:00,Sylhet,Sunamganj,Dowarabazar,24.2,91,0,0.645,Medium
5/12/2026 0:00,Sylhet,Sunamganj,Dowarabazar,22.9,96,0,0.4355,Low
5/12/2026 2:00,Sylhet,Sunamganj,Dowarabazar,22.2,100,0,0.433,Low
5/12/2026 4:00,Sylhet,Sunamganj,Dowarabazar,22.4,100,0,0.436,Low
5/12/2026 6:00,Sylhet,Sunamganj,Dowarabazar,23,96,0.4,0.736,High
5/12/2026 8:00,Sylhet,Sunamganj,Dowarabazar,25.9,86,0.1,0.7602,High
5/12/2026 10:00,Sylhet,Sunamganj,Dowarabazar,28.2,74,0.1,0.9208,High
5/12/2026 12:00,Sylhet,Sunamganj,Dowarabazar,29.5,63,0.1,0.9182,High
5/12/2026 14:00,Sylhet,Sunamganj,Dowarabazar,30.1,64,0,1,High
5/12/2026 16:00,Sylhet,Sunamganj,Dowarabazar,29.9,65,0,1,High
5/12/2026 18:00,Sylhet,Sunamganj,Dowarabazar,28,79,0,1,High
5/12/2026 20:00,Sylhet,Sunamganj,Dowarabazar,26.2,89,0,1,High
5/12/2026 22:00,Sylhet,Sunamganj,Dowarabazar,24.7,99,0,0.6685,Medium
5/13/2026 0:00,Sylhet,Sunamganj,Dowarabazar,25,99,0,0.473,Medium
5/13/2026 2:00,Sylhet,Sunamganj,Dowarabazar,22.5,99,9.6,0.4115,Low
5/13/2026 4:00,Sylhet,Sunamganj,Dowarabazar,22.5,98,0.5,0.4322,Low
5/13/2026 6:00,Sylhet,Sunamganj,Dowarabazar,23.5,97,3.5,0.7377,High
5/13/2026 8:00,Sylhet,Sunamganj,Dowarabazar,23.7,97,2.6,0.743,High
5/13/2026 10:00,Sylhet,Sunamganj,Dowarabazar,24.9,94,1,0.909,High
5/13/2026 12:00,Sylhet,Sunamganj,Dowarabazar,28.8,72,0.1,0.9258,High
5/13/2026 14:00,Sylhet,Sunamganj,Dowarabazar,30.4,62,0.1,1,High
5/13/2026 16:00,Sylhet,Sunamganj,Dowarabazar,30.6,63,0,1,High
5/13/2026 18:00,Sylhet,Sunamganj,Dowarabazar,28.8,74,0.1,1,High
5/13/2026 20:00,Sylhet,Sunamganj,Dowarabazar,26.2,90,0,1,High
5/13/2026 22:00,Sylhet,Sunamganj,Dowarabazar,22.5,99,4.2,0.625,Medium
4/13/2026 0:00,Sylhet,Sunamganj,Jagannathpur,22.2,92,0,0.417,Low
4/13/2026 2:00,Sylhet,Sunamganj,Jagannathpur,22.6,79,0,0.397,Low
4/13/2026 4:00,Sylhet,Sunamganj,Jagannathpur,21.9,82,0,0.3925,Low
4/13/2026 6:00,Sylhet,Sunamganj,Jagannathpur,21.2,92,0,0.702,High
4/13/2026 8:00,Sylhet,Sunamganj,Jagannathpur,21.9,85,0,0.6985,Medium
4/13/2026 10:00,Sylhet,Sunamganj,Jagannathpur,24.2,77,0,0.867,High
4/13/2026 12:00,Sylhet,Sunamganj,Jagannathpur,24.5,76,0,0.8695,High
4/13/2026 14:00,Sylhet,Sunamganj,Jagannathpur,27.4,67,0,0.995,High
4/13/2026 16:00,Sylhet,Sunamganj,Jagannathpur,27,72,0,0.999,High
4/13/2026 18:00,Sylhet,Sunamganj,Jagannathpur,26.1,82,0,1,High
4/13/2026 20:00,Sylhet,Sunamganj,Jagannathpur,23.8,87,0,1,High
4/13/2026 22:00,Sylhet,Sunamganj,Jagannathpur,22,92,0,0.614,Medium
4/14/2026 0:00,Sylhet,Sunamganj,Jagannathpur,21.9,91,15,0.373,Low
4/14/2026 2:00,Sylhet,Sunamganj,Jagannathpur,21.2,96,0,0.41,Low
4/14/2026 4:00,Sylhet,Sunamganj,Jagannathpur,20.9,97,3.8,0.398,Low
4/14/2026 6:00,Sylhet,Sunamganj,Jagannathpur,21.4,99,0.1,0.7188,High
4/14/2026 8:00,Sylhet,Sunamganj,Jagannathpur,23.6,92,0,0.738,High
4/14/2026 10:00,Sylhet,Sunamganj,Jagannathpur,27.5,72,0,0.9065,High
4/14/2026 12:00,Sylhet,Sunamganj,Jagannathpur,28.6,68,0.1,0.9148,High
4/14/2026 14:00,Sylhet,Sunamganj,Jagannathpur,29.8,63,0,1,High
4/14/2026 16:00,Sylhet,Sunamganj,Jagannathpur,30,63,0,1,High
4/14/2026 18:00,Sylhet,Sunamganj,Jagannathpur,27.2,83,0,1,High
4/14/2026 20:00,Sylhet,Sunamganj,Jagannathpur,24.8,94,0.1,1,High
4/14/2026 22:00,Sylhet,Sunamganj,Jagannathpur,22.8,90,0.9,0.6198,Medium
4/15/2026 0:00,Sylhet,Sunamganj,Jagannathpur,22.4,97,1.6,0.426,Low
4/15/2026 2:00,Sylhet,Sunamganj,Jagannathpur,21.6,99,0.1,0.4218,Low
4/15/2026 4:00,Sylhet,Sunamganj,Jagannathpur,21.2,96,0.3,0.4092,Low
4/15/2026 6:00,Sylhet,Sunamganj,Jagannathpur,21,98,0,0.711,High
4/15/2026 8:00,Sylhet,Sunamganj,Jagannathpur,22.4,92,0,0.72,High
4/15/2026 10:00,Sylhet,Sunamganj,Jagannathpur,25.1,80,0,0.8865,High
4/15/2026 12:00,Sylhet,Sunamganj,Jagannathpur,28,68,0,0.906,High
4/15/2026 14:00,Sylhet,Sunamganj,Jagannathpur,29.1,67,0,1,High
4/15/2026 16:00,Sylhet,Sunamganj,Jagannathpur,29.1,68,0,1,High
4/15/2026 18:00,Sylhet,Sunamganj,Jagannathpur,27.2,79,0,1,High
4/15/2026 20:00,Sylhet,Sunamganj,Jagannathpur,24.2,84,0.3,1,High
4/15/2026 22:00,Sylhet,Sunamganj,Jagannathpur,22,92,1.1,0.6112,Medium
4/16/2026 0:00,Sylhet,Sunamganj,Jagannathpur,20.6,98,13.5,0.3713,Low
4/16/2026 2:00,Sylhet,Sunamganj,Jagannathpur,21,94,0,0.403,Low
4/16/2026 4:00,Sylhet,Sunamganj,Jagannathpur,20.8,92,0.1,0.3958,Low
4/16/2026 6:00,Sylhet,Sunamganj,Jagannathpur,21.5,98,0.2,0.718,High
4/16/2026 8:00,Sylhet,Sunamganj,Jagannathpur,24,89,0,0.738,High
4/16/2026 10:00,Sylhet,Sunamganj,Jagannathpur,27.5,77,0,0.9165,High
4/16/2026 12:00,Sylhet,Sunamganj,Jagannathpur,29.6,66,0,0.926,High
4/16/2026 14:00,Sylhet,Sunamganj,Jagannathpur,30.5,62,0.2,1,High
4/16/2026 16:00,Sylhet,Sunamganj,Jagannathpur,30.3,63,0,1,High
4/16/2026 18:00,Sylhet,Sunamganj,Jagannathpur,27.8,80,0,1,High
4/16/2026 20:00,Sylhet,Sunamganj,Jagannathpur,25.2,91,0,1,High
4/16/2026 22:00,Sylhet,Sunamganj,Jagannathpur,24.5,93,0,0.6535,Medium
4/17/2026 0:00,Sylhet,Sunamganj,Jagannathpur,25.4,88,1.4,0.4535,Medium
4/17/2026 2:00,Sylhet,Sunamganj,Jagannathpur,24,92,0.1,0.4438,Low
4/17/2026 4:00,Sylhet,Sunamganj,Jagannathpur,22.9,98,0,0.4395,Low
4/17/2026 6:00,Sylhet,Sunamganj,Jagannathpur,23.4,98,0,0.747,High
4/17/2026 8:00,Sylhet,Sunamganj,Jagannathpur,26,90,0,0.77,High
4/17/2026 10:00,Sylhet,Sunamganj,Jagannathpur,28.6,76,0,0.931,High
4/17/2026 12:00,Sylhet,Sunamganj,Jagannathpur,30.7,71,0,0.9525,High
4/17/2026 14:00,Sylhet,Sunamganj,Jagannathpur,31.5,72,0.1,1,High
4/17/2026 16:00,Sylhet,Sunamganj,Jagannathpur,27,80,4.8,1,High
4/17/2026 18:00,Sylhet,Sunamganj,Jagannathpur,27.6,85,0,1,High
4/17/2026 20:00,Sylhet,Sunamganj,Jagannathpur,25.5,93,0,1,High
4/17/2026 22:00,Sylhet,Sunamganj,Jagannathpur,24.4,99,0,0.664,Medium
4/18/2026 0:00,Sylhet,Sunamganj,Jagannathpur,23.9,100,0,0.4585,Medium
4/18/2026 2:00,Sylhet,Sunamganj,Jagannathpur,23.6,100,0,0.454,Medium
4/18/2026 4:00,Sylhet,Sunamganj,Jagannathpur,23.4,96,0.2,0.4425,Low
4/18/2026 6:00,Sylhet,Sunamganj,Jagannathpur,23.6,96,0,0.746,High
4/18/2026 8:00,Sylhet,Sunamganj,Jagannathpur,24.1,91,0.7,0.7417,High
4/18/2026 10:00,Sylhet,Sunamganj,Jagannathpur,27.4,82,0.2,0.9245,High
4/18/2026 12:00,Sylhet,Sunamganj,Jagannathpur,29.4,73,0,0.937,High
4/18/2026 14:00,Sylhet,Sunamganj,Jagannathpur,29.7,71,0,1,High
4/18/2026 16:00,Sylhet,Sunamganj,Jagannathpur,29.4,71,0,1,High
4/18/2026 18:00,Sylhet,Sunamganj,Jagannathpur,28.5,82,0,1,High
4/18/2026 20:00,Sylhet,Sunamganj,Jagannathpur,26,90,0,1,High
4/18/2026 22:00,Sylhet,Sunamganj,Jagannathpur,24.4,98,0,0.662,Medium
4/19/2026 0:00,Sylhet,Sunamganj,Jagannathpur,23.8,99,0,0.455,Medium
4/19/2026 2:00,Sylhet,Sunamganj,Jagannathpur,23.5,98,0,0.4485,Low
4/19/2026 4:00,Sylhet,Sunamganj,Jagannathpur,22.6,98,0,0.435,Low
4/19/2026 6:00,Sylhet,Sunamganj,Jagannathpur,23.1,98,0,0.7425,High
4/19/2026 8:00,Sylhet,Sunamganj,Jagannathpur,25.1,90,0,0.7565,High
4/19/2026 10:00,Sylhet,Sunamganj,Jagannathpur,28,77,0.1,0.9238,High
4/19/2026 12:00,Sylhet,Sunamganj,Jagannathpur,28.9,74,0.2,0.931,High
4/19/2026 14:00,Sylhet,Sunamganj,Jagannathpur,29.5,71,0,1,High
4/19/2026 16:00,Sylhet,Sunamganj,Jagannathpur,28.4,75,0.1,1,High
4/19/2026 18:00,Sylhet,Sunamganj,Jagannathpur,27.6,90,0,1,High
4/19/2026 20:00,Sylhet,Sunamganj,Jagannathpur,25.5,97,0,1,High
4/19/2026 22:00,Sylhet,Sunamganj,Jagannathpur,24.6,99,0,0.667,Medium
4/20/2026 0:00,Sylhet,Sunamganj,Jagannathpur,23.5,98,8.7,0.4268,Low
4/20/2026 2:00,Sylhet,Sunamganj,Jagannathpur,22.4,98,3.3,0.4238,Low
4/20/2026 4:00,Sylhet,Sunamganj,Jagannathpur,22.4,95,2,0.421,Low
4/20/2026 6:00,Sylhet,Sunamganj,Jagannathpur,22.6,95,0,0.729,High
4/20/2026 8:00,Sylhet,Sunamganj,Jagannathpur,24.9,90,0,0.7535,High
4/20/2026 10:00,Sylhet,Sunamganj,Jagannathpur,26.9,78,0.1,0.9092,High
4/20/2026 12:00,Sylhet,Sunamganj,Jagannathpur,29.8,68,0,0.933,High
4/20/2026 14:00,Sylhet,Sunamganj,Jagannathpur,30.6,69,0,1,High
4/20/2026 16:00,Sylhet,Sunamganj,Jagannathpur,30.5,70,0,1,High
4/20/2026 18:00,Sylhet,Sunamganj,Jagannathpur,26.8,90,0,1,High
4/20/2026 20:00,Sylhet,Sunamganj,Jagannathpur,24.8,90,0,1,High
4/20/2026 22:00,Sylhet,Sunamganj,Jagannathpur,23.4,94,5.6,0.625,Medium
4/21/2026 0:00,Sylhet,Sunamganj,Jagannathpur,23,96,0,0.437,Low
4/21/2026 2:00,Sylhet,Sunamganj,Jagannathpur,22.8,98,0.1,0.4378,Low
4/21/2026 4:00,Sylhet,Sunamganj,Jagannathpur,22.7,96,0.2,0.432,Low
4/21/2026 6:00,Sylhet,Sunamganj,Jagannathpur,23.6,94,0.1,0.7418,High
4/21/2026 8:00,Sylhet,Sunamganj,Jagannathpur,25,89,0.1,0.7527,High
4/21/2026 10:00,Sylhet,Sunamganj,Jagannathpur,26,83,0,0.906,High
4/21/2026 12:00,Sylhet,Sunamganj,Jagannathpur,28.2,75,0,0.923,High
4/21/2026 14:00,Sylhet,Sunamganj,Jagannathpur,29.8,72,0,1,High
4/21/2026 16:00,Sylhet,Sunamganj,Jagannathpur,30.3,70,0,1,High
4/21/2026 18:00,Sylhet,Sunamganj,Jagannathpur,28.9,82,0,1,High
4/21/2026 20:00,Sylhet,Sunamganj,Jagannathpur,26.5,83,0,1,High
4/21/2026 22:00,Sylhet,Sunamganj,Jagannathpur,24.4,91,0.1,0.6477,Medium
4/22/2026 0:00,Sylhet,Sunamganj,Jagannathpur,23.3,94,2,0.4325,Low
4/22/2026 2:00,Sylhet,Sunamganj,Jagannathpur,23,99,0,0.443,Low
4/22/2026 4:00,Sylhet,Sunamganj,Jagannathpur,23.5,94,0,0.4405,Low
4/22/2026 6:00,Sylhet,Sunamganj,Jagannathpur,21.5,92,0.2,0.706,High
4/22/2026 8:00,Sylhet,Sunamganj,Jagannathpur,21.9,85,0.1,0.6982,Medium
4/22/2026 10:00,Sylhet,Sunamganj,Jagannathpur,24.6,78,0,0.875,High
4/22/2026 12:00,Sylhet,Sunamganj,Jagannathpur,29,71,0,0.927,High
4/22/2026 14:00,Sylhet,Sunamganj,Jagannathpur,30.7,69,0,1,High
4/22/2026 16:00,Sylhet,Sunamganj,Jagannathpur,30.4,69,0,1,High
4/22/2026 18:00,Sylhet,Sunamganj,Jagannathpur,28.1,75,0,1,High
4/22/2026 20:00,Sylhet,Sunamganj,Jagannathpur,25.9,88,0,1,High
4/22/2026 22:00,Sylhet,Sunamganj,Jagannathpur,24.1,96,0,0.6535,Medium
4/23/2026 0:00,Sylhet,Sunamganj,Jagannathpur,24.2,98,0,0.459,Medium
4/23/2026 2:00,Sylhet,Sunamganj,Jagannathpur,24.6,89,0,0.447,Low
4/23/2026 4:00,Sylhet,Sunamganj,Jagannathpur,23.3,95,0,0.4395,Low
4/23/2026 6:00,Sylhet,Sunamganj,Jagannathpur,23.6,93,0,0.74,High
4/23/2026 8:00,Sylhet,Sunamganj,Jagannathpur,25.8,90,0,0.767,High
4/23/2026 10:00,Sylhet,Sunamganj,Jagannathpur,27.7,80,0.2,0.925,High
4/23/2026 12:00,Sylhet,Sunamganj,Jagannathpur,29,74,0.1,0.9328,High
4/23/2026 14:00,Sylhet,Sunamganj,Jagannathpur,31,64,0,1,High
4/23/2026 16:00,Sylhet,Sunamganj,Jagannathpur,31.5,61,0,1,High
4/23/2026 18:00,Sylhet,Sunamganj,Jagannathpur,29.1,80,0,1,High
4/23/2026 20:00,Sylhet,Sunamganj,Jagannathpur,26.6,89,0,1,High
4/23/2026 22:00,Sylhet,Sunamganj,Jagannathpur,25.2,94,0,0.666,Medium
4/24/2026 0:00,Sylhet,Sunamganj,Jagannathpur,24.5,100,0,0.4675,Medium
4/24/2026 2:00,Sylhet,Sunamganj,Jagannathpur,24.1,100,0,0.4615,Medium
4/24/2026 4:00,Sylhet,Sunamganj,Jagannathpur,23.9,100,0,0.4585,Medium
4/24/2026 6:00,Sylhet,Sunamganj,Jagannathpur,24.2,100,0,0.763,High
4/24/2026 8:00,Sylhet,Sunamganj,Jagannathpur,25.6,93,0.4,0.769,High
4/24/2026 10:00,Sylhet,Sunamganj,Jagannathpur,29.1,77,0,0.9405,High
4/24/2026 12:00,Sylhet,Sunamganj,Jagannathpur,31.4,68,0.1,0.9568,High
4/24/2026 14:00,Sylhet,Sunamganj,Jagannathpur,32.5,63,0,1,High
4/24/2026 16:00,Sylhet,Sunamganj,Jagannathpur,32.2,65,0,1,High
4/24/2026 18:00,Sylhet,Sunamganj,Jagannathpur,31,78,0,1,High
4/24/2026 20:00,Sylhet,Sunamganj,Jagannathpur,28,90,0,1,High
4/24/2026 22:00,Sylhet,Sunamganj,Jagannathpur,26.1,99,0,0.6895,Medium
4/25/2026 0:00,Sylhet,Sunamganj,Jagannathpur,25.9,99,0,0.4865,Medium
4/25/2026 2:00,Sylhet,Sunamganj,Jagannathpur,24.8,100,0,0.472,Medium
4/25/2026 4:00,Sylhet,Sunamganj,Jagannathpur,24.4,100,0,0.466,Medium
4/25/2026 6:00,Sylhet,Sunamganj,Jagannathpur,25.7,91,0,0.7675,High
4/25/2026 8:00,Sylhet,Sunamganj,Jagannathpur,25.2,88,0.3,0.7532,High
4/25/2026 10:00,Sylhet,Sunamganj,Jagannathpur,27.6,82,0.1,0.9278,High
4/25/2026 12:00,Sylhet,Sunamganj,Jagannathpur,30.6,72,0,0.953,High
4/25/2026 14:00,Sylhet,Sunamganj,Jagannathpur,32.4,65,0,1,High
4/25/2026 16:00,Sylhet,Sunamganj,Jagannathpur,32,65,0,1,High
4/25/2026 18:00,Sylhet,Sunamganj,Jagannathpur,30,83,0,1,High
4/25/2026 20:00,Sylhet,Sunamganj,Jagannathpur,26.9,88,0,1,High
4/25/2026 22:00,Sylhet,Sunamganj,Jagannathpur,25,94,0,0.663,Medium
4/26/2026 0:00,Sylhet,Sunamganj,Jagannathpur,24.6,100,0,0.469,Medium
4/26/2026 2:00,Sylhet,Sunamganj,Jagannathpur,24.1,100,0,0.4615,Medium
4/26/2026 4:00,Sylhet,Sunamganj,Jagannathpur,24.9,86,0,0.4455,Low
4/26/2026 6:00,Sylhet,Sunamganj,Jagannathpur,23.4,99,0,0.749,High
4/26/2026 8:00,Sylhet,Sunamganj,Jagannathpur,25.5,89,0,0.7605,High
4/26/2026 10:00,Sylhet,Sunamganj,Jagannathpur,28.2,76,0,0.925,High
4/26/2026 12:00,Sylhet,Sunamganj,Jagannathpur,28.4,64,0,0.904,High
4/26/2026 14:00,Sylhet,Sunamganj,Jagannathpur,27.8,68,0,1,High
4/26/2026 16:00,Sylhet,Sunamganj,Jagannathpur,25,83,0.4,0.99,High
4/26/2026 18:00,Sylhet,Sunamganj,Jagannathpur,24.7,84,0.9,1,High
4/26/2026 20:00,Sylhet,Sunamganj,Jagannathpur,24,83,0,1,High
4/26/2026 22:00,Sylhet,Sunamganj,Jagannathpur,23.5,87,0,0.6265,Medium
4/27/2026 0:00,Sylhet,Sunamganj,Jagannathpur,23.2,86,0.9,0.4178,Low
4/27/2026 2:00,Sylhet,Sunamganj,Jagannathpur,22.5,87,1.1,0.4088,Low
4/27/2026 4:00,Sylhet,Sunamganj,Jagannathpur,22.4,86,0,0.408,Low
4/27/2026 6:00,Sylhet,Sunamganj,Jagannathpur,20.6,92,1.2,0.69,Medium
4/27/2026 8:00,Sylhet,Sunamganj,Jagannathpur,21.1,95,2,0.7015,High
4/27/2026 10:00,Sylhet,Sunamganj,Jagannathpur,22.2,90,0.6,0.8615,High
4/27/2026 12:00,Sylhet,Sunamganj,Jagannathpur,23,81,0.6,0.8555,High
4/27/2026 14:00,Sylhet,Sunamganj,Jagannathpur,24.2,77,0,0.967,High
4/27/2026 16:00,Sylhet,Sunamganj,Jagannathpur,22.3,92,5.3,0.9552,High
4/27/2026 18:00,Sylhet,Sunamganj,Jagannathpur,22.4,93,0.4,1,High
4/27/2026 20:00,Sylhet,Sunamganj,Jagannathpur,22,94,0.4,1,High
4/27/2026 22:00,Sylhet,Sunamganj,Jagannathpur,21.8,96,0.9,0.6168,Medium
4/28/2026 0:00,Sylhet,Sunamganj,Jagannathpur,21.7,96,1.2,0.4145,Low
4/28/2026 2:00,Sylhet,Sunamganj,Jagannathpur,21.4,95,0.6,0.4095,Low
4/28/2026 4:00,Sylhet,Sunamganj,Jagannathpur,21,98,3.9,0.4013,Low
4/28/2026 6:00,Sylhet,Sunamganj,Jagannathpur,22.4,94,4.5,0.7127,High
4/28/2026 8:00,Sylhet,Sunamganj,Jagannathpur,23.8,88,2.5,0.7268,High
4/28/2026 10:00,Sylhet,Sunamganj,Jagannathpur,23.5,92,16.3,0.8458,High
4/28/2026 12:00,Sylhet,Sunamganj,Jagannathpur,23.8,84,1.9,0.8702,High
4/28/2026 14:00,Sylhet,Sunamganj,Jagannathpur,24.7,82,0.2,0.984,High
4/28/2026 16:00,Sylhet,Sunamganj,Jagannathpur,23.8,87,0.2,0.9805,High
4/28/2026 18:00,Sylhet,Sunamganj,Jagannathpur,23.4,93,1.6,1,High
4/28/2026 20:00,Sylhet,Sunamganj,Jagannathpur,23,92,0.3,1,High
4/28/2026 22:00,Sylhet,Sunamganj,Jagannathpur,22.2,94,2.5,0.6148,Medium
4/29/2026 0:00,Sylhet,Sunamganj,Jagannathpur,22.6,97,0.4,0.432,Low
4/29/2026 2:00,Sylhet,Sunamganj,Jagannathpur,22.2,98,1.3,0.4258,Low
4/29/2026 4:00,Sylhet,Sunamganj,Jagannathpur,21.8,97,6.6,0.4045,Low
4/29/2026 6:00,Sylhet,Sunamganj,Jagannathpur,21.6,94,19.6,0.663,Medium
4/29/2026 8:00,Sylhet,Sunamganj,Jagannathpur,21.6,94,4.7,0.7002,High
4/29/2026 10:00,Sylhet,Sunamganj,Jagannathpur,21.9,94,5.8,0.852,High
4/29/2026 12:00,Sylhet,Sunamganj,Jagannathpur,21.4,93,0.3,0.8562,High
4/29/2026 14:00,Sylhet,Sunamganj,Jagannathpur,23.9,78,0,0.9645,High
4/29/2026 16:00,Sylhet,Sunamganj,Jagannathpur,23.8,78,0,0.963,High
4/29/2026 18:00,Sylhet,Sunamganj,Jagannathpur,23.4,81,0,1,High
4/29/2026 20:00,Sylhet,Sunamganj,Jagannathpur,22.3,86,0,1,High
4/29/2026 22:00,Sylhet,Sunamganj,Jagannathpur,21,92,0,0.599,Medium
4/30/2026 0:00,Sylhet,Sunamganj,Jagannathpur,21.4,92,0,0.405,Low
4/30/2026 2:00,Sylhet,Sunamganj,Jagannathpur,21.4,95,1,0.4085,Low
4/30/2026 4:00,Sylhet,Sunamganj,Jagannathpur,20.9,96,1.3,0.4022,Low
4/30/2026 6:00,Sylhet,Sunamganj,Jagannathpur,20.9,95,0,0.7035,High
4/30/2026 8:00,Sylhet,Sunamganj,Jagannathpur,22.1,87,0.1,0.7052,High
4/30/2026 10:00,Sylhet,Sunamganj,Jagannathpur,25.5,73,0,0.8785,High
4/30/2026 12:00,Sylhet,Sunamganj,Jagannathpur,26.2,69,0,0.881,High
4/30/2026 14:00,Sylhet,Sunamganj,Jagannathpur,27.5,64,0,0.9905,High
4/30/2026 16:00,Sylhet,Sunamganj,Jagannathpur,27.9,62,0,0.9925,High
4/30/2026 18:00,Sylhet,Sunamganj,Jagannathpur,25.7,81,0,1,High
4/30/2026 20:00,Sylhet,Sunamganj,Jagannathpur,22.8,92,0,1,High
4/30/2026 22:00,Sylhet,Sunamganj,Jagannathpur,22,94,0.3,0.6172,Medium
5/1/2026 0:00,Sylhet,Sunamganj,Jagannathpur,21.6,98,0,0.42,Low
5/1/2026 2:00,Sylhet,Sunamganj,Jagannathpur,22.4,94,0,0.424,Low
5/1/2026 4:00,Sylhet,Sunamganj,Jagannathpur,21.6,94,0,0.412,Low
5/1/2026 6:00,Sylhet,Sunamganj,Jagannathpur,21.5,93,0.4,0.7075,High
5/1/2026 8:00,Sylhet,Sunamganj,Jagannathpur,22.6,96,0.7,0.7292,High
5/1/2026 10:00,Sylhet,Sunamganj,Jagannathpur,24,87,0.1,0.8838,High
5/1/2026 12:00,Sylhet,Sunamganj,Jagannathpur,25,83,0,0.891,High
5/1/2026 14:00,Sylhet,Sunamganj,Jagannathpur,25.6,75,2.2,0.9785,High
5/1/2026 16:00,Sylhet,Sunamganj,Jagannathpur,23.6,85,0.2,0.9735,High
5/1/2026 18:00,Sylhet,Sunamganj,Jagannathpur,23,85,0,1,High
5/1/2026 20:00,Sylhet,Sunamganj,Jagannathpur,21.1,91,0,1,High
5/1/2026 22:00,Sylhet,Sunamganj,Jagannathpur,20.8,93,0,0.598,Medium
5/2/2026 0:00,Sylhet,Sunamganj,Jagannathpur,21.2,94,0,0.406,Low
5/2/2026 2:00,Sylhet,Sunamganj,Jagannathpur,20.9,97,0.1,0.4072,Low
5/2/2026 4:00,Sylhet,Sunamganj,Jagannathpur,20.5,98,0,0.4035,Low
5/2/2026 6:00,Sylhet,Sunamganj,Jagannathpur,21.2,96,0,0.71,High
5/2/2026 8:00,Sylhet,Sunamganj,Jagannathpur,20.9,97,2.8,0.7005,High
5/2/2026 10:00,Sylhet,Sunamganj,Jagannathpur,22,91,0.3,0.8612,High
5/2/2026 12:00,Sylhet,Sunamganj,Jagannathpur,21.8,96,0.8,0.867,High
5/2/2026 14:00,Sylhet,Sunamganj,Jagannathpur,22.5,88,1.4,0.96,High
5/2/2026 16:00,Sylhet,Sunamganj,Jagannathpur,22,93,1,0.9635,High
5/2/2026 18:00,Sylhet,Sunamganj,Jagannathpur,22.4,93,0.1,1,High
5/2/2026 20:00,Sylhet,Sunamganj,Jagannathpur,21.1,95,1.3,1,High
5/2/2026 22:00,Sylhet,Sunamganj,Jagannathpur,21,93,1.1,0.5982,Medium
5/3/2026 0:00,Sylhet,Sunamganj,Jagannathpur,21,96,5.3,0.3938,Low
5/3/2026 2:00,Sylhet,Sunamganj,Jagannathpur,20.3,99,0.4,0.4015,Low
5/3/2026 4:00,Sylhet,Sunamganj,Jagannathpur,20.1,98,10.5,0.3712,Low
5/3/2026 6:00,Sylhet,Sunamganj,Jagannathpur,20.5,98,1.4,0.7,High
5/3/2026 8:00,Sylhet,Sunamganj,Jagannathpur,23.1,86,0,0.7185,High
5/3/2026 10:00,Sylhet,Sunamganj,Jagannathpur,25.5,75,0,0.8825,High
5/3/2026 12:00,Sylhet,Sunamganj,Jagannathpur,27,70,0,0.895,High
5/3/2026 14:00,Sylhet,Sunamganj,Jagannathpur,28.5,64,0.1,1,High
5/3/2026 16:00,Sylhet,Sunamganj,Jagannathpur,28.1,66,0.1,1,High
5/3/2026 18:00,Sylhet,Sunamganj,Jagannathpur,25.1,86,0,1,High
5/3/2026 20:00,Sylhet,Sunamganj,Jagannathpur,23.2,94,0,1,High
5/3/2026 22:00,Sylhet,Sunamganj,Jagannathpur,22.8,95,0,0.632,Medium
5/4/2026 0:00,Sylhet,Sunamganj,Jagannathpur,21.5,98,0,0.4185,Low
5/4/2026 2:00,Sylhet,Sunamganj,Jagannathpur,21.5,96,0,0.4145,Low
5/4/2026 4:00,Sylhet,Sunamganj,Jagannathpur,21.3,98,0,0.4155,Low
5/4/2026 6:00,Sylhet,Sunamganj,Jagannathpur,23,93,0,0.731,High
5/4/2026 8:00,Sylhet,Sunamganj,Jagannathpur,22.2,96,4.8,0.713,High
5/4/2026 10:00,Sylhet,Sunamganj,Jagannathpur,23.7,91,7.7,0.8682,High
5/4/2026 12:00,Sylhet,Sunamganj,Jagannathpur,25.6,79,0.1,0.8918,High
5/4/2026 14:00,Sylhet,Sunamganj,Jagannathpur,26.9,75,0.2,1,High
5/4/2026 16:00,Sylhet,Sunamganj,Jagannathpur,28,69,0,1,High
5/4/2026 18:00,Sylhet,Sunamganj,Jagannathpur,25.5,83,0,1,High
5/4/2026 20:00,Sylhet,Sunamganj,Jagannathpur,23.5,89,0,1,High
5/4/2026 22:00,Sylhet,Sunamganj,Jagannathpur,22.4,94,0,0.624,Medium
5/5/2026 0:00,Sylhet,Sunamganj,Jagannathpur,22.5,95,0,0.4275,Low
5/5/2026 2:00,Sylhet,Sunamganj,Jagannathpur,21.8,99,0,0.425,Low
5/5/2026 4:00,Sylhet,Sunamganj,Jagannathpur,21.5,100,0,0.4225,Low
5/5/2026 6:00,Sylhet,Sunamganj,Jagannathpur,21.9,92,0,0.7125,High
5/5/2026 8:00,Sylhet,Sunamganj,Jagannathpur,24.1,89,0,0.7395,High
5/5/2026 10:00,Sylhet,Sunamganj,Jagannathpur,27,76,0,0.907,High
5/5/2026 12:00,Sylhet,Sunamganj,Jagannathpur,30.3,66,0.1,0.9362,High
5/5/2026 14:00,Sylhet,Sunamganj,Jagannathpur,31,63,0,1,High
5/5/2026 16:00,Sylhet,Sunamganj,Jagannathpur,30.5,60,0,1,High
5/5/2026 18:00,Sylhet,Sunamganj,Jagannathpur,28.2,72,0,1,High
5/5/2026 20:00,Sylhet,Sunamganj,Jagannathpur,25.5,85,0,1,High
5/5/2026 22:00,Sylhet,Sunamganj,Jagannathpur,23.8,95,0,0.647,Medium
5/6/2026 0:00,Sylhet,Sunamganj,Jagannathpur,23.8,97,0,0.451,Medium
5/6/2026 2:00,Sylhet,Sunamganj,Jagannathpur,22.8,95,0.4,0.431,Low
5/6/2026 4:00,Sylhet,Sunamganj,Jagannathpur,22.8,97,0.3,0.4352,Low
5/6/2026 6:00,Sylhet,Sunamganj,Jagannathpur,23.1,90,0,0.7265,High
5/6/2026 8:00,Sylhet,Sunamganj,Jagannathpur,26.8,77,0,0.756,High
5/6/2026 10:00,Sylhet,Sunamganj,Jagannathpur,29.2,73,0.1,0.9338,High
5/6/2026 12:00,Sylhet,Sunamganj,Jagannathpur,29.6,70,0.1,0.9338,High
5/6/2026 14:00,Sylhet,Sunamganj,Jagannathpur,29.2,70,0,1,High
5/6/2026 16:00,Sylhet,Sunamganj,Jagannathpur,28,75,0,1,High
5/6/2026 18:00,Sylhet,Sunamganj,Jagannathpur,26.4,81,0,1,High
5/6/2026 20:00,Sylhet,Sunamganj,Jagannathpur,25.4,90,1.2,1,High
5/6/2026 22:00,Sylhet,Sunamganj,Jagannathpur,24.6,94,1.6,0.653,Medium
5/7/2026 0:00,Sylhet,Sunamganj,Jagannathpur,24.4,86,0.5,0.4368,Low
5/7/2026 2:00,Sylhet,Sunamganj,Jagannathpur,23.2,94,0,0.436,Low
5/7/2026 4:00,Sylhet,Sunamganj,Jagannathpur,22.3,97,0,0.4285,Low
5/7/2026 6:00,Sylhet,Sunamganj,Jagannathpur,23,100,0,0.745,High
5/7/2026 8:00,Sylhet,Sunamganj,Jagannathpur,25.5,87,0,0.7565,High
5/7/2026 10:00,Sylhet,Sunamganj,Jagannathpur,28.7,70,0,0.9205,High
5/7/2026 12:00,Sylhet,Sunamganj,Jagannathpur,29.5,60,0,0.9125,High
5/7/2026 14:00,Sylhet,Sunamganj,Jagannathpur,30.4,59,0,1,High
5/7/2026 16:00,Sylhet,Sunamganj,Jagannathpur,30.3,58,0,1,High
5/7/2026 18:00,Sylhet,Sunamganj,Jagannathpur,28.9,74,0,1,High
5/7/2026 20:00,Sylhet,Sunamganj,Jagannathpur,26.6,79,0,1,High
5/7/2026 22:00,Sylhet,Sunamganj,Jagannathpur,25.4,88,0,0.657,Medium
5/8/2026 0:00,Sylhet,Sunamganj,Jagannathpur,25.5,89,0,0.4605,Medium
5/8/2026 2:00,Sylhet,Sunamganj,Jagannathpur,23.5,97,0,0.4465,Low
5/8/2026 4:00,Sylhet,Sunamganj,Jagannathpur,22.6,100,0,0.439,Low
5/8/2026 6:00,Sylhet,Sunamganj,Jagannathpur,22.4,95,0,0.726,High
5/8/2026 8:00,Sylhet,Sunamganj,Jagannathpur,26.9,80,0,0.7635,High
5/8/2026 10:00,Sylhet,Sunamganj,Jagannathpur,30.4,60,0,0.926,High
5/8/2026 12:00,Sylhet,Sunamganj,Jagannathpur,30.9,59,0,0.9315,High
5/8/2026 14:00,Sylhet,Sunamganj,Jagannathpur,31.1,57,0.1,1,High
5/8/2026 16:00,Sylhet,Sunamganj,Jagannathpur,31,53,0,1,High
5/8/2026 18:00,Sylhet,Sunamganj,Jagannathpur,28.5,65,0,1,High
5/8/2026 20:00,Sylhet,Sunamganj,Jagannathpur,26.2,74,0,1,High
5/8/2026 22:00,Sylhet,Sunamganj,Jagannathpur,24.5,87,0,0.6415,Medium
5/9/2026 0:00,Sylhet,Sunamganj,Jagannathpur,23.5,94,0,0.4405,Low
5/9/2026 2:00,Sylhet,Sunamganj,Jagannathpur,22.1,96,0,0.4235,Low
5/9/2026 4:00,Sylhet,Sunamganj,Jagannathpur,21.5,100,0,0.4225,Low
5/9/2026 6:00,Sylhet,Sunamganj,Jagannathpur,22.5,99,0,0.7355,High
5/9/2026 8:00,Sylhet,Sunamganj,Jagannathpur,25.6,78,0,0.74,High
5/9/2026 10:00,Sylhet,Sunamganj,Jagannathpur,29.5,65,0,0.9225,High
5/9/2026 12:00,Sylhet,Sunamganj,Jagannathpur,31.5,55,0,0.9325,High
5/9/2026 14:00,Sylhet,Sunamganj,Jagannathpur,32.8,47,0,1,High
5/9/2026 16:00,Sylhet,Sunamganj,Jagannathpur,32.2,50,0,1,High
5/9/2026 18:00,Sylhet,Sunamganj,Jagannathpur,30.1,72,0,1,High
5/9/2026 20:00,Sylhet,Sunamganj,Jagannathpur,27.5,78,0,1,High
5/9/2026 22:00,Sylhet,Sunamganj,Jagannathpur,26,87,0,0.664,Medium
5/10/2026 0:00,Sylhet,Sunamganj,Jagannathpur,24.9,93,0,0.4595,Medium
5/10/2026 2:00,Sylhet,Sunamganj,Jagannathpur,24.7,91,0,0.4525,Medium
5/10/2026 4:00,Sylhet,Sunamganj,Jagannathpur,24.8,91,0,0.454,Medium
5/10/2026 6:00,Sylhet,Sunamganj,Jagannathpur,24,91,0,0.742,High
5/10/2026 8:00,Sylhet,Sunamganj,Jagannathpur,27.6,79,0,0.772,High
5/10/2026 10:00,Sylhet,Sunamganj,Jagannathpur,30.6,65,0,0.939,High
5/10/2026 12:00,Sylhet,Sunamganj,Jagannathpur,32.3,52,0,0.9385,High
5/10/2026 14:00,Sylhet,Sunamganj,Jagannathpur,32.4,48,0,1,High
5/10/2026 16:00,Sylhet,Sunamganj,Jagannathpur,28.1,69,2.7,1,High
5/10/2026 18:00,Sylhet,Sunamganj,Jagannathpur,26,81,0,1,High
5/10/2026 20:00,Sylhet,Sunamganj,Jagannathpur,24.9,87,0,1,High
5/10/2026 22:00,Sylhet,Sunamganj,Jagannathpur,24.4,91,0,0.648,Medium
5/11/2026 0:00,Sylhet,Sunamganj,Jagannathpur,24.8,90,0,0.452,Medium
5/11/2026 2:00,Sylhet,Sunamganj,Jagannathpur,23.8,89,0.7,0.4332,Low
5/11/2026 4:00,Sylhet,Sunamganj,Jagannathpur,22,92,0.7,0.4122,Low
5/11/2026 6:00,Sylhet,Sunamganj,Jagannathpur,22.9,95,0.1,0.7332,High
5/11/2026 8:00,Sylhet,Sunamganj,Jagannathpur,22.2,87,1.2,0.704,High
5/11/2026 10:00,Sylhet,Sunamganj,Jagannathpur,27.8,70,0,0.907,High
5/11/2026 12:00,Sylhet,Sunamganj,Jagannathpur,27.9,70,0,0.9085,High
5/11/2026 14:00,Sylhet,Sunamganj,Jagannathpur,23.3,91,7.5,0.9627,High
5/11/2026 16:00,Sylhet,Sunamganj,Jagannathpur,26.2,77,0.1,0.9968,High
5/11/2026 18:00,Sylhet,Sunamganj,Jagannathpur,26.9,79,0,1,High
5/11/2026 20:00,Sylhet,Sunamganj,Jagannathpur,24.8,90,0,1,High
5/11/2026 22:00,Sylhet,Sunamganj,Jagannathpur,24.2,91,0,0.645,Medium
5/12/2026 0:00,Sylhet,Sunamganj,Jagannathpur,22.9,96,0,0.4355,Low
5/12/2026 2:00,Sylhet,Sunamganj,Jagannathpur,22.2,100,0,0.433,Low
5/12/2026 4:00,Sylhet,Sunamganj,Jagannathpur,22.4,100,0,0.436,Low
5/12/2026 6:00,Sylhet,Sunamganj,Jagannathpur,23,96,0.4,0.736,High
5/12/2026 8:00,Sylhet,Sunamganj,Jagannathpur,25.9,86,0.1,0.7602,High
5/12/2026 10:00,Sylhet,Sunamganj,Jagannathpur,28.2,74,0.1,0.9208,High
5/12/2026 12:00,Sylhet,Sunamganj,Jagannathpur,29.5,63,0.1,0.9182,High
5/12/2026 14:00,Sylhet,Sunamganj,Jagannathpur,30.1,64,0,1,High
5/12/2026 16:00,Sylhet,Sunamganj,Jagannathpur,29.9,65,0,1,High
5/12/2026 18:00,Sylhet,Sunamganj,Jagannathpur,28,79,0,1,High
5/12/2026 20:00,Sylhet,Sunamganj,Jagannathpur,26.2,89,0,1,High
5/12/2026 22:00,Sylhet,Sunamganj,Jagannathpur,24.7,99,0,0.6685,Medium
5/13/2026 0:00,Sylhet,Sunamganj,Jagannathpur,25,99,0,0.473,Medium
5/13/2026 2:00,Sylhet,Sunamganj,Jagannathpur,22.5,99,9.6,0.4115,Low
5/13/2026 4:00,Sylhet,Sunamganj,Jagannathpur,22.5,98,0.5,0.4322,Low
5/13/2026 6:00,Sylhet,Sunamganj,Jagannathpur,23.5,97,3.5,0.7377,High
5/13/2026 8:00,Sylhet,Sunamganj,Jagannathpur,23.7,97,2.6,0.743,High
5/13/2026 10:00,Sylhet,Sunamganj,Jagannathpur,24.9,94,1,0.909,High
5/13/2026 12:00,Sylhet,Sunamganj,Jagannathpur,28.8,72,0.1,0.9258,High
5/13/2026 14:00,Sylhet,Sunamganj,Jagannathpur,30.4,62,0.1,1,High
5/13/2026 16:00,Sylhet,Sunamganj,Jagannathpur,30.6,63,0,1,High
5/13/2026 18:00,Sylhet,Sunamganj,Jagannathpur,28.8,74,0.1,1,High
5/13/2026 20:00,Sylhet,Sunamganj,Jagannathpur,26.2,90,0,1,High
5/13/2026 22:00,Sylhet,Sunamganj,Jagannathpur,22.5,99,4.2,0.625,Medium
4/13/2026 0:00,Sylhet,Sunamganj,Jamalganj,22.2,92,0,0.417,Low
4/13/2026 2:00,Sylhet,Sunamganj,Jamalganj,22.6,79,0,0.397,Low
4/13/2026 4:00,Sylhet,Sunamganj,Jamalganj,21.9,82,0,0.3925,Low
4/13/2026 6:00,Sylhet,Sunamganj,Jamalganj,21.2,92,0,0.702,High
4/13/2026 8:00,Sylhet,Sunamganj,Jamalganj,21.9,85,0,0.6985,Medium
4/13/2026 10:00,Sylhet,Sunamganj,Jamalganj,24.2,77,0,0.867,High
4/13/2026 12:00,Sylhet,Sunamganj,Jamalganj,24.5,76,0,0.8695,High
4/13/2026 14:00,Sylhet,Sunamganj,Jamalganj,27.4,67,0,0.995,High
4/13/2026 16:00,Sylhet,Sunamganj,Jamalganj,27,72,0,0.999,High
4/13/2026 18:00,Sylhet,Sunamganj,Jamalganj,26.1,82,0,1,High
4/13/2026 20:00,Sylhet,Sunamganj,Jamalganj,23.8,87,0,1,High
4/13/2026 22:00,Sylhet,Sunamganj,Jamalganj,22,92,0,0.614,Medium
4/14/2026 0:00,Sylhet,Sunamganj,Jamalganj,21.9,91,15,0.373,Low
4/14/2026 2:00,Sylhet,Sunamganj,Jamalganj,21.2,96,0,0.41,Low
4/14/2026 4:00,Sylhet,Sunamganj,Jamalganj,20.9,97,3.8,0.398,Low
4/14/2026 6:00,Sylhet,Sunamganj,Jamalganj,21.4,99,0.1,0.7188,High
4/14/2026 8:00,Sylhet,Sunamganj,Jamalganj,23.6,92,0,0.738,High
4/14/2026 10:00,Sylhet,Sunamganj,Jamalganj,27.5,72,0,0.9065,High
4/14/2026 12:00,Sylhet,Sunamganj,Jamalganj,28.6,68,0.1,0.9148,High
4/14/2026 14:00,Sylhet,Sunamganj,Jamalganj,29.8,63,0,1,High
4/14/2026 16:00,Sylhet,Sunamganj,Jamalganj,30,63,0,1,High
4/14/2026 18:00,Sylhet,Sunamganj,Jamalganj,27.2,83,0,1,High
4/14/2026 20:00,Sylhet,Sunamganj,Jamalganj,24.8,94,0.1,1,High
4/14/2026 22:00,Sylhet,Sunamganj,Jamalganj,22.8,90,0.9,0.6198,Medium
4/15/2026 0:00,Sylhet,Sunamganj,Jamalganj,22.4,97,1.6,0.426,Low
4/15/2026 2:00,Sylhet,Sunamganj,Jamalganj,21.6,99,0.1,0.4218,Low
4/15/2026 4:00,Sylhet,Sunamganj,Jamalganj,21.2,96,0.3,0.4092,Low
4/15/2026 6:00,Sylhet,Sunamganj,Jamalganj,21,98,0,0.711,High
4/15/2026 8:00,Sylhet,Sunamganj,Jamalganj,22.4,92,0,0.72,High
4/15/2026 10:00,Sylhet,Sunamganj,Jamalganj,25.1,80,0,0.8865,High
4/15/2026 12:00,Sylhet,Sunamganj,Jamalganj,28,68,0,0.906,High
4/15/2026 14:00,Sylhet,Sunamganj,Jamalganj,29.1,67,0,1,High
4/15/2026 16:00,Sylhet,Sunamganj,Jamalganj,29.1,68,0,1,High
4/15/2026 18:00,Sylhet,Sunamganj,Jamalganj,27.2,79,0,1,High
4/15/2026 20:00,Sylhet,Sunamganj,Jamalganj,24.2,84,0.3,1,High
4/15/2026 22:00,Sylhet,Sunamganj,Jamalganj,22,92,1.1,0.6112,Medium
4/16/2026 0:00,Sylhet,Sunamganj,Jamalganj,20.6,98,13.5,0.3713,Low
4/16/2026 2:00,Sylhet,Sunamganj,Jamalganj,21,94,0,0.403,Low
4/16/2026 4:00,Sylhet,Sunamganj,Jamalganj,20.8,92,0.1,0.3958,Low
4/16/2026 6:00,Sylhet,Sunamganj,Jamalganj,21.5,98,0.2,0.718,High
4/16/2026 8:00,Sylhet,Sunamganj,Jamalganj,24,89,0,0.738,High
4/16/2026 10:00,Sylhet,Sunamganj,Jamalganj,27.5,77,0,0.9165,High
4/16/2026 12:00,Sylhet,Sunamganj,Jamalganj,29.6,66,0,0.926,High
4/16/2026 14:00,Sylhet,Sunamganj,Jamalganj,30.5,62,0.2,1,High
4/16/2026 16:00,Sylhet,Sunamganj,Jamalganj,30.3,63,0,1,High
4/16/2026 18:00,Sylhet,Sunamganj,Jamalganj,27.8,80,0,1,High
4/16/2026 20:00,Sylhet,Sunamganj,Jamalganj,25.2,91,0,1,High
4/16/2026 22:00,Sylhet,Sunamganj,Jamalganj,24.5,93,0,0.6535,Medium
4/17/2026 0:00,Sylhet,Sunamganj,Jamalganj,25.4,88,1.4,0.4535,Medium
4/17/2026 2:00,Sylhet,Sunamganj,Jamalganj,24,92,0.1,0.4438,Low
4/17/2026 4:00,Sylhet,Sunamganj,Jamalganj,22.9,98,0,0.4395,Low
4/17/2026 6:00,Sylhet,Sunamganj,Jamalganj,23.4,98,0,0.747,High
4/17/2026 8:00,Sylhet,Sunamganj,Jamalganj,26,90,0,0.77,High
4/17/2026 10:00,Sylhet,Sunamganj,Jamalganj,28.6,76,0,0.931,High
4/17/2026 12:00,Sylhet,Sunamganj,Jamalganj,30.7,71,0,0.9525,High
4/17/2026 14:00,Sylhet,Sunamganj,Jamalganj,31.5,72,0.1,1,High
4/17/2026 16:00,Sylhet,Sunamganj,Jamalganj,27,80,4.8,1,High
4/17/2026 18:00,Sylhet,Sunamganj,Jamalganj,27.6,85,0,1,High
4/17/2026 20:00,Sylhet,Sunamganj,Jamalganj,25.5,93,0,1,High
4/17/2026 22:00,Sylhet,Sunamganj,Jamalganj,24.4,99,0,0.664,Medium
4/18/2026 0:00,Sylhet,Sunamganj,Jamalganj,23.9,100,0,0.4585,Medium
4/18/2026 2:00,Sylhet,Sunamganj,Jamalganj,23.6,100,0,0.454,Medium
4/18/2026 4:00,Sylhet,Sunamganj,Jamalganj,23.4,96,0.2,0.4425,Low
4/18/2026 6:00,Sylhet,Sunamganj,Jamalganj,23.6,96,0,0.746,High
4/18/2026 8:00,Sylhet,Sunamganj,Jamalganj,24.1,91,0.7,0.7417,High
4/18/2026 10:00,Sylhet,Sunamganj,Jamalganj,27.4,82,0.2,0.9245,High
4/18/2026 12:00,Sylhet,Sunamganj,Jamalganj,29.4,73,0,0.937,High
4/18/2026 14:00,Sylhet,Sunamganj,Jamalganj,29.7,71,0,1,High
4/18/2026 16:00,Sylhet,Sunamganj,Jamalganj,29.4,71,0,1,High
4/18/2026 18:00,Sylhet,Sunamganj,Jamalganj,28.5,82,0,1,High
4/18/2026 20:00,Sylhet,Sunamganj,Jamalganj,26,90,0,1,High
4/18/2026 22:00,Sylhet,Sunamganj,Jamalganj,24.4,98,0,0.662,Medium
4/19/2026 0:00,Sylhet,Sunamganj,Jamalganj,23.8,99,0,0.455,Medium
4/19/2026 2:00,Sylhet,Sunamganj,Jamalganj,23.5,98,0,0.4485,Low
4/19/2026 4:00,Sylhet,Sunamganj,Jamalganj,22.6,98,0,0.435,Low
4/19/2026 6:00,Sylhet,Sunamganj,Jamalganj,23.1,98,0,0.7425,High
4/19/2026 8:00,Sylhet,Sunamganj,Jamalganj,25.1,90,0,0.7565,High
4/19/2026 10:00,Sylhet,Sunamganj,Jamalganj,28,77,0.1,0.9238,High
4/19/2026 12:00,Sylhet,Sunamganj,Jamalganj,28.9,74,0.2,0.931,High
4/19/2026 14:00,Sylhet,Sunamganj,Jamalganj,29.5,71,0,1,High
4/19/2026 16:00,Sylhet,Sunamganj,Jamalganj,28.4,75,0.1,1,High
4/19/2026 18:00,Sylhet,Sunamganj,Jamalganj,27.6,90,0,1,High
4/19/2026 20:00,Sylhet,Sunamganj,Jamalganj,25.5,97,0,1,High
4/19/2026 22:00,Sylhet,Sunamganj,Jamalganj,24.6,99,0,0.667,Medium
4/20/2026 0:00,Sylhet,Sunamganj,Jamalganj,23.5,98,8.7,0.4268,Low
4/20/2026 2:00,Sylhet,Sunamganj,Jamalganj,22.4,98,3.3,0.4238,Low
4/20/2026 4:00,Sylhet,Sunamganj,Jamalganj,22.4,95,2,0.421,Low
4/20/2026 6:00,Sylhet,Sunamganj,Jamalganj,22.6,95,0,0.729,High
4/20/2026 8:00,Sylhet,Sunamganj,Jamalganj,24.9,90,0,0.7535,High
4/20/2026 10:00,Sylhet,Sunamganj,Jamalganj,26.9,78,0.1,0.9092,High
4/20/2026 12:00,Sylhet,Sunamganj,Jamalganj,29.8,68,0,0.933,High
4/20/2026 14:00,Sylhet,Sunamganj,Jamalganj,30.6,69,0,1,High
4/20/2026 16:00,Sylhet,Sunamganj,Jamalganj,30.5,70,0,1,High
4/20/2026 18:00,Sylhet,Sunamganj,Jamalganj,26.8,90,0,1,High
4/20/2026 20:00,Sylhet,Sunamganj,Jamalganj,24.8,90,0,1,High
4/20/2026 22:00,Sylhet,Sunamganj,Jamalganj,23.4,94,5.6,0.625,Medium
4/21/2026 0:00,Sylhet,Sunamganj,Jamalganj,23,96,0,0.437,Low
4/21/2026 2:00,Sylhet,Sunamganj,Jamalganj,22.8,98,0.1,0.4378,Low
4/21/2026 4:00,Sylhet,Sunamganj,Jamalganj,22.7,96,0.2,0.432,Low
4/21/2026 6:00,Sylhet,Sunamganj,Jamalganj,23.6,94,0.1,0.7418,High
4/21/2026 8:00,Sylhet,Sunamganj,Jamalganj,25,89,0.1,0.7527,High
4/21/2026 10:00,Sylhet,Sunamganj,Jamalganj,26,83,0,0.906,High
4/21/2026 12:00,Sylhet,Sunamganj,Jamalganj,28.2,75,0,0.923,High
4/21/2026 14:00,Sylhet,Sunamganj,Jamalganj,29.8,72,0,1,High
4/21/2026 16:00,Sylhet,Sunamganj,Jamalganj,30.3,70,0,1,High
4/21/2026 18:00,Sylhet,Sunamganj,Jamalganj,28.9,82,0,1,High
4/21/2026 20:00,Sylhet,Sunamganj,Jamalganj,26.5,83,0,1,High
4/21/2026 22:00,Sylhet,Sunamganj,Jamalganj,24.4,91,0.1,0.6477,Medium
4/22/2026 0:00,Sylhet,Sunamganj,Jamalganj,23.3,94,2,0.4325,Low
4/22/2026 2:00,Sylhet,Sunamganj,Jamalganj,23,99,0,0.443,Low
4/22/2026 4:00,Sylhet,Sunamganj,Jamalganj,23.5,94,0,0.4405,Low
4/22/2026 6:00,Sylhet,Sunamganj,Jamalganj,21.5,92,0.2,0.706,High
4/22/2026 8:00,Sylhet,Sunamganj,Jamalganj,21.9,85,0.1,0.6982,Medium
4/22/2026 10:00,Sylhet,Sunamganj,Jamalganj,24.6,78,0,0.875,High
4/22/2026 12:00,Sylhet,Sunamganj,Jamalganj,29,71,0,0.927,High
4/22/2026 14:00,Sylhet,Sunamganj,Jamalganj,30.7,69,0,1,High
4/22/2026 16:00,Sylhet,Sunamganj,Jamalganj,30.4,69,0,1,High
4/22/2026 18:00,Sylhet,Sunamganj,Jamalganj,28.1,75,0,1,High
4/22/2026 20:00,Sylhet,Sunamganj,Jamalganj,25.9,88,0,1,High
4/22/2026 22:00,Sylhet,Sunamganj,Jamalganj,24.1,96,0,0.6535,Medium
4/23/2026 0:00,Sylhet,Sunamganj,Jamalganj,24.2,98,0,0.459,Medium
4/23/2026 2:00,Sylhet,Sunamganj,Jamalganj,24.6,89,0,0.447,Low
4/23/2026 4:00,Sylhet,Sunamganj,Jamalganj,23.3,95,0,0.4395,Low
4/23/2026 6:00,Sylhet,Sunamganj,Jamalganj,23.6,93,0,0.74,High
4/23/2026 8:00,Sylhet,Sunamganj,Jamalganj,25.8,90,0,0.767,High
4/23/2026 10:00,Sylhet,Sunamganj,Jamalganj,27.7,80,0.2,0.925,High
4/23/2026 12:00,Sylhet,Sunamganj,Jamalganj,29,74,0.1,0.9328,High
4/23/2026 14:00,Sylhet,Sunamganj,Jamalganj,31,64,0,1,High
4/23/2026 16:00,Sylhet,Sunamganj,Jamalganj,31.5,61,0,1,High
4/23/2026 18:00,Sylhet,Sunamganj,Jamalganj,29.1,80,0,1,High
4/23/2026 20:00,Sylhet,Sunamganj,Jamalganj,26.6,89,0,1,High
4/23/2026 22:00,Sylhet,Sunamganj,Jamalganj,25.2,94,0,0.666,Medium
4/24/2026 0:00,Sylhet,Sunamganj,Jamalganj,24.5,100,0,0.4675,Medium
4/24/2026 2:00,Sylhet,Sunamganj,Jamalganj,24.1,100,0,0.4615,Medium
4/24/2026 4:00,Sylhet,Sunamganj,Jamalganj,23.9,100,0,0.4585,Medium
4/24/2026 6:00,Sylhet,Sunamganj,Jamalganj,24.2,100,0,0.763,High
4/24/2026 8:00,Sylhet,Sunamganj,Jamalganj,25.6,93,0.4,0.769,High
4/24/2026 10:00,Sylhet,Sunamganj,Jamalganj,29.1,77,0,0.9405,High
4/24/2026 12:00,Sylhet,Sunamganj,Jamalganj,31.4,68,0.1,0.9568,High
4/24/2026 14:00,Sylhet,Sunamganj,Jamalganj,32.5,63,0,1,High
4/24/2026 16:00,Sylhet,Sunamganj,Jamalganj,32.2,65,0,1,High
4/24/2026 18:00,Sylhet,Sunamganj,Jamalganj,31,78,0,1,High
4/24/2026 20:00,Sylhet,Sunamganj,Jamalganj,28,90,0,1,High
4/24/2026 22:00,Sylhet,Sunamganj,Jamalganj,26.1,99,0,0.6895,Medium
4/25/2026 0:00,Sylhet,Sunamganj,Jamalganj,25.9,99,0,0.4865,Medium
4/25/2026 2:00,Sylhet,Sunamganj,Jamalganj,24.8,100,0,0.472,Medium
4/25/2026 4:00,Sylhet,Sunamganj,Jamalganj,24.4,100,0,0.466,Medium
4/25/2026 6:00,Sylhet,Sunamganj,Jamalganj,25.7,91,0,0.7675,High
4/25/2026 8:00,Sylhet,Sunamganj,Jamalganj,25.2,88,0.3,0.7532,High
4/25/2026 10:00,Sylhet,Sunamganj,Jamalganj,27.6,82,0.1,0.9278,High
4/25/2026 12:00,Sylhet,Sunamganj,Jamalganj,30.6,72,0,0.953,High
4/25/2026 14:00,Sylhet,Sunamganj,Jamalganj,32.4,65,0,1,High
4/25/2026 16:00,Sylhet,Sunamganj,Jamalganj,32,65,0,1,High
4/25/2026 18:00,Sylhet,Sunamganj,Jamalganj,30,83,0,1,High
4/25/2026 20:00,Sylhet,Sunamganj,Jamalganj,26.9,88,0,1,High
4/25/2026 22:00,Sylhet,Sunamganj,Jamalganj,25,94,0,0.663,Medium
4/26/2026 0:00,Sylhet,Sunamganj,Jamalganj,24.6,100,0,0.469,Medium
4/26/2026 2:00,Sylhet,Sunamganj,Jamalganj,24.1,100,0,0.4615,Medium
4/26/2026 4:00,Sylhet,Sunamganj,Jamalganj,24.9,86,0,0.4455,Low
4/26/2026 6:00,Sylhet,Sunamganj,Jamalganj,23.4,99,0,0.749,High
4/26/2026 8:00,Sylhet,Sunamganj,Jamalganj,25.5,89,0,0.7605,High
4/26/2026 10:00,Sylhet,Sunamganj,Jamalganj,28.2,76,0,0.925,High
4/26/2026 12:00,Sylhet,Sunamganj,Jamalganj,28.4,64,0,0.904,High
4/26/2026 14:00,Sylhet,Sunamganj,Jamalganj,27.8,68,0,1,High
4/26/2026 16:00,Sylhet,Sunamganj,Jamalganj,25,83,0.4,0.99,High
4/26/2026 18:00,Sylhet,Sunamganj,Jamalganj,24.7,84,0.9,1,High
4/26/2026 20:00,Sylhet,Sunamganj,Jamalganj,24,83,0,1,High
4/26/2026 22:00,Sylhet,Sunamganj,Jamalganj,23.5,87,0,0.6265,Medium
4/27/2026 0:00,Sylhet,Sunamganj,Jamalganj,23.2,86,0.9,0.4178,Low
4/27/2026 2:00,Sylhet,Sunamganj,Jamalganj,22.5,87,1.1,0.4088,Low
4/27/2026 4:00,Sylhet,Sunamganj,Jamalganj,22.4,86,0,0.408,Low
4/27/2026 6:00,Sylhet,Sunamganj,Jamalganj,20.6,92,1.2,0.69,Medium
4/27/2026 8:00,Sylhet,Sunamganj,Jamalganj,21.1,95,2,0.7015,High
4/27/2026 10:00,Sylhet,Sunamganj,Jamalganj,22.2,90,0.6,0.8615,High
4/27/2026 12:00,Sylhet,Sunamganj,Jamalganj,23,81,0.6,0.8555,High
4/27/2026 14:00,Sylhet,Sunamganj,Jamalganj,24.2,77,0,0.967,High
4/27/2026 16:00,Sylhet,Sunamganj,Jamalganj,22.3,92,5.3,0.9552,High
4/27/2026 18:00,Sylhet,Sunamganj,Jamalganj,22.4,93,0.4,1,High
4/27/2026 20:00,Sylhet,Sunamganj,Jamalganj,22,94,0.4,1,High
4/27/2026 22:00,Sylhet,Sunamganj,Jamalganj,21.8,96,0.9,0.6168,Medium
4/28/2026 0:00,Sylhet,Sunamganj,Jamalganj,21.7,96,1.2,0.4145,Low
4/28/2026 2:00,Sylhet,Sunamganj,Jamalganj,21.4,95,0.6,0.4095,Low
4/28/2026 4:00,Sylhet,Sunamganj,Jamalganj,21,98,3.9,0.4013,Low
4/28/2026 6:00,Sylhet,Sunamganj,Jamalganj,22.4,94,4.5,0.7127,High
4/28/2026 8:00,Sylhet,Sunamganj,Jamalganj,23.8,88,2.5,0.7268,High
4/28/2026 10:00,Sylhet,Sunamganj,Jamalganj,23.5,92,16.3,0.8458,High
4/28/2026 12:00,Sylhet,Sunamganj,Jamalganj,23.8,84,1.9,0.8702,High
4/28/2026 14:00,Sylhet,Sunamganj,Jamalganj,24.7,82,0.2,0.984,High
4/28/2026 16:00,Sylhet,Sunamganj,Jamalganj,23.8,87,0.2,0.9805,High
4/28/2026 18:00,Sylhet,Sunamganj,Jamalganj,23.4,93,1.6,1,High
4/28/2026 20:00,Sylhet,Sunamganj,Jamalganj,23,92,0.3,1,High
4/28/2026 22:00,Sylhet,Sunamganj,Jamalganj,22.2,94,2.5,0.6148,Medium
4/29/2026 0:00,Sylhet,Sunamganj,Jamalganj,22.6,97,0.4,0.432,Low
4/29/2026 2:00,Sylhet,Sunamganj,Jamalganj,22.2,98,1.3,0.4258,Low
4/29/2026 4:00,Sylhet,Sunamganj,Jamalganj,21.8,97,6.6,0.4045,Low
4/29/2026 6:00,Sylhet,Sunamganj,Jamalganj,21.6,94,19.6,0.663,Medium
4/29/2026 8:00,Sylhet,Sunamganj,Jamalganj,21.6,94,4.7,0.7002,High
4/29/2026 10:00,Sylhet,Sunamganj,Jamalganj,21.9,94,5.8,0.852,High
4/29/2026 12:00,Sylhet,Sunamganj,Jamalganj,21.4,93,0.3,0.8562,High
4/29/2026 14:00,Sylhet,Sunamganj,Jamalganj,23.9,78,0,0.9645,High
4/29/2026 16:00,Sylhet,Sunamganj,Jamalganj,23.8,78,0,0.963,High
4/29/2026 18:00,Sylhet,Sunamganj,Jamalganj,23.4,81,0,1,High
4/29/2026 20:00,Sylhet,Sunamganj,Jamalganj,22.3,86,0,1,High
4/29/2026 22:00,Sylhet,Sunamganj,Jamalganj,21,92,0,0.599,Medium
4/30/2026 0:00,Sylhet,Sunamganj,Jamalganj,21.4,92,0,0.405,Low
4/30/2026 2:00,Sylhet,Sunamganj,Jamalganj,21.4,95,1,0.4085,Low
4/30/2026 4:00,Sylhet,Sunamganj,Jamalganj,20.9,96,1.3,0.4022,Low
4/30/2026 6:00,Sylhet,Sunamganj,Jamalganj,20.9,95,0,0.7035,High
4/30/2026 8:00,Sylhet,Sunamganj,Jamalganj,22.1,87,0.1,0.7052,High
4/30/2026 10:00,Sylhet,Sunamganj,Jamalganj,25.5,73,0,0.8785,High
4/30/2026 12:00,Sylhet,Sunamganj,Jamalganj,26.2,69,0,0.881,High
4/30/2026 14:00,Sylhet,Sunamganj,Jamalganj,27.5,64,0,0.9905,High
4/30/2026 16:00,Sylhet,Sunamganj,Jamalganj,27.9,62,0,0.9925,High
4/30/2026 18:00,Sylhet,Sunamganj,Jamalganj,25.7,81,0,1,High
4/30/2026 20:00,Sylhet,Sunamganj,Jamalganj,22.8,92,0,1,High
4/30/2026 22:00,Sylhet,Sunamganj,Jamalganj,22,94,0.3,0.6172,Medium
5/1/2026 0:00,Sylhet,Sunamganj,Jamalganj,21.6,98,0,0.42,Low
5/1/2026 2:00,Sylhet,Sunamganj,Jamalganj,22.4,94,0,0.424,Low
5/1/2026 4:00,Sylhet,Sunamganj,Jamalganj,21.6,94,0,0.412,Low
5/1/2026 6:00,Sylhet,Sunamganj,Jamalganj,21.5,93,0.4,0.7075,High
5/1/2026 8:00,Sylhet,Sunamganj,Jamalganj,22.6,96,0.7,0.7292,High
5/1/2026 10:00,Sylhet,Sunamganj,Jamalganj,24,87,0.1,0.8838,High
5/1/2026 12:00,Sylhet,Sunamganj,Jamalganj,25,83,0,0.891,High
5/1/2026 14:00,Sylhet,Sunamganj,Jamalganj,25.6,75,2.2,0.9785,High
5/1/2026 16:00,Sylhet,Sunamganj,Jamalganj,23.6,85,0.2,0.9735,High
5/1/2026 18:00,Sylhet,Sunamganj,Jamalganj,23,85,0,1,High
5/1/2026 20:00,Sylhet,Sunamganj,Jamalganj,21.1,91,0,1,High
5/1/2026 22:00,Sylhet,Sunamganj,Jamalganj,20.8,93,0,0.598,Medium
5/2/2026 0:00,Sylhet,Sunamganj,Jamalganj,21.2,94,0,0.406,Low
5/2/2026 2:00,Sylhet,Sunamganj,Jamalganj,20.9,97,0.1,0.4072,Low
5/2/2026 4:00,Sylhet,Sunamganj,Jamalganj,20.5,98,0,0.4035,Low
5/2/2026 6:00,Sylhet,Sunamganj,Jamalganj,21.2,96,0,0.71,High
5/2/2026 8:00,Sylhet,Sunamganj,Jamalganj,20.9,97,2.8,0.7005,High
5/2/2026 10:00,Sylhet,Sunamganj,Jamalganj,22,91,0.3,0.8612,High
5/2/2026 12:00,Sylhet,Sunamganj,Jamalganj,21.8,96,0.8,0.867,High
5/2/2026 14:00,Sylhet,Sunamganj,Jamalganj,22.5,88,1.4,0.96,High
5/2/2026 16:00,Sylhet,Sunamganj,Jamalganj,22,93,1,0.9635,High
5/2/2026 18:00,Sylhet,Sunamganj,Jamalganj,22.4,93,0.1,1,High
5/2/2026 20:00,Sylhet,Sunamganj,Jamalganj,21.1,95,1.3,1,High
5/2/2026 22:00,Sylhet,Sunamganj,Jamalganj,21,93,1.1,0.5982,Medium
5/3/2026 0:00,Sylhet,Sunamganj,Jamalganj,21,96,5.3,0.3938,Low
5/3/2026 2:00,Sylhet,Sunamganj,Jamalganj,20.3,99,0.4,0.4015,Low
5/3/2026 4:00,Sylhet,Sunamganj,Jamalganj,20.1,98,10.5,0.3712,Low
5/3/2026 6:00,Sylhet,Sunamganj,Jamalganj,20.5,98,1.4,0.7,High
5/3/2026 8:00,Sylhet,Sunamganj,Jamalganj,23.1,86,0,0.7185,High
5/3/2026 10:00,Sylhet,Sunamganj,Jamalganj,25.5,75,0,0.8825,High
5/3/2026 12:00,Sylhet,Sunamganj,Jamalganj,27,70,0,0.895,High
5/3/2026 14:00,Sylhet,Sunamganj,Jamalganj,28.5,64,0.1,1,High
5/3/2026 16:00,Sylhet,Sunamganj,Jamalganj,28.1,66,0.1,1,High
5/3/2026 18:00,Sylhet,Sunamganj,Jamalganj,25.1,86,0,1,High
5/3/2026 20:00,Sylhet,Sunamganj,Jamalganj,23.2,94,0,1,High
5/3/2026 22:00,Sylhet,Sunamganj,Jamalganj,22.8,95,0,0.632,Medium
5/4/2026 0:00,Sylhet,Sunamganj,Jamalganj,21.5,98,0,0.4185,Low
5/4/2026 2:00,Sylhet,Sunamganj,Jamalganj,21.5,96,0,0.4145,Low
5/4/2026 4:00,Sylhet,Sunamganj,Jamalganj,21.3,98,0,0.4155,Low
5/4/2026 6:00,Sylhet,Sunamganj,Jamalganj,23,93,0,0.731,High
5/4/2026 8:00,Sylhet,Sunamganj,Jamalganj,22.2,96,4.8,0.713,High
5/4/2026 10:00,Sylhet,Sunamganj,Jamalganj,23.7,91,7.7,0.8682,High
5/4/2026 12:00,Sylhet,Sunamganj,Jamalganj,25.6,79,0.1,0.8918,High
5/4/2026 14:00,Sylhet,Sunamganj,Jamalganj,26.9,75,0.2,1,High
5/4/2026 16:00,Sylhet,Sunamganj,Jamalganj,28,69,0,1,High
5/4/2026 18:00,Sylhet,Sunamganj,Jamalganj,25.5,83,0,1,High
5/4/2026 20:00,Sylhet,Sunamganj,Jamalganj,23.5,89,0,1,High
5/4/2026 22:00,Sylhet,Sunamganj,Jamalganj,22.4,94,0,0.624,Medium
5/5/2026 0:00,Sylhet,Sunamganj,Jamalganj,22.5,95,0,0.4275,Low
5/5/2026 2:00,Sylhet,Sunamganj,Jamalganj,21.8,99,0,0.425,Low
5/5/2026 4:00,Sylhet,Sunamganj,Jamalganj,21.5,100,0,0.4225,Low
5/5/2026 6:00,Sylhet,Sunamganj,Jamalganj,21.9,92,0,0.7125,High
5/5/2026 8:00,Sylhet,Sunamganj,Jamalganj,24.1,89,0,0.7395,High
5/5/2026 10:00,Sylhet,Sunamganj,Jamalganj,27,76,0,0.907,High
5/5/2026 12:00,Sylhet,Sunamganj,Jamalganj,30.3,66,0.1,0.9362,High
5/5/2026 14:00,Sylhet,Sunamganj,Jamalganj,31,63,0,1,High
5/5/2026 16:00,Sylhet,Sunamganj,Jamalganj,30.5,60,0,1,High
5/5/2026 18:00,Sylhet,Sunamganj,Jamalganj,28.2,72,0,1,High
5/5/2026 20:00,Sylhet,Sunamganj,Jamalganj,25.5,85,0,1,High
5/5/2026 22:00,Sylhet,Sunamganj,Jamalganj,23.8,95,0,0.647,Medium
5/6/2026 0:00,Sylhet,Sunamganj,Jamalganj,23.8,97,0,0.451,Medium
5/6/2026 2:00,Sylhet,Sunamganj,Jamalganj,22.8,95,0.4,0.431,Low
5/6/2026 4:00,Sylhet,Sunamganj,Jamalganj,22.8,97,0.3,0.4352,Low
5/6/2026 6:00,Sylhet,Sunamganj,Jamalganj,23.1,90,0,0.7265,High
5/6/2026 8:00,Sylhet,Sunamganj,Jamalganj,26.8,77,0,0.756,High
5/6/2026 10:00,Sylhet,Sunamganj,Jamalganj,29.2,73,0.1,0.9338,High
5/6/2026 12:00,Sylhet,Sunamganj,Jamalganj,29.6,70,0.1,0.9338,High
5/6/2026 14:00,Sylhet,Sunamganj,Jamalganj,29.2,70,0,1,High
5/6/2026 16:00,Sylhet,Sunamganj,Jamalganj,28,75,0,1,High
5/6/2026 18:00,Sylhet,Sunamganj,Jamalganj,26.4,81,0,1,High
5/6/2026 20:00,Sylhet,Sunamganj,Jamalganj,25.4,90,1.2,1,High
5/6/2026 22:00,Sylhet,Sunamganj,Jamalganj,24.6,94,1.6,0.653,Medium
5/7/2026 0:00,Sylhet,Sunamganj,Jamalganj,24.4,86,0.5,0.4368,Low
5/7/2026 2:00,Sylhet,Sunamganj,Jamalganj,23.2,94,0,0.436,Low
5/7/2026 4:00,Sylhet,Sunamganj,Jamalganj,22.3,97,0,0.4285,Low
5/7/2026 6:00,Sylhet,Sunamganj,Jamalganj,23,100,0,0.745,High
5/7/2026 8:00,Sylhet,Sunamganj,Jamalganj,25.5,87,0,0.7565,High
5/7/2026 10:00,Sylhet,Sunamganj,Jamalganj,28.7,70,0,0.9205,High
5/7/2026 12:00,Sylhet,Sunamganj,Jamalganj,29.5,60,0,0.9125,High
5/7/2026 14:00,Sylhet,Sunamganj,Jamalganj,30.4,59,0,1,High
5/7/2026 16:00,Sylhet,Sunamganj,Jamalganj,30.3,58,0,1,High
5/7/2026 18:00,Sylhet,Sunamganj,Jamalganj,28.9,74,0,1,High
5/7/2026 20:00,Sylhet,Sunamganj,Jamalganj,26.6,79,0,1,High
5/7/2026 22:00,Sylhet,Sunamganj,Jamalganj,25.4,88,0,0.657,Medium
5/8/2026 0:00,Sylhet,Sunamganj,Jamalganj,25.5,89,0,0.4605,Medium
5/8/2026 2:00,Sylhet,Sunamganj,Jamalganj,23.5,97,0,0.4465,Low
5/8/2026 4:00,Sylhet,Sunamganj,Jamalganj,22.6,100,0,0.439,Low
5/8/2026 6:00,Sylhet,Sunamganj,Jamalganj,22.4,95,0,0.726,High
5/8/2026 8:00,Sylhet,Sunamganj,Jamalganj,26.9,80,0,0.7635,High
5/8/2026 10:00,Sylhet,Sunamganj,Jamalganj,30.4,60,0,0.926,High
5/8/2026 12:00,Sylhet,Sunamganj,Jamalganj,30.9,59,0,0.9315,High
5/8/2026 14:00,Sylhet,Sunamganj,Jamalganj,31.1,57,0.1,1,High
5/8/2026 16:00,Sylhet,Sunamganj,Jamalganj,31,53,0,1,High
5/8/2026 18:00,Sylhet,Sunamganj,Jamalganj,28.5,65,0,1,High
5/8/2026 20:00,Sylhet,Sunamganj,Jamalganj,26.2,74,0,1,High
5/8/2026 22:00,Sylhet,Sunamganj,Jamalganj,24.5,87,0,0.6415,Medium
5/9/2026 0:00,Sylhet,Sunamganj,Jamalganj,23.5,94,0,0.4405,Low
5/9/2026 2:00,Sylhet,Sunamganj,Jamalganj,22.1,96,0,0.4235,Low
5/9/2026 4:00,Sylhet,Sunamganj,Jamalganj,21.5,100,0,0.4225,Low
5/9/2026 6:00,Sylhet,Sunamganj,Jamalganj,22.5,99,0,0.7355,High
5/9/2026 8:00,Sylhet,Sunamganj,Jamalganj,25.6,78,0,0.74,High
5/9/2026 10:00,Sylhet,Sunamganj,Jamalganj,29.5,65,0,0.9225,High
5/9/2026 12:00,Sylhet,Sunamganj,Jamalganj,31.5,55,0,0.9325,High
5/9/2026 14:00,Sylhet,Sunamganj,Jamalganj,32.8,47,0,1,High
5/9/2026 16:00,Sylhet,Sunamganj,Jamalganj,32.2,50,0,1,High
5/9/2026 18:00,Sylhet,Sunamganj,Jamalganj,30.1,72,0,1,High
5/9/2026 20:00,Sylhet,Sunamganj,Jamalganj,27.5,78,0,1,High
5/9/2026 22:00,Sylhet,Sunamganj,Jamalganj,26,87,0,0.664,Medium
5/10/2026 0:00,Sylhet,Sunamganj,Jamalganj,24.9,93,0,0.4595,Medium
5/10/2026 2:00,Sylhet,Sunamganj,Jamalganj,24.7,91,0,0.4525,Medium
5/10/2026 4:00,Sylhet,Sunamganj,Jamalganj,24.8,91,0,0.454,Medium
5/10/2026 6:00,Sylhet,Sunamganj,Jamalganj,24,91,0,0.742,High
5/10/2026 8:00,Sylhet,Sunamganj,Jamalganj,27.6,79,0,0.772,High
5/10/2026 10:00,Sylhet,Sunamganj,Jamalganj,30.6,65,0,0.939,High
5/10/2026 12:00,Sylhet,Sunamganj,Jamalganj,32.3,52,0,0.9385,High
5/10/2026 14:00,Sylhet,Sunamganj,Jamalganj,32.4,48,0,1,High
5/10/2026 16:00,Sylhet,Sunamganj,Jamalganj,28.1,69,2.7,1,High
5/10/2026 18:00,Sylhet,Sunamganj,Jamalganj,26,81,0,1,High
5/10/2026 20:00,Sylhet,Sunamganj,Jamalganj,24.9,87,0,1,High
5/10/2026 22:00,Sylhet,Sunamganj,Jamalganj,24.4,91,0,0.648,Medium
5/11/2026 0:00,Sylhet,Sunamganj,Jamalganj,24.8,90,0,0.452,Medium
5/11/2026 2:00,Sylhet,Sunamganj,Jamalganj,23.8,89,0.7,0.4332,Low
5/11/2026 4:00,Sylhet,Sunamganj,Jamalganj,22,92,0.7,0.4122,Low
5/11/2026 6:00,Sylhet,Sunamganj,Jamalganj,22.9,95,0.1,0.7332,High
5/11/2026 8:00,Sylhet,Sunamganj,Jamalganj,22.2,87,1.2,0.704,High
5/11/2026 10:00,Sylhet,Sunamganj,Jamalganj,27.8,70,0,0.907,High
5/11/2026 12:00,Sylhet,Sunamganj,Jamalganj,27.9,70,0,0.9085,High
5/11/2026 14:00,Sylhet,Sunamganj,Jamalganj,23.3,91,7.5,0.9627,High
5/11/2026 16:00,Sylhet,Sunamganj,Jamalganj,26.2,77,0.1,0.9968,High
5/11/2026 18:00,Sylhet,Sunamganj,Jamalganj,26.9,79,0,1,High
5/11/2026 20:00,Sylhet,Sunamganj,Jamalganj,24.8,90,0,1,High
5/11/2026 22:00,Sylhet,Sunamganj,Jamalganj,24.2,91,0,0.645,Medium
5/12/2026 0:00,Sylhet,Sunamganj,Jamalganj,22.9,96,0,0.4355,Low
5/12/2026 2:00,Sylhet,Sunamganj,Jamalganj,22.2,100,0,0.433,Low
5/12/2026 4:00,Sylhet,Sunamganj,Jamalganj,22.4,100,0,0.436,Low
5/12/2026 6:00,Sylhet,Sunamganj,Jamalganj,23,96,0.4,0.736,High
5/12/2026 8:00,Sylhet,Sunamganj,Jamalganj,25.9,86,0.1,0.7602,High
5/12/2026 10:00,Sylhet,Sunamganj,Jamalganj,28.2,74,0.1,0.9208,High
5/12/2026 12:00,Sylhet,Sunamganj,Jamalganj,29.5,63,0.1,0.9182,High
5/12/2026 14:00,Sylhet,Sunamganj,Jamalganj,30.1,64,0,1,High
5/12/2026 16:00,Sylhet,Sunamganj,Jamalganj,29.9,65,0,1,High
5/12/2026 18:00,Sylhet,Sunamganj,Jamalganj,28,79,0,1,High
5/12/2026 20:00,Sylhet,Sunamganj,Jamalganj,26.2,89,0,1,High
5/12/2026 22:00,Sylhet,Sunamganj,Jamalganj,24.7,99,0,0.6685,Medium
5/13/2026 0:00,Sylhet,Sunamganj,Jamalganj,25,99,0,0.473,Medium
5/13/2026 2:00,Sylhet,Sunamganj,Jamalganj,22.5,99,9.6,0.4115,Low
5/13/2026 4:00,Sylhet,Sunamganj,Jamalganj,22.5,98,0.5,0.4322,Low
5/13/2026 6:00,Sylhet,Sunamganj,Jamalganj,23.5,97,3.5,0.7377,High
5/13/2026 8:00,Sylhet,Sunamganj,Jamalganj,23.7,97,2.6,0.743,High
5/13/2026 10:00,Sylhet,Sunamganj,Jamalganj,24.9,94,1,0.909,High
5/13/2026 12:00,Sylhet,Sunamganj,Jamalganj,28.8,72,0.1,0.9258,High
5/13/2026 14:00,Sylhet,Sunamganj,Jamalganj,30.4,62,0.1,1,High
5/13/2026 16:00,Sylhet,Sunamganj,Jamalganj,30.6,63,0,1,High
5/13/2026 18:00,Sylhet,Sunamganj,Jamalganj,28.8,74,0.1,1,High
5/13/2026 20:00,Sylhet,Sunamganj,Jamalganj,26.2,90,0,1,High
5/13/2026 22:00,Sylhet,Sunamganj,Jamalganj,22.5,99,4.2,0.625,Medium
4/13/2026 0:00,Sylhet,Sunamganj,Sulla,22.2,92,0,0.417,Low
4/13/2026 2:00,Sylhet,Sunamganj,Sulla,22.6,79,0,0.397,Low
4/13/2026 4:00,Sylhet,Sunamganj,Sulla,21.9,82,0,0.3925,Low
4/13/2026 6:00,Sylhet,Sunamganj,Sulla,21.2,92,0,0.702,High
4/13/2026 8:00,Sylhet,Sunamganj,Sulla,21.9,85,0,0.6985,Medium
4/13/2026 10:00,Sylhet,Sunamganj,Sulla,24.2,77,0,0.867,High
4/13/2026 12:00,Sylhet,Sunamganj,Sulla,24.5,76,0,0.8695,High
4/13/2026 14:00,Sylhet,Sunamganj,Sulla,27.4,67,0,0.995,High
4/13/2026 16:00,Sylhet,Sunamganj,Sulla,27,72,0,0.999,High
4/13/2026 18:00,Sylhet,Sunamganj,Sulla,26.1,82,0,1,High
4/13/2026 20:00,Sylhet,Sunamganj,Sulla,23.8,87,0,1,High
4/13/2026 22:00,Sylhet,Sunamganj,Sulla,22,92,0,0.614,Medium
4/14/2026 0:00,Sylhet,Sunamganj,Sulla,21.9,91,15,0.373,Low
4/14/2026 2:00,Sylhet,Sunamganj,Sulla,21.2,96,0,0.41,Low
4/14/2026 4:00,Sylhet,Sunamganj,Sulla,20.9,97,3.8,0.398,Low
4/14/2026 6:00,Sylhet,Sunamganj,Sulla,21.4,99,0.1,0.7188,High
4/14/2026 8:00,Sylhet,Sunamganj,Sulla,23.6,92,0,0.738,High
4/14/2026 10:00,Sylhet,Sunamganj,Sulla,27.5,72,0,0.9065,High
4/14/2026 12:00,Sylhet,Sunamganj,Sulla,28.6,68,0.1,0.9148,High
4/14/2026 14:00,Sylhet,Sunamganj,Sulla,29.8,63,0,1,High
4/14/2026 16:00,Sylhet,Sunamganj,Sulla,30,63,0,1,High
4/14/2026 18:00,Sylhet,Sunamganj,Sulla,27.2,83,0,1,High
4/14/2026 20:00,Sylhet,Sunamganj,Sulla,24.8,94,0.1,1,High
4/14/2026 22:00,Sylhet,Sunamganj,Sulla,22.8,90,0.9,0.6198,Medium
4/15/2026 0:00,Sylhet,Sunamganj,Sulla,22.4,97,1.6,0.426,Low
4/15/2026 2:00,Sylhet,Sunamganj,Sulla,21.6,99,0.1,0.4218,Low
4/15/2026 4:00,Sylhet,Sunamganj,Sulla,21.2,96,0.3,0.4092,Low
4/15/2026 6:00,Sylhet,Sunamganj,Sulla,21,98,0,0.711,High
4/15/2026 8:00,Sylhet,Sunamganj,Sulla,22.4,92,0,0.72,High
4/15/2026 10:00,Sylhet,Sunamganj,Sulla,25.1,80,0,0.8865,High
4/15/2026 12:00,Sylhet,Sunamganj,Sulla,28,68,0,0.906,High
4/15/2026 14:00,Sylhet,Sunamganj,Sulla,29.1,67,0,1,High
4/15/2026 16:00,Sylhet,Sunamganj,Sulla,29.1,68,0,1,High
4/15/2026 18:00,Sylhet,Sunamganj,Sulla,27.2,79,0,1,High
4/15/2026 20:00,Sylhet,Sunamganj,Sulla,24.2,84,0.3,1,High
4/15/2026 22:00,Sylhet,Sunamganj,Sulla,22,92,1.1,0.6112,Medium
4/16/2026 0:00,Sylhet,Sunamganj,Sulla,20.6,98,13.5,0.3713,Low
4/16/2026 2:00,Sylhet,Sunamganj,Sulla,21,94,0,0.403,Low
4/16/2026 4:00,Sylhet,Sunamganj,Sulla,20.8,92,0.1,0.3958,Low
4/16/2026 6:00,Sylhet,Sunamganj,Sulla,21.5,98,0.2,0.718,High
4/16/2026 8:00,Sylhet,Sunamganj,Sulla,24,89,0,0.738,High
4/16/2026 10:00,Sylhet,Sunamganj,Sulla,27.5,77,0,0.9165,High
4/16/2026 12:00,Sylhet,Sunamganj,Sulla,29.6,66,0,0.926,High
4/16/2026 14:00,Sylhet,Sunamganj,Sulla,30.5,62,0.2,1,High
4/16/2026 16:00,Sylhet,Sunamganj,Sulla,30.3,63,0,1,High
4/16/2026 18:00,Sylhet,Sunamganj,Sulla,27.8,80,0,1,High
4/16/2026 20:00,Sylhet,Sunamganj,Sulla,25.2,91,0,1,High
4/16/2026 22:00,Sylhet,Sunamganj,Sulla,24.5,93,0,0.6535,Medium
4/17/2026 0:00,Sylhet,Sunamganj,Sulla,25.4,88,1.4,0.4535,Medium
4/17/2026 2:00,Sylhet,Sunamganj,Sulla,24,92,0.1,0.4438,Low
4/17/2026 4:00,Sylhet,Sunamganj,Sulla,22.9,98,0,0.4395,Low
4/17/2026 6:00,Sylhet,Sunamganj,Sulla,23.4,98,0,0.747,High
4/17/2026 8:00,Sylhet,Sunamganj,Sulla,26,90,0,0.77,High
4/17/2026 10:00,Sylhet,Sunamganj,Sulla,28.6,76,0,0.931,High
4/17/2026 12:00,Sylhet,Sunamganj,Sulla,30.7,71,0,0.9525,High
4/17/2026 14:00,Sylhet,Sunamganj,Sulla,31.5,72,0.1,1,High
4/17/2026 16:00,Sylhet,Sunamganj,Sulla,27,80,4.8,1,High
4/17/2026 18:00,Sylhet,Sunamganj,Sulla,27.6,85,0,1,High
4/17/2026 20:00,Sylhet,Sunamganj,Sulla,25.5,93,0,1,High
4/17/2026 22:00,Sylhet,Sunamganj,Sulla,24.4,99,0,0.664,Medium
4/18/2026 0:00,Sylhet,Sunamganj,Sulla,23.9,100,0,0.4585,Medium
4/18/2026 2:00,Sylhet,Sunamganj,Sulla,23.6,100,0,0.454,Medium
4/18/2026 4:00,Sylhet,Sunamganj,Sulla,23.4,96,0.2,0.4425,Low
4/18/2026 6:00,Sylhet,Sunamganj,Sulla,23.6,96,0,0.746,High
4/18/2026 8:00,Sylhet,Sunamganj,Sulla,24.1,91,0.7,0.7417,High
4/18/2026 10:00,Sylhet,Sunamganj,Sulla,27.4,82,0.2,0.9245,High
4/18/2026 12:00,Sylhet,Sunamganj,Sulla,29.4,73,0,0.937,High
4/18/2026 14:00,Sylhet,Sunamganj,Sulla,29.7,71,0,1,High
4/18/2026 16:00,Sylhet,Sunamganj,Sulla,29.4,71,0,1,High
4/18/2026 18:00,Sylhet,Sunamganj,Sulla,28.5,82,0,1,High
4/18/2026 20:00,Sylhet,Sunamganj,Sulla,26,90,0,1,High
4/18/2026 22:00,Sylhet,Sunamganj,Sulla,24.4,98,0,0.662,Medium
4/19/2026 0:00,Sylhet,Sunamganj,Sulla,23.8,99,0,0.455,Medium
4/19/2026 2:00,Sylhet,Sunamganj,Sulla,23.5,98,0,0.4485,Low
4/19/2026 4:00,Sylhet,Sunamganj,Sulla,22.6,98,0,0.435,Low
4/19/2026 6:00,Sylhet,Sunamganj,Sulla,23.1,98,0,0.7425,High
4/19/2026 8:00,Sylhet,Sunamganj,Sulla,25.1,90,0,0.7565,High
4/19/2026 10:00,Sylhet,Sunamganj,Sulla,28,77,0.1,0.9238,High
4/19/2026 12:00,Sylhet,Sunamganj,Sulla,28.9,74,0.2,0.931,High
4/19/2026 14:00,Sylhet,Sunamganj,Sulla,29.5,71,0,1,High
4/19/2026 16:00,Sylhet,Sunamganj,Sulla,28.4,75,0.1,1,High
4/19/2026 18:00,Sylhet,Sunamganj,Sulla,27.6,90,0,1,High
4/19/2026 20:00,Sylhet,Sunamganj,Sulla,25.5,97,0,1,High
4/19/2026 22:00,Sylhet,Sunamganj,Sulla,24.6,99,0,0.667,Medium
4/20/2026 0:00,Sylhet,Sunamganj,Sulla,23.5,98,8.7,0.4268,Low
4/20/2026 2:00,Sylhet,Sunamganj,Sulla,22.4,98,3.3,0.4238,Low
4/20/2026 4:00,Sylhet,Sunamganj,Sulla,22.4,95,2,0.421,Low
4/20/2026 6:00,Sylhet,Sunamganj,Sulla,22.6,95,0,0.729,High
4/20/2026 8:00,Sylhet,Sunamganj,Sulla,24.9,90,0,0.7535,High
4/20/2026 10:00,Sylhet,Sunamganj,Sulla,26.9,78,0.1,0.9092,High
4/20/2026 12:00,Sylhet,Sunamganj,Sulla,29.8,68,0,0.933,High
4/20/2026 14:00,Sylhet,Sunamganj,Sulla,30.6,69,0,1,High
4/20/2026 16:00,Sylhet,Sunamganj,Sulla,30.5,70,0,1,High
4/20/2026 18:00,Sylhet,Sunamganj,Sulla,26.8,90,0,1,High
4/20/2026 20:00,Sylhet,Sunamganj,Sulla,24.8,90,0,1,High
4/20/2026 22:00,Sylhet,Sunamganj,Sulla,23.4,94,5.6,0.625,Medium
4/21/2026 0:00,Sylhet,Sunamganj,Sulla,23,96,0,0.437,Low
4/21/2026 2:00,Sylhet,Sunamganj,Sulla,22.8,98,0.1,0.4378,Low
4/21/2026 4:00,Sylhet,Sunamganj,Sulla,22.7,96,0.2,0.432,Low
4/21/2026 6:00,Sylhet,Sunamganj,Sulla,23.6,94,0.1,0.7418,High
4/21/2026 8:00,Sylhet,Sunamganj,Sulla,25,89,0.1,0.7527,High
4/21/2026 10:00,Sylhet,Sunamganj,Sulla,26,83,0,0.906,High
4/21/2026 12:00,Sylhet,Sunamganj,Sulla,28.2,75,0,0.923,High
4/21/2026 14:00,Sylhet,Sunamganj,Sulla,29.8,72,0,1,High
4/21/2026 16:00,Sylhet,Sunamganj,Sulla,30.3,70,0,1,High
4/21/2026 18:00,Sylhet,Sunamganj,Sulla,28.9,82,0,1,High
4/21/2026 20:00,Sylhet,Sunamganj,Sulla,26.5,83,0,1,High
4/21/2026 22:00,Sylhet,Sunamganj,Sulla,24.4,91,0.1,0.6477,Medium
4/22/2026 0:00,Sylhet,Sunamganj,Sulla,23.3,94,2,0.4325,Low
4/22/2026 2:00,Sylhet,Sunamganj,Sulla,23,99,0,0.443,Low
4/22/2026 4:00,Sylhet,Sunamganj,Sulla,23.5,94,0,0.4405,Low
4/22/2026 6:00,Sylhet,Sunamganj,Sulla,21.5,92,0.2,0.706,High
4/22/2026 8:00,Sylhet,Sunamganj,Sulla,21.9,85,0.1,0.6982,Medium
4/22/2026 10:00,Sylhet,Sunamganj,Sulla,24.6,78,0,0.875,High
4/22/2026 12:00,Sylhet,Sunamganj,Sulla,29,71,0,0.927,High
4/22/2026 14:00,Sylhet,Sunamganj,Sulla,30.7,69,0,1,High
4/22/2026 16:00,Sylhet,Sunamganj,Sulla,30.4,69,0,1,High
4/22/2026 18:00,Sylhet,Sunamganj,Sulla,28.1,75,0,1,High
4/22/2026 20:00,Sylhet,Sunamganj,Sulla,25.9,88,0,1,High
4/22/2026 22:00,Sylhet,Sunamganj,Sulla,24.1,96,0,0.6535,Medium
4/23/2026 0:00,Sylhet,Sunamganj,Sulla,24.2,98,0,0.459,Medium
4/23/2026 2:00,Sylhet,Sunamganj,Sulla,24.6,89,0,0.447,Low
4/23/2026 4:00,Sylhet,Sunamganj,Sulla,23.3,95,0,0.4395,Low
4/23/2026 6:00,Sylhet,Sunamganj,Sulla,23.6,93,0,0.74,High
4/23/2026 8:00,Sylhet,Sunamganj,Sulla,25.8,90,0,0.767,High
4/23/2026 10:00,Sylhet,Sunamganj,Sulla,27.7,80,0.2,0.925,High
4/23/2026 12:00,Sylhet,Sunamganj,Sulla,29,74,0.1,0.9328,High
4/23/2026 14:00,Sylhet,Sunamganj,Sulla,31,64,0,1,High
4/23/2026 16:00,Sylhet,Sunamganj,Sulla,31.5,61,0,1,High
4/23/2026 18:00,Sylhet,Sunamganj,Sulla,29.1,80,0,1,High
4/23/2026 20:00,Sylhet,Sunamganj,Sulla,26.6,89,0,1,High
4/23/2026 22:00,Sylhet,Sunamganj,Sulla,25.2,94,0,0.666,Medium
4/24/2026 0:00,Sylhet,Sunamganj,Sulla,24.5,100,0,0.4675,Medium
4/24/2026 2:00,Sylhet,Sunamganj,Sulla,24.1,100,0,0.4615,Medium
4/24/2026 4:00,Sylhet,Sunamganj,Sulla,23.9,100,0,0.4585,Medium
4/24/2026 6:00,Sylhet,Sunamganj,Sulla,24.2,100,0,0.763,High
4/24/2026 8:00,Sylhet,Sunamganj,Sulla,25.6,93,0.4,0.769,High
4/24/2026 10:00,Sylhet,Sunamganj,Sulla,29.1,77,0,0.9405,High
4/24/2026 12:00,Sylhet,Sunamganj,Sulla,31.4,68,0.1,0.9568,High
4/24/2026 14:00,Sylhet,Sunamganj,Sulla,32.5,63,0,1,High
4/24/2026 16:00,Sylhet,Sunamganj,Sulla,32.2,65,0,1,High
4/24/2026 18:00,Sylhet,Sunamganj,Sulla,31,78,0,1,High
4/24/2026 20:00,Sylhet,Sunamganj,Sulla,28,90,0,1,High
4/24/2026 22:00,Sylhet,Sunamganj,Sulla,26.1,99,0,0.6895,Medium
4/25/2026 0:00,Sylhet,Sunamganj,Sulla,25.9,99,0,0.4865,Medium
4/25/2026 2:00,Sylhet,Sunamganj,Sulla,24.8,100,0,0.472,Medium
4/25/2026 4:00,Sylhet,Sunamganj,Sulla,24.4,100,0,0.466,Medium
4/25/2026 6:00,Sylhet,Sunamganj,Sulla,25.7,91,0,0.7675,High
4/25/2026 8:00,Sylhet,Sunamganj,Sulla,25.2,88,0.3,0.7532,High
4/25/2026 10:00,Sylhet,Sunamganj,Sulla,27.6,82,0.1,0.9278,High
4/25/2026 12:00,Sylhet,Sunamganj,Sulla,30.6,72,0,0.953,High
4/25/2026 14:00,Sylhet,Sunamganj,Sulla,32.4,65,0,1,High
4/25/2026 16:00,Sylhet,Sunamganj,Sulla,32,65,0,1,High
4/25/2026 18:00,Sylhet,Sunamganj,Sulla,30,83,0,1,High
4/25/2026 20:00,Sylhet,Sunamganj,Sulla,26.9,88,0,1,High
4/25/2026 22:00,Sylhet,Sunamganj,Sulla,25,94,0,0.663,Medium
4/26/2026 0:00,Sylhet,Sunamganj,Sulla,24.6,100,0,0.469,Medium
4/26/2026 2:00,Sylhet,Sunamganj,Sulla,24.1,100,0,0.4615,Medium
4/26/2026 4:00,Sylhet,Sunamganj,Sulla,24.9,86,0,0.4455,Low
4/26/2026 6:00,Sylhet,Sunamganj,Sulla,23.4,99,0,0.749,High
4/26/2026 8:00,Sylhet,Sunamganj,Sulla,25.5,89,0,0.7605,High
4/26/2026 10:00,Sylhet,Sunamganj,Sulla,28.2,76,0,0.925,High
4/26/2026 12:00,Sylhet,Sunamganj,Sulla,28.4,64,0,0.904,High
4/26/2026 14:00,Sylhet,Sunamganj,Sulla,27.8,68,0,1,High
4/26/2026 16:00,Sylhet,Sunamganj,Sulla,25,83,0.4,0.99,High
4/26/2026 18:00,Sylhet,Sunamganj,Sulla,24.7,84,0.9,1,High
4/26/2026 20:00,Sylhet,Sunamganj,Sulla,24,83,0,1,High
4/26/2026 22:00,Sylhet,Sunamganj,Sulla,23.5,87,0,0.6265,Medium
4/27/2026 0:00,Sylhet,Sunamganj,Sulla,23.2,86,0.9,0.4178,Low
4/27/2026 2:00,Sylhet,Sunamganj,Sulla,22.5,87,1.1,0.4088,Low
4/27/2026 4:00,Sylhet,Sunamganj,Sulla,22.4,86,0,0.408,Low
4/27/2026 6:00,Sylhet,Sunamganj,Sulla,20.6,92,1.2,0.69,Medium
4/27/2026 8:00,Sylhet,Sunamganj,Sulla,21.1,95,2,0.7015,High
4/27/2026 10:00,Sylhet,Sunamganj,Sulla,22.2,90,0.6,0.8615,High
4/27/2026 12:00,Sylhet,Sunamganj,Sulla,23,81,0.6,0.8555,High
4/27/2026 14:00,Sylhet,Sunamganj,Sulla,24.2,77,0,0.967,High
4/27/2026 16:00,Sylhet,Sunamganj,Sulla,22.3,92,5.3,0.9552,High
4/27/2026 18:00,Sylhet,Sunamganj,Sulla,22.4,93,0.4,1,High
4/27/2026 20:00,Sylhet,Sunamganj,Sulla,22,94,0.4,1,High
4/27/2026 22:00,Sylhet,Sunamganj,Sulla,21.8,96,0.9,0.6168,Medium
4/28/2026 0:00,Sylhet,Sunamganj,Sulla,21.7,96,1.2,0.4145,Low
4/28/2026 2:00,Sylhet,Sunamganj,Sulla,21.4,95,0.6,0.4095,Low
4/28/2026 4:00,Sylhet,Sunamganj,Sulla,21,98,3.9,0.4013,Low
4/28/2026 6:00,Sylhet,Sunamganj,Sulla,22.4,94,4.5,0.7127,High
4/28/2026 8:00,Sylhet,Sunamganj,Sulla,23.8,88,2.5,0.7268,High
4/28/2026 10:00,Sylhet,Sunamganj,Sulla,23.5,92,16.3,0.8458,High
4/28/2026 12:00,Sylhet,Sunamganj,Sulla,23.8,84,1.9,0.8702,High
4/28/2026 14:00,Sylhet,Sunamganj,Sulla,24.7,82,0.2,0.984,High
4/28/2026 16:00,Sylhet,Sunamganj,Sulla,23.8,87,0.2,0.9805,High
4/28/2026 18:00,Sylhet,Sunamganj,Sulla,23.4,93,1.6,1,High
4/28/2026 20:00,Sylhet,Sunamganj,Sulla,23,92,0.3,1,High
4/28/2026 22:00,Sylhet,Sunamganj,Sulla,22.2,94,2.5,0.6148,Medium
4/29/2026 0:00,Sylhet,Sunamganj,Sulla,22.6,97,0.4,0.432,Low
4/29/2026 2:00,Sylhet,Sunamganj,Sulla,22.2,98,1.3,0.4258,Low
4/29/2026 4:00,Sylhet,Sunamganj,Sulla,21.8,97,6.6,0.4045,Low
4/29/2026 6:00,Sylhet,Sunamganj,Sulla,21.6,94,19.6,0.663,Medium
4/29/2026 8:00,Sylhet,Sunamganj,Sulla,21.6,94,4.7,0.7002,High
4/29/2026 10:00,Sylhet,Sunamganj,Sulla,21.9,94,5.8,0.852,High
4/29/2026 12:00,Sylhet,Sunamganj,Sulla,21.4,93,0.3,0.8562,High
4/29/2026 14:00,Sylhet,Sunamganj,Sulla,23.9,78,0,0.9645,High
4/29/2026 16:00,Sylhet,Sunamganj,Sulla,23.8,78,0,0.963,High
4/29/2026 18:00,Sylhet,Sunamganj,Sulla,23.4,81,0,1,High
4/29/2026 20:00,Sylhet,Sunamganj,Sulla,22.3,86,0,1,High
4/29/2026 22:00,Sylhet,Sunamganj,Sulla,21,92,0,0.599,Medium
4/30/2026 0:00,Sylhet,Sunamganj,Sulla,21.4,92,0,0.405,Low
4/30/2026 2:00,Sylhet,Sunamganj,Sulla,21.4,95,1,0.4085,Low
4/30/2026 4:00,Sylhet,Sunamganj,Sulla,20.9,96,1.3,0.4022,Low
4/30/2026 6:00,Sylhet,Sunamganj,Sulla,20.9,95,0,0.7035,High
4/30/2026 8:00,Sylhet,Sunamganj,Sulla,22.1,87,0.1,0.7052,High
4/30/2026 10:00,Sylhet,Sunamganj,Sulla,25.5,73,0,0.8785,High
4/30/2026 12:00,Sylhet,Sunamganj,Sulla,26.2,69,0,0.881,High
4/30/2026 14:00,Sylhet,Sunamganj,Sulla,27.5,64,0,0.9905,High
4/30/2026 16:00,Sylhet,Sunamganj,Sulla,27.9,62,0,0.9925,High
4/30/2026 18:00,Sylhet,Sunamganj,Sulla,25.7,81,0,1,High
4/30/2026 20:00,Sylhet,Sunamganj,Sulla,22.8,92,0,1,High
4/30/2026 22:00,Sylhet,Sunamganj,Sulla,22,94,0.3,0.6172,Medium
5/1/2026 0:00,Sylhet,Sunamganj,Sulla,21.6,98,0,0.42,Low
5/1/2026 2:00,Sylhet,Sunamganj,Sulla,22.4,94,0,0.424,Low
5/1/2026 4:00,Sylhet,Sunamganj,Sulla,21.6,94,0,0.412,Low
5/1/2026 6:00,Sylhet,Sunamganj,Sulla,21.5,93,0.4,0.7075,High
5/1/2026 8:00,Sylhet,Sunamganj,Sulla,22.6,96,0.7,0.7292,High
5/1/2026 10:00,Sylhet,Sunamganj,Sulla,24,87,0.1,0.8838,High
5/1/2026 12:00,Sylhet,Sunamganj,Sulla,25,83,0,0.891,High
5/1/2026 14:00,Sylhet,Sunamganj,Sulla,25.6,75,2.2,0.9785,High
5/1/2026 16:00,Sylhet,Sunamganj,Sulla,23.6,85,0.2,0.9735,High
5/1/2026 18:00,Sylhet,Sunamganj,Sulla,23,85,0,1,High
5/1/2026 20:00,Sylhet,Sunamganj,Sulla,21.1,91,0,1,High
5/1/2026 22:00,Sylhet,Sunamganj,Sulla,20.8,93,0,0.598,Medium
5/2/2026 0:00,Sylhet,Sunamganj,Sulla,21.2,94,0,0.406,Low
5/2/2026 2:00,Sylhet,Sunamganj,Sulla,20.9,97,0.1,0.4072,Low
5/2/2026 4:00,Sylhet,Sunamganj,Sulla,20.5,98,0,0.4035,Low
5/2/2026 6:00,Sylhet,Sunamganj,Sulla,21.2,96,0,0.71,High
5/2/2026 8:00,Sylhet,Sunamganj,Sulla,20.9,97,2.8,0.7005,High
5/2/2026 10:00,Sylhet,Sunamganj,Sulla,22,91,0.3,0.8612,High
5/2/2026 12:00,Sylhet,Sunamganj,Sulla,21.8,96,0.8,0.867,High
5/2/2026 14:00,Sylhet,Sunamganj,Sulla,22.5,88,1.4,0.96,High
5/2/2026 16:00,Sylhet,Sunamganj,Sulla,22,93,1,0.9635,High
5/2/2026 18:00,Sylhet,Sunamganj,Sulla,22.4,93,0.1,1,High
5/2/2026 20:00,Sylhet,Sunamganj,Sulla,21.1,95,1.3,1,High
5/2/2026 22:00,Sylhet,Sunamganj,Sulla,21,93,1.1,0.5982,Medium
5/3/2026 0:00,Sylhet,Sunamganj,Sulla,21,96,5.3,0.3938,Low
5/3/2026 2:00,Sylhet,Sunamganj,Sulla,20.3,99,0.4,0.4015,Low
5/3/2026 4:00,Sylhet,Sunamganj,Sulla,20.1,98,10.5,0.3712,Low
5/3/2026 6:00,Sylhet,Sunamganj,Sulla,20.5,98,1.4,0.7,High
5/3/2026 8:00,Sylhet,Sunamganj,Sulla,23.1,86,0,0.7185,High
5/3/2026 10:00,Sylhet,Sunamganj,Sulla,25.5,75,0,0.8825,High
5/3/2026 12:00,Sylhet,Sunamganj,Sulla,27,70,0,0.895,High
5/3/2026 14:00,Sylhet,Sunamganj,Sulla,28.5,64,0.1,1,High
5/3/2026 16:00,Sylhet,Sunamganj,Sulla,28.1,66,0.1,1,High
5/3/2026 18:00,Sylhet,Sunamganj,Sulla,25.1,86,0,1,High
5/3/2026 20:00,Sylhet,Sunamganj,Sulla,23.2,94,0,1,High
5/3/2026 22:00,Sylhet,Sunamganj,Sulla,22.8,95,0,0.632,Medium
5/4/2026 0:00,Sylhet,Sunamganj,Sulla,21.5,98,0,0.4185,Low
5/4/2026 2:00,Sylhet,Sunamganj,Sulla,21.5,96,0,0.4145,Low
5/4/2026 4:00,Sylhet,Sunamganj,Sulla,21.3,98,0,0.4155,Low
5/4/2026 6:00,Sylhet,Sunamganj,Sulla,23,93,0,0.731,High
5/4/2026 8:00,Sylhet,Sunamganj,Sulla,22.2,96,4.8,0.713,High
5/4/2026 10:00,Sylhet,Sunamganj,Sulla,23.7,91,7.7,0.8682,High
5/4/2026 12:00,Sylhet,Sunamganj,Sulla,25.6,79,0.1,0.8918,High
5/4/2026 14:00,Sylhet,Sunamganj,Sulla,26.9,75,0.2,1,High
5/4/2026 16:00,Sylhet,Sunamganj,Sulla,28,69,0,1,High
5/4/2026 18:00,Sylhet,Sunamganj,Sulla,25.5,83,0,1,High
5/4/2026 20:00,Sylhet,Sunamganj,Sulla,23.5,89,0,1,High
5/4/2026 22:00,Sylhet,Sunamganj,Sulla,22.4,94,0,0.624,Medium
5/5/2026 0:00,Sylhet,Sunamganj,Sulla,22.5,95,0,0.4275,Low
5/5/2026 2:00,Sylhet,Sunamganj,Sulla,21.8,99,0,0.425,Low
5/5/2026 4:00,Sylhet,Sunamganj,Sulla,21.5,100,0,0.4225,Low
5/5/2026 6:00,Sylhet,Sunamganj,Sulla,21.9,92,0,0.7125,High
5/5/2026 8:00,Sylhet,Sunamganj,Sulla,24.1,89,0,0.7395,High
5/5/2026 10:00,Sylhet,Sunamganj,Sulla,27,76,0,0.907,High
5/5/2026 12:00,Sylhet,Sunamganj,Sulla,30.3,66,0.1,0.9362,High
5/5/2026 14:00,Sylhet,Sunamganj,Sulla,31,63,0,1,High
5/5/2026 16:00,Sylhet,Sunamganj,Sulla,30.5,60,0,1,High
5/5/2026 18:00,Sylhet,Sunamganj,Sulla,28.2,72,0,1,High
5/5/2026 20:00,Sylhet,Sunamganj,Sulla,25.5,85,0,1,High
5/5/2026 22:00,Sylhet,Sunamganj,Sulla,23.8,95,0,0.647,Medium
5/6/2026 0:00,Sylhet,Sunamganj,Sulla,23.8,97,0,0.451,Medium
5/6/2026 2:00,Sylhet,Sunamganj,Sulla,22.8,95,0.4,0.431,Low
5/6/2026 4:00,Sylhet,Sunamganj,Sulla,22.8,97,0.3,0.4352,Low
5/6/2026 6:00,Sylhet,Sunamganj,Sulla,23.1,90,0,0.7265,High
5/6/2026 8:00,Sylhet,Sunamganj,Sulla,26.8,77,0,0.756,High
5/6/2026 10:00,Sylhet,Sunamganj,Sulla,29.2,73,0.1,0.9338,High
5/6/2026 12:00,Sylhet,Sunamganj,Sulla,29.6,70,0.1,0.9338,High
5/6/2026 14:00,Sylhet,Sunamganj,Sulla,29.2,70,0,1,High
5/6/2026 16:00,Sylhet,Sunamganj,Sulla,28,75,0,1,High
5/6/2026 18:00,Sylhet,Sunamganj,Sulla,26.4,81,0,1,High
5/6/2026 20:00,Sylhet,Sunamganj,Sulla,25.4,90,1.2,1,High
5/6/2026 22:00,Sylhet,Sunamganj,Sulla,24.6,94,1.6,0.653,Medium
5/7/2026 0:00,Sylhet,Sunamganj,Sulla,24.4,86,0.5,0.4368,Low
5/7/2026 2:00,Sylhet,Sunamganj,Sulla,23.2,94,0,0.436,Low
5/7/2026 4:00,Sylhet,Sunamganj,Sulla,22.3,97,0,0.4285,Low
5/7/2026 6:00,Sylhet,Sunamganj,Sulla,23,100,0,0.745,High
5/7/2026 8:00,Sylhet,Sunamganj,Sulla,25.5,87,0,0.7565,High
5/7/2026 10:00,Sylhet,Sunamganj,Sulla,28.7,70,0,0.9205,High
5/7/2026 12:00,Sylhet,Sunamganj,Sulla,29.5,60,0,0.9125,High
5/7/2026 14:00,Sylhet,Sunamganj,Sulla,30.4,59,0,1,High
5/7/2026 16:00,Sylhet,Sunamganj,Sulla,30.3,58,0,1,High
5/7/2026 18:00,Sylhet,Sunamganj,Sulla,28.9,74,0,1,High
5/7/2026 20:00,Sylhet,Sunamganj,Sulla,26.6,79,0,1,High
5/7/2026 22:00,Sylhet,Sunamganj,Sulla,25.4,88,0,0.657,Medium
5/8/2026 0:00,Sylhet,Sunamganj,Sulla,25.5,89,0,0.4605,Medium
5/8/2026 2:00,Sylhet,Sunamganj,Sulla,23.5,97,0,0.4465,Low
5/8/2026 4:00,Sylhet,Sunamganj,Sulla,22.6,100,0,0.439,Low
5/8/2026 6:00,Sylhet,Sunamganj,Sulla,22.4,95,0,0.726,High
5/8/2026 8:00,Sylhet,Sunamganj,Sulla,26.9,80,0,0.7635,High
5/8/2026 10:00,Sylhet,Sunamganj,Sulla,30.4,60,0,0.926,High
5/8/2026 12:00,Sylhet,Sunamganj,Sulla,30.9,59,0,0.9315,High
5/8/2026 14:00,Sylhet,Sunamganj,Sulla,31.1,57,0.1,1,High
5/8/2026 16:00,Sylhet,Sunamganj,Sulla,31,53,0,1,High
5/8/2026 18:00,Sylhet,Sunamganj,Sulla,28.5,65,0,1,High
5/8/2026 20:00,Sylhet,Sunamganj,Sulla,26.2,74,0,1,High
5/8/2026 22:00,Sylhet,Sunamganj,Sulla,24.5,87,0,0.6415,Medium
5/9/2026 0:00,Sylhet,Sunamganj,Sulla,23.5,94,0,0.4405,Low
5/9/2026 2:00,Sylhet,Sunamganj,Sulla,22.1,96,0,0.4235,Low
5/9/2026 4:00,Sylhet,Sunamganj,Sulla,21.5,100,0,0.4225,Low
5/9/2026 6:00,Sylhet,Sunamganj,Sulla,22.5,99,0,0.7355,High
5/9/2026 8:00,Sylhet,Sunamganj,Sulla,25.6,78,0,0.74,High
5/9/2026 10:00,Sylhet,Sunamganj,Sulla,29.5,65,0,0.9225,High
5/9/2026 12:00,Sylhet,Sunamganj,Sulla,31.5,55,0,0.9325,High
5/9/2026 14:00,Sylhet,Sunamganj,Sulla,32.8,47,0,1,High
5/9/2026 16:00,Sylhet,Sunamganj,Sulla,32.2,50,0,1,High
5/9/2026 18:00,Sylhet,Sunamganj,Sulla,30.1,72,0,1,High
5/9/2026 20:00,Sylhet,Sunamganj,Sulla,27.5,78,0,1,High
5/9/2026 22:00,Sylhet,Sunamganj,Sulla,26,87,0,0.664,Medium
5/10/2026 0:00,Sylhet,Sunamganj,Sulla,24.9,93,0,0.4595,Medium
5/10/2026 2:00,Sylhet,Sunamganj,Sulla,24.7,91,0,0.4525,Medium
5/10/2026 4:00,Sylhet,Sunamganj,Sulla,24.8,91,0,0.454,Medium
5/10/2026 6:00,Sylhet,Sunamganj,Sulla,24,91,0,0.742,High
5/10/2026 8:00,Sylhet,Sunamganj,Sulla,27.6,79,0,0.772,High
5/10/2026 10:00,Sylhet,Sunamganj,Sulla,30.6,65,0,0.939,High
5/10/2026 12:00,Sylhet,Sunamganj,Sulla,32.3,52,0,0.9385,High
5/10/2026 14:00,Sylhet,Sunamganj,Sulla,32.4,48,0,1,High
5/10/2026 16:00,Sylhet,Sunamganj,Sulla,28.1,69,2.7,1,High
5/10/2026 18:00,Sylhet,Sunamganj,Sulla,26,81,0,1,High
5/10/2026 20:00,Sylhet,Sunamganj,Sulla,24.9,87,0,1,High
5/10/2026 22:00,Sylhet,Sunamganj,Sulla,24.4,91,0,0.648,Medium
5/11/2026 0:00,Sylhet,Sunamganj,Sulla,24.8,90,0,0.452,Medium
5/11/2026 2:00,Sylhet,Sunamganj,Sulla,23.8,89,0.7,0.4332,Low
5/11/2026 4:00,Sylhet,Sunamganj,Sulla,22,92,0.7,0.4122,Low
5/11/2026 6:00,Sylhet,Sunamganj,Sulla,22.9,95,0.1,0.7332,High
5/11/2026 8:00,Sylhet,Sunamganj,Sulla,22.2,87,1.2,0.704,High
5/11/2026 10:00,Sylhet,Sunamganj,Sulla,27.8,70,0,0.907,High
5/11/2026 12:00,Sylhet,Sunamganj,Sulla,27.9,70,0,0.9085,High
5/11/2026 14:00,Sylhet,Sunamganj,Sulla,23.3,91,7.5,0.9627,High
5/11/2026 16:00,Sylhet,Sunamganj,Sulla,26.2,77,0.1,0.9968,High
5/11/2026 18:00,Sylhet,Sunamganj,Sulla,26.9,79,0,1,High
5/11/2026 20:00,Sylhet,Sunamganj,Sulla,24.8,90,0,1,High
5/11/2026 22:00,Sylhet,Sunamganj,Sulla,24.2,91,0,0.645,Medium
5/12/2026 0:00,Sylhet,Sunamganj,Sulla,22.9,96,0,0.4355,Low
5/12/2026 2:00,Sylhet,Sunamganj,Sulla,22.2,100,0,0.433,Low
5/12/2026 4:00,Sylhet,Sunamganj,Sulla,22.4,100,0,0.436,Low
5/12/2026 6:00,Sylhet,Sunamganj,Sulla,23,96,0.4,0.736,High
5/12/2026 8:00,Sylhet,Sunamganj,Sulla,25.9,86,0.1,0.7602,High
5/12/2026 10:00,Sylhet,Sunamganj,Sulla,28.2,74,0.1,0.9208,High
5/12/2026 12:00,Sylhet,Sunamganj,Sulla,29.5,63,0.1,0.9182,High
5/12/2026 14:00,Sylhet,Sunamganj,Sulla,30.1,64,0,1,High
5/12/2026 16:00,Sylhet,Sunamganj,Sulla,29.9,65,0,1,High
5/12/2026 18:00,Sylhet,Sunamganj,Sulla,28,79,0,1,High
5/12/2026 20:00,Sylhet,Sunamganj,Sulla,26.2,89,0,1,High
5/12/2026 22:00,Sylhet,Sunamganj,Sulla,24.7,99,0,0.6685,Medium
5/13/2026 0:00,Sylhet,Sunamganj,Sulla,25,99,0,0.473,Medium
5/13/2026 2:00,Sylhet,Sunamganj,Sulla,22.5,99,9.6,0.4115,Low
5/13/2026 4:00,Sylhet,Sunamganj,Sulla,22.5,98,0.5,0.4322,Low
5/13/2026 6:00,Sylhet,Sunamganj,Sulla,23.5,97,3.5,0.7377,High
5/13/2026 8:00,Sylhet,Sunamganj,Sulla,23.7,97,2.6,0.743,High
5/13/2026 10:00,Sylhet,Sunamganj,Sulla,24.9,94,1,0.909,High
5/13/2026 12:00,Sylhet,Sunamganj,Sulla,28.8,72,0.1,0.9258,High
5/13/2026 14:00,Sylhet,Sunamganj,Sulla,30.4,62,0.1,1,High
5/13/2026 16:00,Sylhet,Sunamganj,Sulla,30.6,63,0,1,High
5/13/2026 18:00,Sylhet,Sunamganj,Sulla,28.8,74,0.1,1,High
5/13/2026 20:00,Sylhet,Sunamganj,Sulla,26.2,90,0,1,High
5/13/2026 22:00,Sylhet,Sunamganj,Sulla,22.5,99,4.2,0.625,Medium
4/13/2026 0:00,Sylhet,Sunamganj,Sunamganj Sadar,22.2,92,0,0.417,Low
4/13/2026 2:00,Sylhet,Sunamganj,Sunamganj Sadar,22.6,79,0,0.397,Low
4/13/2026 4:00,Sylhet,Sunamganj,Sunamganj Sadar,21.9,82,0,0.3925,Low
4/13/2026 6:00,Sylhet,Sunamganj,Sunamganj Sadar,21.2,92,0,0.702,High
4/13/2026 8:00,Sylhet,Sunamganj,Sunamganj Sadar,21.9,85,0,0.6985,Medium
4/13/2026 10:00,Sylhet,Sunamganj,Sunamganj Sadar,24.2,77,0,0.867,High
4/13/2026 12:00,Sylhet,Sunamganj,Sunamganj Sadar,24.5,76,0,0.8695,High
4/13/2026 14:00,Sylhet,Sunamganj,Sunamganj Sadar,27.4,67,0,0.995,High
4/13/2026 16:00,Sylhet,Sunamganj,Sunamganj Sadar,27,72,0,0.999,High
4/13/2026 18:00,Sylhet,Sunamganj,Sunamganj Sadar,26.1,82,0,1,High
4/13/2026 20:00,Sylhet,Sunamganj,Sunamganj Sadar,23.8,87,0,1,High
4/13/2026 22:00,Sylhet,Sunamganj,Sunamganj Sadar,22,92,0,0.614,Medium
4/14/2026 0:00,Sylhet,Sunamganj,Sunamganj Sadar,21.9,91,15,0.373,Low
4/14/2026 2:00,Sylhet,Sunamganj,Sunamganj Sadar,21.2,96,0,0.41,Low
4/14/2026 4:00,Sylhet,Sunamganj,Sunamganj Sadar,20.9,97,3.8,0.398,Low
4/14/2026 6:00,Sylhet,Sunamganj,Sunamganj Sadar,21.4,99,0.1,0.7188,High
4/14/2026 8:00,Sylhet,Sunamganj,Sunamganj Sadar,23.6,92,0,0.738,High
4/14/2026 10:00,Sylhet,Sunamganj,Sunamganj Sadar,27.5,72,0,0.9065,High
4/14/2026 12:00,Sylhet,Sunamganj,Sunamganj Sadar,28.6,68,0.1,0.9148,High
4/14/2026 14:00,Sylhet,Sunamganj,Sunamganj Sadar,29.8,63,0,1,High
4/14/2026 16:00,Sylhet,Sunamganj,Sunamganj Sadar,30,63,0,1,High
4/14/2026 18:00,Sylhet,Sunamganj,Sunamganj Sadar,27.2,83,0,1,High
4/14/2026 20:00,Sylhet,Sunamganj,Sunamganj Sadar,24.8,94,0.1,1,High
4/14/2026 22:00,Sylhet,Sunamganj,Sunamganj Sadar,22.8,90,0.9,0.6198,Medium
4/15/2026 0:00,Sylhet,Sunamganj,Sunamganj Sadar,22.4,97,1.6,0.426,Low
4/15/2026 2:00,Sylhet,Sunamganj,Sunamganj Sadar,21.6,99,0.1,0.4218,Low
4/15/2026 4:00,Sylhet,Sunamganj,Sunamganj Sadar,21.2,96,0.3,0.4092,Low
4/15/2026 6:00,Sylhet,Sunamganj,Sunamganj Sadar,21,98,0,0.711,High
4/15/2026 8:00,Sylhet,Sunamganj,Sunamganj Sadar,22.4,92,0,0.72,High
4/15/2026 10:00,Sylhet,Sunamganj,Sunamganj Sadar,25.1,80,0,0.8865,High
4/15/2026 12:00,Sylhet,Sunamganj,Sunamganj Sadar,28,68,0,0.906,High
4/15/2026 14:00,Sylhet,Sunamganj,Sunamganj Sadar,29.1,67,0,1,High
4/15/2026 16:00,Sylhet,Sunamganj,Sunamganj Sadar,29.1,68,0,1,High
4/15/2026 18:00,Sylhet,Sunamganj,Sunamganj Sadar,27.2,79,0,1,High
4/15/2026 20:00,Sylhet,Sunamganj,Sunamganj Sadar,24.2,84,0.3,1,High
4/15/2026 22:00,Sylhet,Sunamganj,Sunamganj Sadar,22,92,1.1,0.6112,Medium
4/16/2026 0:00,Sylhet,Sunamganj,Sunamganj Sadar,20.6,98,13.5,0.3713,Low
4/16/2026 2:00,Sylhet,Sunamganj,Sunamganj Sadar,21,94,0,0.403,Low
4/16/2026 4:00,Sylhet,Sunamganj,Sunamganj Sadar,20.8,92,0.1,0.3958,Low
4/16/2026 6:00,Sylhet,Sunamganj,Sunamganj Sadar,21.5,98,0.2,0.718,High
4/16/2026 8:00,Sylhet,Sunamganj,Sunamganj Sadar,24,89,0,0.738,High
4/16/2026 10:00,Sylhet,Sunamganj,Sunamganj Sadar,27.5,77,0,0.9165,High
4/16/2026 12:00,Sylhet,Sunamganj,Sunamganj Sadar,29.6,66,0,0.926,High
4/16/2026 14:00,Sylhet,Sunamganj,Sunamganj Sadar,30.5,62,0.2,1,High
4/16/2026 16:00,Sylhet,Sunamganj,Sunamganj Sadar,30.3,63,0,1,High
4/16/2026 18:00,Sylhet,Sunamganj,Sunamganj Sadar,27.8,80,0,1,High
4/16/2026 20:00,Sylhet,Sunamganj,Sunamganj Sadar,25.2,91,0,1,High
4/16/2026 22:00,Sylhet,Sunamganj,Sunamganj Sadar,24.5,93,0,0.6535,Medium
4/17/2026 0:00,Sylhet,Sunamganj,Sunamganj Sadar,25.4,88,1.4,0.4535,Medium
4/17/2026 2:00,Sylhet,Sunamganj,Sunamganj Sadar,24,92,0.1,0.4438,Low
4/17/2026 4:00,Sylhet,Sunamganj,Sunamganj Sadar,22.9,98,0,0.4395,Low
4/17/2026 6:00,Sylhet,Sunamganj,Sunamganj Sadar,23.4,98,0,0.747,High
4/17/2026 8:00,Sylhet,Sunamganj,Sunamganj Sadar,26,90,0,0.77,High
4/17/2026 10:00,Sylhet,Sunamganj,Sunamganj Sadar,28.6,76,0,0.931,High
4/17/2026 12:00,Sylhet,Sunamganj,Sunamganj Sadar,30.7,71,0,0.9525,High
4/17/2026 14:00,Sylhet,Sunamganj,Sunamganj Sadar,31.5,72,0.1,1,High
4/17/2026 16:00,Sylhet,Sunamganj,Sunamganj Sadar,27,80,4.8,1,High
4/17/2026 18:00,Sylhet,Sunamganj,Sunamganj Sadar,27.6,85,0,1,High
4/17/2026 20:00,Sylhet,Sunamganj,Sunamganj Sadar,25.5,93,0,1,High
4/17/2026 22:00,Sylhet,Sunamganj,Sunamganj Sadar,24.4,99,0,0.664,Medium
4/18/2026 0:00,Sylhet,Sunamganj,Sunamganj Sadar,23.9,100,0,0.4585,Medium
4/18/2026 2:00,Sylhet,Sunamganj,Sunamganj Sadar,23.6,100,0,0.454,Medium
4/18/2026 4:00,Sylhet,Sunamganj,Sunamganj Sadar,23.4,96,0.2,0.4425,Low
4/18/2026 6:00,Sylhet,Sunamganj,Sunamganj Sadar,23.6,96,0,0.746,High
4/18/2026 8:00,Sylhet,Sunamganj,Sunamganj Sadar,24.1,91,0.7,0.7417,High
4/18/2026 10:00,Sylhet,Sunamganj,Sunamganj Sadar,27.4,82,0.2,0.9245,High
4/18/2026 12:00,Sylhet,Sunamganj,Sunamganj Sadar,29.4,73,0,0.937,High
4/18/2026 14:00,Sylhet,Sunamganj,Sunamganj Sadar,29.7,71,0,1,High
4/18/2026 16:00,Sylhet,Sunamganj,Sunamganj Sadar,29.4,71,0,1,High
4/18/2026 18:00,Sylhet,Sunamganj,Sunamganj Sadar,28.5,82,0,1,High
4/18/2026 20:00,Sylhet,Sunamganj,Sunamganj Sadar,26,90,0,1,High
4/18/2026 22:00,Sylhet,Sunamganj,Sunamganj Sadar,24.4,98,0,0.662,Medium
4/19/2026 0:00,Sylhet,Sunamganj,Sunamganj Sadar,23.8,99,0,0.455,Medium
4/19/2026 2:00,Sylhet,Sunamganj,Sunamganj Sadar,23.5,98,0,0.4485,Low
4/19/2026 4:00,Sylhet,Sunamganj,Sunamganj Sadar,22.6,98,0,0.435,Low
4/19/2026 6:00,Sylhet,Sunamganj,Sunamganj Sadar,23.1,98,0,0.7425,High
4/19/2026 8:00,Sylhet,Sunamganj,Sunamganj Sadar,25.1,90,0,0.7565,High
4/19/2026 10:00,Sylhet,Sunamganj,Sunamganj Sadar,28,77,0.1,0.9238,High
4/19/2026 12:00,Sylhet,Sunamganj,Sunamganj Sadar,28.9,74,0.2,0.931,High
4/19/2026 14:00,Sylhet,Sunamganj,Sunamganj Sadar,29.5,71,0,1,High
4/19/2026 16:00,Sylhet,Sunamganj,Sunamganj Sadar,28.4,75,0.1,1,High
4/19/2026 18:00,Sylhet,Sunamganj,Sunamganj Sadar,27.6,90,0,1,High
4/19/2026 20:00,Sylhet,Sunamganj,Sunamganj Sadar,25.5,97,0,1,High
4/19/2026 22:00,Sylhet,Sunamganj,Sunamganj Sadar,24.6,99,0,0.667,Medium
4/20/2026 0:00,Sylhet,Sunamganj,Sunamganj Sadar,23.5,98,8.7,0.4268,Low
4/20/2026 2:00,Sylhet,Sunamganj,Sunamganj Sadar,22.4,98,3.3,0.4238,Low
4/20/2026 4:00,Sylhet,Sunamganj,Sunamganj Sadar,22.4,95,2,0.421,Low
4/20/2026 6:00,Sylhet,Sunamganj,Sunamganj Sadar,22.6,95,0,0.729,High
4/20/2026 8:00,Sylhet,Sunamganj,Sunamganj Sadar,24.9,90,0,0.7535,High
4/20/2026 10:00,Sylhet,Sunamganj,Sunamganj Sadar,26.9,78,0.1,0.9092,High
4/20/2026 12:00,Sylhet,Sunamganj,Sunamganj Sadar,29.8,68,0,0.933,High
4/20/2026 14:00,Sylhet,Sunamganj,Sunamganj Sadar,30.6,69,0,1,High
4/20/2026 16:00,Sylhet,Sunamganj,Sunamganj Sadar,30.5,70,0,1,High
4/20/2026 18:00,Sylhet,Sunamganj,Sunamganj Sadar,26.8,90,0,1,High
4/20/2026 20:00,Sylhet,Sunamganj,Sunamganj Sadar,24.8,90,0,1,High
4/20/2026 22:00,Sylhet,Sunamganj,Sunamganj Sadar,23.4,94,5.6,0.625,Medium
4/21/2026 0:00,Sylhet,Sunamganj,Sunamganj Sadar,23,96,0,0.437,Low
4/21/2026 2:00,Sylhet,Sunamganj,Sunamganj Sadar,22.8,98,0.1,0.4378,Low
4/21/2026 4:00,Sylhet,Sunamganj,Sunamganj Sadar,22.7,96,0.2,0.432,Low
4/21/2026 6:00,Sylhet,Sunamganj,Sunamganj Sadar,23.6,94,0.1,0.7418,High
4/21/2026 8:00,Sylhet,Sunamganj,Sunamganj Sadar,25,89,0.1,0.7527,High
4/21/2026 10:00,Sylhet,Sunamganj,Sunamganj Sadar,26,83,0,0.906,High
4/21/2026 12:00,Sylhet,Sunamganj,Sunamganj Sadar,28.2,75,0,0.923,High
4/21/2026 14:00,Sylhet,Sunamganj,Sunamganj Sadar,29.8,72,0,1,High
4/21/2026 16:00,Sylhet,Sunamganj,Sunamganj Sadar,30.3,70,0,1,High
4/21/2026 18:00,Sylhet,Sunamganj,Sunamganj Sadar,28.9,82,0,1,High
4/21/2026 20:00,Sylhet,Sunamganj,Sunamganj Sadar,26.5,83,0,1,High
4/21/2026 22:00,Sylhet,Sunamganj,Sunamganj Sadar,24.4,91,0.1,0.6477,Medium
4/22/2026 0:00,Sylhet,Sunamganj,Sunamganj Sadar,23.3,94,2,0.4325,Low
4/22/2026 2:00,Sylhet,Sunamganj,Sunamganj Sadar,23,99,0,0.443,Low
4/22/2026 4:00,Sylhet,Sunamganj,Sunamganj Sadar,23.5,94,0,0.4405,Low
4/22/2026 6:00,Sylhet,Sunamganj,Sunamganj Sadar,21.5,92,0.2,0.706,High
4/22/2026 8:00,Sylhet,Sunamganj,Sunamganj Sadar,21.9,85,0.1,0.6982,Medium
4/22/2026 10:00,Sylhet,Sunamganj,Sunamganj Sadar,24.6,78,0,0.875,High
4/22/2026 12:00,Sylhet,Sunamganj,Sunamganj Sadar,29,71,0,0.927,High
4/22/2026 14:00,Sylhet,Sunamganj,Sunamganj Sadar,30.7,69,0,1,High
4/22/2026 16:00,Sylhet,Sunamganj,Sunamganj Sadar,30.4,69,0,1,High
4/22/2026 18:00,Sylhet,Sunamganj,Sunamganj Sadar,28.1,75,0,1,High
4/22/2026 20:00,Sylhet,Sunamganj,Sunamganj Sadar,25.9,88,0,1,High
4/22/2026 22:00,Sylhet,Sunamganj,Sunamganj Sadar,24.1,96,0,0.6535,Medium
4/23/2026 0:00,Sylhet,Sunamganj,Sunamganj Sadar,24.2,98,0,0.459,Medium
4/23/2026 2:00,Sylhet,Sunamganj,Sunamganj Sadar,24.6,89,0,0.447,Low
4/23/2026 4:00,Sylhet,Sunamganj,Sunamganj Sadar,23.3,95,0,0.4395,Low
4/23/2026 6:00,Sylhet,Sunamganj,Sunamganj Sadar,23.6,93,0,0.74,High
4/23/2026 8:00,Sylhet,Sunamganj,Sunamganj Sadar,25.8,90,0,0.767,High
4/23/2026 10:00,Sylhet,Sunamganj,Sunamganj Sadar,27.7,80,0.2,0.925,High
4/23/2026 12:00,Sylhet,Sunamganj,Sunamganj Sadar,29,74,0.1,0.9328,High
4/23/2026 14:00,Sylhet,Sunamganj,Sunamganj Sadar,31,64,0,1,High
4/23/2026 16:00,Sylhet,Sunamganj,Sunamganj Sadar,31.5,61,0,1,High
4/23/2026 18:00,Sylhet,Sunamganj,Sunamganj Sadar,29.1,80,0,1,High
4/23/2026 20:00,Sylhet,Sunamganj,Sunamganj Sadar,26.6,89,0,1,High
4/23/2026 22:00,Sylhet,Sunamganj,Sunamganj Sadar,25.2,94,0,0.666,Medium
4/24/2026 0:00,Sylhet,Sunamganj,Sunamganj Sadar,24.5,100,0,0.4675,Medium
4/24/2026 2:00,Sylhet,Sunamganj,Sunamganj Sadar,24.1,100,0,0.4615,Medium
4/24/2026 4:00,Sylhet,Sunamganj,Sunamganj Sadar,23.9,100,0,0.4585,Medium
4/24/2026 6:00,Sylhet,Sunamganj,Sunamganj Sadar,24.2,100,0,0.763,High
4/24/2026 8:00,Sylhet,Sunamganj,Sunamganj Sadar,25.6,93,0.4,0.769,High
4/24/2026 10:00,Sylhet,Sunamganj,Sunamganj Sadar,29.1,77,0,0.9405,High
4/24/2026 12:00,Sylhet,Sunamganj,Sunamganj Sadar,31.4,68,0.1,0.9568,High
4/24/2026 14:00,Sylhet,Sunamganj,Sunamganj Sadar,32.5,63,0,1,High
4/24/2026 16:00,Sylhet,Sunamganj,Sunamganj Sadar,32.2,65,0,1,High
4/24/2026 18:00,Sylhet,Sunamganj,Sunamganj Sadar,31,78,0,1,High
4/24/2026 20:00,Sylhet,Sunamganj,Sunamganj Sadar,28,90,0,1,High
4/24/2026 22:00,Sylhet,Sunamganj,Sunamganj Sadar,26.1,99,0,0.6895,Medium
4/25/2026 0:00,Sylhet,Sunamganj,Sunamganj Sadar,25.9,99,0,0.4865,Medium
4/25/2026 2:00,Sylhet,Sunamganj,Sunamganj Sadar,24.8,100,0,0.472,Medium
4/25/2026 4:00,Sylhet,Sunamganj,Sunamganj Sadar,24.4,100,0,0.466,Medium
4/25/2026 6:00,Sylhet,Sunamganj,Sunamganj Sadar,25.7,91,0,0.7675,High
4/25/2026 8:00,Sylhet,Sunamganj,Sunamganj Sadar,25.2,88,0.3,0.7532,High
4/25/2026 10:00,Sylhet,Sunamganj,Sunamganj Sadar,27.6,82,0.1,0.9278,High
4/25/2026 12:00,Sylhet,Sunamganj,Sunamganj Sadar,30.6,72,0,0.953,High
4/25/2026 14:00,Sylhet,Sunamganj,Sunamganj Sadar,32.4,65,0,1,High
4/25/2026 16:00,Sylhet,Sunamganj,Sunamganj Sadar,32,65,0,1,High
4/25/2026 18:00,Sylhet,Sunamganj,Sunamganj Sadar,30,83,0,1,High
4/25/2026 20:00,Sylhet,Sunamganj,Sunamganj Sadar,26.9,88,0,1,High
4/25/2026 22:00,Sylhet,Sunamganj,Sunamganj Sadar,25,94,0,0.663,Medium
4/26/2026 0:00,Sylhet,Sunamganj,Sunamganj Sadar,24.6,100,0,0.469,Medium
4/26/2026 2:00,Sylhet,Sunamganj,Sunamganj Sadar,24.1,100,0,0.4615,Medium
4/26/2026 4:00,Sylhet,Sunamganj,Sunamganj Sadar,24.9,86,0,0.4455,Low
4/26/2026 6:00,Sylhet,Sunamganj,Sunamganj Sadar,23.4,99,0,0.749,High
4/26/2026 8:00,Sylhet,Sunamganj,Sunamganj Sadar,25.5,89,0,0.7605,High
4/26/2026 10:00,Sylhet,Sunamganj,Sunamganj Sadar,28.2,76,0,0.925,High
4/26/2026 12:00,Sylhet,Sunamganj,Sunamganj Sadar,28.4,64,0,0.904,High
4/26/2026 14:00,Sylhet,Sunamganj,Sunamganj Sadar,27.8,68,0,1,High
4/26/2026 16:00,Sylhet,Sunamganj,Sunamganj Sadar,25,83,0.4,0.99,High
4/26/2026 18:00,Sylhet,Sunamganj,Sunamganj Sadar,24.7,84,0.9,1,High
4/26/2026 20:00,Sylhet,Sunamganj,Sunamganj Sadar,24,83,0,1,High
4/26/2026 22:00,Sylhet,Sunamganj,Sunamganj Sadar,23.5,87,0,0.6265,Medium
4/27/2026 0:00,Sylhet,Sunamganj,Sunamganj Sadar,23.2,86,0.9,0.4178,Low
4/27/2026 2:00,Sylhet,Sunamganj,Sunamganj Sadar,22.5,87,1.1,0.4088,Low
4/27/2026 4:00,Sylhet,Sunamganj,Sunamganj Sadar,22.4,86,0,0.408,Low
4/27/2026 6:00,Sylhet,Sunamganj,Sunamganj Sadar,20.6,92,1.2,0.69,Medium
4/27/2026 8:00,Sylhet,Sunamganj,Sunamganj Sadar,21.1,95,2,0.7015,High
4/27/2026 10:00,Sylhet,Sunamganj,Sunamganj Sadar,22.2,90,0.6,0.8615,High
4/27/2026 12:00,Sylhet,Sunamganj,Sunamganj Sadar,23,81,0.6,0.8555,High
4/27/2026 14:00,Sylhet,Sunamganj,Sunamganj Sadar,24.2,77,0,0.967,High
4/27/2026 16:00,Sylhet,Sunamganj,Sunamganj Sadar,22.3,92,5.3,0.9552,High
4/27/2026 18:00,Sylhet,Sunamganj,Sunamganj Sadar,22.4,93,0.4,1,High
4/27/2026 20:00,Sylhet,Sunamganj,Sunamganj Sadar,22,94,0.4,1,High
4/27/2026 22:00,Sylhet,Sunamganj,Sunamganj Sadar,21.8,96,0.9,0.6168,Medium
4/28/2026 0:00,Sylhet,Sunamganj,Sunamganj Sadar,21.7,96,1.2,0.4145,Low
4/28/2026 2:00,Sylhet,Sunamganj,Sunamganj Sadar,21.4,95,0.6,0.4095,Low
4/28/2026 4:00,Sylhet,Sunamganj,Sunamganj Sadar,21,98,3.9,0.4013,Low
4/28/2026 6:00,Sylhet,Sunamganj,Sunamganj Sadar,22.4,94,4.5,0.7127,High
4/28/2026 8:00,Sylhet,Sunamganj,Sunamganj Sadar,23.8,88,2.5,0.7268,High
4/28/2026 10:00,Sylhet,Sunamganj,Sunamganj Sadar,23.5,92,16.3,0.8458,High
4/28/2026 12:00,Sylhet,Sunamganj,Sunamganj Sadar,23.8,84,1.9,0.8702,High
4/28/2026 14:00,Sylhet,Sunamganj,Sunamganj Sadar,24.7,82,0.2,0.984,High
4/28/2026 16:00,Sylhet,Sunamganj,Sunamganj Sadar,23.8,87,0.2,0.9805,High
4/28/2026 18:00,Sylhet,Sunamganj,Sunamganj Sadar,23.4,93,1.6,1,High
4/28/2026 20:00,Sylhet,Sunamganj,Sunamganj Sadar,23,92,0.3,1,High
4/28/2026 22:00,Sylhet,Sunamganj,Sunamganj Sadar,22.2,94,2.5,0.6148,Medium
4/29/2026 0:00,Sylhet,Sunamganj,Sunamganj Sadar,22.6,97,0.4,0.432,Low
4/29/2026 2:00,Sylhet,Sunamganj,Sunamganj Sadar,22.2,98,1.3,0.4258,Low
4/29/2026 4:00,Sylhet,Sunamganj,Sunamganj Sadar,21.8,97,6.6,0.4045,Low
4/29/2026 6:00,Sylhet,Sunamganj,Sunamganj Sadar,21.6,94,19.6,0.663,Medium
4/29/2026 8:00,Sylhet,Sunamganj,Sunamganj Sadar,21.6,94,4.7,0.7002,High
4/29/2026 10:00,Sylhet,Sunamganj,Sunamganj Sadar,21.9,94,5.8,0.852,High
4/29/2026 12:00,Sylhet,Sunamganj,Sunamganj Sadar,21.4,93,0.3,0.8562,High
4/29/2026 14:00,Sylhet,Sunamganj,Sunamganj Sadar,23.9,78,0,0.9645,High
4/29/2026 16:00,Sylhet,Sunamganj,Sunamganj Sadar,23.8,78,0,0.963,High
4/29/2026 18:00,Sylhet,Sunamganj,Sunamganj Sadar,23.4,81,0,1,High
4/29/2026 20:00,Sylhet,Sunamganj,Sunamganj Sadar,22.3,86,0,1,High
4/29/2026 22:00,Sylhet,Sunamganj,Sunamganj Sadar,21,92,0,0.599,Medium
4/30/2026 0:00,Sylhet,Sunamganj,Sunamganj Sadar,21.4,92,0,0.405,Low
4/30/2026 2:00,Sylhet,Sunamganj,Sunamganj Sadar,21.4,95,1,0.4085,Low
4/30/2026 4:00,Sylhet,Sunamganj,Sunamganj Sadar,20.9,96,1.3,0.4022,Low
4/30/2026 6:00,Sylhet,Sunamganj,Sunamganj Sadar,20.9,95,0,0.7035,High
4/30/2026 8:00,Sylhet,Sunamganj,Sunamganj Sadar,22.1,87,0.1,0.7052,High
4/30/2026 10:00,Sylhet,Sunamganj,Sunamganj Sadar,25.5,73,0,0.8785,High
4/30/2026 12:00,Sylhet,Sunamganj,Sunamganj Sadar,26.2,69,0,0.881,High
4/30/2026 14:00,Sylhet,Sunamganj,Sunamganj Sadar,27.5,64,0,0.9905,High
4/30/2026 16:00,Sylhet,Sunamganj,Sunamganj Sadar,27.9,62,0,0.9925,High
4/30/2026 18:00,Sylhet,Sunamganj,Sunamganj Sadar,25.7,81,0,1,High
4/30/2026 20:00,Sylhet,Sunamganj,Sunamganj Sadar,22.8,92,0,1,High
4/30/2026 22:00,Sylhet,Sunamganj,Sunamganj Sadar,22,94,0.3,0.6172,Medium
5/1/2026 0:00,Sylhet,Sunamganj,Sunamganj Sadar,21.6,98,0,0.42,Low
5/1/2026 2:00,Sylhet,Sunamganj,Sunamganj Sadar,22.4,94,0,0.424,Low
5/1/2026 4:00,Sylhet,Sunamganj,Sunamganj Sadar,21.6,94,0,0.412,Low
5/1/2026 6:00,Sylhet,Sunamganj,Sunamganj Sadar,21.5,93,0.4,0.7075,High
5/1/2026 8:00,Sylhet,Sunamganj,Sunamganj Sadar,22.6,96,0.7,0.7292,High
5/1/2026 10:00,Sylhet,Sunamganj,Sunamganj Sadar,24,87,0.1,0.8838,High
5/1/2026 12:00,Sylhet,Sunamganj,Sunamganj Sadar,25,83,0,0.891,High
5/1/2026 14:00,Sylhet,Sunamganj,Sunamganj Sadar,25.6,75,2.2,0.9785,High
5/1/2026 16:00,Sylhet,Sunamganj,Sunamganj Sadar,23.6,85,0.2,0.9735,High
5/1/2026 18:00,Sylhet,Sunamganj,Sunamganj Sadar,23,85,0,1,High
5/1/2026 20:00,Sylhet,Sunamganj,Sunamganj Sadar,21.1,91,0,1,High
5/1/2026 22:00,Sylhet,Sunamganj,Sunamganj Sadar,20.8,93,0,0.598,Medium
5/2/2026 0:00,Sylhet,Sunamganj,Sunamganj Sadar,21.2,94,0,0.406,Low
5/2/2026 2:00,Sylhet,Sunamganj,Sunamganj Sadar,20.9,97,0.1,0.4072,Low
5/2/2026 4:00,Sylhet,Sunamganj,Sunamganj Sadar,20.5,98,0,0.4035,Low
5/2/2026 6:00,Sylhet,Sunamganj,Sunamganj Sadar,21.2,96,0,0.71,High
5/2/2026 8:00,Sylhet,Sunamganj,Sunamganj Sadar,20.9,97,2.8,0.7005,High
5/2/2026 10:00,Sylhet,Sunamganj,Sunamganj Sadar,22,91,0.3,0.8612,High
5/2/2026 12:00,Sylhet,Sunamganj,Sunamganj Sadar,21.8,96,0.8,0.867,High
5/2/2026 14:00,Sylhet,Sunamganj,Sunamganj Sadar,22.5,88,1.4,0.96,High
5/2/2026 16:00,Sylhet,Sunamganj,Sunamganj Sadar,22,93,1,0.9635,High
5/2/2026 18:00,Sylhet,Sunamganj,Sunamganj Sadar,22.4,93,0.1,1,High
5/2/2026 20:00,Sylhet,Sunamganj,Sunamganj Sadar,21.1,95,1.3,1,High
5/2/2026 22:00,Sylhet,Sunamganj,Sunamganj Sadar,21,93,1.1,0.5982,Medium
5/3/2026 0:00,Sylhet,Sunamganj,Sunamganj Sadar,21,96,5.3,0.3938,Low
5/3/2026 2:00,Sylhet,Sunamganj,Sunamganj Sadar,20.3,99,0.4,0.4015,Low
5/3/2026 4:00,Sylhet,Sunamganj,Sunamganj Sadar,20.1,98,10.5,0.3712,Low
5/3/2026 6:00,Sylhet,Sunamganj,Sunamganj Sadar,20.5,98,1.4,0.7,High
5/3/2026 8:00,Sylhet,Sunamganj,Sunamganj Sadar,23.1,86,0,0.7185,High
5/3/2026 10:00,Sylhet,Sunamganj,Sunamganj Sadar,25.5,75,0,0.8825,High
5/3/2026 12:00,Sylhet,Sunamganj,Sunamganj Sadar,27,70,0,0.895,High
5/3/2026 14:00,Sylhet,Sunamganj,Sunamganj Sadar,28.5,64,0.1,1,High
5/3/2026 16:00,Sylhet,Sunamganj,Sunamganj Sadar,28.1,66,0.1,1,High
5/3/2026 18:00,Sylhet,Sunamganj,Sunamganj Sadar,25.1,86,0,1,High
5/3/2026 20:00,Sylhet,Sunamganj,Sunamganj Sadar,23.2,94,0,1,High
5/3/2026 22:00,Sylhet,Sunamganj,Sunamganj Sadar,22.8,95,0,0.632,Medium
5/4/2026 0:00,Sylhet,Sunamganj,Sunamganj Sadar,21.5,98,0,0.4185,Low
5/4/2026 2:00,Sylhet,Sunamganj,Sunamganj Sadar,21.5,96,0,0.4145,Low
5/4/2026 4:00,Sylhet,Sunamganj,Sunamganj Sadar,21.3,98,0,0.4155,Low
5/4/2026 6:00,Sylhet,Sunamganj,Sunamganj Sadar,23,93,0,0.731,High
5/4/2026 8:00,Sylhet,Sunamganj,Sunamganj Sadar,22.2,96,4.8,0.713,High
5/4/2026 10:00,Sylhet,Sunamganj,Sunamganj Sadar,23.7,91,7.7,0.8682,High
5/4/2026 12:00,Sylhet,Sunamganj,Sunamganj Sadar,25.6,79,0.1,0.8918,High
5/4/2026 14:00,Sylhet,Sunamganj,Sunamganj Sadar,26.9,75,0.2,1,High
5/4/2026 16:00,Sylhet,Sunamganj,Sunamganj Sadar,28,69,0,1,High
5/4/2026 18:00,Sylhet,Sunamganj,Sunamganj Sadar,25.5,83,0,1,High
5/4/2026 20:00,Sylhet,Sunamganj,Sunamganj Sadar,23.5,89,0,1,High
5/4/2026 22:00,Sylhet,Sunamganj,Sunamganj Sadar,22.4,94,0,0.624,Medium
5/5/2026 0:00,Sylhet,Sunamganj,Sunamganj Sadar,22.5,95,0,0.4275,Low
5/5/2026 2:00,Sylhet,Sunamganj,Sunamganj Sadar,21.8,99,0,0.425,Low
5/5/2026 4:00,Sylhet,Sunamganj,Sunamganj Sadar,21.5,100,0,0.4225,Low
5/5/2026 6:00,Sylhet,Sunamganj,Sunamganj Sadar,21.9,92,0,0.7125,High
5/5/2026 8:00,Sylhet,Sunamganj,Sunamganj Sadar,24.1,89,0,0.7395,High
5/5/2026 10:00,Sylhet,Sunamganj,Sunamganj Sadar,27,76,0,0.907,High
5/5/2026 12:00,Sylhet,Sunamganj,Sunamganj Sadar,30.3,66,0.1,0.9362,High
5/5/2026 14:00,Sylhet,Sunamganj,Sunamganj Sadar,31,63,0,1,High
5/5/2026 16:00,Sylhet,Sunamganj,Sunamganj Sadar,30.5,60,0,1,High
5/5/2026 18:00,Sylhet,Sunamganj,Sunamganj Sadar,28.2,72,0,1,High
5/5/2026 20:00,Sylhet,Sunamganj,Sunamganj Sadar,25.5,85,0,1,High
5/5/2026 22:00,Sylhet,Sunamganj,Sunamganj Sadar,23.8,95,0,0.647,Medium
5/6/2026 0:00,Sylhet,Sunamganj,Sunamganj Sadar,23.8,97,0,0.451,Medium
5/6/2026 2:00,Sylhet,Sunamganj,Sunamganj Sadar,22.8,95,0.4,0.431,Low
5/6/2026 4:00,Sylhet,Sunamganj,Sunamganj Sadar,22.8,97,0.3,0.4352,Low
5/6/2026 6:00,Sylhet,Sunamganj,Sunamganj Sadar,23.1,90,0,0.7265,High
5/6/2026 8:00,Sylhet,Sunamganj,Sunamganj Sadar,26.8,77,0,0.756,High
5/6/2026 10:00,Sylhet,Sunamganj,Sunamganj Sadar,29.2,73,0.1,0.9338,High
5/6/2026 12:00,Sylhet,Sunamganj,Sunamganj Sadar,29.6,70,0.1,0.9338,High
5/6/2026 14:00,Sylhet,Sunamganj,Sunamganj Sadar,29.2,70,0,1,High
5/6/2026 16:00,Sylhet,Sunamganj,Sunamganj Sadar,28,75,0,1,High
5/6/2026 18:00,Sylhet,Sunamganj,Sunamganj Sadar,26.4,81,0,1,High
5/6/2026 20:00,Sylhet,Sunamganj,Sunamganj Sadar,25.4,90,1.2,1,High
5/6/2026 22:00,Sylhet,Sunamganj,Sunamganj Sadar,24.6,94,1.6,0.653,Medium
5/7/2026 0:00,Sylhet,Sunamganj,Sunamganj Sadar,24.4,86,0.5,0.4368,Low
5/7/2026 2:00,Sylhet,Sunamganj,Sunamganj Sadar,23.2,94,0,0.436,Low
5/7/2026 4:00,Sylhet,Sunamganj,Sunamganj Sadar,22.3,97,0,0.4285,Low
5/7/2026 6:00,Sylhet,Sunamganj,Sunamganj Sadar,23,100,0,0.745,High
5/7/2026 8:00,Sylhet,Sunamganj,Sunamganj Sadar,25.5,87,0,0.7565,High
5/7/2026 10:00,Sylhet,Sunamganj,Sunamganj Sadar,28.7,70,0,0.9205,High
5/7/2026 12:00,Sylhet,Sunamganj,Sunamganj Sadar,29.5,60,0,0.9125,High
5/7/2026 14:00,Sylhet,Sunamganj,Sunamganj Sadar,30.4,59,0,1,High
5/7/2026 16:00,Sylhet,Sunamganj,Sunamganj Sadar,30.3,58,0,1,High
5/7/2026 18:00,Sylhet,Sunamganj,Sunamganj Sadar,28.9,74,0,1,High
5/7/2026 20:00,Sylhet,Sunamganj,Sunamganj Sadar,26.6,79,0,1,High
5/7/2026 22:00,Sylhet,Sunamganj,Sunamganj Sadar,25.4,88,0,0.657,Medium
5/8/2026 0:00,Sylhet,Sunamganj,Sunamganj Sadar,25.5,89,0,0.4605,Medium
5/8/2026 2:00,Sylhet,Sunamganj,Sunamganj Sadar,23.5,97,0,0.4465,Low
5/8/2026 4:00,Sylhet,Sunamganj,Sunamganj Sadar,22.6,100,0,0.439,Low
5/8/2026 6:00,Sylhet,Sunamganj,Sunamganj Sadar,22.4,95,0,0.726,High
5/8/2026 8:00,Sylhet,Sunamganj,Sunamganj Sadar,26.9,80,0,0.7635,High
5/8/2026 10:00,Sylhet,Sunamganj,Sunamganj Sadar,30.4,60,0,0.926,High
5/8/2026 12:00,Sylhet,Sunamganj,Sunamganj Sadar,30.9,59,0,0.9315,High
5/8/2026 14:00,Sylhet,Sunamganj,Sunamganj Sadar,31.1,57,0.1,1,High
5/8/2026 16:00,Sylhet,Sunamganj,Sunamganj Sadar,31,53,0,1,High
5/8/2026 18:00,Sylhet,Sunamganj,Sunamganj Sadar,28.5,65,0,1,High
5/8/2026 20:00,Sylhet,Sunamganj,Sunamganj Sadar,26.2,74,0,1,High
5/8/2026 22:00,Sylhet,Sunamganj,Sunamganj Sadar,24.5,87,0,0.6415,Medium
5/9/2026 0:00,Sylhet,Sunamganj,Sunamganj Sadar,23.5,94,0,0.4405,Low
5/9/2026 2:00,Sylhet,Sunamganj,Sunamganj Sadar,22.1,96,0,0.4235,Low
5/9/2026 4:00,Sylhet,Sunamganj,Sunamganj Sadar,21.5,100,0,0.4225,Low
5/9/2026 6:00,Sylhet,Sunamganj,Sunamganj Sadar,22.5,99,0,0.7355,High
5/9/2026 8:00,Sylhet,Sunamganj,Sunamganj Sadar,25.6,78,0,0.74,High
5/9/2026 10:00,Sylhet,Sunamganj,Sunamganj Sadar,29.5,65,0,0.9225,High
5/9/2026 12:00,Sylhet,Sunamganj,Sunamganj Sadar,31.5,55,0,0.9325,High
5/9/2026 14:00,Sylhet,Sunamganj,Sunamganj Sadar,32.8,47,0,1,High
5/9/2026 16:00,Sylhet,Sunamganj,Sunamganj Sadar,32.2,50,0,1,High
5/9/2026 18:00,Sylhet,Sunamganj,Sunamganj Sadar,30.1,72,0,1,High
5/9/2026 20:00,Sylhet,Sunamganj,Sunamganj Sadar,27.5,78,0,1,High
5/9/2026 22:00,Sylhet,Sunamganj,Sunamganj Sadar,26,87,0,0.664,Medium
5/10/2026 0:00,Sylhet,Sunamganj,Sunamganj Sadar,24.9,93,0,0.4595,Medium
5/10/2026 2:00,Sylhet,Sunamganj,Sunamganj Sadar,24.7,91,0,0.4525,Medium
5/10/2026 4:00,Sylhet,Sunamganj,Sunamganj Sadar,24.8,91,0,0.454,Medium
5/10/2026 6:00,Sylhet,Sunamganj,Sunamganj Sadar,24,91,0,0.742,High
5/10/2026 8:00,Sylhet,Sunamganj,Sunamganj Sadar,27.6,79,0,0.772,High
5/10/2026 10:00,Sylhet,Sunamganj,Sunamganj Sadar,30.6,65,0,0.939,High
5/10/2026 12:00,Sylhet,Sunamganj,Sunamganj Sadar,32.3,52,0,0.9385,High
5/10/2026 14:00,Sylhet,Sunamganj,Sunamganj Sadar,32.4,48,0,1,High
5/10/2026 16:00,Sylhet,Sunamganj,Sunamganj Sadar,28.1,69,2.7,1,High
5/10/2026 18:00,Sylhet,Sunamganj,Sunamganj Sadar,26,81,0,1,High
5/10/2026 20:00,Sylhet,Sunamganj,Sunamganj Sadar,24.9,87,0,1,High
5/10/2026 22:00,Sylhet,Sunamganj,Sunamganj Sadar,24.4,91,0,0.648,Medium
5/11/2026 0:00,Sylhet,Sunamganj,Sunamganj Sadar,24.8,90,0,0.452,Medium
5/11/2026 2:00,Sylhet,Sunamganj,Sunamganj Sadar,23.8,89,0.7,0.4332,Low
5/11/2026 4:00,Sylhet,Sunamganj,Sunamganj Sadar,22,92,0.7,0.4122,Low
5/11/2026 6:00,Sylhet,Sunamganj,Sunamganj Sadar,22.9,95,0.1,0.7332,High
5/11/2026 8:00,Sylhet,Sunamganj,Sunamganj Sadar,22.2,87,1.2,0.704,High
5/11/2026 10:00,Sylhet,Sunamganj,Sunamganj Sadar,27.8,70,0,0.907,High
5/11/2026 12:00,Sylhet,Sunamganj,Sunamganj Sadar,27.9,70,0,0.9085,High
5/11/2026 14:00,Sylhet,Sunamganj,Sunamganj Sadar,23.3,91,7.5,0.9627,High
5/11/2026 16:00,Sylhet,Sunamganj,Sunamganj Sadar,26.2,77,0.1,0.9968,High
5/11/2026 18:00,Sylhet,Sunamganj,Sunamganj Sadar,26.9,79,0,1,High
5/11/2026 20:00,Sylhet,Sunamganj,Sunamganj Sadar,24.8,90,0,1,High
5/11/2026 22:00,Sylhet,Sunamganj,Sunamganj Sadar,24.2,91,0,0.645,Medium
5/12/2026 0:00,Sylhet,Sunamganj,Sunamganj Sadar,22.9,96,0,0.4355,Low
5/12/2026 2:00,Sylhet,Sunamganj,Sunamganj Sadar,22.2,100,0,0.433,Low
5/12/2026 4:00,Sylhet,Sunamganj,Sunamganj Sadar,22.4,100,0,0.436,Low
5/12/2026 6:00,Sylhet,Sunamganj,Sunamganj Sadar,23,96,0.4,0.736,High
5/12/2026 8:00,Sylhet,Sunamganj,Sunamganj Sadar,25.9,86,0.1,0.7602,High
5/12/2026 10:00,Sylhet,Sunamganj,Sunamganj Sadar,28.2,74,0.1,0.9208,High
5/12/2026 12:00,Sylhet,Sunamganj,Sunamganj Sadar,29.5,63,0.1,0.9182,High
5/12/2026 14:00,Sylhet,Sunamganj,Sunamganj Sadar,30.1,64,0,1,High
5/12/2026 16:00,Sylhet,Sunamganj,Sunamganj Sadar,29.9,65,0,1,High
5/12/2026 18:00,Sylhet,Sunamganj,Sunamganj Sadar,28,79,0,1,High
5/12/2026 20:00,Sylhet,Sunamganj,Sunamganj Sadar,26.2,89,0,1,High
5/12/2026 22:00,Sylhet,Sunamganj,Sunamganj Sadar,24.7,99,0,0.6685,Medium
5/13/2026 0:00,Sylhet,Sunamganj,Sunamganj Sadar,25,99,0,0.473,Medium
5/13/2026 2:00,Sylhet,Sunamganj,Sunamganj Sadar,22.5,99,9.6,0.4115,Low
5/13/2026 4:00,Sylhet,Sunamganj,Sunamganj Sadar,22.5,98,0.5,0.4322,Low
5/13/2026 6:00,Sylhet,Sunamganj,Sunamganj Sadar,23.5,97,3.5,0.7377,High
5/13/2026 8:00,Sylhet,Sunamganj,Sunamganj Sadar,23.7,97,2.6,0.743,High
5/13/2026 10:00,Sylhet,Sunamganj,Sunamganj Sadar,24.9,94,1,0.909,High
5/13/2026 12:00,Sylhet,Sunamganj,Sunamganj Sadar,28.8,72,0.1,0.9258,High
5/13/2026 14:00,Sylhet,Sunamganj,Sunamganj Sadar,30.4,62,0.1,1,High
5/13/2026 16:00,Sylhet,Sunamganj,Sunamganj Sadar,30.6,63,0,1,High
5/13/2026 18:00,Sylhet,Sunamganj,Sunamganj Sadar,28.8,74,0.1,1,High
5/13/2026 20:00,Sylhet,Sunamganj,Sunamganj Sadar,26.2,90,0,1,High
5/13/2026 22:00,Sylhet,Sunamganj,Sunamganj Sadar,22.5,99,4.2,0.625,Medium
4/13/2026 0:00,Sylhet,Sunamganj,Tahirpur,22.2,92,0,0.417,Low
4/13/2026 2:00,Sylhet,Sunamganj,Tahirpur,22.6,79,0,0.397,Low
4/13/2026 4:00,Sylhet,Sunamganj,Tahirpur,21.9,82,0,0.3925,Low
4/13/2026 6:00,Sylhet,Sunamganj,Tahirpur,21.2,92,0,0.702,High
4/13/2026 8:00,Sylhet,Sunamganj,Tahirpur,21.9,85,0,0.6985,Medium
4/13/2026 10:00,Sylhet,Sunamganj,Tahirpur,24.2,77,0,0.867,High
4/13/2026 12:00,Sylhet,Sunamganj,Tahirpur,24.5,76,0,0.8695,High
4/13/2026 14:00,Sylhet,Sunamganj,Tahirpur,27.4,67,0,0.995,High
4/13/2026 16:00,Sylhet,Sunamganj,Tahirpur,27,72,0,0.999,High
4/13/2026 18:00,Sylhet,Sunamganj,Tahirpur,26.1,82,0,1,High
4/13/2026 20:00,Sylhet,Sunamganj,Tahirpur,23.8,87,0,1,High
4/13/2026 22:00,Sylhet,Sunamganj,Tahirpur,22,92,0,0.614,Medium
4/14/2026 0:00,Sylhet,Sunamganj,Tahirpur,21.9,91,15,0.373,Low
4/14/2026 2:00,Sylhet,Sunamganj,Tahirpur,21.2,96,0,0.41,Low
4/14/2026 4:00,Sylhet,Sunamganj,Tahirpur,20.9,97,3.8,0.398,Low
4/14/2026 6:00,Sylhet,Sunamganj,Tahirpur,21.4,99,0.1,0.7188,High
4/14/2026 8:00,Sylhet,Sunamganj,Tahirpur,23.6,92,0,0.738,High
4/14/2026 10:00,Sylhet,Sunamganj,Tahirpur,27.5,72,0,0.9065,High
4/14/2026 12:00,Sylhet,Sunamganj,Tahirpur,28.6,68,0.1,0.9148,High
4/14/2026 14:00,Sylhet,Sunamganj,Tahirpur,29.8,63,0,1,High
4/14/2026 16:00,Sylhet,Sunamganj,Tahirpur,30,63,0,1,High
4/14/2026 18:00,Sylhet,Sunamganj,Tahirpur,27.2,83,0,1,High
4/14/2026 20:00,Sylhet,Sunamganj,Tahirpur,24.8,94,0.1,1,High
4/14/2026 22:00,Sylhet,Sunamganj,Tahirpur,22.8,90,0.9,0.6198,Medium
4/15/2026 0:00,Sylhet,Sunamganj,Tahirpur,22.4,97,1.6,0.426,Low
4/15/2026 2:00,Sylhet,Sunamganj,Tahirpur,21.6,99,0.1,0.4218,Low
4/15/2026 4:00,Sylhet,Sunamganj,Tahirpur,21.2,96,0.3,0.4092,Low
4/15/2026 6:00,Sylhet,Sunamganj,Tahirpur,21,98,0,0.711,High
4/15/2026 8:00,Sylhet,Sunamganj,Tahirpur,22.4,92,0,0.72,High
4/15/2026 10:00,Sylhet,Sunamganj,Tahirpur,25.1,80,0,0.8865,High
4/15/2026 12:00,Sylhet,Sunamganj,Tahirpur,28,68,0,0.906,High
4/15/2026 14:00,Sylhet,Sunamganj,Tahirpur,29.1,67,0,1,High
4/15/2026 16:00,Sylhet,Sunamganj,Tahirpur,29.1,68,0,1,High
4/15/2026 18:00,Sylhet,Sunamganj,Tahirpur,27.2,79,0,1,High
4/15/2026 20:00,Sylhet,Sunamganj,Tahirpur,24.2,84,0.3,1,High
4/15/2026 22:00,Sylhet,Sunamganj,Tahirpur,22,92,1.1,0.6112,Medium
4/16/2026 0:00,Sylhet,Sunamganj,Tahirpur,20.6,98,13.5,0.3713,Low
4/16/2026 2:00,Sylhet,Sunamganj,Tahirpur,21,94,0,0.403,Low
4/16/2026 4:00,Sylhet,Sunamganj,Tahirpur,20.8,92,0.1,0.3958,Low
4/16/2026 6:00,Sylhet,Sunamganj,Tahirpur,21.5,98,0.2,0.718,High
4/16/2026 8:00,Sylhet,Sunamganj,Tahirpur,24,89,0,0.738,High
4/16/2026 10:00,Sylhet,Sunamganj,Tahirpur,27.5,77,0,0.9165,High
4/16/2026 12:00,Sylhet,Sunamganj,Tahirpur,29.6,66,0,0.926,High
4/16/2026 14:00,Sylhet,Sunamganj,Tahirpur,30.5,62,0.2,1,High
4/16/2026 16:00,Sylhet,Sunamganj,Tahirpur,30.3,63,0,1,High
4/16/2026 18:00,Sylhet,Sunamganj,Tahirpur,27.8,80,0,1,High
4/16/2026 20:00,Sylhet,Sunamganj,Tahirpur,25.2,91,0,1,High
4/16/2026 22:00,Sylhet,Sunamganj,Tahirpur,24.5,93,0,0.6535,Medium
4/17/2026 0:00,Sylhet,Sunamganj,Tahirpur,25.4,88,1.4,0.4535,Medium
4/17/2026 2:00,Sylhet,Sunamganj,Tahirpur,24,92,0.1,0.4438,Low
4/17/2026 4:00,Sylhet,Sunamganj,Tahirpur,22.9,98,0,0.4395,Low
4/17/2026 6:00,Sylhet,Sunamganj,Tahirpur,23.4,98,0,0.747,High
4/17/2026 8:00,Sylhet,Sunamganj,Tahirpur,26,90,0,0.77,High
4/17/2026 10:00,Sylhet,Sunamganj,Tahirpur,28.6,76,0,0.931,High
4/17/2026 12:00,Sylhet,Sunamganj,Tahirpur,30.7,71,0,0.9525,High
4/17/2026 14:00,Sylhet,Sunamganj,Tahirpur,31.5,72,0.1,1,High
4/17/2026 16:00,Sylhet,Sunamganj,Tahirpur,27,80,4.8,1,High
4/17/2026 18:00,Sylhet,Sunamganj,Tahirpur,27.6,85,0,1,High
4/17/2026 20:00,Sylhet,Sunamganj,Tahirpur,25.5,93,0,1,High
4/17/2026 22:00,Sylhet,Sunamganj,Tahirpur,24.4,99,0,0.664,Medium
4/18/2026 0:00,Sylhet,Sunamganj,Tahirpur,23.9,100,0,0.4585,Medium
4/18/2026 2:00,Sylhet,Sunamganj,Tahirpur,23.6,100,0,0.454,Medium
4/18/2026 4:00,Sylhet,Sunamganj,Tahirpur,23.4,96,0.2,0.4425,Low
4/18/2026 6:00,Sylhet,Sunamganj,Tahirpur,23.6,96,0,0.746,High
4/18/2026 8:00,Sylhet,Sunamganj,Tahirpur,24.1,91,0.7,0.7417,High
4/18/2026 10:00,Sylhet,Sunamganj,Tahirpur,27.4,82,0.2,0.9245,High
4/18/2026 12:00,Sylhet,Sunamganj,Tahirpur,29.4,73,0,0.937,High
4/18/2026 14:00,Sylhet,Sunamganj,Tahirpur,29.7,71,0,1,High
4/18/2026 16:00,Sylhet,Sunamganj,Tahirpur,29.4,71,0,1,High
4/18/2026 18:00,Sylhet,Sunamganj,Tahirpur,28.5,82,0,1,High
4/18/2026 20:00,Sylhet,Sunamganj,Tahirpur,26,90,0,1,High
4/18/2026 22:00,Sylhet,Sunamganj,Tahirpur,24.4,98,0,0.662,Medium
4/19/2026 0:00,Sylhet,Sunamganj,Tahirpur,23.8,99,0,0.455,Medium
4/19/2026 2:00,Sylhet,Sunamganj,Tahirpur,23.5,98,0,0.4485,Low
4/19/2026 4:00,Sylhet,Sunamganj,Tahirpur,22.6,98,0,0.435,Low
4/19/2026 6:00,Sylhet,Sunamganj,Tahirpur,23.1,98,0,0.7425,High
4/19/2026 8:00,Sylhet,Sunamganj,Tahirpur,25.1,90,0,0.7565,High
4/19/2026 10:00,Sylhet,Sunamganj,Tahirpur,28,77,0.1,0.9238,High
4/19/2026 12:00,Sylhet,Sunamganj,Tahirpur,28.9,74,0.2,0.931,High
4/19/2026 14:00,Sylhet,Sunamganj,Tahirpur,29.5,71,0,1,High
4/19/2026 16:00,Sylhet,Sunamganj,Tahirpur,28.4,75,0.1,1,High
4/19/2026 18:00,Sylhet,Sunamganj,Tahirpur,27.6,90,0,1,High
4/19/2026 20:00,Sylhet,Sunamganj,Tahirpur,25.5,97,0,1,High
4/19/2026 22:00,Sylhet,Sunamganj,Tahirpur,24.6,99,0,0.667,Medium
4/20/2026 0:00,Sylhet,Sunamganj,Tahirpur,23.5,98,8.7,0.4268,Low
4/20/2026 2:00,Sylhet,Sunamganj,Tahirpur,22.4,98,3.3,0.4238,Low
4/20/2026 4:00,Sylhet,Sunamganj,Tahirpur,22.4,95,2,0.421,Low
4/20/2026 6:00,Sylhet,Sunamganj,Tahirpur,22.6,95,0,0.729,High
4/20/2026 8:00,Sylhet,Sunamganj,Tahirpur,24.9,90,0,0.7535,High
4/20/2026 10:00,Sylhet,Sunamganj,Tahirpur,26.9,78,0.1,0.9092,High
4/20/2026 12:00,Sylhet,Sunamganj,Tahirpur,29.8,68,0,0.933,High
4/20/2026 14:00,Sylhet,Sunamganj,Tahirpur,30.6,69,0,1,High
4/20/2026 16:00,Sylhet,Sunamganj,Tahirpur,30.5,70,0,1,High
4/20/2026 18:00,Sylhet,Sunamganj,Tahirpur,26.8,90,0,1,High
4/20/2026 20:00,Sylhet,Sunamganj,Tahirpur,24.8,90,0,1,High
4/20/2026 22:00,Sylhet,Sunamganj,Tahirpur,23.4,94,5.6,0.625,Medium
4/21/2026 0:00,Sylhet,Sunamganj,Tahirpur,23,96,0,0.437,Low
4/21/2026 2:00,Sylhet,Sunamganj,Tahirpur,22.8,98,0.1,0.4378,Low
4/21/2026 4:00,Sylhet,Sunamganj,Tahirpur,22.7,96,0.2,0.432,Low
4/21/2026 6:00,Sylhet,Sunamganj,Tahirpur,23.6,94,0.1,0.7418,High
4/21/2026 8:00,Sylhet,Sunamganj,Tahirpur,25,89,0.1,0.7527,High
4/21/2026 10:00,Sylhet,Sunamganj,Tahirpur,26,83,0,0.906,High
4/21/2026 12:00,Sylhet,Sunamganj,Tahirpur,28.2,75,0,0.923,High
4/21/2026 14:00,Sylhet,Sunamganj,Tahirpur,29.8,72,0,1,High
4/21/2026 16:00,Sylhet,Sunamganj,Tahirpur,30.3,70,0,1,High
4/21/2026 18:00,Sylhet,Sunamganj,Tahirpur,28.9,82,0,1,High
4/21/2026 20:00,Sylhet,Sunamganj,Tahirpur,26.5,83,0,1,High
4/21/2026 22:00,Sylhet,Sunamganj,Tahirpur,24.4,91,0.1,0.6477,Medium
4/22/2026 0:00,Sylhet,Sunamganj,Tahirpur,23.3,94,2,0.4325,Low
4/22/2026 2:00,Sylhet,Sunamganj,Tahirpur,23,99,0,0.443,Low
4/22/2026 4:00,Sylhet,Sunamganj,Tahirpur,23.5,94,0,0.4405,Low
4/22/2026 6:00,Sylhet,Sunamganj,Tahirpur,21.5,92,0.2,0.706,High
4/22/2026 8:00,Sylhet,Sunamganj,Tahirpur,21.9,85,0.1,0.6982,Medium
4/22/2026 10:00,Sylhet,Sunamganj,Tahirpur,24.6,78,0,0.875,High
4/22/2026 12:00,Sylhet,Sunamganj,Tahirpur,29,71,0,0.927,High
4/22/2026 14:00,Sylhet,Sunamganj,Tahirpur,30.7,69,0,1,High
4/22/2026 16:00,Sylhet,Sunamganj,Tahirpur,30.4,69,0,1,High
4/22/2026 18:00,Sylhet,Sunamganj,Tahirpur,28.1,75,0,1,High
4/22/2026 20:00,Sylhet,Sunamganj,Tahirpur,25.9,88,0,1,High
4/22/2026 22:00,Sylhet,Sunamganj,Tahirpur,24.1,96,0,0.6535,Medium
4/23/2026 0:00,Sylhet,Sunamganj,Tahirpur,24.2,98,0,0.459,Medium
4/23/2026 2:00,Sylhet,Sunamganj,Tahirpur,24.6,89,0,0.447,Low
4/23/2026 4:00,Sylhet,Sunamganj,Tahirpur,23.3,95,0,0.4395,Low
4/23/2026 6:00,Sylhet,Sunamganj,Tahirpur,23.6,93,0,0.74,High
4/23/2026 8:00,Sylhet,Sunamganj,Tahirpur,25.8,90,0,0.767,High
4/23/2026 10:00,Sylhet,Sunamganj,Tahirpur,27.7,80,0.2,0.925,High
4/23/2026 12:00,Sylhet,Sunamganj,Tahirpur,29,74,0.1,0.9328,High
4/23/2026 14:00,Sylhet,Sunamganj,Tahirpur,31,64,0,1,High
4/23/2026 16:00,Sylhet,Sunamganj,Tahirpur,31.5,61,0,1,High
4/23/2026 18:00,Sylhet,Sunamganj,Tahirpur,29.1,80,0,1,High
4/23/2026 20:00,Sylhet,Sunamganj,Tahirpur,26.6,89,0,1,High
4/23/2026 22:00,Sylhet,Sunamganj,Tahirpur,25.2,94,0,0.666,Medium
4/24/2026 0:00,Sylhet,Sunamganj,Tahirpur,24.5,100,0,0.4675,Medium
4/24/2026 2:00,Sylhet,Sunamganj,Tahirpur,24.1,100,0,0.4615,Medium
4/24/2026 4:00,Sylhet,Sunamganj,Tahirpur,23.9,100,0,0.4585,Medium
4/24/2026 6:00,Sylhet,Sunamganj,Tahirpur,24.2,100,0,0.763,High
4/24/2026 8:00,Sylhet,Sunamganj,Tahirpur,25.6,93,0.4,0.769,High
4/24/2026 10:00,Sylhet,Sunamganj,Tahirpur,29.1,77,0,0.9405,High
4/24/2026 12:00,Sylhet,Sunamganj,Tahirpur,31.4,68,0.1,0.9568,High
4/24/2026 14:00,Sylhet,Sunamganj,Tahirpur,32.5,63,0,1,High
4/24/2026 16:00,Sylhet,Sunamganj,Tahirpur,32.2,65,0,1,High
4/24/2026 18:00,Sylhet,Sunamganj,Tahirpur,31,78,0,1,High
4/24/2026 20:00,Sylhet,Sunamganj,Tahirpur,28,90,0,1,High
4/24/2026 22:00,Sylhet,Sunamganj,Tahirpur,26.1,99,0,0.6895,Medium
4/25/2026 0:00,Sylhet,Sunamganj,Tahirpur,25.9,99,0,0.4865,Medium
4/25/2026 2:00,Sylhet,Sunamganj,Tahirpur,24.8,100,0,0.472,Medium
4/25/2026 4:00,Sylhet,Sunamganj,Tahirpur,24.4,100,0,0.466,Medium
4/25/2026 6:00,Sylhet,Sunamganj,Tahirpur,25.7,91,0,0.7675,High
4/25/2026 8:00,Sylhet,Sunamganj,Tahirpur,25.2,88,0.3,0.7532,High
4/25/2026 10:00,Sylhet,Sunamganj,Tahirpur,27.6,82,0.1,0.9278,High
4/25/2026 12:00,Sylhet,Sunamganj,Tahirpur,30.6,72,0,0.953,High
4/25/2026 14:00,Sylhet,Sunamganj,Tahirpur,32.4,65,0,1,High
4/25/2026 16:00,Sylhet,Sunamganj,Tahirpur,32,65,0,1,High
4/25/2026 18:00,Sylhet,Sunamganj,Tahirpur,30,83,0,1,High
4/25/2026 20:00,Sylhet,Sunamganj,Tahirpur,26.9,88,0,1,High
4/25/2026 22:00,Sylhet,Sunamganj,Tahirpur,25,94,0,0.663,Medium
4/26/2026 0:00,Sylhet,Sunamganj,Tahirpur,24.6,100,0,0.469,Medium
4/26/2026 2:00,Sylhet,Sunamganj,Tahirpur,24.1,100,0,0.4615,Medium
4/26/2026 4:00,Sylhet,Sunamganj,Tahirpur,24.9,86,0,0.4455,Low
4/26/2026 6:00,Sylhet,Sunamganj,Tahirpur,23.4,99,0,0.749,High
4/26/2026 8:00,Sylhet,Sunamganj,Tahirpur,25.5,89,0,0.7605,High
4/26/2026 10:00,Sylhet,Sunamganj,Tahirpur,28.2,76,0,0.925,High
4/26/2026 12:00,Sylhet,Sunamganj,Tahirpur,28.4,64,0,0.904,High
4/26/2026 14:00,Sylhet,Sunamganj,Tahirpur,27.8,68,0,1,High
4/26/2026 16:00,Sylhet,Sunamganj,Tahirpur,25,83,0.4,0.99,High
4/26/2026 18:00,Sylhet,Sunamganj,Tahirpur,24.7,84,0.9,1,High
4/26/2026 20:00,Sylhet,Sunamganj,Tahirpur,24,83,0,1,High
4/26/2026 22:00,Sylhet,Sunamganj,Tahirpur,23.5,87,0,0.6265,Medium
4/27/2026 0:00,Sylhet,Sunamganj,Tahirpur,23.2,86,0.9,0.4178,Low
4/27/2026 2:00,Sylhet,Sunamganj,Tahirpur,22.5,87,1.1,0.4088,Low
4/27/2026 4:00,Sylhet,Sunamganj,Tahirpur,22.4,86,0,0.408,Low
4/27/2026 6:00,Sylhet,Sunamganj,Tahirpur,20.6,92,1.2,0.69,Medium
4/27/2026 8:00,Sylhet,Sunamganj,Tahirpur,21.1,95,2,0.7015,High
4/27/2026 10:00,Sylhet,Sunamganj,Tahirpur,22.2,90,0.6,0.8615,High
4/27/2026 12:00,Sylhet,Sunamganj,Tahirpur,23,81,0.6,0.8555,High
4/27/2026 14:00,Sylhet,Sunamganj,Tahirpur,24.2,77,0,0.967,High
4/27/2026 16:00,Sylhet,Sunamganj,Tahirpur,22.3,92,5.3,0.9552,High
4/27/2026 18:00,Sylhet,Sunamganj,Tahirpur,22.4,93,0.4,1,High
4/27/2026 20:00,Sylhet,Sunamganj,Tahirpur,22,94,0.4,1,High
4/27/2026 22:00,Sylhet,Sunamganj,Tahirpur,21.8,96,0.9,0.6168,Medium
4/28/2026 0:00,Sylhet,Sunamganj,Tahirpur,21.7,96,1.2,0.4145,Low
4/28/2026 2:00,Sylhet,Sunamganj,Tahirpur,21.4,95,0.6,0.4095,Low
4/28/2026 4:00,Sylhet,Sunamganj,Tahirpur,21,98,3.9,0.4013,Low
4/28/2026 6:00,Sylhet,Sunamganj,Tahirpur,22.4,94,4.5,0.7127,High
4/28/2026 8:00,Sylhet,Sunamganj,Tahirpur,23.8,88,2.5,0.7268,High
4/28/2026 10:00,Sylhet,Sunamganj,Tahirpur,23.5,92,16.3,0.8458,High
4/28/2026 12:00,Sylhet,Sunamganj,Tahirpur,23.8,84,1.9,0.8702,High
4/28/2026 14:00,Sylhet,Sunamganj,Tahirpur,24.7,82,0.2,0.984,High
4/28/2026 16:00,Sylhet,Sunamganj,Tahirpur,23.8,87,0.2,0.9805,High
4/28/2026 18:00,Sylhet,Sunamganj,Tahirpur,23.4,93,1.6,1,High
4/28/2026 20:00,Sylhet,Sunamganj,Tahirpur,23,92,0.3,1,High
4/28/2026 22:00,Sylhet,Sunamganj,Tahirpur,22.2,94,2.5,0.6148,Medium
4/29/2026 0:00,Sylhet,Sunamganj,Tahirpur,22.6,97,0.4,0.432,Low
4/29/2026 2:00,Sylhet,Sunamganj,Tahirpur,22.2,98,1.3,0.4258,Low
4/29/2026 4:00,Sylhet,Sunamganj,Tahirpur,21.8,97,6.6,0.4045,Low
4/29/2026 6:00,Sylhet,Sunamganj,Tahirpur,21.6,94,19.6,0.663,Medium
4/29/2026 8:00,Sylhet,Sunamganj,Tahirpur,21.6,94,4.7,0.7002,High
4/29/2026 10:00,Sylhet,Sunamganj,Tahirpur,21.9,94,5.8,0.852,High
4/29/2026 12:00,Sylhet,Sunamganj,Tahirpur,21.4,93,0.3,0.8562,High
4/29/2026 14:00,Sylhet,Sunamganj,Tahirpur,23.9,78,0,0.9645,High
4/29/2026 16:00,Sylhet,Sunamganj,Tahirpur,23.8,78,0,0.963,High
4/29/2026 18:00,Sylhet,Sunamganj,Tahirpur,23.4,81,0,1,High
4/29/2026 20:00,Sylhet,Sunamganj,Tahirpur,22.3,86,0,1,High
4/29/2026 22:00,Sylhet,Sunamganj,Tahirpur,21,92,0,0.599,Medium
4/30/2026 0:00,Sylhet,Sunamganj,Tahirpur,21.4,92,0,0.405,Low
4/30/2026 2:00,Sylhet,Sunamganj,Tahirpur,21.4,95,1,0.4085,Low
4/30/2026 4:00,Sylhet,Sunamganj,Tahirpur,20.9,96,1.3,0.4022,Low
4/30/2026 6:00,Sylhet,Sunamganj,Tahirpur,20.9,95,0,0.7035,High
4/30/2026 8:00,Sylhet,Sunamganj,Tahirpur,22.1,87,0.1,0.7052,High
4/30/2026 10:00,Sylhet,Sunamganj,Tahirpur,25.5,73,0,0.8785,High
4/30/2026 12:00,Sylhet,Sunamganj,Tahirpur,26.2,69,0,0.881,High
4/30/2026 14:00,Sylhet,Sunamganj,Tahirpur,27.5,64,0,0.9905,High
4/30/2026 16:00,Sylhet,Sunamganj,Tahirpur,27.9,62,0,0.9925,High
4/30/2026 18:00,Sylhet,Sunamganj,Tahirpur,25.7,81,0,1,High
4/30/2026 20:00,Sylhet,Sunamganj,Tahirpur,22.8,92,0,1,High
4/30/2026 22:00,Sylhet,Sunamganj,Tahirpur,22,94,0.3,0.6172,Medium
5/1/2026 0:00,Sylhet,Sunamganj,Tahirpur,21.6,98,0,0.42,Low
5/1/2026 2:00,Sylhet,Sunamganj,Tahirpur,22.4,94,0,0.424,Low
5/1/2026 4:00,Sylhet,Sunamganj,Tahirpur,21.6,94,0,0.412,Low
5/1/2026 6:00,Sylhet,Sunamganj,Tahirpur,21.5,93,0.4,0.7075,High
5/1/2026 8:00,Sylhet,Sunamganj,Tahirpur,22.6,96,0.7,0.7292,High
5/1/2026 10:00,Sylhet,Sunamganj,Tahirpur,24,87,0.1,0.8838,High
5/1/2026 12:00,Sylhet,Sunamganj,Tahirpur,25,83,0,0.891,High
5/1/2026 14:00,Sylhet,Sunamganj,Tahirpur,25.6,75,2.2,0.9785,High
5/1/2026 16:00,Sylhet,Sunamganj,Tahirpur,23.6,85,0.2,0.9735,High
5/1/2026 18:00,Sylhet,Sunamganj,Tahirpur,23,85,0,1,High
5/1/2026 20:00,Sylhet,Sunamganj,Tahirpur,21.1,91,0,1,High
5/1/2026 22:00,Sylhet,Sunamganj,Tahirpur,20.8,93,0,0.598,Medium
5/2/2026 0:00,Sylhet,Sunamganj,Tahirpur,21.2,94,0,0.406,Low
5/2/2026 2:00,Sylhet,Sunamganj,Tahirpur,20.9,97,0.1,0.4072,Low
5/2/2026 4:00,Sylhet,Sunamganj,Tahirpur,20.5,98,0,0.4035,Low
5/2/2026 6:00,Sylhet,Sunamganj,Tahirpur,21.2,96,0,0.71,High
5/2/2026 8:00,Sylhet,Sunamganj,Tahirpur,20.9,97,2.8,0.7005,High
5/2/2026 10:00,Sylhet,Sunamganj,Tahirpur,22,91,0.3,0.8612,High
5/2/2026 12:00,Sylhet,Sunamganj,Tahirpur,21.8,96,0.8,0.867,High
5/2/2026 14:00,Sylhet,Sunamganj,Tahirpur,22.5,88,1.4,0.96,High
5/2/2026 16:00,Sylhet,Sunamganj,Tahirpur,22,93,1,0.9635,High
5/2/2026 18:00,Sylhet,Sunamganj,Tahirpur,22.4,93,0.1,1,High
5/2/2026 20:00,Sylhet,Sunamganj,Tahirpur,21.1,95,1.3,1,High
5/2/2026 22:00,Sylhet,Sunamganj,Tahirpur,21,93,1.1,0.5982,Medium
5/3/2026 0:00,Sylhet,Sunamganj,Tahirpur,21,96,5.3,0.3938,Low
5/3/2026 2:00,Sylhet,Sunamganj,Tahirpur,20.3,99,0.4,0.4015,Low
5/3/2026 4:00,Sylhet,Sunamganj,Tahirpur,20.1,98,10.5,0.3712,Low
5/3/2026 6:00,Sylhet,Sunamganj,Tahirpur,20.5,98,1.4,0.7,High
5/3/2026 8:00,Sylhet,Sunamganj,Tahirpur,23.1,86,0,0.7185,High
5/3/2026 10:00,Sylhet,Sunamganj,Tahirpur,25.5,75,0,0.8825,High
5/3/2026 12:00,Sylhet,Sunamganj,Tahirpur,27,70,0,0.895,High
5/3/2026 14:00,Sylhet,Sunamganj,Tahirpur,28.5,64,0.1,1,High
5/3/2026 16:00,Sylhet,Sunamganj,Tahirpur,28.1,66,0.1,1,High
5/3/2026 18:00,Sylhet,Sunamganj,Tahirpur,25.1,86,0,1,High
5/3/2026 20:00,Sylhet,Sunamganj,Tahirpur,23.2,94,0,1,High
5/3/2026 22:00,Sylhet,Sunamganj,Tahirpur,22.8,95,0,0.632,Medium
5/4/2026 0:00,Sylhet,Sunamganj,Tahirpur,21.5,98,0,0.4185,Low
5/4/2026 2:00,Sylhet,Sunamganj,Tahirpur,21.5,96,0,0.4145,Low
5/4/2026 4:00,Sylhet,Sunamganj,Tahirpur,21.3,98,0,0.4155,Low
5/4/2026 6:00,Sylhet,Sunamganj,Tahirpur,23,93,0,0.731,High
5/4/2026 8:00,Sylhet,Sunamganj,Tahirpur,22.2,96,4.8,0.713,High
5/4/2026 10:00,Sylhet,Sunamganj,Tahirpur,23.7,91,7.7,0.8682,High
5/4/2026 12:00,Sylhet,Sunamganj,Tahirpur,25.6,79,0.1,0.8918,High
5/4/2026 14:00,Sylhet,Sunamganj,Tahirpur,26.9,75,0.2,1,High
5/4/2026 16:00,Sylhet,Sunamganj,Tahirpur,28,69,0,1,High
5/4/2026 18:00,Sylhet,Sunamganj,Tahirpur,25.5,83,0,1,High
5/4/2026 20:00,Sylhet,Sunamganj,Tahirpur,23.5,89,0,1,High
5/4/2026 22:00,Sylhet,Sunamganj,Tahirpur,22.4,94,0,0.624,Medium
5/5/2026 0:00,Sylhet,Sunamganj,Tahirpur,22.5,95,0,0.4275,Low
5/5/2026 2:00,Sylhet,Sunamganj,Tahirpur,21.8,99,0,0.425,Low
5/5/2026 4:00,Sylhet,Sunamganj,Tahirpur,21.5,100,0,0.4225,Low
5/5/2026 6:00,Sylhet,Sunamganj,Tahirpur,21.9,92,0,0.7125,High
5/5/2026 8:00,Sylhet,Sunamganj,Tahirpur,24.1,89,0,0.7395,High
5/5/2026 10:00,Sylhet,Sunamganj,Tahirpur,27,76,0,0.907,High
5/5/2026 12:00,Sylhet,Sunamganj,Tahirpur,30.3,66,0.1,0.9362,High
5/5/2026 14:00,Sylhet,Sunamganj,Tahirpur,31,63,0,1,High
5/5/2026 16:00,Sylhet,Sunamganj,Tahirpur,30.5,60,0,1,High
5/5/2026 18:00,Sylhet,Sunamganj,Tahirpur,28.2,72,0,1,High
5/5/2026 20:00,Sylhet,Sunamganj,Tahirpur,25.5,85,0,1,High
5/5/2026 22:00,Sylhet,Sunamganj,Tahirpur,23.8,95,0,0.647,Medium
5/6/2026 0:00,Sylhet,Sunamganj,Tahirpur,23.8,97,0,0.451,Medium
5/6/2026 2:00,Sylhet,Sunamganj,Tahirpur,22.8,95,0.4,0.431,Low
5/6/2026 4:00,Sylhet,Sunamganj,Tahirpur,22.8,97,0.3,0.4352,Low
5/6/2026 6:00,Sylhet,Sunamganj,Tahirpur,23.1,90,0,0.7265,High
5/6/2026 8:00,Sylhet,Sunamganj,Tahirpur,26.8,77,0,0.756,High
5/6/2026 10:00,Sylhet,Sunamganj,Tahirpur,29.2,73,0.1,0.9338,High
5/6/2026 12:00,Sylhet,Sunamganj,Tahirpur,29.6,70,0.1,0.9338,High
5/6/2026 14:00,Sylhet,Sunamganj,Tahirpur,29.2,70,0,1,High
5/6/2026 16:00,Sylhet,Sunamganj,Tahirpur,28,75,0,1,High
5/6/2026 18:00,Sylhet,Sunamganj,Tahirpur,26.4,81,0,1,High
5/6/2026 20:00,Sylhet,Sunamganj,Tahirpur,25.4,90,1.2,1,High
5/6/2026 22:00,Sylhet,Sunamganj,Tahirpur,24.6,94,1.6,0.653,Medium
5/7/2026 0:00,Sylhet,Sunamganj,Tahirpur,24.4,86,0.5,0.4368,Low
5/7/2026 2:00,Sylhet,Sunamganj,Tahirpur,23.2,94,0,0.436,Low
5/7/2026 4:00,Sylhet,Sunamganj,Tahirpur,22.3,97,0,0.4285,Low
5/7/2026 6:00,Sylhet,Sunamganj,Tahirpur,23,100,0,0.745,High
5/7/2026 8:00,Sylhet,Sunamganj,Tahirpur,25.5,87,0,0.7565,High
5/7/2026 10:00,Sylhet,Sunamganj,Tahirpur,28.7,70,0,0.9205,High
5/7/2026 12:00,Sylhet,Sunamganj,Tahirpur,29.5,60,0,0.9125,High
5/7/2026 14:00,Sylhet,Sunamganj,Tahirpur,30.4,59,0,1,High
5/7/2026 16:00,Sylhet,Sunamganj,Tahirpur,30.3,58,0,1,High
5/7/2026 18:00,Sylhet,Sunamganj,Tahirpur,28.9,74,0,1,High
5/7/2026 20:00,Sylhet,Sunamganj,Tahirpur,26.6,79,0,1,High
5/7/2026 22:00,Sylhet,Sunamganj,Tahirpur,25.4,88,0,0.657,Medium
5/8/2026 0:00,Sylhet,Sunamganj,Tahirpur,25.5,89,0,0.4605,Medium
5/8/2026 2:00,Sylhet,Sunamganj,Tahirpur,23.5,97,0,0.4465,Low
5/8/2026 4:00,Sylhet,Sunamganj,Tahirpur,22.6,100,0,0.439,Low
5/8/2026 6:00,Sylhet,Sunamganj,Tahirpur,22.4,95,0,0.726,High
5/8/2026 8:00,Sylhet,Sunamganj,Tahirpur,26.9,80,0,0.7635,High
5/8/2026 10:00,Sylhet,Sunamganj,Tahirpur,30.4,60,0,0.926,High
5/8/2026 12:00,Sylhet,Sunamganj,Tahirpur,30.9,59,0,0.9315,High
5/8/2026 14:00,Sylhet,Sunamganj,Tahirpur,31.1,57,0.1,1,High
5/8/2026 16:00,Sylhet,Sunamganj,Tahirpur,31,53,0,1,High
5/8/2026 18:00,Sylhet,Sunamganj,Tahirpur,28.5,65,0,1,High
5/8/2026 20:00,Sylhet,Sunamganj,Tahirpur,26.2,74,0,1,High
5/8/2026 22:00,Sylhet,Sunamganj,Tahirpur,24.5,87,0,0.6415,Medium
5/9/2026 0:00,Sylhet,Sunamganj,Tahirpur,23.5,94,0,0.4405,Low
5/9/2026 2:00,Sylhet,Sunamganj,Tahirpur,22.1,96,0,0.4235,Low
5/9/2026 4:00,Sylhet,Sunamganj,Tahirpur,21.5,100,0,0.4225,Low
5/9/2026 6:00,Sylhet,Sunamganj,Tahirpur,22.5,99,0,0.7355,High
5/9/2026 8:00,Sylhet,Sunamganj,Tahirpur,25.6,78,0,0.74,High
5/9/2026 10:00,Sylhet,Sunamganj,Tahirpur,29.5,65,0,0.9225,High
5/9/2026 12:00,Sylhet,Sunamganj,Tahirpur,31.5,55,0,0.9325,High
5/9/2026 14:00,Sylhet,Sunamganj,Tahirpur,32.8,47,0,1,High
5/9/2026 16:00,Sylhet,Sunamganj,Tahirpur,32.2,50,0,1,High
5/9/2026 18:00,Sylhet,Sunamganj,Tahirpur,30.1,72,0,1,High
5/9/2026 20:00,Sylhet,Sunamganj,Tahirpur,27.5,78,0,1,High
5/9/2026 22:00,Sylhet,Sunamganj,Tahirpur,26,87,0,0.664,Medium
5/10/2026 0:00,Sylhet,Sunamganj,Tahirpur,24.9,93,0,0.4595,Medium
5/10/2026 2:00,Sylhet,Sunamganj,Tahirpur,24.7,91,0,0.4525,Medium
5/10/2026 4:00,Sylhet,Sunamganj,Tahirpur,24.8,91,0,0.454,Medium
5/10/2026 6:00,Sylhet,Sunamganj,Tahirpur,24,91,0,0.742,High
5/10/2026 8:00,Sylhet,Sunamganj,Tahirpur,27.6,79,0,0.772,High
5/10/2026 10:00,Sylhet,Sunamganj,Tahirpur,30.6,65,0,0.939,High
5/10/2026 12:00,Sylhet,Sunamganj,Tahirpur,32.3,52,0,0.9385,High
5/10/2026 14:00,Sylhet,Sunamganj,Tahirpur,32.4,48,0,1,High
5/10/2026 16:00,Sylhet,Sunamganj,Tahirpur,28.1,69,2.7,1,High
5/10/2026 18:00,Sylhet,Sunamganj,Tahirpur,26,81,0,1,High
5/10/2026 20:00,Sylhet,Sunamganj,Tahirpur,24.9,87,0,1,High
5/10/2026 22:00,Sylhet,Sunamganj,Tahirpur,24.4,91,0,0.648,Medium
5/11/2026 0:00,Sylhet,Sunamganj,Tahirpur,24.8,90,0,0.452,Medium
5/11/2026 2:00,Sylhet,Sunamganj,Tahirpur,23.8,89,0.7,0.4332,Low
5/11/2026 4:00,Sylhet,Sunamganj,Tahirpur,22,92,0.7,0.4122,Low
5/11/2026 6:00,Sylhet,Sunamganj,Tahirpur,22.9,95,0.1,0.7332,High
5/11/2026 8:00,Sylhet,Sunamganj,Tahirpur,22.2,87,1.2,0.704,High
5/11/2026 10:00,Sylhet,Sunamganj,Tahirpur,27.8,70,0,0.907,High
5/11/2026 12:00,Sylhet,Sunamganj,Tahirpur,27.9,70,0,0.9085,High
5/11/2026 14:00,Sylhet,Sunamganj,Tahirpur,23.3,91,7.5,0.9627,High
5/11/2026 16:00,Sylhet,Sunamganj,Tahirpur,26.2,77,0.1,0.9968,High
5/11/2026 18:00,Sylhet,Sunamganj,Tahirpur,26.9,79,0,1,High
5/11/2026 20:00,Sylhet,Sunamganj,Tahirpur,24.8,90,0,1,High
5/11/2026 22:00,Sylhet,Sunamganj,Tahirpur,24.2,91,0,0.645,Medium
5/12/2026 0:00,Sylhet,Sunamganj,Tahirpur,22.9,96,0,0.4355,Low
5/12/2026 2:00,Sylhet,Sunamganj,Tahirpur,22.2,100,0,0.433,Low
5/12/2026 4:00,Sylhet,Sunamganj,Tahirpur,22.4,100,0,0.436,Low
5/12/2026 6:00,Sylhet,Sunamganj,Tahirpur,23,96,0.4,0.736,High
5/12/2026 8:00,Sylhet,Sunamganj,Tahirpur,25.9,86,0.1,0.7602,High
5/12/2026 10:00,Sylhet,Sunamganj,Tahirpur,28.2,74,0.1,0.9208,High
5/12/2026 12:00,Sylhet,Sunamganj,Tahirpur,29.5,63,0.1,0.9182,High
5/12/2026 14:00,Sylhet,Sunamganj,Tahirpur,30.1,64,0,1,High
5/12/2026 16:00,Sylhet,Sunamganj,Tahirpur,29.9,65,0,1,High
5/12/2026 18:00,Sylhet,Sunamganj,Tahirpur,28,79,0,1,High
5/12/2026 20:00,Sylhet,Sunamganj,Tahirpur,26.2,89,0,1,High
5/12/2026 22:00,Sylhet,Sunamganj,Tahirpur,24.7,99,0,0.6685,Medium
5/13/2026 0:00,Sylhet,Sunamganj,Tahirpur,25,99,0,0.473,Medium
5/13/2026 2:00,Sylhet,Sunamganj,Tahirpur,22.5,99,9.6,0.4115,Low
5/13/2026 4:00,Sylhet,Sunamganj,Tahirpur,22.5,98,0.5,0.4322,Low
5/13/2026 6:00,Sylhet,Sunamganj,Tahirpur,23.5,97,3.5,0.7377,High
5/13/2026 8:00,Sylhet,Sunamganj,Tahirpur,23.7,97,2.6,0.743,High
5/13/2026 10:00,Sylhet,Sunamganj,Tahirpur,24.9,94,1,0.909,High
5/13/2026 12:00,Sylhet,Sunamganj,Tahirpur,28.8,72,0.1,0.9258,High
5/13/2026 14:00,Sylhet,Sunamganj,Tahirpur,30.4,62,0.1,1,High
5/13/2026 16:00,Sylhet,Sunamganj,Tahirpur,30.6,63,0,1,High
5/13/2026 18:00,Sylhet,Sunamganj,Tahirpur,28.8,74,0.1,1,High
5/13/2026 20:00,Sylhet,Sunamganj,Tahirpur,26.2,90,0,1,High
5/13/2026 22:00,Sylhet,Sunamganj,Tahirpur,22.5,99,4.2,0.625,Medium
4/13/2026 0:00,Sylhet,Sylhet,Balaganj,21.6,89,0,0.402,Low
4/13/2026 2:00,Sylhet,Sylhet,Balaganj,21,91,0.9,0.3948,Low
4/13/2026 4:00,Sylhet,Sylhet,Balaganj,20.1,93,0.3,0.3868,Low
4/13/2026 6:00,Sylhet,Sylhet,Balaganj,20.2,93,0.5,0.6878,Medium
4/13/2026 8:00,Sylhet,Sylhet,Balaganj,21.8,91,0.1,0.7088,High
4/13/2026 10:00,Sylhet,Sylhet,Balaganj,22.6,83,0.9,0.8528,High
4/13/2026 12:00,Sylhet,Sylhet,Balaganj,25.5,72,0.1,0.8762,High
4/13/2026 14:00,Sylhet,Sylhet,Balaganj,26,69,0,0.978,High
4/13/2026 16:00,Sylhet,Sylhet,Balaganj,26.6,68,0,0.985,High
4/13/2026 18:00,Sylhet,Sylhet,Balaganj,26,77,0,1,High
4/13/2026 20:00,Sylhet,Sylhet,Balaganj,24.1,75,0.1,1,High
4/13/2026 22:00,Sylhet,Sylhet,Balaganj,22.6,79,0.5,0.5958,Medium
4/14/2026 0:00,Sylhet,Sylhet,Balaganj,21.8,88,4.3,0.3923,Low
4/14/2026 2:00,Sylhet,Sylhet,Balaganj,21.2,96,10.9,0.3828,Low
4/14/2026 4:00,Sylhet,Sylhet,Balaganj,20.6,98,1.7,0.4008,Low
4/14/2026 6:00,Sylhet,Sylhet,Balaganj,21.2,95,4.6,0.6965,Medium
4/14/2026 8:00,Sylhet,Sylhet,Balaganj,23.5,84,0,0.7205,High
4/14/2026 10:00,Sylhet,Sylhet,Balaganj,27.7,68,0,0.9015,High
4/14/2026 12:00,Sylhet,Sylhet,Balaganj,29.3,62,0,0.9135,High
4/14/2026 14:00,Sylhet,Sylhet,Balaganj,30.5,57,0,1,High
4/14/2026 16:00,Sylhet,Sylhet,Balaganj,30.1,60,0,1,High
4/14/2026 18:00,Sylhet,Sylhet,Balaganj,27,88,0,1,High
4/14/2026 20:00,Sylhet,Sylhet,Balaganj,24.1,90,0.9,1,High
4/14/2026 22:00,Sylhet,Sylhet,Balaganj,22.2,94,0.6,0.6195,Medium
4/15/2026 0:00,Sylhet,Sylhet,Balaganj,21.5,98,4,0.4085,Low
4/15/2026 2:00,Sylhet,Sylhet,Balaganj,21.3,98,5.9,0.4008,Low
4/15/2026 4:00,Sylhet,Sylhet,Balaganj,21.6,96,0,0.416,Low
4/15/2026 6:00,Sylhet,Sylhet,Balaganj,21.1,97,0.2,0.71,High
4/15/2026 8:00,Sylhet,Sylhet,Balaganj,22,93,0.6,0.7145,High
4/15/2026 10:00,Sylhet,Sylhet,Balaganj,24.9,82,0,0.8875,High
4/15/2026 12:00,Sylhet,Sylhet,Balaganj,27.8,67,0,0.901,High
4/15/2026 14:00,Sylhet,Sylhet,Balaganj,29.9,63,0,1,High
4/15/2026 16:00,Sylhet,Sylhet,Balaganj,29.2,70,1,1,High
4/15/2026 18:00,Sylhet,Sylhet,Balaganj,26.2,80,0,1,High
4/15/2026 20:00,Sylhet,Sylhet,Balaganj,23.6,87,0.7,1,High
4/15/2026 22:00,Sylhet,Sylhet,Balaganj,22.1,93,0,0.6175,Medium
4/16/2026 0:00,Sylhet,Sylhet,Balaganj,20.9,99,6,0.3965,Low
4/16/2026 2:00,Sylhet,Sylhet,Balaganj,20.6,96,5.3,0.3878,Low
4/16/2026 4:00,Sylhet,Sylhet,Balaganj,20.5,98,0.4,0.4025,Low
4/16/2026 6:00,Sylhet,Sylhet,Balaganj,21.4,98,0.7,0.7152,High
4/16/2026 8:00,Sylhet,Sylhet,Balaganj,24.4,89,0,0.744,High
4/16/2026 10:00,Sylhet,Sylhet,Balaganj,28,71,0,0.912,High
4/16/2026 12:00,Sylhet,Sylhet,Balaganj,30.3,59,0,0.9225,High
4/16/2026 14:00,Sylhet,Sylhet,Balaganj,30.6,56,0.1,1,High
4/16/2026 16:00,Sylhet,Sylhet,Balaganj,30.5,59,0,1,High
4/16/2026 18:00,Sylhet,Sylhet,Balaganj,27.1,80,0,1,High
4/16/2026 20:00,Sylhet,Sylhet,Balaganj,25.8,87,0,1,High
4/16/2026 22:00,Sylhet,Sylhet,Balaganj,24.6,86,0,0.641,Medium
4/17/2026 0:00,Sylhet,Sylhet,Balaganj,24,91,0,0.442,Low
4/17/2026 2:00,Sylhet,Sylhet,Balaganj,23.2,92,0.1,0.4318,Low
4/17/2026 4:00,Sylhet,Sylhet,Balaganj,22.5,96,0,0.4295,Low
4/17/2026 6:00,Sylhet,Sylhet,Balaganj,22.6,95,0,0.729,High
4/17/2026 8:00,Sylhet,Sylhet,Balaganj,26.1,84,0,0.7595,High
4/17/2026 10:00,Sylhet,Sylhet,Balaganj,28.9,72,0,0.9275,High
4/17/2026 12:00,Sylhet,Sylhet,Balaganj,31,69,0,0.953,High
4/17/2026 14:00,Sylhet,Sylhet,Balaganj,31.6,66,0,1,High
4/17/2026 16:00,Sylhet,Sylhet,Balaganj,27.6,78,0,1,High
4/17/2026 18:00,Sylhet,Sylhet,Balaganj,26.1,90,0,1,High
4/17/2026 20:00,Sylhet,Sylhet,Balaganj,25.5,87,0,1,High
4/17/2026 22:00,Sylhet,Sylhet,Balaganj,25.8,82,0,0.651,Medium
4/18/2026 0:00,Sylhet,Sylhet,Balaganj,25.8,83,0,0.453,Medium
4/18/2026 2:00,Sylhet,Sylhet,Balaganj,23.6,92,0.9,0.4358,Low
4/18/2026 4:00,Sylhet,Sylhet,Balaganj,22.8,100,0.5,0.4408,Low
4/18/2026 6:00,Sylhet,Sylhet,Balaganj,24,99,0,0.758,High
4/18/2026 8:00,Sylhet,Sylhet,Balaganj,25.1,91,0.1,0.7582,High
4/18/2026 10:00,Sylhet,Sylhet,Balaganj,26.8,84,0.1,0.9198,High
4/18/2026 12:00,Sylhet,Sylhet,Balaganj,29.5,76,0,0.9445,High
4/18/2026 14:00,Sylhet,Sylhet,Balaganj,28.8,75,3.7,1,High
4/18/2026 16:00,Sylhet,Sylhet,Balaganj,29.5,71,0,1,High
4/18/2026 18:00,Sylhet,Sylhet,Balaganj,28,84,0,1,High
4/18/2026 20:00,Sylhet,Sylhet,Balaganj,26.2,87,0,1,High
4/18/2026 22:00,Sylhet,Sylhet,Balaganj,25.6,92,0,0.668,Medium
4/19/2026 0:00,Sylhet,Sylhet,Balaganj,25.1,91,0,0.4585,Medium
4/19/2026 2:00,Sylhet,Sylhet,Balaganj,23.7,97,0.1,0.4492,Low
4/19/2026 4:00,Sylhet,Sylhet,Balaganj,23.1,96,0,0.4385,Low
4/19/2026 6:00,Sylhet,Sylhet,Balaganj,23,97,0,0.739,High
4/19/2026 8:00,Sylhet,Sylhet,Balaganj,25,91,0.2,0.7565,High
4/19/2026 10:00,Sylhet,Sylhet,Balaganj,27.7,79,0.2,0.923,High
4/19/2026 12:00,Sylhet,Sylhet,Balaganj,28.8,72,0.2,0.9255,High
4/19/2026 14:00,Sylhet,Sylhet,Balaganj,29.4,69,0,1,High
4/19/2026 16:00,Sylhet,Sylhet,Balaganj,28,78,0,1,High
4/19/2026 18:00,Sylhet,Sylhet,Balaganj,27,86,0,1,High
4/19/2026 20:00,Sylhet,Sylhet,Balaganj,25.6,89,1,1,High
4/19/2026 22:00,Sylhet,Sylhet,Balaganj,24.2,91,0.1,0.6447,Medium
4/20/2026 0:00,Sylhet,Sylhet,Balaganj,23.4,95,5.7,0.4268,Low
4/20/2026 2:00,Sylhet,Sylhet,Balaganj,22.6,97,0.4,0.432,Low
4/20/2026 4:00,Sylhet,Sylhet,Balaganj,21.9,97,0.6,0.421,Low
4/20/2026 6:00,Sylhet,Sylhet,Balaganj,22.4,96,0,0.728,High
4/20/2026 8:00,Sylhet,Sylhet,Balaganj,23.4,91,0,0.733,High
4/20/2026 10:00,Sylhet,Sylhet,Balaganj,24.5,87,0.5,0.8902,High
4/20/2026 12:00,Sylhet,Sylhet,Balaganj,28.8,73,0,0.928,High
4/20/2026 14:00,Sylhet,Sylhet,Balaganj,31.4,62,0,1,High
4/20/2026 16:00,Sylhet,Sylhet,Balaganj,30,72,0.5,1,High
4/20/2026 18:00,Sylhet,Sylhet,Balaganj,24.8,94,0.6,1,High
4/20/2026 20:00,Sylhet,Sylhet,Balaganj,24.1,96,0.8,1,High
4/20/2026 22:00,Sylhet,Sylhet,Balaganj,23,94,0.1,0.6328,Medium
4/21/2026 0:00,Sylhet,Sylhet,Balaganj,22.5,96,2.6,0.423,Low
4/21/2026 2:00,Sylhet,Sylhet,Balaganj,22,96,7.1,0.4042,Low
4/21/2026 4:00,Sylhet,Sylhet,Balaganj,21.9,96,4.7,0.4088,Low
4/21/2026 6:00,Sylhet,Sylhet,Balaganj,22.2,92,0,0.717,High
4/21/2026 8:00,Sylhet,Sylhet,Balaganj,23.9,89,0.1,0.7362,High
4/21/2026 10:00,Sylhet,Sylhet,Balaganj,26,82,0,0.904,High
4/21/2026 12:00,Sylhet,Sylhet,Balaganj,28.9,72,0.1,0.9272,High
4/21/2026 14:00,Sylhet,Sylhet,Balaganj,29.8,72,0.4,1,High
4/21/2026 16:00,Sylhet,Sylhet,Balaganj,29.4,74,0,1,High
4/21/2026 18:00,Sylhet,Sylhet,Balaganj,28,89,0.6,1,High
4/21/2026 20:00,Sylhet,Sylhet,Balaganj,25,94,0,1,High
4/21/2026 22:00,Sylhet,Sylhet,Balaganj,24.2,93,0.2,0.6485,Medium
4/22/2026 0:00,Sylhet,Sylhet,Balaganj,22.7,97,0.1,0.4342,Low
4/22/2026 2:00,Sylhet,Sylhet,Balaganj,22.3,95,0.1,0.4243,Low
4/22/2026 4:00,Sylhet,Sylhet,Balaganj,22.4,96,0,0.428,Low
4/22/2026 6:00,Sylhet,Sylhet,Balaganj,21,97,0.5,0.7078,High
4/22/2026 8:00,Sylhet,Sylhet,Balaganj,21.1,93,14.4,0.6665,Medium
4/22/2026 10:00,Sylhet,Sylhet,Balaganj,22.8,87,5.1,0.8532,High
4/22/2026 12:00,Sylhet,Sylhet,Balaganj,28.4,74,0,0.924,High
4/22/2026 14:00,Sylhet,Sylhet,Balaganj,29.8,68,0,1,High
4/22/2026 16:00,Sylhet,Sylhet,Balaganj,30.7,66,0,1,High
4/22/2026 18:00,Sylhet,Sylhet,Balaganj,28.4,83,0,1,High
4/22/2026 20:00,Sylhet,Sylhet,Balaganj,26.2,87,0,1,High
4/22/2026 22:00,Sylhet,Sylhet,Balaganj,25.4,88,0,0.657,Medium
4/23/2026 0:00,Sylhet,Sylhet,Balaganj,23.6,94,0,0.442,Low
4/23/2026 2:00,Sylhet,Sylhet,Balaganj,23.5,92,0,0.4365,Low
4/23/2026 4:00,Sylhet,Sylhet,Balaganj,23,89,0,0.423,Low
4/23/2026 6:00,Sylhet,Sylhet,Balaganj,22.5,98,0,0.7335,High
4/23/2026 8:00,Sylhet,Sylhet,Balaganj,24.9,92,0.1,0.7572,High
4/23/2026 10:00,Sylhet,Sylhet,Balaganj,27.1,79,0.1,0.9143,High
4/23/2026 12:00,Sylhet,Sylhet,Balaganj,30,64,0,0.928,High
4/23/2026 14:00,Sylhet,Sylhet,Balaganj,31.6,57,0,1,High
4/23/2026 16:00,Sylhet,Sylhet,Balaganj,32,55,0,1,High
4/23/2026 18:00,Sylhet,Sylhet,Balaganj,29.1,80,0,1,High
4/23/2026 20:00,Sylhet,Sylhet,Balaganj,27.3,84,0,1,High
4/23/2026 22:00,Sylhet,Sylhet,Balaganj,27,80,0,0.665,Medium
4/24/2026 0:00,Sylhet,Sylhet,Balaganj,26.1,84,0,0.4595,Medium
4/24/2026 2:00,Sylhet,Sylhet,Balaganj,25.5,86,0,0.4545,Medium
4/24/2026 4:00,Sylhet,Sylhet,Balaganj,24.9,89,0,0.4515,Medium
4/24/2026 6:00,Sylhet,Sylhet,Balaganj,24.2,92,0,0.747,High
4/24/2026 8:00,Sylhet,Sylhet,Balaganj,27,85,0,0.775,High
4/24/2026 10:00,Sylhet,Sylhet,Balaganj,29.5,77,0.1,0.9462,High
4/24/2026 12:00,Sylhet,Sylhet,Balaganj,31.5,70,0,0.9625,High
4/24/2026 14:00,Sylhet,Sylhet,Balaganj,32.6,62,0,1,High
4/24/2026 16:00,Sylhet,Sylhet,Balaganj,32.2,64,0,1,High
4/24/2026 18:00,Sylhet,Sylhet,Balaganj,27.1,86,0,1,High
4/24/2026 20:00,Sylhet,Sylhet,Balaganj,26.2,93,0,1,High
4/24/2026 22:00,Sylhet,Sylhet,Balaganj,26.5,89,0,0.6755,Medium
4/25/2026 0:00,Sylhet,Sylhet,Balaganj,26.4,87,0,0.47,Medium
4/25/2026 2:00,Sylhet,Sylhet,Balaganj,25.9,86,0,0.4605,Medium
4/25/2026 4:00,Sylhet,Sylhet,Balaganj,25.5,87,0,0.4565,Medium
4/25/2026 6:00,Sylhet,Sylhet,Balaganj,25.4,94,0,0.769,High
4/25/2026 8:00,Sylhet,Sylhet,Balaganj,28.6,79,0,0.787,High
4/25/2026 10:00,Sylhet,Sylhet,Balaganj,29.2,76,0,0.94,High
4/25/2026 12:00,Sylhet,Sylhet,Balaganj,31.8,68,0.1,0.9628,High
4/25/2026 14:00,Sylhet,Sylhet,Balaganj,33.5,57,0,1,High
4/25/2026 16:00,Sylhet,Sylhet,Balaganj,32.7,60,0,1,High
4/25/2026 18:00,Sylhet,Sylhet,Balaganj,30,78,0,1,High
4/25/2026 20:00,Sylhet,Sylhet,Balaganj,27.6,82,0,1,High
4/25/2026 22:00,Sylhet,Sylhet,Balaganj,27.2,81,0,0.67,Medium
4/26/2026 0:00,Sylhet,Sylhet,Balaganj,26.1,87,0,0.4655,Medium
4/26/2026 2:00,Sylhet,Sylhet,Balaganj,24.8,95,0,0.462,Medium
4/26/2026 4:00,Sylhet,Sylhet,Balaganj,24.6,91,0,0.451,Medium
4/26/2026 6:00,Sylhet,Sylhet,Balaganj,23.4,92,2.6,0.7285,High
4/26/2026 8:00,Sylhet,Sylhet,Balaganj,25.7,87,0,0.7595,High
4/26/2026 10:00,Sylhet,Sylhet,Balaganj,28.5,69,0.1,0.9152,High
4/26/2026 12:00,Sylhet,Sylhet,Balaganj,27.1,73,0,0.9025,High
4/26/2026 14:00,Sylhet,Sylhet,Balaganj,26.6,75,0,0.999,High
4/26/2026 16:00,Sylhet,Sylhet,Balaganj,27.2,67,0,0.992,High
4/26/2026 18:00,Sylhet,Sylhet,Balaganj,24,82,8,1,High
4/26/2026 20:00,Sylhet,Sylhet,Balaganj,23.8,82,0,1,High
4/26/2026 22:00,Sylhet,Sylhet,Balaganj,23.3,84,0,0.6175,Medium
4/27/2026 0:00,Sylhet,Sylhet,Balaganj,22.8,89,8.4,0.399,Low
4/27/2026 2:00,Sylhet,Sylhet,Balaganj,22.1,92,0.3,0.4148,Low
4/27/2026 4:00,Sylhet,Sylhet,Balaganj,21.7,98,0.3,0.4208,Low
4/27/2026 6:00,Sylhet,Sylhet,Balaganj,20.6,95,6.1,0.6838,Medium
4/27/2026 8:00,Sylhet,Sylhet,Balaganj,21,98,2,0.706,High
4/27/2026 10:00,Sylhet,Sylhet,Balaganj,21.5,93,1.2,0.8555,High
4/27/2026 12:00,Sylhet,Sylhet,Balaganj,21.4,89,0.1,0.8488,High
4/27/2026 14:00,Sylhet,Sylhet,Balaganj,23.8,80,0.2,0.9665,High
4/27/2026 16:00,Sylhet,Sylhet,Balaganj,22.7,89,1.5,0.9647,High
4/27/2026 18:00,Sylhet,Sylhet,Balaganj,21.8,97,6.3,1,High
4/27/2026 20:00,Sylhet,Sylhet,Balaganj,21.6,97,2.8,1,High
4/27/2026 22:00,Sylhet,Sylhet,Balaganj,21.5,97,1.7,0.6122,Medium
4/28/2026 0:00,Sylhet,Sylhet,Balaganj,21.5,98,4.1,0.4082,Low
4/28/2026 2:00,Sylhet,Sylhet,Balaganj,21.2,98,3.1,0.4062,Low
4/28/2026 4:00,Sylhet,Sylhet,Balaganj,20.9,97,2.3,0.4018,Low
4/28/2026 6:00,Sylhet,Sylhet,Balaganj,21.6,96,2.3,0.7102,High
4/28/2026 8:00,Sylhet,Sylhet,Balaganj,22.5,91,1.1,0.7167,High
4/28/2026 10:00,Sylhet,Sylhet,Balaganj,22.9,91,6.7,0.8587,High
4/28/2026 12:00,Sylhet,Sylhet,Balaganj,23,88,10.6,0.8445,High
4/28/2026 14:00,Sylhet,Sylhet,Balaganj,24.7,82,0.7,0.9827,High
4/28/2026 16:00,Sylhet,Sylhet,Balaganj,22.9,96,5.6,0.9715,High
4/28/2026 18:00,Sylhet,Sylhet,Balaganj,23,98,0.7,1,High
4/28/2026 20:00,Sylhet,Sylhet,Balaganj,22.5,98,1,1,High
4/28/2026 22:00,Sylhet,Sylhet,Balaganj,21.8,97,1.5,0.6172,Medium
4/29/2026 0:00,Sylhet,Sylhet,Balaganj,21.8,98,10.5,0.3968,Low
4/29/2026 2:00,Sylhet,Sylhet,Balaganj,21.8,97,1.4,0.4175,Low
4/29/2026 4:00,Sylhet,Sylhet,Balaganj,21.5,98,1.5,0.4148,Low
4/29/2026 6:00,Sylhet,Sylhet,Balaganj,21.4,93,13.5,0.6732,Medium
4/29/2026 8:00,Sylhet,Sylhet,Balaganj,21.5,97,2.2,0.711,High
4/29/2026 10:00,Sylhet,Sylhet,Balaganj,22,98,3.5,0.8672,High
4/29/2026 12:00,Sylhet,Sylhet,Balaganj,21.2,97,0.3,0.8612,High
4/29/2026 14:00,Sylhet,Sylhet,Balaganj,22.9,83,0.3,0.9588,High
4/29/2026 16:00,Sylhet,Sylhet,Balaganj,23.5,80,0,0.9625,High
4/29/2026 18:00,Sylhet,Sylhet,Balaganj,22.9,85,0,1,High
4/29/2026 20:00,Sylhet,Sylhet,Balaganj,21.6,89,0,1,High
4/29/2026 22:00,Sylhet,Sylhet,Balaganj,21.1,90,0,0.5965,Medium
4/30/2026 0:00,Sylhet,Sylhet,Balaganj,21.9,83,0,0.3945,Low
4/30/2026 2:00,Sylhet,Sylhet,Balaganj,21,94,8.5,0.3818,Low
4/30/2026 4:00,Sylhet,Sylhet,Balaganj,20.5,96,0.7,0.3978,Low
4/30/2026 6:00,Sylhet,Sylhet,Balaganj,20.3,97,0,0.6985,Medium
4/30/2026 8:00,Sylhet,Sylhet,Balaganj,21.6,94,0.6,0.7105,High
4/30/2026 10:00,Sylhet,Sylhet,Balaganj,23.4,87,0.1,0.8748,High
4/30/2026 12:00,Sylhet,Sylhet,Balaganj,25.1,74,0.1,0.8742,High
4/30/2026 14:00,Sylhet,Sylhet,Balaganj,27.5,64,0,0.9905,High
4/30/2026 16:00,Sylhet,Sylhet,Balaganj,27.7,63,0.1,0.9912,High
4/30/2026 18:00,Sylhet,Sylhet,Balaganj,23.8,87,0,1,High
4/30/2026 20:00,Sylhet,Sylhet,Balaganj,22.5,90,0,1,High
4/30/2026 22:00,Sylhet,Sylhet,Balaganj,21.7,95,0,0.6155,Medium
5/1/2026 0:00,Sylhet,Sylhet,Balaganj,22.1,93,0,0.4175,Low
5/1/2026 2:00,Sylhet,Sylhet,Balaganj,21.8,96,0.1,0.4188,Low
5/1/2026 4:00,Sylhet,Sylhet,Balaganj,21,98,0,0.411,Low
5/1/2026 6:00,Sylhet,Sylhet,Balaganj,21.3,96,0.1,0.7112,High
5/1/2026 8:00,Sylhet,Sylhet,Balaganj,21.9,95,2.3,0.7127,High
5/1/2026 10:00,Sylhet,Sylhet,Balaganj,23.8,90,0.4,0.886,High
5/1/2026 12:00,Sylhet,Sylhet,Balaganj,24.2,87,0.4,0.886,High
5/1/2026 14:00,Sylhet,Sylhet,Balaganj,22.5,93,5.1,0.9607,High
5/1/2026 16:00,Sylhet,Sylhet,Balaganj,21.5,96,1.9,0.9597,High
5/1/2026 18:00,Sylhet,Sylhet,Balaganj,21.5,95,1.8,1,High
5/1/2026 20:00,Sylhet,Sylhet,Balaganj,21.2,93,0,1,High
5/1/2026 22:00,Sylhet,Sylhet,Balaganj,20.2,98,0,0.599,Medium
5/2/2026 0:00,Sylhet,Sylhet,Balaganj,21.1,98,0.4,0.4115,Low
5/2/2026 2:00,Sylhet,Sylhet,Balaganj,20.6,96,0.1,0.4008,Low
5/2/2026 4:00,Sylhet,Sylhet,Balaganj,20.1,98,0.6,0.396,Low
5/2/2026 6:00,Sylhet,Sylhet,Balaganj,20.6,95,0.3,0.6982,Medium
5/2/2026 8:00,Sylhet,Sylhet,Balaganj,21.4,96,1.8,0.7085,High
5/2/2026 10:00,Sylhet,Sylhet,Balaganj,21.2,96,1.1,0.8572,High
5/2/2026 12:00,Sylhet,Sylhet,Balaganj,21.4,98,0.8,0.865,High
5/2/2026 14:00,Sylhet,Sylhet,Balaganj,23.1,89,0.3,0.9737,High
5/2/2026 16:00,Sylhet,Sylhet,Balaganj,21,95,1.8,0.9505,High
5/2/2026 18:00,Sylhet,Sylhet,Balaganj,21.5,97,0.3,1,High
5/2/2026 20:00,Sylhet,Sylhet,Balaganj,21,99,0.9,1,High
5/2/2026 22:00,Sylhet,Sylhet,Balaganj,20.6,99,5.1,0.5942,Medium
5/3/2026 0:00,Sylhet,Sylhet,Balaganj,20.3,100,0.1,0.4042,Low
5/3/2026 2:00,Sylhet,Sylhet,Balaganj,20.1,99,0.2,0.399,Low
5/3/2026 4:00,Sylhet,Sylhet,Balaganj,20,98,6.2,0.3805,Low
5/3/2026 6:00,Sylhet,Sylhet,Balaganj,19.8,95,0.5,0.6888,Medium
5/3/2026 8:00,Sylhet,Sylhet,Balaganj,21,94,0.1,0.7028,High
5/3/2026 10:00,Sylhet,Sylhet,Balaganj,24.5,79,0,0.8755,High
5/3/2026 12:00,Sylhet,Sylhet,Balaganj,27.2,66,0.2,0.8895,High
5/3/2026 14:00,Sylhet,Sylhet,Balaganj,27.2,67,0.2,0.9915,High
5/3/2026 16:00,Sylhet,Sylhet,Balaganj,27.4,70,0.1,1,High
5/3/2026 18:00,Sylhet,Sylhet,Balaganj,23.9,87,0,1,High
5/3/2026 20:00,Sylhet,Sylhet,Balaganj,22.5,93,0,1,High
5/3/2026 22:00,Sylhet,Sylhet,Balaganj,22.2,96,0.8,0.623,Medium
5/4/2026 0:00,Sylhet,Sylhet,Balaganj,21,99,0,0.413,Low
5/4/2026 2:00,Sylhet,Sylhet,Balaganj,21.5,97,0,0.4165,Low
5/4/2026 4:00,Sylhet,Sylhet,Balaganj,21.8,98,0,0.423,Low
5/4/2026 6:00,Sylhet,Sylhet,Balaganj,22.4,93,0,0.722,High
5/4/2026 8:00,Sylhet,Sylhet,Balaganj,22.6,96,0.7,0.7292,High
5/4/2026 10:00,Sylhet,Sylhet,Balaganj,22.5,96,5.4,0.866,High
5/4/2026 12:00,Sylhet,Sylhet,Balaganj,23.2,90,0.1,0.8778,High
5/4/2026 14:00,Sylhet,Sylhet,Balaganj,27.4,70,0.1,1,High
5/4/2026 16:00,Sylhet,Sylhet,Balaganj,28,66,0,1,High
5/4/2026 18:00,Sylhet,Sylhet,Balaganj,25.8,85,0,1,High
5/4/2026 20:00,Sylhet,Sylhet,Balaganj,23.6,86,0,1,High
5/4/2026 22:00,Sylhet,Sylhet,Balaganj,23.2,82,0,0.612,Medium
5/5/2026 0:00,Sylhet,Sylhet,Balaganj,22.6,89,0,0.417,Low
5/5/2026 2:00,Sylhet,Sylhet,Balaganj,22.4,93,0,0.422,Low
5/5/2026 4:00,Sylhet,Sylhet,Balaganj,21.5,96,0,0.4145,Low
5/5/2026 6:00,Sylhet,Sylhet,Balaganj,22.2,89,0,0.711,High
5/5/2026 8:00,Sylhet,Sylhet,Balaganj,24.2,86,0,0.735,High
5/5/2026 10:00,Sylhet,Sylhet,Balaganj,26.9,80,0,0.9135,High
5/5/2026 12:00,Sylhet,Sylhet,Balaganj,30,66,0,0.932,High
5/5/2026 14:00,Sylhet,Sylhet,Balaganj,31,60,0,1,High
5/5/2026 16:00,Sylhet,Sylhet,Balaganj,30.2,61,0,1,High
5/5/2026 18:00,Sylhet,Sylhet,Balaganj,27.9,76,0,1,High
5/5/2026 20:00,Sylhet,Sylhet,Balaganj,26,80,0,1,High
5/5/2026 22:00,Sylhet,Sylhet,Balaganj,24.6,87,0,0.643,Medium
5/6/2026 0:00,Sylhet,Sylhet,Balaganj,24.1,91,0,0.4435,Low
5/6/2026 2:00,Sylhet,Sylhet,Balaganj,23.4,95,0.1,0.4408,Low
5/6/2026 4:00,Sylhet,Sylhet,Balaganj,22.4,96,1.3,0.4248,Low
5/6/2026 6:00,Sylhet,Sylhet,Balaganj,23.1,97,0.2,0.74,High
5/6/2026 8:00,Sylhet,Sylhet,Balaganj,25.8,84,0.1,0.7547,High
5/6/2026 10:00,Sylhet,Sylhet,Balaganj,28.6,72,0,0.923,High
5/6/2026 12:00,Sylhet,Sylhet,Balaganj,28.8,66,0.3,0.9132,High
5/6/2026 14:00,Sylhet,Sylhet,Balaganj,28.9,66,0,1,High
5/6/2026 16:00,Sylhet,Sylhet,Balaganj,30,62,0,1,High
5/6/2026 18:00,Sylhet,Sylhet,Balaganj,26.8,78,0,1,High
5/6/2026 20:00,Sylhet,Sylhet,Balaganj,25.1,82,0,1,High
5/6/2026 22:00,Sylhet,Sylhet,Balaganj,24.1,88,0.3,0.6367,Medium
5/7/2026 0:00,Sylhet,Sylhet,Balaganj,23.4,94,0.5,0.4378,Low
5/7/2026 2:00,Sylhet,Sylhet,Balaganj,22.9,95,0,0.4335,Low
5/7/2026 4:00,Sylhet,Sylhet,Balaganj,22.6,96,0,0.431,Low
5/7/2026 6:00,Sylhet,Sylhet,Balaganj,22.9,98,0.1,0.7392,High
5/7/2026 8:00,Sylhet,Sylhet,Balaganj,25.9,86,0,0.7605,High
5/7/2026 10:00,Sylhet,Sylhet,Balaganj,28.2,70,0,0.913,High
5/7/2026 12:00,Sylhet,Sylhet,Balaganj,29.8,59,0,0.915,High
5/7/2026 14:00,Sylhet,Sylhet,Balaganj,30.5,56,0,1,High
5/7/2026 16:00,Sylhet,Sylhet,Balaganj,30.3,57,0,1,High
5/7/2026 18:00,Sylhet,Sylhet,Balaganj,28.2,71,0,1,High
5/7/2026 20:00,Sylhet,Sylhet,Balaganj,27,73,0,1,High
5/7/2026 22:00,Sylhet,Sylhet,Balaganj,25.4,80,0,0.641,Medium
5/8/2026 0:00,Sylhet,Sylhet,Balaganj,25.6,81,0,0.446,Low
5/8/2026 2:00,Sylhet,Sylhet,Balaganj,24.7,86,0,0.4425,Low
5/8/2026 4:00,Sylhet,Sylhet,Balaganj,24,88,0,0.436,Low
5/8/2026 6:00,Sylhet,Sylhet,Balaganj,23.3,93,0,0.7355,High
5/8/2026 8:00,Sylhet,Sylhet,Balaganj,27.1,79,0,0.7645,High
5/8/2026 10:00,Sylhet,Sylhet,Balaganj,30.4,59,0,0.924,High
5/8/2026 12:00,Sylhet,Sylhet,Balaganj,30.5,56,0,0.9195,High
5/8/2026 14:00,Sylhet,Sylhet,Balaganj,31.5,51,0,1,High
5/8/2026 16:00,Sylhet,Sylhet,Balaganj,30.5,54,0,1,High
5/8/2026 18:00,Sylhet,Sylhet,Balaganj,28.4,71,0,1,High
5/8/2026 20:00,Sylhet,Sylhet,Balaganj,26.2,72,0,1,High
5/8/2026 22:00,Sylhet,Sylhet,Balaganj,25.4,77,0,0.635,Medium
5/9/2026 0:00,Sylhet,Sylhet,Balaganj,24.9,84,0,0.4415,Low
5/9/2026 2:00,Sylhet,Sylhet,Balaganj,24.3,84,0,0.4325,Low
5/9/2026 4:00,Sylhet,Sylhet,Balaganj,23.2,86,0,0.42,Low
5/9/2026 6:00,Sylhet,Sylhet,Balaganj,23,88,0,0.721,High
5/9/2026 8:00,Sylhet,Sylhet,Balaganj,26.8,77,0,0.756,High
5/9/2026 10:00,Sylhet,Sylhet,Balaganj,29.9,66,0,0.9305,High
5/9/2026 12:00,Sylhet,Sylhet,Balaganj,31.6,54,0,0.932,High
5/9/2026 14:00,Sylhet,Sylhet,Balaganj,32.8,49,0,1,High
5/9/2026 16:00,Sylhet,Sylhet,Balaganj,32,51,0,1,High
5/9/2026 18:00,Sylhet,Sylhet,Balaganj,29.5,74,0,1,High
5/9/2026 20:00,Sylhet,Sylhet,Balaganj,27,79,0,1,High
5/9/2026 22:00,Sylhet,Sylhet,Balaganj,26.8,76,0,0.654,Medium
5/10/2026 0:00,Sylhet,Sylhet,Balaganj,25.6,83,0,0.45,Medium
5/10/2026 2:00,Sylhet,Sylhet,Balaganj,25.5,84,0,0.4505,Medium
5/10/2026 4:00,Sylhet,Sylhet,Balaganj,24.7,89,0,0.4485,Low
5/10/2026 6:00,Sylhet,Sylhet,Balaganj,24.1,93,0,0.7475,High
5/10/2026 8:00,Sylhet,Sylhet,Balaganj,27.9,80,0,0.7785,High
5/10/2026 10:00,Sylhet,Sylhet,Balaganj,30.9,68,0,0.9495,High
5/10/2026 12:00,Sylhet,Sylhet,Balaganj,32.5,51,0,0.9395,High
5/10/2026 14:00,Sylhet,Sylhet,Balaganj,31.5,54,0,1,High
5/10/2026 16:00,Sylhet,Sylhet,Balaganj,26.2,75,0,0.993,High
5/10/2026 18:00,Sylhet,Sylhet,Balaganj,26.5,70,0,1,High
5/10/2026 20:00,Sylhet,Sylhet,Balaganj,25.2,75,0.1,1,High
5/10/2026 22:00,Sylhet,Sylhet,Balaganj,24.8,78,0,0.628,Medium
5/11/2026 0:00,Sylhet,Sylhet,Balaganj,25,75,0,0.425,Low
5/11/2026 2:00,Sylhet,Sylhet,Balaganj,25,80,0,0.435,Low
5/11/2026 4:00,Sylhet,Sylhet,Balaganj,21.5,97,4.5,0.4052,Low
5/11/2026 6:00,Sylhet,Sylhet,Balaganj,23.9,92,4.4,0.7315,High
5/11/2026 8:00,Sylhet,Sylhet,Balaganj,25,80,0.6,0.7335,High
5/11/2026 10:00,Sylhet,Sylhet,Balaganj,26.4,78,0,0.902,High
5/11/2026 12:00,Sylhet,Sylhet,Balaganj,28.2,72,0,0.917,High
5/11/2026 14:00,Sylhet,Sylhet,Balaganj,27.4,73,3.7,0.9978,High
5/11/2026 16:00,Sylhet,Sylhet,Balaganj,26,78,0.1,0.9958,High
5/11/2026 18:00,Sylhet,Sylhet,Balaganj,27.2,80,0,1,High
5/11/2026 20:00,Sylhet,Sylhet,Balaganj,25,79,0,1,High
5/11/2026 22:00,Sylhet,Sylhet,Balaganj,23.4,91,0.1,0.6327,Medium
5/12/2026 0:00,Sylhet,Sylhet,Balaganj,23.3,93,0,0.4355,Low
5/12/2026 2:00,Sylhet,Sylhet,Balaganj,22.3,94,0,0.4225,Low
5/12/2026 4:00,Sylhet,Sylhet,Balaganj,22.1,92,0,0.4155,Low
5/12/2026 6:00,Sylhet,Sylhet,Balaganj,23.5,95,0,0.7425,High
5/12/2026 8:00,Sylhet,Sylhet,Balaganj,24.6,85,0.2,0.7385,High
5/12/2026 10:00,Sylhet,Sylhet,Balaganj,28,71,0,0.912,High
5/12/2026 12:00,Sylhet,Sylhet,Balaganj,28.8,66,0,0.914,High
5/12/2026 14:00,Sylhet,Sylhet,Balaganj,30,62,0.1,1,High
5/12/2026 16:00,Sylhet,Sylhet,Balaganj,29.5,63,0,1,High
5/12/2026 18:00,Sylhet,Sylhet,Balaganj,27.5,78,0,1,High
5/12/2026 20:00,Sylhet,Sylhet,Balaganj,26.2,82,0,1,High
5/12/2026 22:00,Sylhet,Sylhet,Balaganj,25.6,84,0,0.652,Medium
5/13/2026 0:00,Sylhet,Sylhet,Balaganj,25.6,87,0,0.458,Medium
5/13/2026 2:00,Sylhet,Sylhet,Balaganj,23,95,2.1,0.4298,Low
5/13/2026 4:00,Sylhet,Sylhet,Balaganj,22.5,96,2.1,0.4242,Low
5/13/2026 6:00,Sylhet,Sylhet,Balaganj,24.4,96,0.4,0.757,High
5/13/2026 8:00,Sylhet,Sylhet,Balaganj,24,94,0.1,0.7477,High
5/13/2026 10:00,Sylhet,Sylhet,Balaganj,25,90,0.5,0.9038,High
5/13/2026 12:00,Sylhet,Sylhet,Balaganj,26.1,83,0.2,0.907,High
5/13/2026 14:00,Sylhet,Sylhet,Balaganj,30,63,0,1,High
5/13/2026 16:00,Sylhet,Sylhet,Balaganj,30.2,62,0,1,High
5/13/2026 18:00,Sylhet,Sylhet,Balaganj,28.7,79,0,1,High
5/13/2026 20:00,Sylhet,Sylhet,Balaganj,26.9,85,0,1,High
5/13/2026 22:00,Sylhet,Sylhet,Balaganj,23.2,96,1.7,0.6358,Medium
4/13/2026 0:00,Sylhet,Sylhet,Beani Bazar,21.6,89,0,0.402,Low
4/13/2026 2:00,Sylhet,Sylhet,Beani Bazar,21,91,0.9,0.3948,Low
4/13/2026 4:00,Sylhet,Sylhet,Beani Bazar,20.1,93,0.3,0.3868,Low
4/13/2026 6:00,Sylhet,Sylhet,Beani Bazar,20.2,93,0.5,0.6878,Medium
4/13/2026 8:00,Sylhet,Sylhet,Beani Bazar,21.8,91,0.1,0.7088,High
4/13/2026 10:00,Sylhet,Sylhet,Beani Bazar,22.6,83,0.9,0.8528,High
4/13/2026 12:00,Sylhet,Sylhet,Beani Bazar,25.5,72,0.1,0.8762,High
4/13/2026 14:00,Sylhet,Sylhet,Beani Bazar,26,69,0,0.978,High
4/13/2026 16:00,Sylhet,Sylhet,Beani Bazar,26.6,68,0,0.985,High
4/13/2026 18:00,Sylhet,Sylhet,Beani Bazar,26,77,0,1,High
4/13/2026 20:00,Sylhet,Sylhet,Beani Bazar,24.1,75,0.1,1,High
4/13/2026 22:00,Sylhet,Sylhet,Beani Bazar,22.6,79,0.5,0.5958,Medium
4/14/2026 0:00,Sylhet,Sylhet,Beani Bazar,21.8,88,4.3,0.3923,Low
4/14/2026 2:00,Sylhet,Sylhet,Beani Bazar,21.2,96,10.9,0.3828,Low
4/14/2026 4:00,Sylhet,Sylhet,Beani Bazar,20.6,98,1.7,0.4008,Low
4/14/2026 6:00,Sylhet,Sylhet,Beani Bazar,21.2,95,4.6,0.6965,Medium
4/14/2026 8:00,Sylhet,Sylhet,Beani Bazar,23.5,84,0,0.7205,High
4/14/2026 10:00,Sylhet,Sylhet,Beani Bazar,27.7,68,0,0.9015,High
4/14/2026 12:00,Sylhet,Sylhet,Beani Bazar,29.3,62,0,0.9135,High
4/14/2026 14:00,Sylhet,Sylhet,Beani Bazar,30.5,57,0,1,High
4/14/2026 16:00,Sylhet,Sylhet,Beani Bazar,30.1,60,0,1,High
4/14/2026 18:00,Sylhet,Sylhet,Beani Bazar,27,88,0,1,High
4/14/2026 20:00,Sylhet,Sylhet,Beani Bazar,24.1,90,0.9,1,High
4/14/2026 22:00,Sylhet,Sylhet,Beani Bazar,22.2,94,0.6,0.6195,Medium
4/15/2026 0:00,Sylhet,Sylhet,Beani Bazar,21.5,98,4,0.4085,Low
4/15/2026 2:00,Sylhet,Sylhet,Beani Bazar,21.3,98,5.9,0.4008,Low
4/15/2026 4:00,Sylhet,Sylhet,Beani Bazar,21.6,96,0,0.416,Low
4/15/2026 6:00,Sylhet,Sylhet,Beani Bazar,21.1,97,0.2,0.71,High
4/15/2026 8:00,Sylhet,Sylhet,Beani Bazar,22,93,0.6,0.7145,High
4/15/2026 10:00,Sylhet,Sylhet,Beani Bazar,24.9,82,0,0.8875,High
4/15/2026 12:00,Sylhet,Sylhet,Beani Bazar,27.8,67,0,0.901,High
4/15/2026 14:00,Sylhet,Sylhet,Beani Bazar,29.9,63,0,1,High
4/15/2026 16:00,Sylhet,Sylhet,Beani Bazar,29.2,70,1,1,High
4/15/2026 18:00,Sylhet,Sylhet,Beani Bazar,26.2,80,0,1,High
4/15/2026 20:00,Sylhet,Sylhet,Beani Bazar,23.6,87,0.7,1,High
4/15/2026 22:00,Sylhet,Sylhet,Beani Bazar,22.1,93,0,0.6175,Medium
4/16/2026 0:00,Sylhet,Sylhet,Beani Bazar,20.9,99,6,0.3965,Low
4/16/2026 2:00,Sylhet,Sylhet,Beani Bazar,20.6,96,5.3,0.3878,Low
4/16/2026 4:00,Sylhet,Sylhet,Beani Bazar,20.5,98,0.4,0.4025,Low
4/16/2026 6:00,Sylhet,Sylhet,Beani Bazar,21.4,98,0.7,0.7152,High
4/16/2026 8:00,Sylhet,Sylhet,Beani Bazar,24.4,89,0,0.744,High
4/16/2026 10:00,Sylhet,Sylhet,Beani Bazar,28,71,0,0.912,High
4/16/2026 12:00,Sylhet,Sylhet,Beani Bazar,30.3,59,0,0.9225,High
4/16/2026 14:00,Sylhet,Sylhet,Beani Bazar,30.6,56,0.1,1,High
4/16/2026 16:00,Sylhet,Sylhet,Beani Bazar,30.5,59,0,1,High
4/16/2026 18:00,Sylhet,Sylhet,Beani Bazar,27.1,80,0,1,High
4/16/2026 20:00,Sylhet,Sylhet,Beani Bazar,25.8,87,0,1,High
4/16/2026 22:00,Sylhet,Sylhet,Beani Bazar,24.6,86,0,0.641,Medium
4/17/2026 0:00,Sylhet,Sylhet,Beani Bazar,24,91,0,0.442,Low
4/17/2026 2:00,Sylhet,Sylhet,Beani Bazar,23.2,92,0.1,0.4318,Low
4/17/2026 4:00,Sylhet,Sylhet,Beani Bazar,22.5,96,0,0.4295,Low
4/17/2026 6:00,Sylhet,Sylhet,Beani Bazar,22.6,95,0,0.729,High
4/17/2026 8:00,Sylhet,Sylhet,Beani Bazar,26.1,84,0,0.7595,High
4/17/2026 10:00,Sylhet,Sylhet,Beani Bazar,28.9,72,0,0.9275,High
4/17/2026 12:00,Sylhet,Sylhet,Beani Bazar,31,69,0,0.953,High
4/17/2026 14:00,Sylhet,Sylhet,Beani Bazar,31.6,66,0,1,High
4/17/2026 16:00,Sylhet,Sylhet,Beani Bazar,27.6,78,0,1,High
4/17/2026 18:00,Sylhet,Sylhet,Beani Bazar,26.1,90,0,1,High
4/17/2026 20:00,Sylhet,Sylhet,Beani Bazar,25.5,87,0,1,High
4/17/2026 22:00,Sylhet,Sylhet,Beani Bazar,25.8,82,0,0.651,Medium
4/18/2026 0:00,Sylhet,Sylhet,Beani Bazar,25.8,83,0,0.453,Medium
4/18/2026 2:00,Sylhet,Sylhet,Beani Bazar,23.6,92,0.9,0.4358,Low
4/18/2026 4:00,Sylhet,Sylhet,Beani Bazar,22.8,100,0.5,0.4408,Low
4/18/2026 6:00,Sylhet,Sylhet,Beani Bazar,24,99,0,0.758,High
4/18/2026 8:00,Sylhet,Sylhet,Beani Bazar,25.1,91,0.1,0.7582,High
4/18/2026 10:00,Sylhet,Sylhet,Beani Bazar,26.8,84,0.1,0.9198,High
4/18/2026 12:00,Sylhet,Sylhet,Beani Bazar,29.5,76,0,0.9445,High
4/18/2026 14:00,Sylhet,Sylhet,Beani Bazar,28.8,75,3.7,1,High
4/18/2026 16:00,Sylhet,Sylhet,Beani Bazar,29.5,71,0,1,High
4/18/2026 18:00,Sylhet,Sylhet,Beani Bazar,28,84,0,1,High
4/18/2026 20:00,Sylhet,Sylhet,Beani Bazar,26.2,87,0,1,High
4/18/2026 22:00,Sylhet,Sylhet,Beani Bazar,25.6,92,0,0.668,Medium
4/19/2026 0:00,Sylhet,Sylhet,Beani Bazar,25.1,91,0,0.4585,Medium
4/19/2026 2:00,Sylhet,Sylhet,Beani Bazar,23.7,97,0.1,0.4492,Low
4/19/2026 4:00,Sylhet,Sylhet,Beani Bazar,23.1,96,0,0.4385,Low
4/19/2026 6:00,Sylhet,Sylhet,Beani Bazar,23,97,0,0.739,High
4/19/2026 8:00,Sylhet,Sylhet,Beani Bazar,25,91,0.2,0.7565,High
4/19/2026 10:00,Sylhet,Sylhet,Beani Bazar,27.7,79,0.2,0.923,High
4/19/2026 12:00,Sylhet,Sylhet,Beani Bazar,28.8,72,0.2,0.9255,High
4/19/2026 14:00,Sylhet,Sylhet,Beani Bazar,29.4,69,0,1,High
4/19/2026 16:00,Sylhet,Sylhet,Beani Bazar,28,78,0,1,High
4/19/2026 18:00,Sylhet,Sylhet,Beani Bazar,27,86,0,1,High
4/19/2026 20:00,Sylhet,Sylhet,Beani Bazar,25.6,89,1,1,High
4/19/2026 22:00,Sylhet,Sylhet,Beani Bazar,24.2,91,0.1,0.6447,Medium
4/20/2026 0:00,Sylhet,Sylhet,Beani Bazar,23.4,95,5.7,0.4268,Low
4/20/2026 2:00,Sylhet,Sylhet,Beani Bazar,22.6,97,0.4,0.432,Low
4/20/2026 4:00,Sylhet,Sylhet,Beani Bazar,21.9,97,0.6,0.421,Low
4/20/2026 6:00,Sylhet,Sylhet,Beani Bazar,22.4,96,0,0.728,High
4/20/2026 8:00,Sylhet,Sylhet,Beani Bazar,23.4,91,0,0.733,High
4/20/2026 10:00,Sylhet,Sylhet,Beani Bazar,24.5,87,0.5,0.8902,High
4/20/2026 12:00,Sylhet,Sylhet,Beani Bazar,28.8,73,0,0.928,High
4/20/2026 14:00,Sylhet,Sylhet,Beani Bazar,31.4,62,0,1,High
4/20/2026 16:00,Sylhet,Sylhet,Beani Bazar,30,72,0.5,1,High
4/20/2026 18:00,Sylhet,Sylhet,Beani Bazar,24.8,94,0.6,1,High
4/20/2026 20:00,Sylhet,Sylhet,Beani Bazar,24.1,96,0.8,1,High
4/20/2026 22:00,Sylhet,Sylhet,Beani Bazar,23,94,0.1,0.6328,Medium
4/21/2026 0:00,Sylhet,Sylhet,Beani Bazar,22.5,96,2.6,0.423,Low
4/21/2026 2:00,Sylhet,Sylhet,Beani Bazar,22,96,7.1,0.4042,Low
4/21/2026 4:00,Sylhet,Sylhet,Beani Bazar,21.9,96,4.7,0.4088,Low
4/21/2026 6:00,Sylhet,Sylhet,Beani Bazar,22.2,92,0,0.717,High
4/21/2026 8:00,Sylhet,Sylhet,Beani Bazar,23.9,89,0.1,0.7362,High
4/21/2026 10:00,Sylhet,Sylhet,Beani Bazar,26,82,0,0.904,High
4/21/2026 12:00,Sylhet,Sylhet,Beani Bazar,28.9,72,0.1,0.9272,High
4/21/2026 14:00,Sylhet,Sylhet,Beani Bazar,29.8,72,0.4,1,High
4/21/2026 16:00,Sylhet,Sylhet,Beani Bazar,29.4,74,0,1,High
4/21/2026 18:00,Sylhet,Sylhet,Beani Bazar,28,89,0.6,1,High
4/21/2026 20:00,Sylhet,Sylhet,Beani Bazar,25,94,0,1,High
4/21/2026 22:00,Sylhet,Sylhet,Beani Bazar,24.2,93,0.2,0.6485,Medium
4/22/2026 0:00,Sylhet,Sylhet,Beani Bazar,22.7,97,0.1,0.4342,Low
4/22/2026 2:00,Sylhet,Sylhet,Beani Bazar,22.3,95,0.1,0.4243,Low
4/22/2026 4:00,Sylhet,Sylhet,Beani Bazar,22.4,96,0,0.428,Low
4/22/2026 6:00,Sylhet,Sylhet,Beani Bazar,21,97,0.5,0.7078,High
4/22/2026 8:00,Sylhet,Sylhet,Beani Bazar,21.1,93,14.4,0.6665,Medium
4/22/2026 10:00,Sylhet,Sylhet,Beani Bazar,22.8,87,5.1,0.8532,High
4/22/2026 12:00,Sylhet,Sylhet,Beani Bazar,28.4,74,0,0.924,High
4/22/2026 14:00,Sylhet,Sylhet,Beani Bazar,29.8,68,0,1,High
4/22/2026 16:00,Sylhet,Sylhet,Beani Bazar,30.7,66,0,1,High
4/22/2026 18:00,Sylhet,Sylhet,Beani Bazar,28.4,83,0,1,High
4/22/2026 20:00,Sylhet,Sylhet,Beani Bazar,26.2,87,0,1,High
4/22/2026 22:00,Sylhet,Sylhet,Beani Bazar,25.4,88,0,0.657,Medium
4/23/2026 0:00,Sylhet,Sylhet,Beani Bazar,23.6,94,0,0.442,Low
4/23/2026 2:00,Sylhet,Sylhet,Beani Bazar,23.5,92,0,0.4365,Low
4/23/2026 4:00,Sylhet,Sylhet,Beani Bazar,23,89,0,0.423,Low
4/23/2026 6:00,Sylhet,Sylhet,Beani Bazar,22.5,98,0,0.7335,High
4/23/2026 8:00,Sylhet,Sylhet,Beani Bazar,24.9,92,0.1,0.7572,High
4/23/2026 10:00,Sylhet,Sylhet,Beani Bazar,27.1,79,0.1,0.9143,High
4/23/2026 12:00,Sylhet,Sylhet,Beani Bazar,30,64,0,0.928,High
4/23/2026 14:00,Sylhet,Sylhet,Beani Bazar,31.6,57,0,1,High
4/23/2026 16:00,Sylhet,Sylhet,Beani Bazar,32,55,0,1,High
4/23/2026 18:00,Sylhet,Sylhet,Beani Bazar,29.1,80,0,1,High
4/23/2026 20:00,Sylhet,Sylhet,Beani Bazar,27.3,84,0,1,High
4/23/2026 22:00,Sylhet,Sylhet,Beani Bazar,27,80,0,0.665,Medium
4/24/2026 0:00,Sylhet,Sylhet,Beani Bazar,26.1,84,0,0.4595,Medium
4/24/2026 2:00,Sylhet,Sylhet,Beani Bazar,25.5,86,0,0.4545,Medium
4/24/2026 4:00,Sylhet,Sylhet,Beani Bazar,24.9,89,0,0.4515,Medium
4/24/2026 6:00,Sylhet,Sylhet,Beani Bazar,24.2,92,0,0.747,High
4/24/2026 8:00,Sylhet,Sylhet,Beani Bazar,27,85,0,0.775,High
4/24/2026 10:00,Sylhet,Sylhet,Beani Bazar,29.5,77,0.1,0.9462,High
4/24/2026 12:00,Sylhet,Sylhet,Beani Bazar,31.5,70,0,0.9625,High
4/24/2026 14:00,Sylhet,Sylhet,Beani Bazar,32.6,62,0,1,High
4/24/2026 16:00,Sylhet,Sylhet,Beani Bazar,32.2,64,0,1,High
4/24/2026 18:00,Sylhet,Sylhet,Beani Bazar,27.1,86,0,1,High
4/24/2026 20:00,Sylhet,Sylhet,Beani Bazar,26.2,93,0,1,High
4/24/2026 22:00,Sylhet,Sylhet,Beani Bazar,26.5,89,0,0.6755,Medium
4/25/2026 0:00,Sylhet,Sylhet,Beani Bazar,26.4,87,0,0.47,Medium
4/25/2026 2:00,Sylhet,Sylhet,Beani Bazar,25.9,86,0,0.4605,Medium
4/25/2026 4:00,Sylhet,Sylhet,Beani Bazar,25.5,87,0,0.4565,Medium
4/25/2026 6:00,Sylhet,Sylhet,Beani Bazar,25.4,94,0,0.769,High
4/25/2026 8:00,Sylhet,Sylhet,Beani Bazar,28.6,79,0,0.787,High
4/25/2026 10:00,Sylhet,Sylhet,Beani Bazar,29.2,76,0,0.94,High
4/25/2026 12:00,Sylhet,Sylhet,Beani Bazar,31.8,68,0.1,0.9628,High
4/25/2026 14:00,Sylhet,Sylhet,Beani Bazar,33.5,57,0,1,High
4/25/2026 16:00,Sylhet,Sylhet,Beani Bazar,32.7,60,0,1,High
4/25/2026 18:00,Sylhet,Sylhet,Beani Bazar,30,78,0,1,High
4/25/2026 20:00,Sylhet,Sylhet,Beani Bazar,27.6,82,0,1,High
4/25/2026 22:00,Sylhet,Sylhet,Beani Bazar,27.2,81,0,0.67,Medium
4/26/2026 0:00,Sylhet,Sylhet,Beani Bazar,26.1,87,0,0.4655,Medium
4/26/2026 2:00,Sylhet,Sylhet,Beani Bazar,24.8,95,0,0.462,Medium
4/26/2026 4:00,Sylhet,Sylhet,Beani Bazar,24.6,91,0,0.451,Medium
4/26/2026 6:00,Sylhet,Sylhet,Beani Bazar,23.4,92,2.6,0.7285,High
4/26/2026 8:00,Sylhet,Sylhet,Beani Bazar,25.7,87,0,0.7595,High
4/26/2026 10:00,Sylhet,Sylhet,Beani Bazar,28.5,69,0.1,0.9152,High
4/26/2026 12:00,Sylhet,Sylhet,Beani Bazar,27.1,73,0,0.9025,High
4/26/2026 14:00,Sylhet,Sylhet,Beani Bazar,26.6,75,0,0.999,High
4/26/2026 16:00,Sylhet,Sylhet,Beani Bazar,27.2,67,0,0.992,High
4/26/2026 18:00,Sylhet,Sylhet,Beani Bazar,24,82,8,1,High
4/26/2026 20:00,Sylhet,Sylhet,Beani Bazar,23.8,82,0,1,High
4/26/2026 22:00,Sylhet,Sylhet,Beani Bazar,23.3,84,0,0.6175,Medium
4/27/2026 0:00,Sylhet,Sylhet,Beani Bazar,22.8,89,8.4,0.399,Low
4/27/2026 2:00,Sylhet,Sylhet,Beani Bazar,22.1,92,0.3,0.4148,Low
4/27/2026 4:00,Sylhet,Sylhet,Beani Bazar,21.7,98,0.3,0.4208,Low
4/27/2026 6:00,Sylhet,Sylhet,Beani Bazar,20.6,95,6.1,0.6838,Medium
4/27/2026 8:00,Sylhet,Sylhet,Beani Bazar,21,98,2,0.706,High
4/27/2026 10:00,Sylhet,Sylhet,Beani Bazar,21.5,93,1.2,0.8555,High
4/27/2026 12:00,Sylhet,Sylhet,Beani Bazar,21.4,89,0.1,0.8488,High
4/27/2026 14:00,Sylhet,Sylhet,Beani Bazar,23.8,80,0.2,0.9665,High
4/27/2026 16:00,Sylhet,Sylhet,Beani Bazar,22.7,89,1.5,0.9647,High
4/27/2026 18:00,Sylhet,Sylhet,Beani Bazar,21.8,97,6.3,1,High
4/27/2026 20:00,Sylhet,Sylhet,Beani Bazar,21.6,97,2.8,1,High
4/27/2026 22:00,Sylhet,Sylhet,Beani Bazar,21.5,97,1.7,0.6122,Medium
4/28/2026 0:00,Sylhet,Sylhet,Beani Bazar,21.5,98,4.1,0.4082,Low
4/28/2026 2:00,Sylhet,Sylhet,Beani Bazar,21.2,98,3.1,0.4062,Low
4/28/2026 4:00,Sylhet,Sylhet,Beani Bazar,20.9,97,2.3,0.4018,Low
4/28/2026 6:00,Sylhet,Sylhet,Beani Bazar,21.6,96,2.3,0.7102,High
4/28/2026 8:00,Sylhet,Sylhet,Beani Bazar,22.5,91,1.1,0.7167,High
4/28/2026 10:00,Sylhet,Sylhet,Beani Bazar,22.9,91,6.7,0.8587,High
4/28/2026 12:00,Sylhet,Sylhet,Beani Bazar,23,88,10.6,0.8445,High
4/28/2026 14:00,Sylhet,Sylhet,Beani Bazar,24.7,82,0.7,0.9827,High
4/28/2026 16:00,Sylhet,Sylhet,Beani Bazar,22.9,96,5.6,0.9715,High
4/28/2026 18:00,Sylhet,Sylhet,Beani Bazar,23,98,0.7,1,High
4/28/2026 20:00,Sylhet,Sylhet,Beani Bazar,22.5,98,1,1,High
4/28/2026 22:00,Sylhet,Sylhet,Beani Bazar,21.8,97,1.5,0.6172,Medium
4/29/2026 0:00,Sylhet,Sylhet,Beani Bazar,21.8,98,10.5,0.3968,Low
4/29/2026 2:00,Sylhet,Sylhet,Beani Bazar,21.8,97,1.4,0.4175,Low
4/29/2026 4:00,Sylhet,Sylhet,Beani Bazar,21.5,98,1.5,0.4148,Low
4/29/2026 6:00,Sylhet,Sylhet,Beani Bazar,21.4,93,13.5,0.6732,Medium
4/29/2026 8:00,Sylhet,Sylhet,Beani Bazar,21.5,97,2.2,0.711,High
4/29/2026 10:00,Sylhet,Sylhet,Beani Bazar,22,98,3.5,0.8672,High
4/29/2026 12:00,Sylhet,Sylhet,Beani Bazar,21.2,97,0.3,0.8612,High
4/29/2026 14:00,Sylhet,Sylhet,Beani Bazar,22.9,83,0.3,0.9588,High
4/29/2026 16:00,Sylhet,Sylhet,Beani Bazar,23.5,80,0,0.9625,High
4/29/2026 18:00,Sylhet,Sylhet,Beani Bazar,22.9,85,0,1,High
4/29/2026 20:00,Sylhet,Sylhet,Beani Bazar,21.6,89,0,1,High
4/29/2026 22:00,Sylhet,Sylhet,Beani Bazar,21.1,90,0,0.5965,Medium
4/30/2026 0:00,Sylhet,Sylhet,Beani Bazar,21.9,83,0,0.3945,Low
4/30/2026 2:00,Sylhet,Sylhet,Beani Bazar,21,94,8.5,0.3818,Low
4/30/2026 4:00,Sylhet,Sylhet,Beani Bazar,20.5,96,0.7,0.3978,Low
4/30/2026 6:00,Sylhet,Sylhet,Beani Bazar,20.3,97,0,0.6985,Medium
4/30/2026 8:00,Sylhet,Sylhet,Beani Bazar,21.6,94,0.6,0.7105,High
4/30/2026 10:00,Sylhet,Sylhet,Beani Bazar,23.4,87,0.1,0.8748,High
4/30/2026 12:00,Sylhet,Sylhet,Beani Bazar,25.1,74,0.1,0.8742,High
4/30/2026 14:00,Sylhet,Sylhet,Beani Bazar,27.5,64,0,0.9905,High
4/30/2026 16:00,Sylhet,Sylhet,Beani Bazar,27.7,63,0.1,0.9912,High
4/30/2026 18:00,Sylhet,Sylhet,Beani Bazar,23.8,87,0,1,High
4/30/2026 20:00,Sylhet,Sylhet,Beani Bazar,22.5,90,0,1,High
4/30/2026 22:00,Sylhet,Sylhet,Beani Bazar,21.7,95,0,0.6155,Medium
5/1/2026 0:00,Sylhet,Sylhet,Beani Bazar,22.1,93,0,0.4175,Low
5/1/2026 2:00,Sylhet,Sylhet,Beani Bazar,21.8,96,0.1,0.4188,Low
5/1/2026 4:00,Sylhet,Sylhet,Beani Bazar,21,98,0,0.411,Low
5/1/2026 6:00,Sylhet,Sylhet,Beani Bazar,21.3,96,0.1,0.7112,High
5/1/2026 8:00,Sylhet,Sylhet,Beani Bazar,21.9,95,2.3,0.7127,High
5/1/2026 10:00,Sylhet,Sylhet,Beani Bazar,23.8,90,0.4,0.886,High
5/1/2026 12:00,Sylhet,Sylhet,Beani Bazar,24.2,87,0.4,0.886,High
5/1/2026 14:00,Sylhet,Sylhet,Beani Bazar,22.5,93,5.1,0.9607,High
5/1/2026 16:00,Sylhet,Sylhet,Beani Bazar,21.5,96,1.9,0.9597,High
5/1/2026 18:00,Sylhet,Sylhet,Beani Bazar,21.5,95,1.8,1,High
5/1/2026 20:00,Sylhet,Sylhet,Beani Bazar,21.2,93,0,1,High
5/1/2026 22:00,Sylhet,Sylhet,Beani Bazar,20.2,98,0,0.599,Medium
5/2/2026 0:00,Sylhet,Sylhet,Beani Bazar,21.1,98,0.4,0.4115,Low
5/2/2026 2:00,Sylhet,Sylhet,Beani Bazar,20.6,96,0.1,0.4008,Low
5/2/2026 4:00,Sylhet,Sylhet,Beani Bazar,20.1,98,0.6,0.396,Low
5/2/2026 6:00,Sylhet,Sylhet,Beani Bazar,20.6,95,0.3,0.6982,Medium
5/2/2026 8:00,Sylhet,Sylhet,Beani Bazar,21.4,96,1.8,0.7085,High
5/2/2026 10:00,Sylhet,Sylhet,Beani Bazar,21.2,96,1.1,0.8572,High
5/2/2026 12:00,Sylhet,Sylhet,Beani Bazar,21.4,98,0.8,0.865,High
5/2/2026 14:00,Sylhet,Sylhet,Beani Bazar,23.1,89,0.3,0.9737,High
5/2/2026 16:00,Sylhet,Sylhet,Beani Bazar,21,95,1.8,0.9505,High
5/2/2026 18:00,Sylhet,Sylhet,Beani Bazar,21.5,97,0.3,1,High
5/2/2026 20:00,Sylhet,Sylhet,Beani Bazar,21,99,0.9,1,High
5/2/2026 22:00,Sylhet,Sylhet,Beani Bazar,20.6,99,5.1,0.5942,Medium
5/3/2026 0:00,Sylhet,Sylhet,Beani Bazar,20.3,100,0.1,0.4042,Low
5/3/2026 2:00,Sylhet,Sylhet,Beani Bazar,20.1,99,0.2,0.399,Low
5/3/2026 4:00,Sylhet,Sylhet,Beani Bazar,20,98,6.2,0.3805,Low
5/3/2026 6:00,Sylhet,Sylhet,Beani Bazar,19.8,95,0.5,0.6888,Medium
5/3/2026 8:00,Sylhet,Sylhet,Beani Bazar,21,94,0.1,0.7028,High
5/3/2026 10:00,Sylhet,Sylhet,Beani Bazar,24.5,79,0,0.8755,High
5/3/2026 12:00,Sylhet,Sylhet,Beani Bazar,27.2,66,0.2,0.8895,High
5/3/2026 14:00,Sylhet,Sylhet,Beani Bazar,27.2,67,0.2,0.9915,High
5/3/2026 16:00,Sylhet,Sylhet,Beani Bazar,27.4,70,0.1,1,High
5/3/2026 18:00,Sylhet,Sylhet,Beani Bazar,23.9,87,0,1,High
5/3/2026 20:00,Sylhet,Sylhet,Beani Bazar,22.5,93,0,1,High
5/3/2026 22:00,Sylhet,Sylhet,Beani Bazar,22.2,96,0.8,0.623,Medium
5/4/2026 0:00,Sylhet,Sylhet,Beani Bazar,21,99,0,0.413,Low
5/4/2026 2:00,Sylhet,Sylhet,Beani Bazar,21.5,97,0,0.4165,Low
5/4/2026 4:00,Sylhet,Sylhet,Beani Bazar,21.8,98,0,0.423,Low
5/4/2026 6:00,Sylhet,Sylhet,Beani Bazar,22.4,93,0,0.722,High
5/4/2026 8:00,Sylhet,Sylhet,Beani Bazar,22.6,96,0.7,0.7292,High
5/4/2026 10:00,Sylhet,Sylhet,Beani Bazar,22.5,96,5.4,0.866,High
5/4/2026 12:00,Sylhet,Sylhet,Beani Bazar,23.2,90,0.1,0.8778,High
5/4/2026 14:00,Sylhet,Sylhet,Beani Bazar,27.4,70,0.1,1,High
5/4/2026 16:00,Sylhet,Sylhet,Beani Bazar,28,66,0,1,High
5/4/2026 18:00,Sylhet,Sylhet,Beani Bazar,25.8,85,0,1,High
5/4/2026 20:00,Sylhet,Sylhet,Beani Bazar,23.6,86,0,1,High
5/4/2026 22:00,Sylhet,Sylhet,Beani Bazar,23.2,82,0,0.612,Medium
5/5/2026 0:00,Sylhet,Sylhet,Beani Bazar,22.6,89,0,0.417,Low
5/5/2026 2:00,Sylhet,Sylhet,Beani Bazar,22.4,93,0,0.422,Low
5/5/2026 4:00,Sylhet,Sylhet,Beani Bazar,21.5,96,0,0.4145,Low
5/5/2026 6:00,Sylhet,Sylhet,Beani Bazar,22.2,89,0,0.711,High
5/5/2026 8:00,Sylhet,Sylhet,Beani Bazar,24.2,86,0,0.735,High
5/5/2026 10:00,Sylhet,Sylhet,Beani Bazar,26.9,80,0,0.9135,High
5/5/2026 12:00,Sylhet,Sylhet,Beani Bazar,30,66,0,0.932,High
5/5/2026 14:00,Sylhet,Sylhet,Beani Bazar,31,60,0,1,High
5/5/2026 16:00,Sylhet,Sylhet,Beani Bazar,30.2,61,0,1,High
5/5/2026 18:00,Sylhet,Sylhet,Beani Bazar,27.9,76,0,1,High
5/5/2026 20:00,Sylhet,Sylhet,Beani Bazar,26,80,0,1,High
5/5/2026 22:00,Sylhet,Sylhet,Beani Bazar,24.6,87,0,0.643,Medium
5/6/2026 0:00,Sylhet,Sylhet,Beani Bazar,24.1,91,0,0.4435,Low
5/6/2026 2:00,Sylhet,Sylhet,Beani Bazar,23.4,95,0.1,0.4408,Low
5/6/2026 4:00,Sylhet,Sylhet,Beani Bazar,22.4,96,1.3,0.4248,Low
5/6/2026 6:00,Sylhet,Sylhet,Beani Bazar,23.1,97,0.2,0.74,High
5/6/2026 8:00,Sylhet,Sylhet,Beani Bazar,25.8,84,0.1,0.7547,High
5/6/2026 10:00,Sylhet,Sylhet,Beani Bazar,28.6,72,0,0.923,High
5/6/2026 12:00,Sylhet,Sylhet,Beani Bazar,28.8,66,0.3,0.9132,High
5/6/2026 14:00,Sylhet,Sylhet,Beani Bazar,28.9,66,0,1,High
5/6/2026 16:00,Sylhet,Sylhet,Beani Bazar,30,62,0,1,High
5/6/2026 18:00,Sylhet,Sylhet,Beani Bazar,26.8,78,0,1,High
5/6/2026 20:00,Sylhet,Sylhet,Beani Bazar,25.1,82,0,1,High
5/6/2026 22:00,Sylhet,Sylhet,Beani Bazar,24.1,88,0.3,0.6367,Medium
5/7/2026 0:00,Sylhet,Sylhet,Beani Bazar,23.4,94,0.5,0.4378,Low
5/7/2026 2:00,Sylhet,Sylhet,Beani Bazar,22.9,95,0,0.4335,Low
5/7/2026 4:00,Sylhet,Sylhet,Beani Bazar,22.6,96,0,0.431,Low
5/7/2026 6:00,Sylhet,Sylhet,Beani Bazar,22.9,98,0.1,0.7392,High
5/7/2026 8:00,Sylhet,Sylhet,Beani Bazar,25.9,86,0,0.7605,High
5/7/2026 10:00,Sylhet,Sylhet,Beani Bazar,28.2,70,0,0.913,High
5/7/2026 12:00,Sylhet,Sylhet,Beani Bazar,29.8,59,0,0.915,High
5/7/2026 14:00,Sylhet,Sylhet,Beani Bazar,30.5,56,0,1,High
5/7/2026 16:00,Sylhet,Sylhet,Beani Bazar,30.3,57,0,1,High
5/7/2026 18:00,Sylhet,Sylhet,Beani Bazar,28.2,71,0,1,High
5/7/2026 20:00,Sylhet,Sylhet,Beani Bazar,27,73,0,1,High
5/7/2026 22:00,Sylhet,Sylhet,Beani Bazar,25.4,80,0,0.641,Medium
5/8/2026 0:00,Sylhet,Sylhet,Beani Bazar,25.6,81,0,0.446,Low
5/8/2026 2:00,Sylhet,Sylhet,Beani Bazar,24.7,86,0,0.4425,Low
5/8/2026 4:00,Sylhet,Sylhet,Beani Bazar,24,88,0,0.436,Low
5/8/2026 6:00,Sylhet,Sylhet,Beani Bazar,23.3,93,0,0.7355,High
5/8/2026 8:00,Sylhet,Sylhet,Beani Bazar,27.1,79,0,0.7645,High
5/8/2026 10:00,Sylhet,Sylhet,Beani Bazar,30.4,59,0,0.924,High
5/8/2026 12:00,Sylhet,Sylhet,Beani Bazar,30.5,56,0,0.9195,High
5/8/2026 14:00,Sylhet,Sylhet,Beani Bazar,31.5,51,0,1,High
5/8/2026 16:00,Sylhet,Sylhet,Beani Bazar,30.5,54,0,1,High
5/8/2026 18:00,Sylhet,Sylhet,Beani Bazar,28.4,71,0,1,High
5/8/2026 20:00,Sylhet,Sylhet,Beani Bazar,26.2,72,0,1,High
5/8/2026 22:00,Sylhet,Sylhet,Beani Bazar,25.4,77,0,0.635,Medium
5/9/2026 0:00,Sylhet,Sylhet,Beani Bazar,24.9,84,0,0.4415,Low
5/9/2026 2:00,Sylhet,Sylhet,Beani Bazar,24.3,84,0,0.4325,Low
5/9/2026 4:00,Sylhet,Sylhet,Beani Bazar,23.2,86,0,0.42,Low
5/9/2026 6:00,Sylhet,Sylhet,Beani Bazar,23,88,0,0.721,High
5/9/2026 8:00,Sylhet,Sylhet,Beani Bazar,26.8,77,0,0.756,High
5/9/2026 10:00,Sylhet,Sylhet,Beani Bazar,29.9,66,0,0.9305,High
5/9/2026 12:00,Sylhet,Sylhet,Beani Bazar,31.6,54,0,0.932,High
5/9/2026 14:00,Sylhet,Sylhet,Beani Bazar,32.8,49,0,1,High
5/9/2026 16:00,Sylhet,Sylhet,Beani Bazar,32,51,0,1,High
5/9/2026 18:00,Sylhet,Sylhet,Beani Bazar,29.5,74,0,1,High
5/9/2026 20:00,Sylhet,Sylhet,Beani Bazar,27,79,0,1,High
5/9/2026 22:00,Sylhet,Sylhet,Beani Bazar,26.8,76,0,0.654,Medium
5/10/2026 0:00,Sylhet,Sylhet,Beani Bazar,25.6,83,0,0.45,Medium
5/10/2026 2:00,Sylhet,Sylhet,Beani Bazar,25.5,84,0,0.4505,Medium
5/10/2026 4:00,Sylhet,Sylhet,Beani Bazar,24.7,89,0,0.4485,Low
5/10/2026 6:00,Sylhet,Sylhet,Beani Bazar,24.1,93,0,0.7475,High
5/10/2026 8:00,Sylhet,Sylhet,Beani Bazar,27.9,80,0,0.7785,High
5/10/2026 10:00,Sylhet,Sylhet,Beani Bazar,30.9,68,0,0.9495,High
5/10/2026 12:00,Sylhet,Sylhet,Beani Bazar,32.5,51,0,0.9395,High
5/10/2026 14:00,Sylhet,Sylhet,Beani Bazar,31.5,54,0,1,High
5/10/2026 16:00,Sylhet,Sylhet,Beani Bazar,26.2,75,0,0.993,High
5/10/2026 18:00,Sylhet,Sylhet,Beani Bazar,26.5,70,0,1,High
5/10/2026 20:00,Sylhet,Sylhet,Beani Bazar,25.2,75,0.1,1,High
5/10/2026 22:00,Sylhet,Sylhet,Beani Bazar,24.8,78,0,0.628,Medium
5/11/2026 0:00,Sylhet,Sylhet,Beani Bazar,25,75,0,0.425,Low
5/11/2026 2:00,Sylhet,Sylhet,Beani Bazar,25,80,0,0.435,Low
5/11/2026 4:00,Sylhet,Sylhet,Beani Bazar,21.5,97,4.5,0.4052,Low
5/11/2026 6:00,Sylhet,Sylhet,Beani Bazar,23.9,92,4.4,0.7315,High
5/11/2026 8:00,Sylhet,Sylhet,Beani Bazar,25,80,0.6,0.7335,High
5/11/2026 10:00,Sylhet,Sylhet,Beani Bazar,26.4,78,0,0.902,High
5/11/2026 12:00,Sylhet,Sylhet,Beani Bazar,28.2,72,0,0.917,High
5/11/2026 14:00,Sylhet,Sylhet,Beani Bazar,27.4,73,3.7,0.9978,High
5/11/2026 16:00,Sylhet,Sylhet,Beani Bazar,26,78,0.1,0.9958,High
5/11/2026 18:00,Sylhet,Sylhet,Beani Bazar,27.2,80,0,1,High
5/11/2026 20:00,Sylhet,Sylhet,Beani Bazar,25,79,0,1,High
5/11/2026 22:00,Sylhet,Sylhet,Beani Bazar,23.4,91,0.1,0.6327,Medium
5/12/2026 0:00,Sylhet,Sylhet,Beani Bazar,23.3,93,0,0.4355,Low
5/12/2026 2:00,Sylhet,Sylhet,Beani Bazar,22.3,94,0,0.4225,Low
5/12/2026 4:00,Sylhet,Sylhet,Beani Bazar,22.1,92,0,0.4155,Low
5/12/2026 6:00,Sylhet,Sylhet,Beani Bazar,23.5,95,0,0.7425,High
5/12/2026 8:00,Sylhet,Sylhet,Beani Bazar,24.6,85,0.2,0.7385,High
5/12/2026 10:00,Sylhet,Sylhet,Beani Bazar,28,71,0,0.912,High
5/12/2026 12:00,Sylhet,Sylhet,Beani Bazar,28.8,66,0,0.914,High
5/12/2026 14:00,Sylhet,Sylhet,Beani Bazar,30,62,0.1,1,High
5/12/2026 16:00,Sylhet,Sylhet,Beani Bazar,29.5,63,0,1,High
5/12/2026 18:00,Sylhet,Sylhet,Beani Bazar,27.5,78,0,1,High
5/12/2026 20:00,Sylhet,Sylhet,Beani Bazar,26.2,82,0,1,High
5/12/2026 22:00,Sylhet,Sylhet,Beani Bazar,25.6,84,0,0.652,Medium
5/13/2026 0:00,Sylhet,Sylhet,Beani Bazar,25.6,87,0,0.458,Medium
5/13/2026 2:00,Sylhet,Sylhet,Beani Bazar,23,95,2.1,0.4298,Low
5/13/2026 4:00,Sylhet,Sylhet,Beani Bazar,22.5,96,2.1,0.4242,Low
5/13/2026 6:00,Sylhet,Sylhet,Beani Bazar,24.4,96,0.4,0.757,High
5/13/2026 8:00,Sylhet,Sylhet,Beani Bazar,24,94,0.1,0.7477,High
5/13/2026 10:00,Sylhet,Sylhet,Beani Bazar,25,90,0.5,0.9038,High
5/13/2026 12:00,Sylhet,Sylhet,Beani Bazar,26.1,83,0.2,0.907,High
5/13/2026 14:00,Sylhet,Sylhet,Beani Bazar,30,63,0,1,High
5/13/2026 16:00,Sylhet,Sylhet,Beani Bazar,30.2,62,0,1,High
5/13/2026 18:00,Sylhet,Sylhet,Beani Bazar,28.7,79,0,1,High
5/13/2026 20:00,Sylhet,Sylhet,Beani Bazar,26.9,85,0,1,High
5/13/2026 22:00,Sylhet,Sylhet,Beani Bazar,23.2,96,1.7,0.6358,Medium
4/13/2026 0:00,Sylhet,Sylhet,Bishwanath,21.6,89,0,0.402,Low
4/13/2026 2:00,Sylhet,Sylhet,Bishwanath,21,91,0.9,0.3948,Low
4/13/2026 4:00,Sylhet,Sylhet,Bishwanath,20.1,93,0.3,0.3868,Low
4/13/2026 6:00,Sylhet,Sylhet,Bishwanath,20.2,93,0.5,0.6878,Medium
4/13/2026 8:00,Sylhet,Sylhet,Bishwanath,21.8,91,0.1,0.7088,High
4/13/2026 10:00,Sylhet,Sylhet,Bishwanath,22.6,83,0.9,0.8528,High
4/13/2026 12:00,Sylhet,Sylhet,Bishwanath,25.5,72,0.1,0.8762,High
4/13/2026 14:00,Sylhet,Sylhet,Bishwanath,26,69,0,0.978,High
4/13/2026 16:00,Sylhet,Sylhet,Bishwanath,26.6,68,0,0.985,High
4/13/2026 18:00,Sylhet,Sylhet,Bishwanath,26,77,0,1,High
4/13/2026 20:00,Sylhet,Sylhet,Bishwanath,24.1,75,0.1,1,High
4/13/2026 22:00,Sylhet,Sylhet,Bishwanath,22.6,79,0.5,0.5958,Medium
4/14/2026 0:00,Sylhet,Sylhet,Bishwanath,21.8,88,4.3,0.3923,Low
4/14/2026 2:00,Sylhet,Sylhet,Bishwanath,21.2,96,10.9,0.3828,Low
4/14/2026 4:00,Sylhet,Sylhet,Bishwanath,20.6,98,1.7,0.4008,Low
4/14/2026 6:00,Sylhet,Sylhet,Bishwanath,21.2,95,4.6,0.6965,Medium
4/14/2026 8:00,Sylhet,Sylhet,Bishwanath,23.5,84,0,0.7205,High
4/14/2026 10:00,Sylhet,Sylhet,Bishwanath,27.7,68,0,0.9015,High
4/14/2026 12:00,Sylhet,Sylhet,Bishwanath,29.3,62,0,0.9135,High
4/14/2026 14:00,Sylhet,Sylhet,Bishwanath,30.5,57,0,1,High
4/14/2026 16:00,Sylhet,Sylhet,Bishwanath,30.1,60,0,1,High
4/14/2026 18:00,Sylhet,Sylhet,Bishwanath,27,88,0,1,High
4/14/2026 20:00,Sylhet,Sylhet,Bishwanath,24.1,90,0.9,1,High
4/14/2026 22:00,Sylhet,Sylhet,Bishwanath,22.2,94,0.6,0.6195,Medium
4/15/2026 0:00,Sylhet,Sylhet,Bishwanath,21.5,98,4,0.4085,Low
4/15/2026 2:00,Sylhet,Sylhet,Bishwanath,21.3,98,5.9,0.4008,Low
4/15/2026 4:00,Sylhet,Sylhet,Bishwanath,21.6,96,0,0.416,Low
4/15/2026 6:00,Sylhet,Sylhet,Bishwanath,21.1,97,0.2,0.71,High
4/15/2026 8:00,Sylhet,Sylhet,Bishwanath,22,93,0.6,0.7145,High
4/15/2026 10:00,Sylhet,Sylhet,Bishwanath,24.9,82,0,0.8875,High
4/15/2026 12:00,Sylhet,Sylhet,Bishwanath,27.8,67,0,0.901,High
4/15/2026 14:00,Sylhet,Sylhet,Bishwanath,29.9,63,0,1,High
4/15/2026 16:00,Sylhet,Sylhet,Bishwanath,29.2,70,1,1,High
4/15/2026 18:00,Sylhet,Sylhet,Bishwanath,26.2,80,0,1,High
4/15/2026 20:00,Sylhet,Sylhet,Bishwanath,23.6,87,0.7,1,High
4/15/2026 22:00,Sylhet,Sylhet,Bishwanath,22.1,93,0,0.6175,Medium
4/16/2026 0:00,Sylhet,Sylhet,Bishwanath,20.9,99,6,0.3965,Low
4/16/2026 2:00,Sylhet,Sylhet,Bishwanath,20.6,96,5.3,0.3878,Low
4/16/2026 4:00,Sylhet,Sylhet,Bishwanath,20.5,98,0.4,0.4025,Low
4/16/2026 6:00,Sylhet,Sylhet,Bishwanath,21.4,98,0.7,0.7152,High
4/16/2026 8:00,Sylhet,Sylhet,Bishwanath,24.4,89,0,0.744,High
4/16/2026 10:00,Sylhet,Sylhet,Bishwanath,28,71,0,0.912,High
4/16/2026 12:00,Sylhet,Sylhet,Bishwanath,30.3,59,0,0.9225,High
4/16/2026 14:00,Sylhet,Sylhet,Bishwanath,30.6,56,0.1,1,High
4/16/2026 16:00,Sylhet,Sylhet,Bishwanath,30.5,59,0,1,High
4/16/2026 18:00,Sylhet,Sylhet,Bishwanath,27.1,80,0,1,High
4/16/2026 20:00,Sylhet,Sylhet,Bishwanath,25.8,87,0,1,High
4/16/2026 22:00,Sylhet,Sylhet,Bishwanath,24.6,86,0,0.641,Medium
4/17/2026 0:00,Sylhet,Sylhet,Bishwanath,24,91,0,0.442,Low
4/17/2026 2:00,Sylhet,Sylhet,Bishwanath,23.2,92,0.1,0.4318,Low
4/17/2026 4:00,Sylhet,Sylhet,Bishwanath,22.5,96,0,0.4295,Low
4/17/2026 6:00,Sylhet,Sylhet,Bishwanath,22.6,95,0,0.729,High
4/17/2026 8:00,Sylhet,Sylhet,Bishwanath,26.1,84,0,0.7595,High
4/17/2026 10:00,Sylhet,Sylhet,Bishwanath,28.9,72,0,0.9275,High
4/17/2026 12:00,Sylhet,Sylhet,Bishwanath,31,69,0,0.953,High
4/17/2026 14:00,Sylhet,Sylhet,Bishwanath,31.6,66,0,1,High
4/17/2026 16:00,Sylhet,Sylhet,Bishwanath,27.6,78,0,1,High
4/17/2026 18:00,Sylhet,Sylhet,Bishwanath,26.1,90,0,1,High
4/17/2026 20:00,Sylhet,Sylhet,Bishwanath,25.5,87,0,1,High
4/17/2026 22:00,Sylhet,Sylhet,Bishwanath,25.8,82,0,0.651,Medium
4/18/2026 0:00,Sylhet,Sylhet,Bishwanath,25.8,83,0,0.453,Medium
4/18/2026 2:00,Sylhet,Sylhet,Bishwanath,23.6,92,0.9,0.4358,Low
4/18/2026 4:00,Sylhet,Sylhet,Bishwanath,22.8,100,0.5,0.4408,Low
4/18/2026 6:00,Sylhet,Sylhet,Bishwanath,24,99,0,0.758,High
4/18/2026 8:00,Sylhet,Sylhet,Bishwanath,25.1,91,0.1,0.7582,High
4/18/2026 10:00,Sylhet,Sylhet,Bishwanath,26.8,84,0.1,0.9198,High
4/18/2026 12:00,Sylhet,Sylhet,Bishwanath,29.5,76,0,0.9445,High
4/18/2026 14:00,Sylhet,Sylhet,Bishwanath,28.8,75,3.7,1,High
4/18/2026 16:00,Sylhet,Sylhet,Bishwanath,29.5,71,0,1,High
4/18/2026 18:00,Sylhet,Sylhet,Bishwanath,28,84,0,1,High
4/18/2026 20:00,Sylhet,Sylhet,Bishwanath,26.2,87,0,1,High
4/18/2026 22:00,Sylhet,Sylhet,Bishwanath,25.6,92,0,0.668,Medium
4/19/2026 0:00,Sylhet,Sylhet,Bishwanath,25.1,91,0,0.4585,Medium
4/19/2026 2:00,Sylhet,Sylhet,Bishwanath,23.7,97,0.1,0.4492,Low
4/19/2026 4:00,Sylhet,Sylhet,Bishwanath,23.1,96,0,0.4385,Low
4/19/2026 6:00,Sylhet,Sylhet,Bishwanath,23,97,0,0.739,High
4/19/2026 8:00,Sylhet,Sylhet,Bishwanath,25,91,0.2,0.7565,High
4/19/2026 10:00,Sylhet,Sylhet,Bishwanath,27.7,79,0.2,0.923,High
4/19/2026 12:00,Sylhet,Sylhet,Bishwanath,28.8,72,0.2,0.9255,High
4/19/2026 14:00,Sylhet,Sylhet,Bishwanath,29.4,69,0,1,High
4/19/2026 16:00,Sylhet,Sylhet,Bishwanath,28,78,0,1,High
4/19/2026 18:00,Sylhet,Sylhet,Bishwanath,27,86,0,1,High
4/19/2026 20:00,Sylhet,Sylhet,Bishwanath,25.6,89,1,1,High
4/19/2026 22:00,Sylhet,Sylhet,Bishwanath,24.2,91,0.1,0.6447,Medium
4/20/2026 0:00,Sylhet,Sylhet,Bishwanath,23.4,95,5.7,0.4268,Low
4/20/2026 2:00,Sylhet,Sylhet,Bishwanath,22.6,97,0.4,0.432,Low
4/20/2026 4:00,Sylhet,Sylhet,Bishwanath,21.9,97,0.6,0.421,Low
4/20/2026 6:00,Sylhet,Sylhet,Bishwanath,22.4,96,0,0.728,High
4/20/2026 8:00,Sylhet,Sylhet,Bishwanath,23.4,91,0,0.733,High
4/20/2026 10:00,Sylhet,Sylhet,Bishwanath,24.5,87,0.5,0.8902,High
4/20/2026 12:00,Sylhet,Sylhet,Bishwanath,28.8,73,0,0.928,High
4/20/2026 14:00,Sylhet,Sylhet,Bishwanath,31.4,62,0,1,High
4/20/2026 16:00,Sylhet,Sylhet,Bishwanath,30,72,0.5,1,High
4/20/2026 18:00,Sylhet,Sylhet,Bishwanath,24.8,94,0.6,1,High
4/20/2026 20:00,Sylhet,Sylhet,Bishwanath,24.1,96,0.8,1,High
4/20/2026 22:00,Sylhet,Sylhet,Bishwanath,23,94,0.1,0.6328,Medium
4/21/2026 0:00,Sylhet,Sylhet,Bishwanath,22.5,96,2.6,0.423,Low
4/21/2026 2:00,Sylhet,Sylhet,Bishwanath,22,96,7.1,0.4042,Low
4/21/2026 4:00,Sylhet,Sylhet,Bishwanath,21.9,96,4.7,0.4088,Low
4/21/2026 6:00,Sylhet,Sylhet,Bishwanath,22.2,92,0,0.717,High
4/21/2026 8:00,Sylhet,Sylhet,Bishwanath,23.9,89,0.1,0.7362,High
4/21/2026 10:00,Sylhet,Sylhet,Bishwanath,26,82,0,0.904,High
4/21/2026 12:00,Sylhet,Sylhet,Bishwanath,28.9,72,0.1,0.9272,High
4/21/2026 14:00,Sylhet,Sylhet,Bishwanath,29.8,72,0.4,1,High
4/21/2026 16:00,Sylhet,Sylhet,Bishwanath,29.4,74,0,1,High
4/21/2026 18:00,Sylhet,Sylhet,Bishwanath,28,89,0.6,1,High
4/21/2026 20:00,Sylhet,Sylhet,Bishwanath,25,94,0,1,High
4/21/2026 22:00,Sylhet,Sylhet,Bishwanath,24.2,93,0.2,0.6485,Medium
4/22/2026 0:00,Sylhet,Sylhet,Bishwanath,22.7,97,0.1,0.4342,Low
4/22/2026 2:00,Sylhet,Sylhet,Bishwanath,22.3,95,0.1,0.4243,Low
4/22/2026 4:00,Sylhet,Sylhet,Bishwanath,22.4,96,0,0.428,Low
4/22/2026 6:00,Sylhet,Sylhet,Bishwanath,21,97,0.5,0.7078,High
4/22/2026 8:00,Sylhet,Sylhet,Bishwanath,21.1,93,14.4,0.6665,Medium
4/22/2026 10:00,Sylhet,Sylhet,Bishwanath,22.8,87,5.1,0.8532,High
4/22/2026 12:00,Sylhet,Sylhet,Bishwanath,28.4,74,0,0.924,High
4/22/2026 14:00,Sylhet,Sylhet,Bishwanath,29.8,68,0,1,High
4/22/2026 16:00,Sylhet,Sylhet,Bishwanath,30.7,66,0,1,High
4/22/2026 18:00,Sylhet,Sylhet,Bishwanath,28.4,83,0,1,High
4/22/2026 20:00,Sylhet,Sylhet,Bishwanath,26.2,87,0,1,High
4/22/2026 22:00,Sylhet,Sylhet,Bishwanath,25.4,88,0,0.657,Medium
4/23/2026 0:00,Sylhet,Sylhet,Bishwanath,23.6,94,0,0.442,Low
4/23/2026 2:00,Sylhet,Sylhet,Bishwanath,23.5,92,0,0.4365,Low
4/23/2026 4:00,Sylhet,Sylhet,Bishwanath,23,89,0,0.423,Low
4/23/2026 6:00,Sylhet,Sylhet,Bishwanath,22.5,98,0,0.7335,High
4/23/2026 8:00,Sylhet,Sylhet,Bishwanath,24.9,92,0.1,0.7572,High
4/23/2026 10:00,Sylhet,Sylhet,Bishwanath,27.1,79,0.1,0.9143,High
4/23/2026 12:00,Sylhet,Sylhet,Bishwanath,30,64,0,0.928,High
4/23/2026 14:00,Sylhet,Sylhet,Bishwanath,31.6,57,0,1,High
4/23/2026 16:00,Sylhet,Sylhet,Bishwanath,32,55,0,1,High
4/23/2026 18:00,Sylhet,Sylhet,Bishwanath,29.1,80,0,1,High
4/23/2026 20:00,Sylhet,Sylhet,Bishwanath,27.3,84,0,1,High
4/23/2026 22:00,Sylhet,Sylhet,Bishwanath,27,80,0,0.665,Medium
4/24/2026 0:00,Sylhet,Sylhet,Bishwanath,26.1,84,0,0.4595,Medium
4/24/2026 2:00,Sylhet,Sylhet,Bishwanath,25.5,86,0,0.4545,Medium
4/24/2026 4:00,Sylhet,Sylhet,Bishwanath,24.9,89,0,0.4515,Medium
4/24/2026 6:00,Sylhet,Sylhet,Bishwanath,24.2,92,0,0.747,High
4/24/2026 8:00,Sylhet,Sylhet,Bishwanath,27,85,0,0.775,High
4/24/2026 10:00,Sylhet,Sylhet,Bishwanath,29.5,77,0.1,0.9462,High
4/24/2026 12:00,Sylhet,Sylhet,Bishwanath,31.5,70,0,0.9625,High
4/24/2026 14:00,Sylhet,Sylhet,Bishwanath,32.6,62,0,1,High
4/24/2026 16:00,Sylhet,Sylhet,Bishwanath,32.2,64,0,1,High
4/24/2026 18:00,Sylhet,Sylhet,Bishwanath,27.1,86,0,1,High
4/24/2026 20:00,Sylhet,Sylhet,Bishwanath,26.2,93,0,1,High
4/24/2026 22:00,Sylhet,Sylhet,Bishwanath,26.5,89,0,0.6755,Medium
4/25/2026 0:00,Sylhet,Sylhet,Bishwanath,26.4,87,0,0.47,Medium
4/25/2026 2:00,Sylhet,Sylhet,Bishwanath,25.9,86,0,0.4605,Medium
4/25/2026 4:00,Sylhet,Sylhet,Bishwanath,25.5,87,0,0.4565,Medium
4/25/2026 6:00,Sylhet,Sylhet,Bishwanath,25.4,94,0,0.769,High
4/25/2026 8:00,Sylhet,Sylhet,Bishwanath,28.6,79,0,0.787,High
4/25/2026 10:00,Sylhet,Sylhet,Bishwanath,29.2,76,0,0.94,High
4/25/2026 12:00,Sylhet,Sylhet,Bishwanath,31.8,68,0.1,0.9628,High
4/25/2026 14:00,Sylhet,Sylhet,Bishwanath,33.5,57,0,1,High
4/25/2026 16:00,Sylhet,Sylhet,Bishwanath,32.7,60,0,1,High
4/25/2026 18:00,Sylhet,Sylhet,Bishwanath,30,78,0,1,High
4/25/2026 20:00,Sylhet,Sylhet,Bishwanath,27.6,82,0,1,High
4/25/2026 22:00,Sylhet,Sylhet,Bishwanath,27.2,81,0,0.67,Medium
4/26/2026 0:00,Sylhet,Sylhet,Bishwanath,26.1,87,0,0.4655,Medium
4/26/2026 2:00,Sylhet,Sylhet,Bishwanath,24.8,95,0,0.462,Medium
4/26/2026 4:00,Sylhet,Sylhet,Bishwanath,24.6,91,0,0.451,Medium
4/26/2026 6:00,Sylhet,Sylhet,Bishwanath,23.4,92,2.6,0.7285,High
4/26/2026 8:00,Sylhet,Sylhet,Bishwanath,25.7,87,0,0.7595,High
4/26/2026 10:00,Sylhet,Sylhet,Bishwanath,28.5,69,0.1,0.9152,High
4/26/2026 12:00,Sylhet,Sylhet,Bishwanath,27.1,73,0,0.9025,High
4/26/2026 14:00,Sylhet,Sylhet,Bishwanath,26.6,75,0,0.999,High
4/26/2026 16:00,Sylhet,Sylhet,Bishwanath,27.2,67,0,0.992,High
4/26/2026 18:00,Sylhet,Sylhet,Bishwanath,24,82,8,1,High
4/26/2026 20:00,Sylhet,Sylhet,Bishwanath,23.8,82,0,1,High
4/26/2026 22:00,Sylhet,Sylhet,Bishwanath,23.3,84,0,0.6175,Medium
4/27/2026 0:00,Sylhet,Sylhet,Bishwanath,22.8,89,8.4,0.399,Low
4/27/2026 2:00,Sylhet,Sylhet,Bishwanath,22.1,92,0.3,0.4148,Low
4/27/2026 4:00,Sylhet,Sylhet,Bishwanath,21.7,98,0.3,0.4208,Low
4/27/2026 6:00,Sylhet,Sylhet,Bishwanath,20.6,95,6.1,0.6838,Medium
4/27/2026 8:00,Sylhet,Sylhet,Bishwanath,21,98,2,0.706,High
4/27/2026 10:00,Sylhet,Sylhet,Bishwanath,21.5,93,1.2,0.8555,High
4/27/2026 12:00,Sylhet,Sylhet,Bishwanath,21.4,89,0.1,0.8488,High
4/27/2026 14:00,Sylhet,Sylhet,Bishwanath,23.8,80,0.2,0.9665,High
4/27/2026 16:00,Sylhet,Sylhet,Bishwanath,22.7,89,1.5,0.9647,High
4/27/2026 18:00,Sylhet,Sylhet,Bishwanath,21.8,97,6.3,1,High
4/27/2026 20:00,Sylhet,Sylhet,Bishwanath,21.6,97,2.8,1,High
4/27/2026 22:00,Sylhet,Sylhet,Bishwanath,21.5,97,1.7,0.6122,Medium
4/28/2026 0:00,Sylhet,Sylhet,Bishwanath,21.5,98,4.1,0.4082,Low
4/28/2026 2:00,Sylhet,Sylhet,Bishwanath,21.2,98,3.1,0.4062,Low
4/28/2026 4:00,Sylhet,Sylhet,Bishwanath,20.9,97,2.3,0.4018,Low
4/28/2026 6:00,Sylhet,Sylhet,Bishwanath,21.6,96,2.3,0.7102,High
4/28/2026 8:00,Sylhet,Sylhet,Bishwanath,22.5,91,1.1,0.7167,High
4/28/2026 10:00,Sylhet,Sylhet,Bishwanath,22.9,91,6.7,0.8587,High
4/28/2026 12:00,Sylhet,Sylhet,Bishwanath,23,88,10.6,0.8445,High
4/28/2026 14:00,Sylhet,Sylhet,Bishwanath,24.7,82,0.7,0.9827,High
4/28/2026 16:00,Sylhet,Sylhet,Bishwanath,22.9,96,5.6,0.9715,High
4/28/2026 18:00,Sylhet,Sylhet,Bishwanath,23,98,0.7,1,High
4/28/2026 20:00,Sylhet,Sylhet,Bishwanath,22.5,98,1,1,High
4/28/2026 22:00,Sylhet,Sylhet,Bishwanath,21.8,97,1.5,0.6172,Medium
4/29/2026 0:00,Sylhet,Sylhet,Bishwanath,21.8,98,10.5,0.3968,Low
4/29/2026 2:00,Sylhet,Sylhet,Bishwanath,21.8,97,1.4,0.4175,Low
4/29/2026 4:00,Sylhet,Sylhet,Bishwanath,21.5,98,1.5,0.4148,Low
4/29/2026 6:00,Sylhet,Sylhet,Bishwanath,21.4,93,13.5,0.6732,Medium
4/29/2026 8:00,Sylhet,Sylhet,Bishwanath,21.5,97,2.2,0.711,High
4/29/2026 10:00,Sylhet,Sylhet,Bishwanath,22,98,3.5,0.8672,High
4/29/2026 12:00,Sylhet,Sylhet,Bishwanath,21.2,97,0.3,0.8612,High
4/29/2026 14:00,Sylhet,Sylhet,Bishwanath,22.9,83,0.3,0.9588,High
4/29/2026 16:00,Sylhet,Sylhet,Bishwanath,23.5,80,0,0.9625,High
4/29/2026 18:00,Sylhet,Sylhet,Bishwanath,22.9,85,0,1,High
4/29/2026 20:00,Sylhet,Sylhet,Bishwanath,21.6,89,0,1,High
4/29/2026 22:00,Sylhet,Sylhet,Bishwanath,21.1,90,0,0.5965,Medium
4/30/2026 0:00,Sylhet,Sylhet,Bishwanath,21.9,83,0,0.3945,Low
4/30/2026 2:00,Sylhet,Sylhet,Bishwanath,21,94,8.5,0.3818,Low
4/30/2026 4:00,Sylhet,Sylhet,Bishwanath,20.5,96,0.7,0.3978,Low
4/30/2026 6:00,Sylhet,Sylhet,Bishwanath,20.3,97,0,0.6985,Medium
4/30/2026 8:00,Sylhet,Sylhet,Bishwanath,21.6,94,0.6,0.7105,High
4/30/2026 10:00,Sylhet,Sylhet,Bishwanath,23.4,87,0.1,0.8748,High
4/30/2026 12:00,Sylhet,Sylhet,Bishwanath,25.1,74,0.1,0.8742,High
4/30/2026 14:00,Sylhet,Sylhet,Bishwanath,27.5,64,0,0.9905,High
4/30/2026 16:00,Sylhet,Sylhet,Bishwanath,27.7,63,0.1,0.9912,High
4/30/2026 18:00,Sylhet,Sylhet,Bishwanath,23.8,87,0,1,High
4/30/2026 20:00,Sylhet,Sylhet,Bishwanath,22.5,90,0,1,High
4/30/2026 22:00,Sylhet,Sylhet,Bishwanath,21.7,95,0,0.6155,Medium
5/1/2026 0:00,Sylhet,Sylhet,Bishwanath,22.1,93,0,0.4175,Low
5/1/2026 2:00,Sylhet,Sylhet,Bishwanath,21.8,96,0.1,0.4188,Low
5/1/2026 4:00,Sylhet,Sylhet,Bishwanath,21,98,0,0.411,Low
5/1/2026 6:00,Sylhet,Sylhet,Bishwanath,21.3,96,0.1,0.7112,High
5/1/2026 8:00,Sylhet,Sylhet,Bishwanath,21.9,95,2.3,0.7127,High
5/1/2026 10:00,Sylhet,Sylhet,Bishwanath,23.8,90,0.4,0.886,High
5/1/2026 12:00,Sylhet,Sylhet,Bishwanath,24.2,87,0.4,0.886,High
5/1/2026 14:00,Sylhet,Sylhet,Bishwanath,22.5,93,5.1,0.9607,High
5/1/2026 16:00,Sylhet,Sylhet,Bishwanath,21.5,96,1.9,0.9597,High
5/1/2026 18:00,Sylhet,Sylhet,Bishwanath,21.5,95,1.8,1,High
5/1/2026 20:00,Sylhet,Sylhet,Bishwanath,21.2,93,0,1,High
5/1/2026 22:00,Sylhet,Sylhet,Bishwanath,20.2,98,0,0.599,Medium
5/2/2026 0:00,Sylhet,Sylhet,Bishwanath,21.1,98,0.4,0.4115,Low
5/2/2026 2:00,Sylhet,Sylhet,Bishwanath,20.6,96,0.1,0.4008,Low
5/2/2026 4:00,Sylhet,Sylhet,Bishwanath,20.1,98,0.6,0.396,Low
5/2/2026 6:00,Sylhet,Sylhet,Bishwanath,20.6,95,0.3,0.6982,Medium
5/2/2026 8:00,Sylhet,Sylhet,Bishwanath,21.4,96,1.8,0.7085,High
5/2/2026 10:00,Sylhet,Sylhet,Bishwanath,21.2,96,1.1,0.8572,High
5/2/2026 12:00,Sylhet,Sylhet,Bishwanath,21.4,98,0.8,0.865,High
5/2/2026 14:00,Sylhet,Sylhet,Bishwanath,23.1,89,0.3,0.9737,High
5/2/2026 16:00,Sylhet,Sylhet,Bishwanath,21,95,1.8,0.9505,High
5/2/2026 18:00,Sylhet,Sylhet,Bishwanath,21.5,97,0.3,1,High
5/2/2026 20:00,Sylhet,Sylhet,Bishwanath,21,99,0.9,1,High
5/2/2026 22:00,Sylhet,Sylhet,Bishwanath,20.6,99,5.1,0.5942,Medium
5/3/2026 0:00,Sylhet,Sylhet,Bishwanath,20.3,100,0.1,0.4042,Low
5/3/2026 2:00,Sylhet,Sylhet,Bishwanath,20.1,99,0.2,0.399,Low
5/3/2026 4:00,Sylhet,Sylhet,Bishwanath,20,98,6.2,0.3805,Low
5/3/2026 6:00,Sylhet,Sylhet,Bishwanath,19.8,95,0.5,0.6888,Medium
5/3/2026 8:00,Sylhet,Sylhet,Bishwanath,21,94,0.1,0.7028,High
5/3/2026 10:00,Sylhet,Sylhet,Bishwanath,24.5,79,0,0.8755,High
5/3/2026 12:00,Sylhet,Sylhet,Bishwanath,27.2,66,0.2,0.8895,High
5/3/2026 14:00,Sylhet,Sylhet,Bishwanath,27.2,67,0.2,0.9915,High
5/3/2026 16:00,Sylhet,Sylhet,Bishwanath,27.4,70,0.1,1,High
5/3/2026 18:00,Sylhet,Sylhet,Bishwanath,23.9,87,0,1,High
5/3/2026 20:00,Sylhet,Sylhet,Bishwanath,22.5,93,0,1,High
5/3/2026 22:00,Sylhet,Sylhet,Bishwanath,22.2,96,0.8,0.623,Medium
5/4/2026 0:00,Sylhet,Sylhet,Bishwanath,21,99,0,0.413,Low
5/4/2026 2:00,Sylhet,Sylhet,Bishwanath,21.5,97,0,0.4165,Low
5/4/2026 4:00,Sylhet,Sylhet,Bishwanath,21.8,98,0,0.423,Low
5/4/2026 6:00,Sylhet,Sylhet,Bishwanath,22.4,93,0,0.722,High
5/4/2026 8:00,Sylhet,Sylhet,Bishwanath,22.6,96,0.7,0.7292,High
5/4/2026 10:00,Sylhet,Sylhet,Bishwanath,22.5,96,5.4,0.866,High
5/4/2026 12:00,Sylhet,Sylhet,Bishwanath,23.2,90,0.1,0.8778,High
5/4/2026 14:00,Sylhet,Sylhet,Bishwanath,27.4,70,0.1,1,High
5/4/2026 16:00,Sylhet,Sylhet,Bishwanath,28,66,0,1,High
5/4/2026 18:00,Sylhet,Sylhet,Bishwanath,25.8,85,0,1,High
5/4/2026 20:00,Sylhet,Sylhet,Bishwanath,23.6,86,0,1,High
5/4/2026 22:00,Sylhet,Sylhet,Bishwanath,23.2,82,0,0.612,Medium
5/5/2026 0:00,Sylhet,Sylhet,Bishwanath,22.6,89,0,0.417,Low
5/5/2026 2:00,Sylhet,Sylhet,Bishwanath,22.4,93,0,0.422,Low
5/5/2026 4:00,Sylhet,Sylhet,Bishwanath,21.5,96,0,0.4145,Low
5/5/2026 6:00,Sylhet,Sylhet,Bishwanath,22.2,89,0,0.711,High
5/5/2026 8:00,Sylhet,Sylhet,Bishwanath,24.2,86,0,0.735,High
5/5/2026 10:00,Sylhet,Sylhet,Bishwanath,26.9,80,0,0.9135,High
5/5/2026 12:00,Sylhet,Sylhet,Bishwanath,30,66,0,0.932,High
5/5/2026 14:00,Sylhet,Sylhet,Bishwanath,31,60,0,1,High
5/5/2026 16:00,Sylhet,Sylhet,Bishwanath,30.2,61,0,1,High
5/5/2026 18:00,Sylhet,Sylhet,Bishwanath,27.9,76,0,1,High
5/5/2026 20:00,Sylhet,Sylhet,Bishwanath,26,80,0,1,High
5/5/2026 22:00,Sylhet,Sylhet,Bishwanath,24.6,87,0,0.643,Medium
5/6/2026 0:00,Sylhet,Sylhet,Bishwanath,24.1,91,0,0.4435,Low
5/6/2026 2:00,Sylhet,Sylhet,Bishwanath,23.4,95,0.1,0.4408,Low
5/6/2026 4:00,Sylhet,Sylhet,Bishwanath,22.4,96,1.3,0.4248,Low
5/6/2026 6:00,Sylhet,Sylhet,Bishwanath,23.1,97,0.2,0.74,High
5/6/2026 8:00,Sylhet,Sylhet,Bishwanath,25.8,84,0.1,0.7547,High
5/6/2026 10:00,Sylhet,Sylhet,Bishwanath,28.6,72,0,0.923,High
5/6/2026 12:00,Sylhet,Sylhet,Bishwanath,28.8,66,0.3,0.9132,High
5/6/2026 14:00,Sylhet,Sylhet,Bishwanath,28.9,66,0,1,High
5/6/2026 16:00,Sylhet,Sylhet,Bishwanath,30,62,0,1,High
5/6/2026 18:00,Sylhet,Sylhet,Bishwanath,26.8,78,0,1,High
5/6/2026 20:00,Sylhet,Sylhet,Bishwanath,25.1,82,0,1,High
5/6/2026 22:00,Sylhet,Sylhet,Bishwanath,24.1,88,0.3,0.6367,Medium
5/7/2026 0:00,Sylhet,Sylhet,Bishwanath,23.4,94,0.5,0.4378,Low
5/7/2026 2:00,Sylhet,Sylhet,Bishwanath,22.9,95,0,0.4335,Low
5/7/2026 4:00,Sylhet,Sylhet,Bishwanath,22.6,96,0,0.431,Low
5/7/2026 6:00,Sylhet,Sylhet,Bishwanath,22.9,98,0.1,0.7392,High
5/7/2026 8:00,Sylhet,Sylhet,Bishwanath,25.9,86,0,0.7605,High
5/7/2026 10:00,Sylhet,Sylhet,Bishwanath,28.2,70,0,0.913,High
5/7/2026 12:00,Sylhet,Sylhet,Bishwanath,29.8,59,0,0.915,High
5/7/2026 14:00,Sylhet,Sylhet,Bishwanath,30.5,56,0,1,High
5/7/2026 16:00,Sylhet,Sylhet,Bishwanath,30.3,57,0,1,High
5/7/2026 18:00,Sylhet,Sylhet,Bishwanath,28.2,71,0,1,High
5/7/2026 20:00,Sylhet,Sylhet,Bishwanath,27,73,0,1,High
5/7/2026 22:00,Sylhet,Sylhet,Bishwanath,25.4,80,0,0.641,Medium
5/8/2026 0:00,Sylhet,Sylhet,Bishwanath,25.6,81,0,0.446,Low
5/8/2026 2:00,Sylhet,Sylhet,Bishwanath,24.7,86,0,0.4425,Low
5/8/2026 4:00,Sylhet,Sylhet,Bishwanath,24,88,0,0.436,Low
5/8/2026 6:00,Sylhet,Sylhet,Bishwanath,23.3,93,0,0.7355,High
5/8/2026 8:00,Sylhet,Sylhet,Bishwanath,27.1,79,0,0.7645,High
5/8/2026 10:00,Sylhet,Sylhet,Bishwanath,30.4,59,0,0.924,High
5/8/2026 12:00,Sylhet,Sylhet,Bishwanath,30.5,56,0,0.9195,High
5/8/2026 14:00,Sylhet,Sylhet,Bishwanath,31.5,51,0,1,High
5/8/2026 16:00,Sylhet,Sylhet,Bishwanath,30.5,54,0,1,High
5/8/2026 18:00,Sylhet,Sylhet,Bishwanath,28.4,71,0,1,High
5/8/2026 20:00,Sylhet,Sylhet,Bishwanath,26.2,72,0,1,High
5/8/2026 22:00,Sylhet,Sylhet,Bishwanath,25.4,77,0,0.635,Medium
5/9/2026 0:00,Sylhet,Sylhet,Bishwanath,24.9,84,0,0.4415,Low
5/9/2026 2:00,Sylhet,Sylhet,Bishwanath,24.3,84,0,0.4325,Low
5/9/2026 4:00,Sylhet,Sylhet,Bishwanath,23.2,86,0,0.42,Low
5/9/2026 6:00,Sylhet,Sylhet,Bishwanath,23,88,0,0.721,High
5/9/2026 8:00,Sylhet,Sylhet,Bishwanath,26.8,77,0,0.756,High
5/9/2026 10:00,Sylhet,Sylhet,Bishwanath,29.9,66,0,0.9305,High
5/9/2026 12:00,Sylhet,Sylhet,Bishwanath,31.6,54,0,0.932,High
5/9/2026 14:00,Sylhet,Sylhet,Bishwanath,32.8,49,0,1,High
5/9/2026 16:00,Sylhet,Sylhet,Bishwanath,32,51,0,1,High
5/9/2026 18:00,Sylhet,Sylhet,Bishwanath,29.5,74,0,1,High
5/9/2026 20:00,Sylhet,Sylhet,Bishwanath,27,79,0,1,High
5/9/2026 22:00,Sylhet,Sylhet,Bishwanath,26.8,76,0,0.654,Medium
5/10/2026 0:00,Sylhet,Sylhet,Bishwanath,25.6,83,0,0.45,Medium
5/10/2026 2:00,Sylhet,Sylhet,Bishwanath,25.5,84,0,0.4505,Medium
5/10/2026 4:00,Sylhet,Sylhet,Bishwanath,24.7,89,0,0.4485,Low
5/10/2026 6:00,Sylhet,Sylhet,Bishwanath,24.1,93,0,0.7475,High
5/10/2026 8:00,Sylhet,Sylhet,Bishwanath,27.9,80,0,0.7785,High
5/10/2026 10:00,Sylhet,Sylhet,Bishwanath,30.9,68,0,0.9495,High
5/10/2026 12:00,Sylhet,Sylhet,Bishwanath,32.5,51,0,0.9395,High
5/10/2026 14:00,Sylhet,Sylhet,Bishwanath,31.5,54,0,1,High
5/10/2026 16:00,Sylhet,Sylhet,Bishwanath,26.2,75,0,0.993,High
5/10/2026 18:00,Sylhet,Sylhet,Bishwanath,26.5,70,0,1,High
5/10/2026 20:00,Sylhet,Sylhet,Bishwanath,25.2,75,0.1,1,High
5/10/2026 22:00,Sylhet,Sylhet,Bishwanath,24.8,78,0,0.628,Medium
5/11/2026 0:00,Sylhet,Sylhet,Bishwanath,25,75,0,0.425,Low
5/11/2026 2:00,Sylhet,Sylhet,Bishwanath,25,80,0,0.435,Low
5/11/2026 4:00,Sylhet,Sylhet,Bishwanath,21.5,97,4.5,0.4052,Low
5/11/2026 6:00,Sylhet,Sylhet,Bishwanath,23.9,92,4.4,0.7315,High
5/11/2026 8:00,Sylhet,Sylhet,Bishwanath,25,80,0.6,0.7335,High
5/11/2026 10:00,Sylhet,Sylhet,Bishwanath,26.4,78,0,0.902,High
5/11/2026 12:00,Sylhet,Sylhet,Bishwanath,28.2,72,0,0.917,High
5/11/2026 14:00,Sylhet,Sylhet,Bishwanath,27.4,73,3.7,0.9978,High
5/11/2026 16:00,Sylhet,Sylhet,Bishwanath,26,78,0.1,0.9958,High
5/11/2026 18:00,Sylhet,Sylhet,Bishwanath,27.2,80,0,1,High
5/11/2026 20:00,Sylhet,Sylhet,Bishwanath,25,79,0,1,High
5/11/2026 22:00,Sylhet,Sylhet,Bishwanath,23.4,91,0.1,0.6327,Medium
5/12/2026 0:00,Sylhet,Sylhet,Bishwanath,23.3,93,0,0.4355,Low
5/12/2026 2:00,Sylhet,Sylhet,Bishwanath,22.3,94,0,0.4225,Low
5/12/2026 4:00,Sylhet,Sylhet,Bishwanath,22.1,92,0,0.4155,Low
5/12/2026 6:00,Sylhet,Sylhet,Bishwanath,23.5,95,0,0.7425,High
5/12/2026 8:00,Sylhet,Sylhet,Bishwanath,24.6,85,0.2,0.7385,High
5/12/2026 10:00,Sylhet,Sylhet,Bishwanath,28,71,0,0.912,High
5/12/2026 12:00,Sylhet,Sylhet,Bishwanath,28.8,66,0,0.914,High
5/12/2026 14:00,Sylhet,Sylhet,Bishwanath,30,62,0.1,1,High
5/12/2026 16:00,Sylhet,Sylhet,Bishwanath,29.5,63,0,1,High
5/12/2026 18:00,Sylhet,Sylhet,Bishwanath,27.5,78,0,1,High
5/12/2026 20:00,Sylhet,Sylhet,Bishwanath,26.2,82,0,1,High
5/12/2026 22:00,Sylhet,Sylhet,Bishwanath,25.6,84,0,0.652,Medium
5/13/2026 0:00,Sylhet,Sylhet,Bishwanath,25.6,87,0,0.458,Medium
5/13/2026 2:00,Sylhet,Sylhet,Bishwanath,23,95,2.1,0.4298,Low
5/13/2026 4:00,Sylhet,Sylhet,Bishwanath,22.5,96,2.1,0.4242,Low
5/13/2026 6:00,Sylhet,Sylhet,Bishwanath,24.4,96,0.4,0.757,High
5/13/2026 8:00,Sylhet,Sylhet,Bishwanath,24,94,0.1,0.7477,High
5/13/2026 10:00,Sylhet,Sylhet,Bishwanath,25,90,0.5,0.9038,High
5/13/2026 12:00,Sylhet,Sylhet,Bishwanath,26.1,83,0.2,0.907,High
5/13/2026 14:00,Sylhet,Sylhet,Bishwanath,30,63,0,1,High
5/13/2026 16:00,Sylhet,Sylhet,Bishwanath,30.2,62,0,1,High
5/13/2026 18:00,Sylhet,Sylhet,Bishwanath,28.7,79,0,1,High
5/13/2026 20:00,Sylhet,Sylhet,Bishwanath,26.9,85,0,1,High
5/13/2026 22:00,Sylhet,Sylhet,Bishwanath,23.2,96,1.7,0.6358,Medium
4/13/2026 0:00,Sylhet,Sylhet,Companiganj,21.6,89,0,0.402,Low
4/13/2026 2:00,Sylhet,Sylhet,Companiganj,21,91,0.9,0.3948,Low
4/13/2026 4:00,Sylhet,Sylhet,Companiganj,20.1,93,0.3,0.3868,Low
4/13/2026 6:00,Sylhet,Sylhet,Companiganj,20.2,93,0.5,0.6878,Medium
4/13/2026 8:00,Sylhet,Sylhet,Companiganj,21.8,91,0.1,0.7088,High
4/13/2026 10:00,Sylhet,Sylhet,Companiganj,22.6,83,0.9,0.8528,High
4/13/2026 12:00,Sylhet,Sylhet,Companiganj,25.5,72,0.1,0.8762,High
4/13/2026 14:00,Sylhet,Sylhet,Companiganj,26,69,0,0.978,High
4/13/2026 16:00,Sylhet,Sylhet,Companiganj,26.6,68,0,0.985,High
4/13/2026 18:00,Sylhet,Sylhet,Companiganj,26,77,0,1,High
4/13/2026 20:00,Sylhet,Sylhet,Companiganj,24.1,75,0.1,1,High
4/13/2026 22:00,Sylhet,Sylhet,Companiganj,22.6,79,0.5,0.5958,Medium
4/14/2026 0:00,Sylhet,Sylhet,Companiganj,21.8,88,4.3,0.3923,Low
4/14/2026 2:00,Sylhet,Sylhet,Companiganj,21.2,96,10.9,0.3828,Low
4/14/2026 4:00,Sylhet,Sylhet,Companiganj,20.6,98,1.7,0.4008,Low
4/14/2026 6:00,Sylhet,Sylhet,Companiganj,21.2,95,4.6,0.6965,Medium
4/14/2026 8:00,Sylhet,Sylhet,Companiganj,23.5,84,0,0.7205,High
4/14/2026 10:00,Sylhet,Sylhet,Companiganj,27.7,68,0,0.9015,High
4/14/2026 12:00,Sylhet,Sylhet,Companiganj,29.3,62,0,0.9135,High
4/14/2026 14:00,Sylhet,Sylhet,Companiganj,30.5,57,0,1,High
4/14/2026 16:00,Sylhet,Sylhet,Companiganj,30.1,60,0,1,High
4/14/2026 18:00,Sylhet,Sylhet,Companiganj,27,88,0,1,High
4/14/2026 20:00,Sylhet,Sylhet,Companiganj,24.1,90,0.9,1,High
4/14/2026 22:00,Sylhet,Sylhet,Companiganj,22.2,94,0.6,0.6195,Medium
4/15/2026 0:00,Sylhet,Sylhet,Companiganj,21.5,98,4,0.4085,Low
4/15/2026 2:00,Sylhet,Sylhet,Companiganj,21.3,98,5.9,0.4008,Low
4/15/2026 4:00,Sylhet,Sylhet,Companiganj,21.6,96,0,0.416,Low
4/15/2026 6:00,Sylhet,Sylhet,Companiganj,21.1,97,0.2,0.71,High
4/15/2026 8:00,Sylhet,Sylhet,Companiganj,22,93,0.6,0.7145,High
4/15/2026 10:00,Sylhet,Sylhet,Companiganj,24.9,82,0,0.8875,High
4/15/2026 12:00,Sylhet,Sylhet,Companiganj,27.8,67,0,0.901,High
4/15/2026 14:00,Sylhet,Sylhet,Companiganj,29.9,63,0,1,High
4/15/2026 16:00,Sylhet,Sylhet,Companiganj,29.2,70,1,1,High
4/15/2026 18:00,Sylhet,Sylhet,Companiganj,26.2,80,0,1,High
4/15/2026 20:00,Sylhet,Sylhet,Companiganj,23.6,87,0.7,1,High
4/15/2026 22:00,Sylhet,Sylhet,Companiganj,22.1,93,0,0.6175,Medium
4/16/2026 0:00,Sylhet,Sylhet,Companiganj,20.9,99,6,0.3965,Low
4/16/2026 2:00,Sylhet,Sylhet,Companiganj,20.6,96,5.3,0.3878,Low
4/16/2026 4:00,Sylhet,Sylhet,Companiganj,20.5,98,0.4,0.4025,Low
4/16/2026 6:00,Sylhet,Sylhet,Companiganj,21.4,98,0.7,0.7152,High
4/16/2026 8:00,Sylhet,Sylhet,Companiganj,24.4,89,0,0.744,High
4/16/2026 10:00,Sylhet,Sylhet,Companiganj,28,71,0,0.912,High
4/16/2026 12:00,Sylhet,Sylhet,Companiganj,30.3,59,0,0.9225,High
4/16/2026 14:00,Sylhet,Sylhet,Companiganj,30.6,56,0.1,1,High
4/16/2026 16:00,Sylhet,Sylhet,Companiganj,30.5,59,0,1,High
4/16/2026 18:00,Sylhet,Sylhet,Companiganj,27.1,80,0,1,High
4/16/2026 20:00,Sylhet,Sylhet,Companiganj,25.8,87,0,1,High
4/16/2026 22:00,Sylhet,Sylhet,Companiganj,24.6,86,0,0.641,Medium
4/17/2026 0:00,Sylhet,Sylhet,Companiganj,24,91,0,0.442,Low
4/17/2026 2:00,Sylhet,Sylhet,Companiganj,23.2,92,0.1,0.4318,Low
4/17/2026 4:00,Sylhet,Sylhet,Companiganj,22.5,96,0,0.4295,Low
4/17/2026 6:00,Sylhet,Sylhet,Companiganj,22.6,95,0,0.729,High
4/17/2026 8:00,Sylhet,Sylhet,Companiganj,26.1,84,0,0.7595,High
4/17/2026 10:00,Sylhet,Sylhet,Companiganj,28.9,72,0,0.9275,High
4/17/2026 12:00,Sylhet,Sylhet,Companiganj,31,69,0,0.953,High
4/17/2026 14:00,Sylhet,Sylhet,Companiganj,31.6,66,0,1,High
4/17/2026 16:00,Sylhet,Sylhet,Companiganj,27.6,78,0,1,High
4/17/2026 18:00,Sylhet,Sylhet,Companiganj,26.1,90,0,1,High
4/17/2026 20:00,Sylhet,Sylhet,Companiganj,25.5,87,0,1,High
4/17/2026 22:00,Sylhet,Sylhet,Companiganj,25.8,82,0,0.651,Medium
4/18/2026 0:00,Sylhet,Sylhet,Companiganj,25.8,83,0,0.453,Medium
4/18/2026 2:00,Sylhet,Sylhet,Companiganj,23.6,92,0.9,0.4358,Low
4/18/2026 4:00,Sylhet,Sylhet,Companiganj,22.8,100,0.5,0.4408,Low
4/18/2026 6:00,Sylhet,Sylhet,Companiganj,24,99,0,0.758,High
4/18/2026 8:00,Sylhet,Sylhet,Companiganj,25.1,91,0.1,0.7582,High
4/18/2026 10:00,Sylhet,Sylhet,Companiganj,26.8,84,0.1,0.9198,High
4/18/2026 12:00,Sylhet,Sylhet,Companiganj,29.5,76,0,0.9445,High
4/18/2026 14:00,Sylhet,Sylhet,Companiganj,28.8,75,3.7,1,High
4/18/2026 16:00,Sylhet,Sylhet,Companiganj,29.5,71,0,1,High
4/18/2026 18:00,Sylhet,Sylhet,Companiganj,28,84,0,1,High
4/18/2026 20:00,Sylhet,Sylhet,Companiganj,26.2,87,0,1,High
4/18/2026 22:00,Sylhet,Sylhet,Companiganj,25.6,92,0,0.668,Medium
4/19/2026 0:00,Sylhet,Sylhet,Companiganj,25.1,91,0,0.4585,Medium
4/19/2026 2:00,Sylhet,Sylhet,Companiganj,23.7,97,0.1,0.4492,Low
4/19/2026 4:00,Sylhet,Sylhet,Companiganj,23.1,96,0,0.4385,Low
4/19/2026 6:00,Sylhet,Sylhet,Companiganj,23,97,0,0.739,High
4/19/2026 8:00,Sylhet,Sylhet,Companiganj,25,91,0.2,0.7565,High
4/19/2026 10:00,Sylhet,Sylhet,Companiganj,27.7,79,0.2,0.923,High
4/19/2026 12:00,Sylhet,Sylhet,Companiganj,28.8,72,0.2,0.9255,High
4/19/2026 14:00,Sylhet,Sylhet,Companiganj,29.4,69,0,1,High
4/19/2026 16:00,Sylhet,Sylhet,Companiganj,28,78,0,1,High
4/19/2026 18:00,Sylhet,Sylhet,Companiganj,27,86,0,1,High
4/19/2026 20:00,Sylhet,Sylhet,Companiganj,25.6,89,1,1,High
4/19/2026 22:00,Sylhet,Sylhet,Companiganj,24.2,91,0.1,0.6447,Medium
4/20/2026 0:00,Sylhet,Sylhet,Companiganj,23.4,95,5.7,0.4268,Low
4/20/2026 2:00,Sylhet,Sylhet,Companiganj,22.6,97,0.4,0.432,Low
4/20/2026 4:00,Sylhet,Sylhet,Companiganj,21.9,97,0.6,0.421,Low
4/20/2026 6:00,Sylhet,Sylhet,Companiganj,22.4,96,0,0.728,High
4/20/2026 8:00,Sylhet,Sylhet,Companiganj,23.4,91,0,0.733,High
4/20/2026 10:00,Sylhet,Sylhet,Companiganj,24.5,87,0.5,0.8902,High
4/20/2026 12:00,Sylhet,Sylhet,Companiganj,28.8,73,0,0.928,High
4/20/2026 14:00,Sylhet,Sylhet,Companiganj,31.4,62,0,1,High
4/20/2026 16:00,Sylhet,Sylhet,Companiganj,30,72,0.5,1,High
4/20/2026 18:00,Sylhet,Sylhet,Companiganj,24.8,94,0.6,1,High
4/20/2026 20:00,Sylhet,Sylhet,Companiganj,24.1,96,0.8,1,High
4/20/2026 22:00,Sylhet,Sylhet,Companiganj,23,94,0.1,0.6328,Medium
4/21/2026 0:00,Sylhet,Sylhet,Companiganj,22.5,96,2.6,0.423,Low
4/21/2026 2:00,Sylhet,Sylhet,Companiganj,22,96,7.1,0.4042,Low
4/21/2026 4:00,Sylhet,Sylhet,Companiganj,21.9,96,4.7,0.4088,Low
4/21/2026 6:00,Sylhet,Sylhet,Companiganj,22.2,92,0,0.717,High
4/21/2026 8:00,Sylhet,Sylhet,Companiganj,23.9,89,0.1,0.7362,High
4/21/2026 10:00,Sylhet,Sylhet,Companiganj,26,82,0,0.904,High
4/21/2026 12:00,Sylhet,Sylhet,Companiganj,28.9,72,0.1,0.9272,High
4/21/2026 14:00,Sylhet,Sylhet,Companiganj,29.8,72,0.4,1,High
4/21/2026 16:00,Sylhet,Sylhet,Companiganj,29.4,74,0,1,High
4/21/2026 18:00,Sylhet,Sylhet,Companiganj,28,89,0.6,1,High
4/21/2026 20:00,Sylhet,Sylhet,Companiganj,25,94,0,1,High
4/21/2026 22:00,Sylhet,Sylhet,Companiganj,24.2,93,0.2,0.6485,Medium
4/22/2026 0:00,Sylhet,Sylhet,Companiganj,22.7,97,0.1,0.4342,Low
4/22/2026 2:00,Sylhet,Sylhet,Companiganj,22.3,95,0.1,0.4243,Low
4/22/2026 4:00,Sylhet,Sylhet,Companiganj,22.4,96,0,0.428,Low
4/22/2026 6:00,Sylhet,Sylhet,Companiganj,21,97,0.5,0.7078,High
4/22/2026 8:00,Sylhet,Sylhet,Companiganj,21.1,93,14.4,0.6665,Medium
4/22/2026 10:00,Sylhet,Sylhet,Companiganj,22.8,87,5.1,0.8532,High
4/22/2026 12:00,Sylhet,Sylhet,Companiganj,28.4,74,0,0.924,High
4/22/2026 14:00,Sylhet,Sylhet,Companiganj,29.8,68,0,1,High
4/22/2026 16:00,Sylhet,Sylhet,Companiganj,30.7,66,0,1,High
4/22/2026 18:00,Sylhet,Sylhet,Companiganj,28.4,83,0,1,High
4/22/2026 20:00,Sylhet,Sylhet,Companiganj,26.2,87,0,1,High
4/22/2026 22:00,Sylhet,Sylhet,Companiganj,25.4,88,0,0.657,Medium
4/23/2026 0:00,Sylhet,Sylhet,Companiganj,23.6,94,0,0.442,Low
4/23/2026 2:00,Sylhet,Sylhet,Companiganj,23.5,92,0,0.4365,Low
4/23/2026 4:00,Sylhet,Sylhet,Companiganj,23,89,0,0.423,Low
4/23/2026 6:00,Sylhet,Sylhet,Companiganj,22.5,98,0,0.7335,High
4/23/2026 8:00,Sylhet,Sylhet,Companiganj,24.9,92,0.1,0.7572,High
4/23/2026 10:00,Sylhet,Sylhet,Companiganj,27.1,79,0.1,0.9143,High
4/23/2026 12:00,Sylhet,Sylhet,Companiganj,30,64,0,0.928,High
4/23/2026 14:00,Sylhet,Sylhet,Companiganj,31.6,57,0,1,High
4/23/2026 16:00,Sylhet,Sylhet,Companiganj,32,55,0,1,High
4/23/2026 18:00,Sylhet,Sylhet,Companiganj,29.1,80,0,1,High
4/23/2026 20:00,Sylhet,Sylhet,Companiganj,27.3,84,0,1,High
4/23/2026 22:00,Sylhet,Sylhet,Companiganj,27,80,0,0.665,Medium
4/24/2026 0:00,Sylhet,Sylhet,Companiganj,26.1,84,0,0.4595,Medium
4/24/2026 2:00,Sylhet,Sylhet,Companiganj,25.5,86,0,0.4545,Medium
4/24/2026 4:00,Sylhet,Sylhet,Companiganj,24.9,89,0,0.4515,Medium
4/24/2026 6:00,Sylhet,Sylhet,Companiganj,24.2,92,0,0.747,High
4/24/2026 8:00,Sylhet,Sylhet,Companiganj,27,85,0,0.775,High
4/24/2026 10:00,Sylhet,Sylhet,Companiganj,29.5,77,0.1,0.9462,High
4/24/2026 12:00,Sylhet,Sylhet,Companiganj,31.5,70,0,0.9625,High
4/24/2026 14:00,Sylhet,Sylhet,Companiganj,32.6,62,0,1,High
4/24/2026 16:00,Sylhet,Sylhet,Companiganj,32.2,64,0,1,High
4/24/2026 18:00,Sylhet,Sylhet,Companiganj,27.1,86,0,1,High
4/24/2026 20:00,Sylhet,Sylhet,Companiganj,26.2,93,0,1,High
4/24/2026 22:00,Sylhet,Sylhet,Companiganj,26.5,89,0,0.6755,Medium
4/25/2026 0:00,Sylhet,Sylhet,Companiganj,26.4,87,0,0.47,Medium
4/25/2026 2:00,Sylhet,Sylhet,Companiganj,25.9,86,0,0.4605,Medium
4/25/2026 4:00,Sylhet,Sylhet,Companiganj,25.5,87,0,0.4565,Medium
4/25/2026 6:00,Sylhet,Sylhet,Companiganj,25.4,94,0,0.769,High
4/25/2026 8:00,Sylhet,Sylhet,Companiganj,28.6,79,0,0.787,High
4/25/2026 10:00,Sylhet,Sylhet,Companiganj,29.2,76,0,0.94,High
4/25/2026 12:00,Sylhet,Sylhet,Companiganj,31.8,68,0.1,0.9628,High
4/25/2026 14:00,Sylhet,Sylhet,Companiganj,33.5,57,0,1,High
4/25/2026 16:00,Sylhet,Sylhet,Companiganj,32.7,60,0,1,High
4/25/2026 18:00,Sylhet,Sylhet,Companiganj,30,78,0,1,High
4/25/2026 20:00,Sylhet,Sylhet,Companiganj,27.6,82,0,1,High
4/25/2026 22:00,Sylhet,Sylhet,Companiganj,27.2,81,0,0.67,Medium
4/26/2026 0:00,Sylhet,Sylhet,Companiganj,26.1,87,0,0.4655,Medium
4/26/2026 2:00,Sylhet,Sylhet,Companiganj,24.8,95,0,0.462,Medium
4/26/2026 4:00,Sylhet,Sylhet,Companiganj,24.6,91,0,0.451,Medium
4/26/2026 6:00,Sylhet,Sylhet,Companiganj,23.4,92,2.6,0.7285,High
4/26/2026 8:00,Sylhet,Sylhet,Companiganj,25.7,87,0,0.7595,High
4/26/2026 10:00,Sylhet,Sylhet,Companiganj,28.5,69,0.1,0.9152,High
4/26/2026 12:00,Sylhet,Sylhet,Companiganj,27.1,73,0,0.9025,High
4/26/2026 14:00,Sylhet,Sylhet,Companiganj,26.6,75,0,0.999,High
4/26/2026 16:00,Sylhet,Sylhet,Companiganj,27.2,67,0,0.992,High
4/26/2026 18:00,Sylhet,Sylhet,Companiganj,24,82,8,1,High
4/26/2026 20:00,Sylhet,Sylhet,Companiganj,23.8,82,0,1,High
4/26/2026 22:00,Sylhet,Sylhet,Companiganj,23.3,84,0,0.6175,Medium
4/27/2026 0:00,Sylhet,Sylhet,Companiganj,22.8,89,8.4,0.399,Low
4/27/2026 2:00,Sylhet,Sylhet,Companiganj,22.1,92,0.3,0.4148,Low
4/27/2026 4:00,Sylhet,Sylhet,Companiganj,21.7,98,0.3,0.4208,Low
4/27/2026 6:00,Sylhet,Sylhet,Companiganj,20.6,95,6.1,0.6838,Medium
4/27/2026 8:00,Sylhet,Sylhet,Companiganj,21,98,2,0.706,High
4/27/2026 10:00,Sylhet,Sylhet,Companiganj,21.5,93,1.2,0.8555,High
4/27/2026 12:00,Sylhet,Sylhet,Companiganj,21.4,89,0.1,0.8488,High
4/27/2026 14:00,Sylhet,Sylhet,Companiganj,23.8,80,0.2,0.9665,High
4/27/2026 16:00,Sylhet,Sylhet,Companiganj,22.7,89,1.5,0.9647,High
4/27/2026 18:00,Sylhet,Sylhet,Companiganj,21.8,97,6.3,1,High
4/27/2026 20:00,Sylhet,Sylhet,Companiganj,21.6,97,2.8,1,High
4/27/2026 22:00,Sylhet,Sylhet,Companiganj,21.5,97,1.7,0.6122,Medium
4/28/2026 0:00,Sylhet,Sylhet,Companiganj,21.5,98,4.1,0.4082,Low
4/28/2026 2:00,Sylhet,Sylhet,Companiganj,21.2,98,3.1,0.4062,Low
4/28/2026 4:00,Sylhet,Sylhet,Companiganj,20.9,97,2.3,0.4018,Low
4/28/2026 6:00,Sylhet,Sylhet,Companiganj,21.6,96,2.3,0.7102,High
4/28/2026 8:00,Sylhet,Sylhet,Companiganj,22.5,91,1.1,0.7167,High
4/28/2026 10:00,Sylhet,Sylhet,Companiganj,22.9,91,6.7,0.8587,High
4/28/2026 12:00,Sylhet,Sylhet,Companiganj,23,88,10.6,0.8445,High
4/28/2026 14:00,Sylhet,Sylhet,Companiganj,24.7,82,0.7,0.9827,High
4/28/2026 16:00,Sylhet,Sylhet,Companiganj,22.9,96,5.6,0.9715,High
4/28/2026 18:00,Sylhet,Sylhet,Companiganj,23,98,0.7,1,High
4/28/2026 20:00,Sylhet,Sylhet,Companiganj,22.5,98,1,1,High
4/28/2026 22:00,Sylhet,Sylhet,Companiganj,21.8,97,1.5,0.6172,Medium
4/29/2026 0:00,Sylhet,Sylhet,Companiganj,21.8,98,10.5,0.3968,Low
4/29/2026 2:00,Sylhet,Sylhet,Companiganj,21.8,97,1.4,0.4175,Low
4/29/2026 4:00,Sylhet,Sylhet,Companiganj,21.5,98,1.5,0.4148,Low
4/29/2026 6:00,Sylhet,Sylhet,Companiganj,21.4,93,13.5,0.6732,Medium
4/29/2026 8:00,Sylhet,Sylhet,Companiganj,21.5,97,2.2,0.711,High
4/29/2026 10:00,Sylhet,Sylhet,Companiganj,22,98,3.5,0.8672,High
4/29/2026 12:00,Sylhet,Sylhet,Companiganj,21.2,97,0.3,0.8612,High
4/29/2026 14:00,Sylhet,Sylhet,Companiganj,22.9,83,0.3,0.9588,High
4/29/2026 16:00,Sylhet,Sylhet,Companiganj,23.5,80,0,0.9625,High
4/29/2026 18:00,Sylhet,Sylhet,Companiganj,22.9,85,0,1,High
4/29/2026 20:00,Sylhet,Sylhet,Companiganj,21.6,89,0,1,High
4/29/2026 22:00,Sylhet,Sylhet,Companiganj,21.1,90,0,0.5965,Medium
4/30/2026 0:00,Sylhet,Sylhet,Companiganj,21.9,83,0,0.3945,Low
4/30/2026 2:00,Sylhet,Sylhet,Companiganj,21,94,8.5,0.3818,Low
4/30/2026 4:00,Sylhet,Sylhet,Companiganj,20.5,96,0.7,0.3978,Low
4/30/2026 6:00,Sylhet,Sylhet,Companiganj,20.3,97,0,0.6985,Medium
4/30/2026 8:00,Sylhet,Sylhet,Companiganj,21.6,94,0.6,0.7105,High
4/30/2026 10:00,Sylhet,Sylhet,Companiganj,23.4,87,0.1,0.8748,High
4/30/2026 12:00,Sylhet,Sylhet,Companiganj,25.1,74,0.1,0.8742,High
4/30/2026 14:00,Sylhet,Sylhet,Companiganj,27.5,64,0,0.9905,High
4/30/2026 16:00,Sylhet,Sylhet,Companiganj,27.7,63,0.1,0.9912,High
4/30/2026 18:00,Sylhet,Sylhet,Companiganj,23.8,87,0,1,High
4/30/2026 20:00,Sylhet,Sylhet,Companiganj,22.5,90,0,1,High
4/30/2026 22:00,Sylhet,Sylhet,Companiganj,21.7,95,0,0.6155,Medium
5/1/2026 0:00,Sylhet,Sylhet,Companiganj,22.1,93,0,0.4175,Low
5/1/2026 2:00,Sylhet,Sylhet,Companiganj,21.8,96,0.1,0.4188,Low
5/1/2026 4:00,Sylhet,Sylhet,Companiganj,21,98,0,0.411,Low
5/1/2026 6:00,Sylhet,Sylhet,Companiganj,21.3,96,0.1,0.7112,High
5/1/2026 8:00,Sylhet,Sylhet,Companiganj,21.9,95,2.3,0.7127,High
5/1/2026 10:00,Sylhet,Sylhet,Companiganj,23.8,90,0.4,0.886,High
5/1/2026 12:00,Sylhet,Sylhet,Companiganj,24.2,87,0.4,0.886,High
5/1/2026 14:00,Sylhet,Sylhet,Companiganj,22.5,93,5.1,0.9607,High
5/1/2026 16:00,Sylhet,Sylhet,Companiganj,21.5,96,1.9,0.9597,High
5/1/2026 18:00,Sylhet,Sylhet,Companiganj,21.5,95,1.8,1,High
5/1/2026 20:00,Sylhet,Sylhet,Companiganj,21.2,93,0,1,High
5/1/2026 22:00,Sylhet,Sylhet,Companiganj,20.2,98,0,0.599,Medium
5/2/2026 0:00,Sylhet,Sylhet,Companiganj,21.1,98,0.4,0.4115,Low
5/2/2026 2:00,Sylhet,Sylhet,Companiganj,20.6,96,0.1,0.4008,Low
5/2/2026 4:00,Sylhet,Sylhet,Companiganj,20.1,98,0.6,0.396,Low
5/2/2026 6:00,Sylhet,Sylhet,Companiganj,20.6,95,0.3,0.6982,Medium
5/2/2026 8:00,Sylhet,Sylhet,Companiganj,21.4,96,1.8,0.7085,High
5/2/2026 10:00,Sylhet,Sylhet,Companiganj,21.2,96,1.1,0.8572,High
5/2/2026 12:00,Sylhet,Sylhet,Companiganj,21.4,98,0.8,0.865,High
5/2/2026 14:00,Sylhet,Sylhet,Companiganj,23.1,89,0.3,0.9737,High
5/2/2026 16:00,Sylhet,Sylhet,Companiganj,21,95,1.8,0.9505,High
5/2/2026 18:00,Sylhet,Sylhet,Companiganj,21.5,97,0.3,1,High
5/2/2026 20:00,Sylhet,Sylhet,Companiganj,21,99,0.9,1,High
5/2/2026 22:00,Sylhet,Sylhet,Companiganj,20.6,99,5.1,0.5942,Medium
5/3/2026 0:00,Sylhet,Sylhet,Companiganj,20.3,100,0.1,0.4042,Low
5/3/2026 2:00,Sylhet,Sylhet,Companiganj,20.1,99,0.2,0.399,Low
5/3/2026 4:00,Sylhet,Sylhet,Companiganj,20,98,6.2,0.3805,Low
5/3/2026 6:00,Sylhet,Sylhet,Companiganj,19.8,95,0.5,0.6888,Medium
5/3/2026 8:00,Sylhet,Sylhet,Companiganj,21,94,0.1,0.7028,High
5/3/2026 10:00,Sylhet,Sylhet,Companiganj,24.5,79,0,0.8755,High
5/3/2026 12:00,Sylhet,Sylhet,Companiganj,27.2,66,0.2,0.8895,High
5/3/2026 14:00,Sylhet,Sylhet,Companiganj,27.2,67,0.2,0.9915,High
5/3/2026 16:00,Sylhet,Sylhet,Companiganj,27.4,70,0.1,1,High
5/3/2026 18:00,Sylhet,Sylhet,Companiganj,23.9,87,0,1,High
5/3/2026 20:00,Sylhet,Sylhet,Companiganj,22.5,93,0,1,High
5/3/2026 22:00,Sylhet,Sylhet,Companiganj,22.2,96,0.8,0.623,Medium
5/4/2026 0:00,Sylhet,Sylhet,Companiganj,21,99,0,0.413,Low
5/4/2026 2:00,Sylhet,Sylhet,Companiganj,21.5,97,0,0.4165,Low
5/4/2026 4:00,Sylhet,Sylhet,Companiganj,21.8,98,0,0.423,Low
5/4/2026 6:00,Sylhet,Sylhet,Companiganj,22.4,93,0,0.722,High
5/4/2026 8:00,Sylhet,Sylhet,Companiganj,22.6,96,0.7,0.7292,High
5/4/2026 10:00,Sylhet,Sylhet,Companiganj,22.5,96,5.4,0.866,High
5/4/2026 12:00,Sylhet,Sylhet,Companiganj,23.2,90,0.1,0.8778,High
5/4/2026 14:00,Sylhet,Sylhet,Companiganj,27.4,70,0.1,1,High
5/4/2026 16:00,Sylhet,Sylhet,Companiganj,28,66,0,1,High
5/4/2026 18:00,Sylhet,Sylhet,Companiganj,25.8,85,0,1,High
5/4/2026 20:00,Sylhet,Sylhet,Companiganj,23.6,86,0,1,High
5/4/2026 22:00,Sylhet,Sylhet,Companiganj,23.2,82,0,0.612,Medium
5/5/2026 0:00,Sylhet,Sylhet,Companiganj,22.6,89,0,0.417,Low
5/5/2026 2:00,Sylhet,Sylhet,Companiganj,22.4,93,0,0.422,Low
5/5/2026 4:00,Sylhet,Sylhet,Companiganj,21.5,96,0,0.4145,Low
5/5/2026 6:00,Sylhet,Sylhet,Companiganj,22.2,89,0,0.711,High
5/5/2026 8:00,Sylhet,Sylhet,Companiganj,24.2,86,0,0.735,High
5/5/2026 10:00,Sylhet,Sylhet,Companiganj,26.9,80,0,0.9135,High
5/5/2026 12:00,Sylhet,Sylhet,Companiganj,30,66,0,0.932,High
5/5/2026 14:00,Sylhet,Sylhet,Companiganj,31,60,0,1,High
5/5/2026 16:00,Sylhet,Sylhet,Companiganj,30.2,61,0,1,High
5/5/2026 18:00,Sylhet,Sylhet,Companiganj,27.9,76,0,1,High
5/5/2026 20:00,Sylhet,Sylhet,Companiganj,26,80,0,1,High
5/5/2026 22:00,Sylhet,Sylhet,Companiganj,24.6,87,0,0.643,Medium
5/6/2026 0:00,Sylhet,Sylhet,Companiganj,24.1,91,0,0.4435,Low
5/6/2026 2:00,Sylhet,Sylhet,Companiganj,23.4,95,0.1,0.4408,Low
5/6/2026 4:00,Sylhet,Sylhet,Companiganj,22.4,96,1.3,0.4248,Low
5/6/2026 6:00,Sylhet,Sylhet,Companiganj,23.1,97,0.2,0.74,High
5/6/2026 8:00,Sylhet,Sylhet,Companiganj,25.8,84,0.1,0.7547,High
5/6/2026 10:00,Sylhet,Sylhet,Companiganj,28.6,72,0,0.923,High
5/6/2026 12:00,Sylhet,Sylhet,Companiganj,28.8,66,0.3,0.9132,High
5/6/2026 14:00,Sylhet,Sylhet,Companiganj,28.9,66,0,1,High
5/6/2026 16:00,Sylhet,Sylhet,Companiganj,30,62,0,1,High
5/6/2026 18:00,Sylhet,Sylhet,Companiganj,26.8,78,0,1,High
5/6/2026 20:00,Sylhet,Sylhet,Companiganj,25.1,82,0,1,High
5/6/2026 22:00,Sylhet,Sylhet,Companiganj,24.1,88,0.3,0.6367,Medium
5/7/2026 0:00,Sylhet,Sylhet,Companiganj,23.4,94,0.5,0.4378,Low
5/7/2026 2:00,Sylhet,Sylhet,Companiganj,22.9,95,0,0.4335,Low
5/7/2026 4:00,Sylhet,Sylhet,Companiganj,22.6,96,0,0.431,Low
5/7/2026 6:00,Sylhet,Sylhet,Companiganj,22.9,98,0.1,0.7392,High
5/7/2026 8:00,Sylhet,Sylhet,Companiganj,25.9,86,0,0.7605,High
5/7/2026 10:00,Sylhet,Sylhet,Companiganj,28.2,70,0,0.913,High
5/7/2026 12:00,Sylhet,Sylhet,Companiganj,29.8,59,0,0.915,High
5/7/2026 14:00,Sylhet,Sylhet,Companiganj,30.5,56,0,1,High
5/7/2026 16:00,Sylhet,Sylhet,Companiganj,30.3,57,0,1,High
5/7/2026 18:00,Sylhet,Sylhet,Companiganj,28.2,71,0,1,High
5/7/2026 20:00,Sylhet,Sylhet,Companiganj,27,73,0,1,High
5/7/2026 22:00,Sylhet,Sylhet,Companiganj,25.4,80,0,0.641,Medium
5/8/2026 0:00,Sylhet,Sylhet,Companiganj,25.6,81,0,0.446,Low
5/8/2026 2:00,Sylhet,Sylhet,Companiganj,24.7,86,0,0.4425,Low
5/8/2026 4:00,Sylhet,Sylhet,Companiganj,24,88,0,0.436,Low
5/8/2026 6:00,Sylhet,Sylhet,Companiganj,23.3,93,0,0.7355,High
5/8/2026 8:00,Sylhet,Sylhet,Companiganj,27.1,79,0,0.7645,High
5/8/2026 10:00,Sylhet,Sylhet,Companiganj,30.4,59,0,0.924,High
5/8/2026 12:00,Sylhet,Sylhet,Companiganj,30.5,56,0,0.9195,High
5/8/2026 14:00,Sylhet,Sylhet,Companiganj,31.5,51,0,1,High
5/8/2026 16:00,Sylhet,Sylhet,Companiganj,30.5,54,0,1,High
5/8/2026 18:00,Sylhet,Sylhet,Companiganj,28.4,71,0,1,High
5/8/2026 20:00,Sylhet,Sylhet,Companiganj,26.2,72,0,1,High
5/8/2026 22:00,Sylhet,Sylhet,Companiganj,25.4,77,0,0.635,Medium
5/9/2026 0:00,Sylhet,Sylhet,Companiganj,24.9,84,0,0.4415,Low
5/9/2026 2:00,Sylhet,Sylhet,Companiganj,24.3,84,0,0.4325,Low
5/9/2026 4:00,Sylhet,Sylhet,Companiganj,23.2,86,0,0.42,Low
5/9/2026 6:00,Sylhet,Sylhet,Companiganj,23,88,0,0.721,High
5/9/2026 8:00,Sylhet,Sylhet,Companiganj,26.8,77,0,0.756,High
5/9/2026 10:00,Sylhet,Sylhet,Companiganj,29.9,66,0,0.9305,High
5/9/2026 12:00,Sylhet,Sylhet,Companiganj,31.6,54,0,0.932,High
5/9/2026 14:00,Sylhet,Sylhet,Companiganj,32.8,49,0,1,High
5/9/2026 16:00,Sylhet,Sylhet,Companiganj,32,51,0,1,High
5/9/2026 18:00,Sylhet,Sylhet,Companiganj,29.5,74,0,1,High
5/9/2026 20:00,Sylhet,Sylhet,Companiganj,27,79,0,1,High
5/9/2026 22:00,Sylhet,Sylhet,Companiganj,26.8,76,0,0.654,Medium
5/10/2026 0:00,Sylhet,Sylhet,Companiganj,25.6,83,0,0.45,Medium
5/10/2026 2:00,Sylhet,Sylhet,Companiganj,25.5,84,0,0.4505,Medium
5/10/2026 4:00,Sylhet,Sylhet,Companiganj,24.7,89,0,0.4485,Low
5/10/2026 6:00,Sylhet,Sylhet,Companiganj,24.1,93,0,0.7475,High
5/10/2026 8:00,Sylhet,Sylhet,Companiganj,27.9,80,0,0.7785,High
5/10/2026 10:00,Sylhet,Sylhet,Companiganj,30.9,68,0,0.9495,High
5/10/2026 12:00,Sylhet,Sylhet,Companiganj,32.5,51,0,0.9395,High
5/10/2026 14:00,Sylhet,Sylhet,Companiganj,31.5,54,0,1,High
5/10/2026 16:00,Sylhet,Sylhet,Companiganj,26.2,75,0,0.993,High
5/10/2026 18:00,Sylhet,Sylhet,Companiganj,26.5,70,0,1,High
5/10/2026 20:00,Sylhet,Sylhet,Companiganj,25.2,75,0.1,1,High
5/10/2026 22:00,Sylhet,Sylhet,Companiganj,24.8,78,0,0.628,Medium
5/11/2026 0:00,Sylhet,Sylhet,Companiganj,25,75,0,0.425,Low
5/11/2026 2:00,Sylhet,Sylhet,Companiganj,25,80,0,0.435,Low
5/11/2026 4:00,Sylhet,Sylhet,Companiganj,21.5,97,4.5,0.4052,Low
5/11/2026 6:00,Sylhet,Sylhet,Companiganj,23.9,92,4.4,0.7315,High
5/11/2026 8:00,Sylhet,Sylhet,Companiganj,25,80,0.6,0.7335,High
5/11/2026 10:00,Sylhet,Sylhet,Companiganj,26.4,78,0,0.902,High
5/11/2026 12:00,Sylhet,Sylhet,Companiganj,28.2,72,0,0.917,High
5/11/2026 14:00,Sylhet,Sylhet,Companiganj,27.4,73,3.7,0.9978,High
5/11/2026 16:00,Sylhet,Sylhet,Companiganj,26,78,0.1,0.9958,High
5/11/2026 18:00,Sylhet,Sylhet,Companiganj,27.2,80,0,1,High
5/11/2026 20:00,Sylhet,Sylhet,Companiganj,25,79,0,1,High
5/11/2026 22:00,Sylhet,Sylhet,Companiganj,23.4,91,0.1,0.6327,Medium
5/12/2026 0:00,Sylhet,Sylhet,Companiganj,23.3,93,0,0.4355,Low
5/12/2026 2:00,Sylhet,Sylhet,Companiganj,22.3,94,0,0.4225,Low
5/12/2026 4:00,Sylhet,Sylhet,Companiganj,22.1,92,0,0.4155,Low
5/12/2026 6:00,Sylhet,Sylhet,Companiganj,23.5,95,0,0.7425,High
5/12/2026 8:00,Sylhet,Sylhet,Companiganj,24.6,85,0.2,0.7385,High
5/12/2026 10:00,Sylhet,Sylhet,Companiganj,28,71,0,0.912,High
5/12/2026 12:00,Sylhet,Sylhet,Companiganj,28.8,66,0,0.914,High
5/12/2026 14:00,Sylhet,Sylhet,Companiganj,30,62,0.1,1,High
5/12/2026 16:00,Sylhet,Sylhet,Companiganj,29.5,63,0,1,High
5/12/2026 18:00,Sylhet,Sylhet,Companiganj,27.5,78,0,1,High
5/12/2026 20:00,Sylhet,Sylhet,Companiganj,26.2,82,0,1,High
5/12/2026 22:00,Sylhet,Sylhet,Companiganj,25.6,84,0,0.652,Medium
5/13/2026 0:00,Sylhet,Sylhet,Companiganj,25.6,87,0,0.458,Medium
5/13/2026 2:00,Sylhet,Sylhet,Companiganj,23,95,2.1,0.4298,Low
5/13/2026 4:00,Sylhet,Sylhet,Companiganj,22.5,96,2.1,0.4242,Low
5/13/2026 6:00,Sylhet,Sylhet,Companiganj,24.4,96,0.4,0.757,High
5/13/2026 8:00,Sylhet,Sylhet,Companiganj,24,94,0.1,0.7477,High
5/13/2026 10:00,Sylhet,Sylhet,Companiganj,25,90,0.5,0.9038,High
5/13/2026 12:00,Sylhet,Sylhet,Companiganj,26.1,83,0.2,0.907,High
5/13/2026 14:00,Sylhet,Sylhet,Companiganj,30,63,0,1,High
5/13/2026 16:00,Sylhet,Sylhet,Companiganj,30.2,62,0,1,High
5/13/2026 18:00,Sylhet,Sylhet,Companiganj,28.7,79,0,1,High
5/13/2026 20:00,Sylhet,Sylhet,Companiganj,26.9,85,0,1,High
5/13/2026 22:00,Sylhet,Sylhet,Companiganj,23.2,96,1.7,0.6358,Medium
4/13/2026 0:00,Sylhet,Sylhet,Dakshin Surma,21.6,89,0,0.402,Low
4/13/2026 2:00,Sylhet,Sylhet,Dakshin Surma,21,91,0.9,0.3948,Low
4/13/2026 4:00,Sylhet,Sylhet,Dakshin Surma,20.1,93,0.3,0.3868,Low
4/13/2026 6:00,Sylhet,Sylhet,Dakshin Surma,20.2,93,0.5,0.6878,Medium
4/13/2026 8:00,Sylhet,Sylhet,Dakshin Surma,21.8,91,0.1,0.7088,High
4/13/2026 10:00,Sylhet,Sylhet,Dakshin Surma,22.6,83,0.9,0.8528,High
4/13/2026 12:00,Sylhet,Sylhet,Dakshin Surma,25.5,72,0.1,0.8762,High
4/13/2026 14:00,Sylhet,Sylhet,Dakshin Surma,26,69,0,0.978,High
4/13/2026 16:00,Sylhet,Sylhet,Dakshin Surma,26.6,68,0,0.985,High
4/13/2026 18:00,Sylhet,Sylhet,Dakshin Surma,26,77,0,1,High
4/13/2026 20:00,Sylhet,Sylhet,Dakshin Surma,24.1,75,0.1,1,High
4/13/2026 22:00,Sylhet,Sylhet,Dakshin Surma,22.6,79,0.5,0.5958,Medium
4/14/2026 0:00,Sylhet,Sylhet,Dakshin Surma,21.8,88,4.3,0.3923,Low
4/14/2026 2:00,Sylhet,Sylhet,Dakshin Surma,21.2,96,10.9,0.3828,Low
4/14/2026 4:00,Sylhet,Sylhet,Dakshin Surma,20.6,98,1.7,0.4008,Low
4/14/2026 6:00,Sylhet,Sylhet,Dakshin Surma,21.2,95,4.6,0.6965,Medium
4/14/2026 8:00,Sylhet,Sylhet,Dakshin Surma,23.5,84,0,0.7205,High
4/14/2026 10:00,Sylhet,Sylhet,Dakshin Surma,27.7,68,0,0.9015,High
4/14/2026 12:00,Sylhet,Sylhet,Dakshin Surma,29.3,62,0,0.9135,High
4/14/2026 14:00,Sylhet,Sylhet,Dakshin Surma,30.5,57,0,1,High
4/14/2026 16:00,Sylhet,Sylhet,Dakshin Surma,30.1,60,0,1,High
4/14/2026 18:00,Sylhet,Sylhet,Dakshin Surma,27,88,0,1,High
4/14/2026 20:00,Sylhet,Sylhet,Dakshin Surma,24.1,90,0.9,1,High
4/14/2026 22:00,Sylhet,Sylhet,Dakshin Surma,22.2,94,0.6,0.6195,Medium
4/15/2026 0:00,Sylhet,Sylhet,Dakshin Surma,21.5,98,4,0.4085,Low
4/15/2026 2:00,Sylhet,Sylhet,Dakshin Surma,21.3,98,5.9,0.4008,Low
4/15/2026 4:00,Sylhet,Sylhet,Dakshin Surma,21.6,96,0,0.416,Low
4/15/2026 6:00,Sylhet,Sylhet,Dakshin Surma,21.1,97,0.2,0.71,High
4/15/2026 8:00,Sylhet,Sylhet,Dakshin Surma,22,93,0.6,0.7145,High
4/15/2026 10:00,Sylhet,Sylhet,Dakshin Surma,24.9,82,0,0.8875,High
4/15/2026 12:00,Sylhet,Sylhet,Dakshin Surma,27.8,67,0,0.901,High
4/15/2026 14:00,Sylhet,Sylhet,Dakshin Surma,29.9,63,0,1,High
4/15/2026 16:00,Sylhet,Sylhet,Dakshin Surma,29.2,70,1,1,High
4/15/2026 18:00,Sylhet,Sylhet,Dakshin Surma,26.2,80,0,1,High
4/15/2026 20:00,Sylhet,Sylhet,Dakshin Surma,23.6,87,0.7,1,High
4/15/2026 22:00,Sylhet,Sylhet,Dakshin Surma,22.1,93,0,0.6175,Medium
4/16/2026 0:00,Sylhet,Sylhet,Dakshin Surma,20.9,99,6,0.3965,Low
4/16/2026 2:00,Sylhet,Sylhet,Dakshin Surma,20.6,96,5.3,0.3878,Low
4/16/2026 4:00,Sylhet,Sylhet,Dakshin Surma,20.5,98,0.4,0.4025,Low
4/16/2026 6:00,Sylhet,Sylhet,Dakshin Surma,21.4,98,0.7,0.7152,High
4/16/2026 8:00,Sylhet,Sylhet,Dakshin Surma,24.4,89,0,0.744,High
4/16/2026 10:00,Sylhet,Sylhet,Dakshin Surma,28,71,0,0.912,High
4/16/2026 12:00,Sylhet,Sylhet,Dakshin Surma,30.3,59,0,0.9225,High
4/16/2026 14:00,Sylhet,Sylhet,Dakshin Surma,30.6,56,0.1,1,High
4/16/2026 16:00,Sylhet,Sylhet,Dakshin Surma,30.5,59,0,1,High
4/16/2026 18:00,Sylhet,Sylhet,Dakshin Surma,27.1,80,0,1,High
4/16/2026 20:00,Sylhet,Sylhet,Dakshin Surma,25.8,87,0,1,High
4/16/2026 22:00,Sylhet,Sylhet,Dakshin Surma,24.6,86,0,0.641,Medium
4/17/2026 0:00,Sylhet,Sylhet,Dakshin Surma,24,91,0,0.442,Low
4/17/2026 2:00,Sylhet,Sylhet,Dakshin Surma,23.2,92,0.1,0.4318,Low
4/17/2026 4:00,Sylhet,Sylhet,Dakshin Surma,22.5,96,0,0.4295,Low
4/17/2026 6:00,Sylhet,Sylhet,Dakshin Surma,22.6,95,0,0.729,High
4/17/2026 8:00,Sylhet,Sylhet,Dakshin Surma,26.1,84,0,0.7595,High
4/17/2026 10:00,Sylhet,Sylhet,Dakshin Surma,28.9,72,0,0.9275,High
4/17/2026 12:00,Sylhet,Sylhet,Dakshin Surma,31,69,0,0.953,High
4/17/2026 14:00,Sylhet,Sylhet,Dakshin Surma,31.6,66,0,1,High
4/17/2026 16:00,Sylhet,Sylhet,Dakshin Surma,27.6,78,0,1,High
4/17/2026 18:00,Sylhet,Sylhet,Dakshin Surma,26.1,90,0,1,High
4/17/2026 20:00,Sylhet,Sylhet,Dakshin Surma,25.5,87,0,1,High
4/17/2026 22:00,Sylhet,Sylhet,Dakshin Surma,25.8,82,0,0.651,Medium
4/18/2026 0:00,Sylhet,Sylhet,Dakshin Surma,25.8,83,0,0.453,Medium
4/18/2026 2:00,Sylhet,Sylhet,Dakshin Surma,23.6,92,0.9,0.4358,Low
4/18/2026 4:00,Sylhet,Sylhet,Dakshin Surma,22.8,100,0.5,0.4408,Low
4/18/2026 6:00,Sylhet,Sylhet,Dakshin Surma,24,99,0,0.758,High
4/18/2026 8:00,Sylhet,Sylhet,Dakshin Surma,25.1,91,0.1,0.7582,High
4/18/2026 10:00,Sylhet,Sylhet,Dakshin Surma,26.8,84,0.1,0.9198,High
4/18/2026 12:00,Sylhet,Sylhet,Dakshin Surma,29.5,76,0,0.9445,High
4/18/2026 14:00,Sylhet,Sylhet,Dakshin Surma,28.8,75,3.7,1,High
4/18/2026 16:00,Sylhet,Sylhet,Dakshin Surma,29.5,71,0,1,High
4/18/2026 18:00,Sylhet,Sylhet,Dakshin Surma,28,84,0,1,High
4/18/2026 20:00,Sylhet,Sylhet,Dakshin Surma,26.2,87,0,1,High
4/18/2026 22:00,Sylhet,Sylhet,Dakshin Surma,25.6,92,0,0.668,Medium
4/19/2026 0:00,Sylhet,Sylhet,Dakshin Surma,25.1,91,0,0.4585,Medium
4/19/2026 2:00,Sylhet,Sylhet,Dakshin Surma,23.7,97,0.1,0.4492,Low
4/19/2026 4:00,Sylhet,Sylhet,Dakshin Surma,23.1,96,0,0.4385,Low
4/19/2026 6:00,Sylhet,Sylhet,Dakshin Surma,23,97,0,0.739,High
4/19/2026 8:00,Sylhet,Sylhet,Dakshin Surma,25,91,0.2,0.7565,High
4/19/2026 10:00,Sylhet,Sylhet,Dakshin Surma,27.7,79,0.2,0.923,High
4/19/2026 12:00,Sylhet,Sylhet,Dakshin Surma,28.8,72,0.2,0.9255,High
4/19/2026 14:00,Sylhet,Sylhet,Dakshin Surma,29.4,69,0,1,High
4/19/2026 16:00,Sylhet,Sylhet,Dakshin Surma,28,78,0,1,High
4/19/2026 18:00,Sylhet,Sylhet,Dakshin Surma,27,86,0,1,High
4/19/2026 20:00,Sylhet,Sylhet,Dakshin Surma,25.6,89,1,1,High
4/19/2026 22:00,Sylhet,Sylhet,Dakshin Surma,24.2,91,0.1,0.6447,Medium
4/20/2026 0:00,Sylhet,Sylhet,Dakshin Surma,23.4,95,5.7,0.4268,Low
4/20/2026 2:00,Sylhet,Sylhet,Dakshin Surma,22.6,97,0.4,0.432,Low
4/20/2026 4:00,Sylhet,Sylhet,Dakshin Surma,21.9,97,0.6,0.421,Low
4/20/2026 6:00,Sylhet,Sylhet,Dakshin Surma,22.4,96,0,0.728,High
4/20/2026 8:00,Sylhet,Sylhet,Dakshin Surma,23.4,91,0,0.733,High
4/20/2026 10:00,Sylhet,Sylhet,Dakshin Surma,24.5,87,0.5,0.8902,High
4/20/2026 12:00,Sylhet,Sylhet,Dakshin Surma,28.8,73,0,0.928,High
4/20/2026 14:00,Sylhet,Sylhet,Dakshin Surma,31.4,62,0,1,High
4/20/2026 16:00,Sylhet,Sylhet,Dakshin Surma,30,72,0.5,1,High
4/20/2026 18:00,Sylhet,Sylhet,Dakshin Surma,24.8,94,0.6,1,High
4/20/2026 20:00,Sylhet,Sylhet,Dakshin Surma,24.1,96,0.8,1,High
4/20/2026 22:00,Sylhet,Sylhet,Dakshin Surma,23,94,0.1,0.6328,Medium
4/21/2026 0:00,Sylhet,Sylhet,Dakshin Surma,22.5,96,2.6,0.423,Low
4/21/2026 2:00,Sylhet,Sylhet,Dakshin Surma,22,96,7.1,0.4042,Low
4/21/2026 4:00,Sylhet,Sylhet,Dakshin Surma,21.9,96,4.7,0.4088,Low
4/21/2026 6:00,Sylhet,Sylhet,Dakshin Surma,22.2,92,0,0.717,High
4/21/2026 8:00,Sylhet,Sylhet,Dakshin Surma,23.9,89,0.1,0.7362,High
4/21/2026 10:00,Sylhet,Sylhet,Dakshin Surma,26,82,0,0.904,High
4/21/2026 12:00,Sylhet,Sylhet,Dakshin Surma,28.9,72,0.1,0.9272,High
4/21/2026 14:00,Sylhet,Sylhet,Dakshin Surma,29.8,72,0.4,1,High
4/21/2026 16:00,Sylhet,Sylhet,Dakshin Surma,29.4,74,0,1,High
4/21/2026 18:00,Sylhet,Sylhet,Dakshin Surma,28,89,0.6,1,High
4/21/2026 20:00,Sylhet,Sylhet,Dakshin Surma,25,94,0,1,High
4/21/2026 22:00,Sylhet,Sylhet,Dakshin Surma,24.2,93,0.2,0.6485,Medium
4/22/2026 0:00,Sylhet,Sylhet,Dakshin Surma,22.7,97,0.1,0.4342,Low
4/22/2026 2:00,Sylhet,Sylhet,Dakshin Surma,22.3,95,0.1,0.4243,Low
4/22/2026 4:00,Sylhet,Sylhet,Dakshin Surma,22.4,96,0,0.428,Low
4/22/2026 6:00,Sylhet,Sylhet,Dakshin Surma,21,97,0.5,0.7078,High
4/22/2026 8:00,Sylhet,Sylhet,Dakshin Surma,21.1,93,14.4,0.6665,Medium
4/22/2026 10:00,Sylhet,Sylhet,Dakshin Surma,22.8,87,5.1,0.8532,High
4/22/2026 12:00,Sylhet,Sylhet,Dakshin Surma,28.4,74,0,0.924,High
4/22/2026 14:00,Sylhet,Sylhet,Dakshin Surma,29.8,68,0,1,High
4/22/2026 16:00,Sylhet,Sylhet,Dakshin Surma,30.7,66,0,1,High
4/22/2026 18:00,Sylhet,Sylhet,Dakshin Surma,28.4,83,0,1,High
4/22/2026 20:00,Sylhet,Sylhet,Dakshin Surma,26.2,87,0,1,High
4/22/2026 22:00,Sylhet,Sylhet,Dakshin Surma,25.4,88,0,0.657,Medium
4/23/2026 0:00,Sylhet,Sylhet,Dakshin Surma,23.6,94,0,0.442,Low
4/23/2026 2:00,Sylhet,Sylhet,Dakshin Surma,23.5,92,0,0.4365,Low
4/23/2026 4:00,Sylhet,Sylhet,Dakshin Surma,23,89,0,0.423,Low
4/23/2026 6:00,Sylhet,Sylhet,Dakshin Surma,22.5,98,0,0.7335,High
4/23/2026 8:00,Sylhet,Sylhet,Dakshin Surma,24.9,92,0.1,0.7572,High
4/23/2026 10:00,Sylhet,Sylhet,Dakshin Surma,27.1,79,0.1,0.9143,High
4/23/2026 12:00,Sylhet,Sylhet,Dakshin Surma,30,64,0,0.928,High
4/23/2026 14:00,Sylhet,Sylhet,Dakshin Surma,31.6,57,0,1,High
4/23/2026 16:00,Sylhet,Sylhet,Dakshin Surma,32,55,0,1,High
4/23/2026 18:00,Sylhet,Sylhet,Dakshin Surma,29.1,80,0,1,High
4/23/2026 20:00,Sylhet,Sylhet,Dakshin Surma,27.3,84,0,1,High
4/23/2026 22:00,Sylhet,Sylhet,Dakshin Surma,27,80,0,0.665,Medium
4/24/2026 0:00,Sylhet,Sylhet,Dakshin Surma,26.1,84,0,0.4595,Medium
4/24/2026 2:00,Sylhet,Sylhet,Dakshin Surma,25.5,86,0,0.4545,Medium
4/24/2026 4:00,Sylhet,Sylhet,Dakshin Surma,24.9,89,0,0.4515,Medium
4/24/2026 6:00,Sylhet,Sylhet,Dakshin Surma,24.2,92,0,0.747,High
4/24/2026 8:00,Sylhet,Sylhet,Dakshin Surma,27,85,0,0.775,High
4/24/2026 10:00,Sylhet,Sylhet,Dakshin Surma,29.5,77,0.1,0.9462,High
4/24/2026 12:00,Sylhet,Sylhet,Dakshin Surma,31.5,70,0,0.9625,High
4/24/2026 14:00,Sylhet,Sylhet,Dakshin Surma,32.6,62,0,1,High
4/24/2026 16:00,Sylhet,Sylhet,Dakshin Surma,32.2,64,0,1,High
4/24/2026 18:00,Sylhet,Sylhet,Dakshin Surma,27.1,86,0,1,High
4/24/2026 20:00,Sylhet,Sylhet,Dakshin Surma,26.2,93,0,1,High
4/24/2026 22:00,Sylhet,Sylhet,Dakshin Surma,26.5,89,0,0.6755,Medium
4/25/2026 0:00,Sylhet,Sylhet,Dakshin Surma,26.4,87,0,0.47,Medium
4/25/2026 2:00,Sylhet,Sylhet,Dakshin Surma,25.9,86,0,0.4605,Medium
4/25/2026 4:00,Sylhet,Sylhet,Dakshin Surma,25.5,87,0,0.4565,Medium
4/25/2026 6:00,Sylhet,Sylhet,Dakshin Surma,25.4,94,0,0.769,High
4/25/2026 8:00,Sylhet,Sylhet,Dakshin Surma,28.6,79,0,0.787,High
4/25/2026 10:00,Sylhet,Sylhet,Dakshin Surma,29.2,76,0,0.94,High
4/25/2026 12:00,Sylhet,Sylhet,Dakshin Surma,31.8,68,0.1,0.9628,High
4/25/2026 14:00,Sylhet,Sylhet,Dakshin Surma,33.5,57,0,1,High
4/25/2026 16:00,Sylhet,Sylhet,Dakshin Surma,32.7,60,0,1,High
4/25/2026 18:00,Sylhet,Sylhet,Dakshin Surma,30,78,0,1,High
4/25/2026 20:00,Sylhet,Sylhet,Dakshin Surma,27.6,82,0,1,High
4/25/2026 22:00,Sylhet,Sylhet,Dakshin Surma,27.2,81,0,0.67,Medium
4/26/2026 0:00,Sylhet,Sylhet,Dakshin Surma,26.1,87,0,0.4655,Medium
4/26/2026 2:00,Sylhet,Sylhet,Dakshin Surma,24.8,95,0,0.462,Medium
4/26/2026 4:00,Sylhet,Sylhet,Dakshin Surma,24.6,91,0,0.451,Medium
4/26/2026 6:00,Sylhet,Sylhet,Dakshin Surma,23.4,92,2.6,0.7285,High
4/26/2026 8:00,Sylhet,Sylhet,Dakshin Surma,25.7,87,0,0.7595,High
4/26/2026 10:00,Sylhet,Sylhet,Dakshin Surma,28.5,69,0.1,0.9152,High
4/26/2026 12:00,Sylhet,Sylhet,Dakshin Surma,27.1,73,0,0.9025,High
4/26/2026 14:00,Sylhet,Sylhet,Dakshin Surma,26.6,75,0,0.999,High
4/26/2026 16:00,Sylhet,Sylhet,Dakshin Surma,27.2,67,0,0.992,High
4/26/2026 18:00,Sylhet,Sylhet,Dakshin Surma,24,82,8,1,High
4/26/2026 20:00,Sylhet,Sylhet,Dakshin Surma,23.8,82,0,1,High
4/26/2026 22:00,Sylhet,Sylhet,Dakshin Surma,23.3,84,0,0.6175,Medium
4/27/2026 0:00,Sylhet,Sylhet,Dakshin Surma,22.8,89,8.4,0.399,Low
4/27/2026 2:00,Sylhet,Sylhet,Dakshin Surma,22.1,92,0.3,0.4148,Low
4/27/2026 4:00,Sylhet,Sylhet,Dakshin Surma,21.7,98,0.3,0.4208,Low
4/27/2026 6:00,Sylhet,Sylhet,Dakshin Surma,20.6,95,6.1,0.6838,Medium
4/27/2026 8:00,Sylhet,Sylhet,Dakshin Surma,21,98,2,0.706,High
4/27/2026 10:00,Sylhet,Sylhet,Dakshin Surma,21.5,93,1.2,0.8555,High
4/27/2026 12:00,Sylhet,Sylhet,Dakshin Surma,21.4,89,0.1,0.8488,High
4/27/2026 14:00,Sylhet,Sylhet,Dakshin Surma,23.8,80,0.2,0.9665,High
4/27/2026 16:00,Sylhet,Sylhet,Dakshin Surma,22.7,89,1.5,0.9647,High
4/27/2026 18:00,Sylhet,Sylhet,Dakshin Surma,21.8,97,6.3,1,High
4/27/2026 20:00,Sylhet,Sylhet,Dakshin Surma,21.6,97,2.8,1,High
4/27/2026 22:00,Sylhet,Sylhet,Dakshin Surma,21.5,97,1.7,0.6122,Medium
4/28/2026 0:00,Sylhet,Sylhet,Dakshin Surma,21.5,98,4.1,0.4082,Low
4/28/2026 2:00,Sylhet,Sylhet,Dakshin Surma,21.2,98,3.1,0.4062,Low
4/28/2026 4:00,Sylhet,Sylhet,Dakshin Surma,20.9,97,2.3,0.4018,Low
4/28/2026 6:00,Sylhet,Sylhet,Dakshin Surma,21.6,96,2.3,0.7102,High
4/28/2026 8:00,Sylhet,Sylhet,Dakshin Surma,22.5,91,1.1,0.7167,High
4/28/2026 10:00,Sylhet,Sylhet,Dakshin Surma,22.9,91,6.7,0.8587,High
4/28/2026 12:00,Sylhet,Sylhet,Dakshin Surma,23,88,10.6,0.8445,High
4/28/2026 14:00,Sylhet,Sylhet,Dakshin Surma,24.7,82,0.7,0.9827,High
4/28/2026 16:00,Sylhet,Sylhet,Dakshin Surma,22.9,96,5.6,0.9715,High
4/28/2026 18:00,Sylhet,Sylhet,Dakshin Surma,23,98,0.7,1,High
4/28/2026 20:00,Sylhet,Sylhet,Dakshin Surma,22.5,98,1,1,High
4/28/2026 22:00,Sylhet,Sylhet,Dakshin Surma,21.8,97,1.5,0.6172,Medium
4/29/2026 0:00,Sylhet,Sylhet,Dakshin Surma,21.8,98,10.5,0.3968,Low
4/29/2026 2:00,Sylhet,Sylhet,Dakshin Surma,21.8,97,1.4,0.4175,Low
4/29/2026 4:00,Sylhet,Sylhet,Dakshin Surma,21.5,98,1.5,0.4148,Low
4/29/2026 6:00,Sylhet,Sylhet,Dakshin Surma,21.4,93,13.5,0.6732,Medium
4/29/2026 8:00,Sylhet,Sylhet,Dakshin Surma,21.5,97,2.2,0.711,High
4/29/2026 10:00,Sylhet,Sylhet,Dakshin Surma,22,98,3.5,0.8672,High
4/29/2026 12:00,Sylhet,Sylhet,Dakshin Surma,21.2,97,0.3,0.8612,High
4/29/2026 14:00,Sylhet,Sylhet,Dakshin Surma,22.9,83,0.3,0.9588,High
4/29/2026 16:00,Sylhet,Sylhet,Dakshin Surma,23.5,80,0,0.9625,High
4/29/2026 18:00,Sylhet,Sylhet,Dakshin Surma,22.9,85,0,1,High
4/29/2026 20:00,Sylhet,Sylhet,Dakshin Surma,21.6,89,0,1,High
4/29/2026 22:00,Sylhet,Sylhet,Dakshin Surma,21.1,90,0,0.5965,Medium
4/30/2026 0:00,Sylhet,Sylhet,Dakshin Surma,21.9,83,0,0.3945,Low
4/30/2026 2:00,Sylhet,Sylhet,Dakshin Surma,21,94,8.5,0.3818,Low
4/30/2026 4:00,Sylhet,Sylhet,Dakshin Surma,20.5,96,0.7,0.3978,Low
4/30/2026 6:00,Sylhet,Sylhet,Dakshin Surma,20.3,97,0,0.6985,Medium
4/30/2026 8:00,Sylhet,Sylhet,Dakshin Surma,21.6,94,0.6,0.7105,High
4/30/2026 10:00,Sylhet,Sylhet,Dakshin Surma,23.4,87,0.1,0.8748,High
4/30/2026 12:00,Sylhet,Sylhet,Dakshin Surma,25.1,74,0.1,0.8742,High
4/30/2026 14:00,Sylhet,Sylhet,Dakshin Surma,27.5,64,0,0.9905,High
4/30/2026 16:00,Sylhet,Sylhet,Dakshin Surma,27.7,63,0.1,0.9912,High
4/30/2026 18:00,Sylhet,Sylhet,Dakshin Surma,23.8,87,0,1,High
4/30/2026 20:00,Sylhet,Sylhet,Dakshin Surma,22.5,90,0,1,High
4/30/2026 22:00,Sylhet,Sylhet,Dakshin Surma,21.7,95,0,0.6155,Medium
5/1/2026 0:00,Sylhet,Sylhet,Dakshin Surma,22.1,93,0,0.4175,Low
5/1/2026 2:00,Sylhet,Sylhet,Dakshin Surma,21.8,96,0.1,0.4188,Low
5/1/2026 4:00,Sylhet,Sylhet,Dakshin Surma,21,98,0,0.411,Low
5/1/2026 6:00,Sylhet,Sylhet,Dakshin Surma,21.3,96,0.1,0.7112,High
5/1/2026 8:00,Sylhet,Sylhet,Dakshin Surma,21.9,95,2.3,0.7127,High
5/1/2026 10:00,Sylhet,Sylhet,Dakshin Surma,23.8,90,0.4,0.886,High
5/1/2026 12:00,Sylhet,Sylhet,Dakshin Surma,24.2,87,0.4,0.886,High
5/1/2026 14:00,Sylhet,Sylhet,Dakshin Surma,22.5,93,5.1,0.9607,High
5/1/2026 16:00,Sylhet,Sylhet,Dakshin Surma,21.5,96,1.9,0.9597,High
5/1/2026 18:00,Sylhet,Sylhet,Dakshin Surma,21.5,95,1.8,1,High
5/1/2026 20:00,Sylhet,Sylhet,Dakshin Surma,21.2,93,0,1,High
5/1/2026 22:00,Sylhet,Sylhet,Dakshin Surma,20.2,98,0,0.599,Medium
5/2/2026 0:00,Sylhet,Sylhet,Dakshin Surma,21.1,98,0.4,0.4115,Low
5/2/2026 2:00,Sylhet,Sylhet,Dakshin Surma,20.6,96,0.1,0.4008,Low
5/2/2026 4:00,Sylhet,Sylhet,Dakshin Surma,20.1,98,0.6,0.396,Low
5/2/2026 6:00,Sylhet,Sylhet,Dakshin Surma,20.6,95,0.3,0.6982,Medium
5/2/2026 8:00,Sylhet,Sylhet,Dakshin Surma,21.4,96,1.8,0.7085,High
5/2/2026 10:00,Sylhet,Sylhet,Dakshin Surma,21.2,96,1.1,0.8572,High
5/2/2026 12:00,Sylhet,Sylhet,Dakshin Surma,21.4,98,0.8,0.865,High
5/2/2026 14:00,Sylhet,Sylhet,Dakshin Surma,23.1,89,0.3,0.9737,High
5/2/2026 16:00,Sylhet,Sylhet,Dakshin Surma,21,95,1.8,0.9505,High
5/2/2026 18:00,Sylhet,Sylhet,Dakshin Surma,21.5,97,0.3,1,High
5/2/2026 20:00,Sylhet,Sylhet,Dakshin Surma,21,99,0.9,1,High
5/2/2026 22:00,Sylhet,Sylhet,Dakshin Surma,20.6,99,5.1,0.5942,Medium
5/3/2026 0:00,Sylhet,Sylhet,Dakshin Surma,20.3,100,0.1,0.4042,Low
5/3/2026 2:00,Sylhet,Sylhet,Dakshin Surma,20.1,99,0.2,0.399,Low
5/3/2026 4:00,Sylhet,Sylhet,Dakshin Surma,20,98,6.2,0.3805,Low
5/3/2026 6:00,Sylhet,Sylhet,Dakshin Surma,19.8,95,0.5,0.6888,Medium
5/3/2026 8:00,Sylhet,Sylhet,Dakshin Surma,21,94,0.1,0.7028,High
5/3/2026 10:00,Sylhet,Sylhet,Dakshin Surma,24.5,79,0,0.8755,High
5/3/2026 12:00,Sylhet,Sylhet,Dakshin Surma,27.2,66,0.2,0.8895,High
5/3/2026 14:00,Sylhet,Sylhet,Dakshin Surma,27.2,67,0.2,0.9915,High
5/3/2026 16:00,Sylhet,Sylhet,Dakshin Surma,27.4,70,0.1,1,High
5/3/2026 18:00,Sylhet,Sylhet,Dakshin Surma,23.9,87,0,1,High
5/3/2026 20:00,Sylhet,Sylhet,Dakshin Surma,22.5,93,0,1,High
5/3/2026 22:00,Sylhet,Sylhet,Dakshin Surma,22.2,96,0.8,0.623,Medium
5/4/2026 0:00,Sylhet,Sylhet,Dakshin Surma,21,99,0,0.413,Low
5/4/2026 2:00,Sylhet,Sylhet,Dakshin Surma,21.5,97,0,0.4165,Low
5/4/2026 4:00,Sylhet,Sylhet,Dakshin Surma,21.8,98,0,0.423,Low
5/4/2026 6:00,Sylhet,Sylhet,Dakshin Surma,22.4,93,0,0.722,High
5/4/2026 8:00,Sylhet,Sylhet,Dakshin Surma,22.6,96,0.7,0.7292,High
5/4/2026 10:00,Sylhet,Sylhet,Dakshin Surma,22.5,96,5.4,0.866,High
5/4/2026 12:00,Sylhet,Sylhet,Dakshin Surma,23.2,90,0.1,0.8778,High
5/4/2026 14:00,Sylhet,Sylhet,Dakshin Surma,27.4,70,0.1,1,High
5/4/2026 16:00,Sylhet,Sylhet,Dakshin Surma,28,66,0,1,High
5/4/2026 18:00,Sylhet,Sylhet,Dakshin Surma,25.8,85,0,1,High
5/4/2026 20:00,Sylhet,Sylhet,Dakshin Surma,23.6,86,0,1,High
5/4/2026 22:00,Sylhet,Sylhet,Dakshin Surma,23.2,82,0,0.612,Medium
5/5/2026 0:00,Sylhet,Sylhet,Dakshin Surma,22.6,89,0,0.417,Low
5/5/2026 2:00,Sylhet,Sylhet,Dakshin Surma,22.4,93,0,0.422,Low
5/5/2026 4:00,Sylhet,Sylhet,Dakshin Surma,21.5,96,0,0.4145,Low
5/5/2026 6:00,Sylhet,Sylhet,Dakshin Surma,22.2,89,0,0.711,High
5/5/2026 8:00,Sylhet,Sylhet,Dakshin Surma,24.2,86,0,0.735,High
5/5/2026 10:00,Sylhet,Sylhet,Dakshin Surma,26.9,80,0,0.9135,High
5/5/2026 12:00,Sylhet,Sylhet,Dakshin Surma,30,66,0,0.932,High
5/5/2026 14:00,Sylhet,Sylhet,Dakshin Surma,31,60,0,1,High
5/5/2026 16:00,Sylhet,Sylhet,Dakshin Surma,30.2,61,0,1,High
5/5/2026 18:00,Sylhet,Sylhet,Dakshin Surma,27.9,76,0,1,High
5/5/2026 20:00,Sylhet,Sylhet,Dakshin Surma,26,80,0,1,High
5/5/2026 22:00,Sylhet,Sylhet,Dakshin Surma,24.6,87,0,0.643,Medium
5/6/2026 0:00,Sylhet,Sylhet,Dakshin Surma,24.1,91,0,0.4435,Low
5/6/2026 2:00,Sylhet,Sylhet,Dakshin Surma,23.4,95,0.1,0.4408,Low
5/6/2026 4:00,Sylhet,Sylhet,Dakshin Surma,22.4,96,1.3,0.4248,Low
5/6/2026 6:00,Sylhet,Sylhet,Dakshin Surma,23.1,97,0.2,0.74,High
5/6/2026 8:00,Sylhet,Sylhet,Dakshin Surma,25.8,84,0.1,0.7547,High
5/6/2026 10:00,Sylhet,Sylhet,Dakshin Surma,28.6,72,0,0.923,High
5/6/2026 12:00,Sylhet,Sylhet,Dakshin Surma,28.8,66,0.3,0.9132,High
5/6/2026 14:00,Sylhet,Sylhet,Dakshin Surma,28.9,66,0,1,High
5/6/2026 16:00,Sylhet,Sylhet,Dakshin Surma,30,62,0,1,High
5/6/2026 18:00,Sylhet,Sylhet,Dakshin Surma,26.8,78,0,1,High
5/6/2026 20:00,Sylhet,Sylhet,Dakshin Surma,25.1,82,0,1,High
5/6/2026 22:00,Sylhet,Sylhet,Dakshin Surma,24.1,88,0.3,0.6367,Medium
5/7/2026 0:00,Sylhet,Sylhet,Dakshin Surma,23.4,94,0.5,0.4378,Low
5/7/2026 2:00,Sylhet,Sylhet,Dakshin Surma,22.9,95,0,0.4335,Low
5/7/2026 4:00,Sylhet,Sylhet,Dakshin Surma,22.6,96,0,0.431,Low
5/7/2026 6:00,Sylhet,Sylhet,Dakshin Surma,22.9,98,0.1,0.7392,High
5/7/2026 8:00,Sylhet,Sylhet,Dakshin Surma,25.9,86,0,0.7605,High
5/7/2026 10:00,Sylhet,Sylhet,Dakshin Surma,28.2,70,0,0.913,High
5/7/2026 12:00,Sylhet,Sylhet,Dakshin Surma,29.8,59,0,0.915,High
5/7/2026 14:00,Sylhet,Sylhet,Dakshin Surma,30.5,56,0,1,High
5/7/2026 16:00,Sylhet,Sylhet,Dakshin Surma,30.3,57,0,1,High
5/7/2026 18:00,Sylhet,Sylhet,Dakshin Surma,28.2,71,0,1,High
5/7/2026 20:00,Sylhet,Sylhet,Dakshin Surma,27,73,0,1,High
5/7/2026 22:00,Sylhet,Sylhet,Dakshin Surma,25.4,80,0,0.641,Medium
5/8/2026 0:00,Sylhet,Sylhet,Dakshin Surma,25.6,81,0,0.446,Low
5/8/2026 2:00,Sylhet,Sylhet,Dakshin Surma,24.7,86,0,0.4425,Low
5/8/2026 4:00,Sylhet,Sylhet,Dakshin Surma,24,88,0,0.436,Low
5/8/2026 6:00,Sylhet,Sylhet,Dakshin Surma,23.3,93,0,0.7355,High
5/8/2026 8:00,Sylhet,Sylhet,Dakshin Surma,27.1,79,0,0.7645,High
5/8/2026 10:00,Sylhet,Sylhet,Dakshin Surma,30.4,59,0,0.924,High
5/8/2026 12:00,Sylhet,Sylhet,Dakshin Surma,30.5,56,0,0.9195,High
5/8/2026 14:00,Sylhet,Sylhet,Dakshin Surma,31.5,51,0,1,High
5/8/2026 16:00,Sylhet,Sylhet,Dakshin Surma,30.5,54,0,1,High
5/8/2026 18:00,Sylhet,Sylhet,Dakshin Surma,28.4,71,0,1,High
5/8/2026 20:00,Sylhet,Sylhet,Dakshin Surma,26.2,72,0,1,High
5/8/2026 22:00,Sylhet,Sylhet,Dakshin Surma,25.4,77,0,0.635,Medium
5/9/2026 0:00,Sylhet,Sylhet,Dakshin Surma,24.9,84,0,0.4415,Low
5/9/2026 2:00,Sylhet,Sylhet,Dakshin Surma,24.3,84,0,0.4325,Low
5/9/2026 4:00,Sylhet,Sylhet,Dakshin Surma,23.2,86,0,0.42,Low
5/9/2026 6:00,Sylhet,Sylhet,Dakshin Surma,23,88,0,0.721,High
5/9/2026 8:00,Sylhet,Sylhet,Dakshin Surma,26.8,77,0,0.756,High
5/9/2026 10:00,Sylhet,Sylhet,Dakshin Surma,29.9,66,0,0.9305,High
5/9/2026 12:00,Sylhet,Sylhet,Dakshin Surma,31.6,54,0,0.932,High
5/9/2026 14:00,Sylhet,Sylhet,Dakshin Surma,32.8,49,0,1,High
5/9/2026 16:00,Sylhet,Sylhet,Dakshin Surma,32,51,0,1,High
5/9/2026 18:00,Sylhet,Sylhet,Dakshin Surma,29.5,74,0,1,High
5/9/2026 20:00,Sylhet,Sylhet,Dakshin Surma,27,79,0,1,High
5/9/2026 22:00,Sylhet,Sylhet,Dakshin Surma,26.8,76,0,0.654,Medium
5/10/2026 0:00,Sylhet,Sylhet,Dakshin Surma,25.6,83,0,0.45,Medium
5/10/2026 2:00,Sylhet,Sylhet,Dakshin Surma,25.5,84,0,0.4505,Medium
5/10/2026 4:00,Sylhet,Sylhet,Dakshin Surma,24.7,89,0,0.4485,Low
5/10/2026 6:00,Sylhet,Sylhet,Dakshin Surma,24.1,93,0,0.7475,High
5/10/2026 8:00,Sylhet,Sylhet,Dakshin Surma,27.9,80,0,0.7785,High
5/10/2026 10:00,Sylhet,Sylhet,Dakshin Surma,30.9,68,0,0.9495,High
5/10/2026 12:00,Sylhet,Sylhet,Dakshin Surma,32.5,51,0,0.9395,High
5/10/2026 14:00,Sylhet,Sylhet,Dakshin Surma,31.5,54,0,1,High
5/10/2026 16:00,Sylhet,Sylhet,Dakshin Surma,26.2,75,0,0.993,High
5/10/2026 18:00,Sylhet,Sylhet,Dakshin Surma,26.5,70,0,1,High
5/10/2026 20:00,Sylhet,Sylhet,Dakshin Surma,25.2,75,0.1,1,High
5/10/2026 22:00,Sylhet,Sylhet,Dakshin Surma,24.8,78,0,0.628,Medium
5/11/2026 0:00,Sylhet,Sylhet,Dakshin Surma,25,75,0,0.425,Low
5/11/2026 2:00,Sylhet,Sylhet,Dakshin Surma,25,80,0,0.435,Low
5/11/2026 4:00,Sylhet,Sylhet,Dakshin Surma,21.5,97,4.5,0.4052,Low
5/11/2026 6:00,Sylhet,Sylhet,Dakshin Surma,23.9,92,4.4,0.7315,High
5/11/2026 8:00,Sylhet,Sylhet,Dakshin Surma,25,80,0.6,0.7335,High
5/11/2026 10:00,Sylhet,Sylhet,Dakshin Surma,26.4,78,0,0.902,High
5/11/2026 12:00,Sylhet,Sylhet,Dakshin Surma,28.2,72,0,0.917,High
5/11/2026 14:00,Sylhet,Sylhet,Dakshin Surma,27.4,73,3.7,0.9978,High
5/11/2026 16:00,Sylhet,Sylhet,Dakshin Surma,26,78,0.1,0.9958,High
5/11/2026 18:00,Sylhet,Sylhet,Dakshin Surma,27.2,80,0,1,High
5/11/2026 20:00,Sylhet,Sylhet,Dakshin Surma,25,79,0,1,High
5/11/2026 22:00,Sylhet,Sylhet,Dakshin Surma,23.4,91,0.1,0.6327,Medium
5/12/2026 0:00,Sylhet,Sylhet,Dakshin Surma,23.3,93,0,0.4355,Low
5/12/2026 2:00,Sylhet,Sylhet,Dakshin Surma,22.3,94,0,0.4225,Low
5/12/2026 4:00,Sylhet,Sylhet,Dakshin Surma,22.1,92,0,0.4155,Low
5/12/2026 6:00,Sylhet,Sylhet,Dakshin Surma,23.5,95,0,0.7425,High
5/12/2026 8:00,Sylhet,Sylhet,Dakshin Surma,24.6,85,0.2,0.7385,High
5/12/2026 10:00,Sylhet,Sylhet,Dakshin Surma,28,71,0,0.912,High
5/12/2026 12:00,Sylhet,Sylhet,Dakshin Surma,28.8,66,0,0.914,High
5/12/2026 14:00,Sylhet,Sylhet,Dakshin Surma,30,62,0.1,1,High
5/12/2026 16:00,Sylhet,Sylhet,Dakshin Surma,29.5,63,0,1,High
5/12/2026 18:00,Sylhet,Sylhet,Dakshin Surma,27.5,78,0,1,High
5/12/2026 20:00,Sylhet,Sylhet,Dakshin Surma,26.2,82,0,1,High
5/12/2026 22:00,Sylhet,Sylhet,Dakshin Surma,25.6,84,0,0.652,Medium
5/13/2026 0:00,Sylhet,Sylhet,Dakshin Surma,25.6,87,0,0.458,Medium
5/13/2026 2:00,Sylhet,Sylhet,Dakshin Surma,23,95,2.1,0.4298,Low
5/13/2026 4:00,Sylhet,Sylhet,Dakshin Surma,22.5,96,2.1,0.4242,Low
5/13/2026 6:00,Sylhet,Sylhet,Dakshin Surma,24.4,96,0.4,0.757,High
5/13/2026 8:00,Sylhet,Sylhet,Dakshin Surma,24,94,0.1,0.7477,High
5/13/2026 10:00,Sylhet,Sylhet,Dakshin Surma,25,90,0.5,0.9038,High
5/13/2026 12:00,Sylhet,Sylhet,Dakshin Surma,26.1,83,0.2,0.907,High
5/13/2026 14:00,Sylhet,Sylhet,Dakshin Surma,30,63,0,1,High
5/13/2026 16:00,Sylhet,Sylhet,Dakshin Surma,30.2,62,0,1,High
5/13/2026 18:00,Sylhet,Sylhet,Dakshin Surma,28.7,79,0,1,High
5/13/2026 20:00,Sylhet,Sylhet,Dakshin Surma,26.9,85,0,1,High
5/13/2026 22:00,Sylhet,Sylhet,Dakshin Surma,23.2,96,1.7,0.6358,Medium
4/13/2026 0:00,Sylhet,Sylhet,Fenchuganj,21.6,89,0,0.402,Low
4/13/2026 2:00,Sylhet,Sylhet,Fenchuganj,21,91,0.9,0.3948,Low
4/13/2026 4:00,Sylhet,Sylhet,Fenchuganj,20.1,93,0.3,0.3868,Low
4/13/2026 6:00,Sylhet,Sylhet,Fenchuganj,20.2,93,0.5,0.6878,Medium
4/13/2026 8:00,Sylhet,Sylhet,Fenchuganj,21.8,91,0.1,0.7088,High
4/13/2026 10:00,Sylhet,Sylhet,Fenchuganj,22.6,83,0.9,0.8528,High
4/13/2026 12:00,Sylhet,Sylhet,Fenchuganj,25.5,72,0.1,0.8762,High
4/13/2026 14:00,Sylhet,Sylhet,Fenchuganj,26,69,0,0.978,High
4/13/2026 16:00,Sylhet,Sylhet,Fenchuganj,26.6,68,0,0.985,High
4/13/2026 18:00,Sylhet,Sylhet,Fenchuganj,26,77,0,1,High
4/13/2026 20:00,Sylhet,Sylhet,Fenchuganj,24.1,75,0.1,1,High
4/13/2026 22:00,Sylhet,Sylhet,Fenchuganj,22.6,79,0.5,0.5958,Medium
4/14/2026 0:00,Sylhet,Sylhet,Fenchuganj,21.8,88,4.3,0.3923,Low
4/14/2026 2:00,Sylhet,Sylhet,Fenchuganj,21.2,96,10.9,0.3828,Low
4/14/2026 4:00,Sylhet,Sylhet,Fenchuganj,20.6,98,1.7,0.4008,Low
4/14/2026 6:00,Sylhet,Sylhet,Fenchuganj,21.2,95,4.6,0.6965,Medium
4/14/2026 8:00,Sylhet,Sylhet,Fenchuganj,23.5,84,0,0.7205,High
4/14/2026 10:00,Sylhet,Sylhet,Fenchuganj,27.7,68,0,0.9015,High
4/14/2026 12:00,Sylhet,Sylhet,Fenchuganj,29.3,62,0,0.9135,High
4/14/2026 14:00,Sylhet,Sylhet,Fenchuganj,30.5,57,0,1,High
4/14/2026 16:00,Sylhet,Sylhet,Fenchuganj,30.1,60,0,1,High
4/14/2026 18:00,Sylhet,Sylhet,Fenchuganj,27,88,0,1,High
4/14/2026 20:00,Sylhet,Sylhet,Fenchuganj,24.1,90,0.9,1,High
4/14/2026 22:00,Sylhet,Sylhet,Fenchuganj,22.2,94,0.6,0.6195,Medium
4/15/2026 0:00,Sylhet,Sylhet,Fenchuganj,21.5,98,4,0.4085,Low
4/15/2026 2:00,Sylhet,Sylhet,Fenchuganj,21.3,98,5.9,0.4008,Low
4/15/2026 4:00,Sylhet,Sylhet,Fenchuganj,21.6,96,0,0.416,Low
4/15/2026 6:00,Sylhet,Sylhet,Fenchuganj,21.1,97,0.2,0.71,High
4/15/2026 8:00,Sylhet,Sylhet,Fenchuganj,22,93,0.6,0.7145,High
4/15/2026 10:00,Sylhet,Sylhet,Fenchuganj,24.9,82,0,0.8875,High
4/15/2026 12:00,Sylhet,Sylhet,Fenchuganj,27.8,67,0,0.901,High
4/15/2026 14:00,Sylhet,Sylhet,Fenchuganj,29.9,63,0,1,High
4/15/2026 16:00,Sylhet,Sylhet,Fenchuganj,29.2,70,1,1,High
4/15/2026 18:00,Sylhet,Sylhet,Fenchuganj,26.2,80,0,1,High
4/15/2026 20:00,Sylhet,Sylhet,Fenchuganj,23.6,87,0.7,1,High
4/15/2026 22:00,Sylhet,Sylhet,Fenchuganj,22.1,93,0,0.6175,Medium
4/16/2026 0:00,Sylhet,Sylhet,Fenchuganj,20.9,99,6,0.3965,Low
4/16/2026 2:00,Sylhet,Sylhet,Fenchuganj,20.6,96,5.3,0.3878,Low
4/16/2026 4:00,Sylhet,Sylhet,Fenchuganj,20.5,98,0.4,0.4025,Low
4/16/2026 6:00,Sylhet,Sylhet,Fenchuganj,21.4,98,0.7,0.7152,High
4/16/2026 8:00,Sylhet,Sylhet,Fenchuganj,24.4,89,0,0.744,High
4/16/2026 10:00,Sylhet,Sylhet,Fenchuganj,28,71,0,0.912,High
4/16/2026 12:00,Sylhet,Sylhet,Fenchuganj,30.3,59,0,0.9225,High
4/16/2026 14:00,Sylhet,Sylhet,Fenchuganj,30.6,56,0.1,1,High
4/16/2026 16:00,Sylhet,Sylhet,Fenchuganj,30.5,59,0,1,High
4/16/2026 18:00,Sylhet,Sylhet,Fenchuganj,27.1,80,0,1,High
4/16/2026 20:00,Sylhet,Sylhet,Fenchuganj,25.8,87,0,1,High
4/16/2026 22:00,Sylhet,Sylhet,Fenchuganj,24.6,86,0,0.641,Medium
4/17/2026 0:00,Sylhet,Sylhet,Fenchuganj,24,91,0,0.442,Low
4/17/2026 2:00,Sylhet,Sylhet,Fenchuganj,23.2,92,0.1,0.4318,Low
4/17/2026 4:00,Sylhet,Sylhet,Fenchuganj,22.5,96,0,0.4295,Low
4/17/2026 6:00,Sylhet,Sylhet,Fenchuganj,22.6,95,0,0.729,High
4/17/2026 8:00,Sylhet,Sylhet,Fenchuganj,26.1,84,0,0.7595,High
4/17/2026 10:00,Sylhet,Sylhet,Fenchuganj,28.9,72,0,0.9275,High
4/17/2026 12:00,Sylhet,Sylhet,Fenchuganj,31,69,0,0.953,High
4/17/2026 14:00,Sylhet,Sylhet,Fenchuganj,31.6,66,0,1,High
4/17/2026 16:00,Sylhet,Sylhet,Fenchuganj,27.6,78,0,1,High
4/17/2026 18:00,Sylhet,Sylhet,Fenchuganj,26.1,90,0,1,High
4/17/2026 20:00,Sylhet,Sylhet,Fenchuganj,25.5,87,0,1,High
4/17/2026 22:00,Sylhet,Sylhet,Fenchuganj,25.8,82,0,0.651,Medium
4/18/2026 0:00,Sylhet,Sylhet,Fenchuganj,25.8,83,0,0.453,Medium
4/18/2026 2:00,Sylhet,Sylhet,Fenchuganj,23.6,92,0.9,0.4358,Low
4/18/2026 4:00,Sylhet,Sylhet,Fenchuganj,22.8,100,0.5,0.4408,Low
4/18/2026 6:00,Sylhet,Sylhet,Fenchuganj,24,99,0,0.758,High
4/18/2026 8:00,Sylhet,Sylhet,Fenchuganj,25.1,91,0.1,0.7582,High
4/18/2026 10:00,Sylhet,Sylhet,Fenchuganj,26.8,84,0.1,0.9198,High
4/18/2026 12:00,Sylhet,Sylhet,Fenchuganj,29.5,76,0,0.9445,High
4/18/2026 14:00,Sylhet,Sylhet,Fenchuganj,28.8,75,3.7,1,High
4/18/2026 16:00,Sylhet,Sylhet,Fenchuganj,29.5,71,0,1,High
4/18/2026 18:00,Sylhet,Sylhet,Fenchuganj,28,84,0,1,High
4/18/2026 20:00,Sylhet,Sylhet,Fenchuganj,26.2,87,0,1,High
4/18/2026 22:00,Sylhet,Sylhet,Fenchuganj,25.6,92,0,0.668,Medium
4/19/2026 0:00,Sylhet,Sylhet,Fenchuganj,25.1,91,0,0.4585,Medium
4/19/2026 2:00,Sylhet,Sylhet,Fenchuganj,23.7,97,0.1,0.4492,Low
4/19/2026 4:00,Sylhet,Sylhet,Fenchuganj,23.1,96,0,0.4385,Low
4/19/2026 6:00,Sylhet,Sylhet,Fenchuganj,23,97,0,0.739,High
4/19/2026 8:00,Sylhet,Sylhet,Fenchuganj,25,91,0.2,0.7565,High
4/19/2026 10:00,Sylhet,Sylhet,Fenchuganj,27.7,79,0.2,0.923,High
4/19/2026 12:00,Sylhet,Sylhet,Fenchuganj,28.8,72,0.2,0.9255,High
4/19/2026 14:00,Sylhet,Sylhet,Fenchuganj,29.4,69,0,1,High
4/19/2026 16:00,Sylhet,Sylhet,Fenchuganj,28,78,0,1,High
4/19/2026 18:00,Sylhet,Sylhet,Fenchuganj,27,86,0,1,High
4/19/2026 20:00,Sylhet,Sylhet,Fenchuganj,25.6,89,1,1,High
4/19/2026 22:00,Sylhet,Sylhet,Fenchuganj,24.2,91,0.1,0.6447,Medium
4/20/2026 0:00,Sylhet,Sylhet,Fenchuganj,23.4,95,5.7,0.4268,Low
4/20/2026 2:00,Sylhet,Sylhet,Fenchuganj,22.6,97,0.4,0.432,Low
4/20/2026 4:00,Sylhet,Sylhet,Fenchuganj,21.9,97,0.6,0.421,Low
4/20/2026 6:00,Sylhet,Sylhet,Fenchuganj,22.4,96,0,0.728,High
4/20/2026 8:00,Sylhet,Sylhet,Fenchuganj,23.4,91,0,0.733,High
4/20/2026 10:00,Sylhet,Sylhet,Fenchuganj,24.5,87,0.5,0.8902,High
4/20/2026 12:00,Sylhet,Sylhet,Fenchuganj,28.8,73,0,0.928,High
4/20/2026 14:00,Sylhet,Sylhet,Fenchuganj,31.4,62,0,1,High
4/20/2026 16:00,Sylhet,Sylhet,Fenchuganj,30,72,0.5,1,High
4/20/2026 18:00,Sylhet,Sylhet,Fenchuganj,24.8,94,0.6,1,High
4/20/2026 20:00,Sylhet,Sylhet,Fenchuganj,24.1,96,0.8,1,High
4/20/2026 22:00,Sylhet,Sylhet,Fenchuganj,23,94,0.1,0.6328,Medium
4/21/2026 0:00,Sylhet,Sylhet,Fenchuganj,22.5,96,2.6,0.423,Low
4/21/2026 2:00,Sylhet,Sylhet,Fenchuganj,22,96,7.1,0.4042,Low
4/21/2026 4:00,Sylhet,Sylhet,Fenchuganj,21.9,96,4.7,0.4088,Low
4/21/2026 6:00,Sylhet,Sylhet,Fenchuganj,22.2,92,0,0.717,High
4/21/2026 8:00,Sylhet,Sylhet,Fenchuganj,23.9,89,0.1,0.7362,High
4/21/2026 10:00,Sylhet,Sylhet,Fenchuganj,26,82,0,0.904,High
4/21/2026 12:00,Sylhet,Sylhet,Fenchuganj,28.9,72,0.1,0.9272,High
4/21/2026 14:00,Sylhet,Sylhet,Fenchuganj,29.8,72,0.4,1,High
4/21/2026 16:00,Sylhet,Sylhet,Fenchuganj,29.4,74,0,1,High
4/21/2026 18:00,Sylhet,Sylhet,Fenchuganj,28,89,0.6,1,High
4/21/2026 20:00,Sylhet,Sylhet,Fenchuganj,25,94,0,1,High
4/21/2026 22:00,Sylhet,Sylhet,Fenchuganj,24.2,93,0.2,0.6485,Medium
4/22/2026 0:00,Sylhet,Sylhet,Fenchuganj,22.7,97,0.1,0.4342,Low
4/22/2026 2:00,Sylhet,Sylhet,Fenchuganj,22.3,95,0.1,0.4243,Low
4/22/2026 4:00,Sylhet,Sylhet,Fenchuganj,22.4,96,0,0.428,Low
4/22/2026 6:00,Sylhet,Sylhet,Fenchuganj,21,97,0.5,0.7078,High
4/22/2026 8:00,Sylhet,Sylhet,Fenchuganj,21.1,93,14.4,0.6665,Medium
4/22/2026 10:00,Sylhet,Sylhet,Fenchuganj,22.8,87,5.1,0.8532,High
4/22/2026 12:00,Sylhet,Sylhet,Fenchuganj,28.4,74,0,0.924,High
4/22/2026 14:00,Sylhet,Sylhet,Fenchuganj,29.8,68,0,1,High
4/22/2026 16:00,Sylhet,Sylhet,Fenchuganj,30.7,66,0,1,High
4/22/2026 18:00,Sylhet,Sylhet,Fenchuganj,28.4,83,0,1,High
4/22/2026 20:00,Sylhet,Sylhet,Fenchuganj,26.2,87,0,1,High
4/22/2026 22:00,Sylhet,Sylhet,Fenchuganj,25.4,88,0,0.657,Medium
4/23/2026 0:00,Sylhet,Sylhet,Fenchuganj,23.6,94,0,0.442,Low
4/23/2026 2:00,Sylhet,Sylhet,Fenchuganj,23.5,92,0,0.4365,Low
4/23/2026 4:00,Sylhet,Sylhet,Fenchuganj,23,89,0,0.423,Low
4/23/2026 6:00,Sylhet,Sylhet,Fenchuganj,22.5,98,0,0.7335,High
4/23/2026 8:00,Sylhet,Sylhet,Fenchuganj,24.9,92,0.1,0.7572,High
4/23/2026 10:00,Sylhet,Sylhet,Fenchuganj,27.1,79,0.1,0.9143,High
4/23/2026 12:00,Sylhet,Sylhet,Fenchuganj,30,64,0,0.928,High
4/23/2026 14:00,Sylhet,Sylhet,Fenchuganj,31.6,57,0,1,High
4/23/2026 16:00,Sylhet,Sylhet,Fenchuganj,32,55,0,1,High
4/23/2026 18:00,Sylhet,Sylhet,Fenchuganj,29.1,80,0,1,High
4/23/2026 20:00,Sylhet,Sylhet,Fenchuganj,27.3,84,0,1,High
4/23/2026 22:00,Sylhet,Sylhet,Fenchuganj,27,80,0,0.665,Medium
4/24/2026 0:00,Sylhet,Sylhet,Fenchuganj,26.1,84,0,0.4595,Medium
4/24/2026 2:00,Sylhet,Sylhet,Fenchuganj,25.5,86,0,0.4545,Medium
4/24/2026 4:00,Sylhet,Sylhet,Fenchuganj,24.9,89,0,0.4515,Medium
4/24/2026 6:00,Sylhet,Sylhet,Fenchuganj,24.2,92,0,0.747,High
4/24/2026 8:00,Sylhet,Sylhet,Fenchuganj,27,85,0,0.775,High
4/24/2026 10:00,Sylhet,Sylhet,Fenchuganj,29.5,77,0.1,0.9462,High
4/24/2026 12:00,Sylhet,Sylhet,Fenchuganj,31.5,70,0,0.9625,High
4/24/2026 14:00,Sylhet,Sylhet,Fenchuganj,32.6,62,0,1,High
4/24/2026 16:00,Sylhet,Sylhet,Fenchuganj,32.2,64,0,1,High
4/24/2026 18:00,Sylhet,Sylhet,Fenchuganj,27.1,86,0,1,High
4/24/2026 20:00,Sylhet,Sylhet,Fenchuganj,26.2,93,0,1,High
4/24/2026 22:00,Sylhet,Sylhet,Fenchuganj,26.5,89,0,0.6755,Medium
4/25/2026 0:00,Sylhet,Sylhet,Fenchuganj,26.4,87,0,0.47,Medium
4/25/2026 2:00,Sylhet,Sylhet,Fenchuganj,25.9,86,0,0.4605,Medium
4/25/2026 4:00,Sylhet,Sylhet,Fenchuganj,25.5,87,0,0.4565,Medium
4/25/2026 6:00,Sylhet,Sylhet,Fenchuganj,25.4,94,0,0.769,High
4/25/2026 8:00,Sylhet,Sylhet,Fenchuganj,28.6,79,0,0.787,High
4/25/2026 10:00,Sylhet,Sylhet,Fenchuganj,29.2,76,0,0.94,High
4/25/2026 12:00,Sylhet,Sylhet,Fenchuganj,31.8,68,0.1,0.9628,High
4/25/2026 14:00,Sylhet,Sylhet,Fenchuganj,33.5,57,0,1,High
4/25/2026 16:00,Sylhet,Sylhet,Fenchuganj,32.7,60,0,1,High
4/25/2026 18:00,Sylhet,Sylhet,Fenchuganj,30,78,0,1,High
4/25/2026 20:00,Sylhet,Sylhet,Fenchuganj,27.6,82,0,1,High
4/25/2026 22:00,Sylhet,Sylhet,Fenchuganj,27.2,81,0,0.67,Medium
4/26/2026 0:00,Sylhet,Sylhet,Fenchuganj,26.1,87,0,0.4655,Medium
4/26/2026 2:00,Sylhet,Sylhet,Fenchuganj,24.8,95,0,0.462,Medium
4/26/2026 4:00,Sylhet,Sylhet,Fenchuganj,24.6,91,0,0.451,Medium
4/26/2026 6:00,Sylhet,Sylhet,Fenchuganj,23.4,92,2.6,0.7285,High
4/26/2026 8:00,Sylhet,Sylhet,Fenchuganj,25.7,87,0,0.7595,High
4/26/2026 10:00,Sylhet,Sylhet,Fenchuganj,28.5,69,0.1,0.9152,High
4/26/2026 12:00,Sylhet,Sylhet,Fenchuganj,27.1,73,0,0.9025,High
4/26/2026 14:00,Sylhet,Sylhet,Fenchuganj,26.6,75,0,0.999,High
4/26/2026 16:00,Sylhet,Sylhet,Fenchuganj,27.2,67,0,0.992,High
4/26/2026 18:00,Sylhet,Sylhet,Fenchuganj,24,82,8,1,High
4/26/2026 20:00,Sylhet,Sylhet,Fenchuganj,23.8,82,0,1,High
4/26/2026 22:00,Sylhet,Sylhet,Fenchuganj,23.3,84,0,0.6175,Medium
4/27/2026 0:00,Sylhet,Sylhet,Fenchuganj,22.8,89,8.4,0.399,Low
4/27/2026 2:00,Sylhet,Sylhet,Fenchuganj,22.1,92,0.3,0.4148,Low
4/27/2026 4:00,Sylhet,Sylhet,Fenchuganj,21.7,98,0.3,0.4208,Low
4/27/2026 6:00,Sylhet,Sylhet,Fenchuganj,20.6,95,6.1,0.6838,Medium
4/27/2026 8:00,Sylhet,Sylhet,Fenchuganj,21,98,2,0.706,High
4/27/2026 10:00,Sylhet,Sylhet,Fenchuganj,21.5,93,1.2,0.8555,High
4/27/2026 12:00,Sylhet,Sylhet,Fenchuganj,21.4,89,0.1,0.8488,High
4/27/2026 14:00,Sylhet,Sylhet,Fenchuganj,23.8,80,0.2,0.9665,High
4/27/2026 16:00,Sylhet,Sylhet,Fenchuganj,22.7,89,1.5,0.9647,High
4/27/2026 18:00,Sylhet,Sylhet,Fenchuganj,21.8,97,6.3,1,High
4/27/2026 20:00,Sylhet,Sylhet,Fenchuganj,21.6,97,2.8,1,High
4/27/2026 22:00,Sylhet,Sylhet,Fenchuganj,21.5,97,1.7,0.6122,Medium
4/28/2026 0:00,Sylhet,Sylhet,Fenchuganj,21.5,98,4.1,0.4082,Low
4/28/2026 2:00,Sylhet,Sylhet,Fenchuganj,21.2,98,3.1,0.4062,Low
4/28/2026 4:00,Sylhet,Sylhet,Fenchuganj,20.9,97,2.3,0.4018,Low
4/28/2026 6:00,Sylhet,Sylhet,Fenchuganj,21.6,96,2.3,0.7102,High
4/28/2026 8:00,Sylhet,Sylhet,Fenchuganj,22.5,91,1.1,0.7167,High
4/28/2026 10:00,Sylhet,Sylhet,Fenchuganj,22.9,91,6.7,0.8587,High
4/28/2026 12:00,Sylhet,Sylhet,Fenchuganj,23,88,10.6,0.8445,High
4/28/2026 14:00,Sylhet,Sylhet,Fenchuganj,24.7,82,0.7,0.9827,High
4/28/2026 16:00,Sylhet,Sylhet,Fenchuganj,22.9,96,5.6,0.9715,High
4/28/2026 18:00,Sylhet,Sylhet,Fenchuganj,23,98,0.7,1,High
4/28/2026 20:00,Sylhet,Sylhet,Fenchuganj,22.5,98,1,1,High
4/28/2026 22:00,Sylhet,Sylhet,Fenchuganj,21.8,97,1.5,0.6172,Medium
4/29/2026 0:00,Sylhet,Sylhet,Fenchuganj,21.8,98,10.5,0.3968,Low
4/29/2026 2:00,Sylhet,Sylhet,Fenchuganj,21.8,97,1.4,0.4175,Low
4/29/2026 4:00,Sylhet,Sylhet,Fenchuganj,21.5,98,1.5,0.4148,Low
4/29/2026 6:00,Sylhet,Sylhet,Fenchuganj,21.4,93,13.5,0.6732,Medium
4/29/2026 8:00,Sylhet,Sylhet,Fenchuganj,21.5,97,2.2,0.711,High
4/29/2026 10:00,Sylhet,Sylhet,Fenchuganj,22,98,3.5,0.8672,High
4/29/2026 12:00,Sylhet,Sylhet,Fenchuganj,21.2,97,0.3,0.8612,High
4/29/2026 14:00,Sylhet,Sylhet,Fenchuganj,22.9,83,0.3,0.9588,High
4/29/2026 16:00,Sylhet,Sylhet,Fenchuganj,23.5,80,0,0.9625,High
4/29/2026 18:00,Sylhet,Sylhet,Fenchuganj,22.9,85,0,1,High
4/29/2026 20:00,Sylhet,Sylhet,Fenchuganj,21.6,89,0,1,High
4/29/2026 22:00,Sylhet,Sylhet,Fenchuganj,21.1,90,0,0.5965,Medium
4/30/2026 0:00,Sylhet,Sylhet,Fenchuganj,21.9,83,0,0.3945,Low
4/30/2026 2:00,Sylhet,Sylhet,Fenchuganj,21,94,8.5,0.3818,Low
4/30/2026 4:00,Sylhet,Sylhet,Fenchuganj,20.5,96,0.7,0.3978,Low
4/30/2026 6:00,Sylhet,Sylhet,Fenchuganj,20.3,97,0,0.6985,Medium
4/30/2026 8:00,Sylhet,Sylhet,Fenchuganj,21.6,94,0.6,0.7105,High
4/30/2026 10:00,Sylhet,Sylhet,Fenchuganj,23.4,87,0.1,0.8748,High
4/30/2026 12:00,Sylhet,Sylhet,Fenchuganj,25.1,74,0.1,0.8742,High
4/30/2026 14:00,Sylhet,Sylhet,Fenchuganj,27.5,64,0,0.9905,High
4/30/2026 16:00,Sylhet,Sylhet,Fenchuganj,27.7,63,0.1,0.9912,High
4/30/2026 18:00,Sylhet,Sylhet,Fenchuganj,23.8,87,0,1,High
4/30/2026 20:00,Sylhet,Sylhet,Fenchuganj,22.5,90,0,1,High
4/30/2026 22:00,Sylhet,Sylhet,Fenchuganj,21.7,95,0,0.6155,Medium
5/1/2026 0:00,Sylhet,Sylhet,Fenchuganj,22.1,93,0,0.4175,Low
5/1/2026 2:00,Sylhet,Sylhet,Fenchuganj,21.8,96,0.1,0.4188,Low
5/1/2026 4:00,Sylhet,Sylhet,Fenchuganj,21,98,0,0.411,Low
5/1/2026 6:00,Sylhet,Sylhet,Fenchuganj,21.3,96,0.1,0.7112,High
5/1/2026 8:00,Sylhet,Sylhet,Fenchuganj,21.9,95,2.3,0.7127,High
5/1/2026 10:00,Sylhet,Sylhet,Fenchuganj,23.8,90,0.4,0.886,High
5/1/2026 12:00,Sylhet,Sylhet,Fenchuganj,24.2,87,0.4,0.886,High
5/1/2026 14:00,Sylhet,Sylhet,Fenchuganj,22.5,93,5.1,0.9607,High
5/1/2026 16:00,Sylhet,Sylhet,Fenchuganj,21.5,96,1.9,0.9597,High
5/1/2026 18:00,Sylhet,Sylhet,Fenchuganj,21.5,95,1.8,1,High
5/1/2026 20:00,Sylhet,Sylhet,Fenchuganj,21.2,93,0,1,High
5/1/2026 22:00,Sylhet,Sylhet,Fenchuganj,20.2,98,0,0.599,Medium
5/2/2026 0:00,Sylhet,Sylhet,Fenchuganj,21.1,98,0.4,0.4115,Low
5/2/2026 2:00,Sylhet,Sylhet,Fenchuganj,20.6,96,0.1,0.4008,Low
5/2/2026 4:00,Sylhet,Sylhet,Fenchuganj,20.1,98,0.6,0.396,Low
5/2/2026 6:00,Sylhet,Sylhet,Fenchuganj,20.6,95,0.3,0.6982,Medium
5/2/2026 8:00,Sylhet,Sylhet,Fenchuganj,21.4,96,1.8,0.7085,High
5/2/2026 10:00,Sylhet,Sylhet,Fenchuganj,21.2,96,1.1,0.8572,High
5/2/2026 12:00,Sylhet,Sylhet,Fenchuganj,21.4,98,0.8,0.865,High
5/2/2026 14:00,Sylhet,Sylhet,Fenchuganj,23.1,89,0.3,0.9737,High
5/2/2026 16:00,Sylhet,Sylhet,Fenchuganj,21,95,1.8,0.9505,High
5/2/2026 18:00,Sylhet,Sylhet,Fenchuganj,21.5,97,0.3,1,High
5/2/2026 20:00,Sylhet,Sylhet,Fenchuganj,21,99,0.9,1,High
5/2/2026 22:00,Sylhet,Sylhet,Fenchuganj,20.6,99,5.1,0.5942,Medium
5/3/2026 0:00,Sylhet,Sylhet,Fenchuganj,20.3,100,0.1,0.4042,Low
5/3/2026 2:00,Sylhet,Sylhet,Fenchuganj,20.1,99,0.2,0.399,Low
5/3/2026 4:00,Sylhet,Sylhet,Fenchuganj,20,98,6.2,0.3805,Low
5/3/2026 6:00,Sylhet,Sylhet,Fenchuganj,19.8,95,0.5,0.6888,Medium
5/3/2026 8:00,Sylhet,Sylhet,Fenchuganj,21,94,0.1,0.7028,High
5/3/2026 10:00,Sylhet,Sylhet,Fenchuganj,24.5,79,0,0.8755,High
5/3/2026 12:00,Sylhet,Sylhet,Fenchuganj,27.2,66,0.2,0.8895,High
5/3/2026 14:00,Sylhet,Sylhet,Fenchuganj,27.2,67,0.2,0.9915,High
5/3/2026 16:00,Sylhet,Sylhet,Fenchuganj,27.4,70,0.1,1,High
5/3/2026 18:00,Sylhet,Sylhet,Fenchuganj,23.9,87,0,1,High
5/3/2026 20:00,Sylhet,Sylhet,Fenchuganj,22.5,93,0,1,High
5/3/2026 22:00,Sylhet,Sylhet,Fenchuganj,22.2,96,0.8,0.623,Medium
5/4/2026 0:00,Sylhet,Sylhet,Fenchuganj,21,99,0,0.413,Low
5/4/2026 2:00,Sylhet,Sylhet,Fenchuganj,21.5,97,0,0.4165,Low
5/4/2026 4:00,Sylhet,Sylhet,Fenchuganj,21.8,98,0,0.423,Low
5/4/2026 6:00,Sylhet,Sylhet,Fenchuganj,22.4,93,0,0.722,High
5/4/2026 8:00,Sylhet,Sylhet,Fenchuganj,22.6,96,0.7,0.7292,High
5/4/2026 10:00,Sylhet,Sylhet,Fenchuganj,22.5,96,5.4,0.866,High
5/4/2026 12:00,Sylhet,Sylhet,Fenchuganj,23.2,90,0.1,0.8778,High
5/4/2026 14:00,Sylhet,Sylhet,Fenchuganj,27.4,70,0.1,1,High
5/4/2026 16:00,Sylhet,Sylhet,Fenchuganj,28,66,0,1,High
5/4/2026 18:00,Sylhet,Sylhet,Fenchuganj,25.8,85,0,1,High
5/4/2026 20:00,Sylhet,Sylhet,Fenchuganj,23.6,86,0,1,High
5/4/2026 22:00,Sylhet,Sylhet,Fenchuganj,23.2,82,0,0.612,Medium
5/5/2026 0:00,Sylhet,Sylhet,Fenchuganj,22.6,89,0,0.417,Low
5/5/2026 2:00,Sylhet,Sylhet,Fenchuganj,22.4,93,0,0.422,Low
5/5/2026 4:00,Sylhet,Sylhet,Fenchuganj,21.5,96,0,0.4145,Low
5/5/2026 6:00,Sylhet,Sylhet,Fenchuganj,22.2,89,0,0.711,High
5/5/2026 8:00,Sylhet,Sylhet,Fenchuganj,24.2,86,0,0.735,High
5/5/2026 10:00,Sylhet,Sylhet,Fenchuganj,26.9,80,0,0.9135,High
5/5/2026 12:00,Sylhet,Sylhet,Fenchuganj,30,66,0,0.932,High
5/5/2026 14:00,Sylhet,Sylhet,Fenchuganj,31,60,0,1,High
5/5/2026 16:00,Sylhet,Sylhet,Fenchuganj,30.2,61,0,1,High
5/5/2026 18:00,Sylhet,Sylhet,Fenchuganj,27.9,76,0,1,High
5/5/2026 20:00,Sylhet,Sylhet,Fenchuganj,26,80,0,1,High
5/5/2026 22:00,Sylhet,Sylhet,Fenchuganj,24.6,87,0,0.643,Medium
5/6/2026 0:00,Sylhet,Sylhet,Fenchuganj,24.1,91,0,0.4435,Low
5/6/2026 2:00,Sylhet,Sylhet,Fenchuganj,23.4,95,0.1,0.4408,Low
5/6/2026 4:00,Sylhet,Sylhet,Fenchuganj,22.4,96,1.3,0.4248,Low
5/6/2026 6:00,Sylhet,Sylhet,Fenchuganj,23.1,97,0.2,0.74,High
5/6/2026 8:00,Sylhet,Sylhet,Fenchuganj,25.8,84,0.1,0.7547,High
5/6/2026 10:00,Sylhet,Sylhet,Fenchuganj,28.6,72,0,0.923,High
5/6/2026 12:00,Sylhet,Sylhet,Fenchuganj,28.8,66,0.3,0.9132,High
5/6/2026 14:00,Sylhet,Sylhet,Fenchuganj,28.9,66,0,1,High
5/6/2026 16:00,Sylhet,Sylhet,Fenchuganj,30,62,0,1,High
5/6/2026 18:00,Sylhet,Sylhet,Fenchuganj,26.8,78,0,1,High
5/6/2026 20:00,Sylhet,Sylhet,Fenchuganj,25.1,82,0,1,High
5/6/2026 22:00,Sylhet,Sylhet,Fenchuganj,24.1,88,0.3,0.6367,Medium
5/7/2026 0:00,Sylhet,Sylhet,Fenchuganj,23.4,94,0.5,0.4378,Low
5/7/2026 2:00,Sylhet,Sylhet,Fenchuganj,22.9,95,0,0.4335,Low
5/7/2026 4:00,Sylhet,Sylhet,Fenchuganj,22.6,96,0,0.431,Low
5/7/2026 6:00,Sylhet,Sylhet,Fenchuganj,22.9,98,0.1,0.7392,High
5/7/2026 8:00,Sylhet,Sylhet,Fenchuganj,25.9,86,0,0.7605,High
5/7/2026 10:00,Sylhet,Sylhet,Fenchuganj,28.2,70,0,0.913,High
5/7/2026 12:00,Sylhet,Sylhet,Fenchuganj,29.8,59,0,0.915,High
5/7/2026 14:00,Sylhet,Sylhet,Fenchuganj,30.5,56,0,1,High
5/7/2026 16:00,Sylhet,Sylhet,Fenchuganj,30.3,57,0,1,High
5/7/2026 18:00,Sylhet,Sylhet,Fenchuganj,28.2,71,0,1,High
5/7/2026 20:00,Sylhet,Sylhet,Fenchuganj,27,73,0,1,High
5/7/2026 22:00,Sylhet,Sylhet,Fenchuganj,25.4,80,0,0.641,Medium
5/8/2026 0:00,Sylhet,Sylhet,Fenchuganj,25.6,81,0,0.446,Low
5/8/2026 2:00,Sylhet,Sylhet,Fenchuganj,24.7,86,0,0.4425,Low
5/8/2026 4:00,Sylhet,Sylhet,Fenchuganj,24,88,0,0.436,Low
5/8/2026 6:00,Sylhet,Sylhet,Fenchuganj,23.3,93,0,0.7355,High
5/8/2026 8:00,Sylhet,Sylhet,Fenchuganj,27.1,79,0,0.7645,High
5/8/2026 10:00,Sylhet,Sylhet,Fenchuganj,30.4,59,0,0.924,High
5/8/2026 12:00,Sylhet,Sylhet,Fenchuganj,30.5,56,0,0.9195,High
5/8/2026 14:00,Sylhet,Sylhet,Fenchuganj,31.5,51,0,1,High
5/8/2026 16:00,Sylhet,Sylhet,Fenchuganj,30.5,54,0,1,High
5/8/2026 18:00,Sylhet,Sylhet,Fenchuganj,28.4,71,0,1,High
5/8/2026 20:00,Sylhet,Sylhet,Fenchuganj,26.2,72,0,1,High
5/8/2026 22:00,Sylhet,Sylhet,Fenchuganj,25.4,77,0,0.635,Medium
5/9/2026 0:00,Sylhet,Sylhet,Fenchuganj,24.9,84,0,0.4415,Low
5/9/2026 2:00,Sylhet,Sylhet,Fenchuganj,24.3,84,0,0.4325,Low
5/9/2026 4:00,Sylhet,Sylhet,Fenchuganj,23.2,86,0,0.42,Low
5/9/2026 6:00,Sylhet,Sylhet,Fenchuganj,23,88,0,0.721,High
5/9/2026 8:00,Sylhet,Sylhet,Fenchuganj,26.8,77,0,0.756,High
5/9/2026 10:00,Sylhet,Sylhet,Fenchuganj,29.9,66,0,0.9305,High
5/9/2026 12:00,Sylhet,Sylhet,Fenchuganj,31.6,54,0,0.932,High
5/9/2026 14:00,Sylhet,Sylhet,Fenchuganj,32.8,49,0,1,High
5/9/2026 16:00,Sylhet,Sylhet,Fenchuganj,32,51,0,1,High
5/9/2026 18:00,Sylhet,Sylhet,Fenchuganj,29.5,74,0,1,High
5/9/2026 20:00,Sylhet,Sylhet,Fenchuganj,27,79,0,1,High
5/9/2026 22:00,Sylhet,Sylhet,Fenchuganj,26.8,76,0,0.654,Medium
5/10/2026 0:00,Sylhet,Sylhet,Fenchuganj,25.6,83,0,0.45,Medium
5/10/2026 2:00,Sylhet,Sylhet,Fenchuganj,25.5,84,0,0.4505,Medium
5/10/2026 4:00,Sylhet,Sylhet,Fenchuganj,24.7,89,0,0.4485,Low
5/10/2026 6:00,Sylhet,Sylhet,Fenchuganj,24.1,93,0,0.7475,High
5/10/2026 8:00,Sylhet,Sylhet,Fenchuganj,27.9,80,0,0.7785,High
5/10/2026 10:00,Sylhet,Sylhet,Fenchuganj,30.9,68,0,0.9495,High
5/10/2026 12:00,Sylhet,Sylhet,Fenchuganj,32.5,51,0,0.9395,High
5/10/2026 14:00,Sylhet,Sylhet,Fenchuganj,31.5,54,0,1,High
5/10/2026 16:00,Sylhet,Sylhet,Fenchuganj,26.2,75,0,0.993,High
5/10/2026 18:00,Sylhet,Sylhet,Fenchuganj,26.5,70,0,1,High
5/10/2026 20:00,Sylhet,Sylhet,Fenchuganj,25.2,75,0.1,1,High
5/10/2026 22:00,Sylhet,Sylhet,Fenchuganj,24.8,78,0,0.628,Medium
5/11/2026 0:00,Sylhet,Sylhet,Fenchuganj,25,75,0,0.425,Low
5/11/2026 2:00,Sylhet,Sylhet,Fenchuganj,25,80,0,0.435,Low
5/11/2026 4:00,Sylhet,Sylhet,Fenchuganj,21.5,97,4.5,0.4052,Low
5/11/2026 6:00,Sylhet,Sylhet,Fenchuganj,23.9,92,4.4,0.7315,High
5/11/2026 8:00,Sylhet,Sylhet,Fenchuganj,25,80,0.6,0.7335,High
5/11/2026 10:00,Sylhet,Sylhet,Fenchuganj,26.4,78,0,0.902,High
5/11/2026 12:00,Sylhet,Sylhet,Fenchuganj,28.2,72,0,0.917,High
5/11/2026 14:00,Sylhet,Sylhet,Fenchuganj,27.4,73,3.7,0.9978,High
5/11/2026 16:00,Sylhet,Sylhet,Fenchuganj,26,78,0.1,0.9958,High
5/11/2026 18:00,Sylhet,Sylhet,Fenchuganj,27.2,80,0,1,High
5/11/2026 20:00,Sylhet,Sylhet,Fenchuganj,25,79,0,1,High
5/11/2026 22:00,Sylhet,Sylhet,Fenchuganj,23.4,91,0.1,0.6327,Medium
5/12/2026 0:00,Sylhet,Sylhet,Fenchuganj,23.3,93,0,0.4355,Low
5/12/2026 2:00,Sylhet,Sylhet,Fenchuganj,22.3,94,0,0.4225,Low
5/12/2026 4:00,Sylhet,Sylhet,Fenchuganj,22.1,92,0,0.4155,Low
5/12/2026 6:00,Sylhet,Sylhet,Fenchuganj,23.5,95,0,0.7425,High
5/12/2026 8:00,Sylhet,Sylhet,Fenchuganj,24.6,85,0.2,0.7385,High
5/12/2026 10:00,Sylhet,Sylhet,Fenchuganj,28,71,0,0.912,High
5/12/2026 12:00,Sylhet,Sylhet,Fenchuganj,28.8,66,0,0.914,High
5/12/2026 14:00,Sylhet,Sylhet,Fenchuganj,30,62,0.1,1,High
5/12/2026 16:00,Sylhet,Sylhet,Fenchuganj,29.5,63,0,1,High
5/12/2026 18:00,Sylhet,Sylhet,Fenchuganj,27.5,78,0,1,High
5/12/2026 20:00,Sylhet,Sylhet,Fenchuganj,26.2,82,0,1,High
5/12/2026 22:00,Sylhet,Sylhet,Fenchuganj,25.6,84,0,0.652,Medium
5/13/2026 0:00,Sylhet,Sylhet,Fenchuganj,25.6,87,0,0.458,Medium
5/13/2026 2:00,Sylhet,Sylhet,Fenchuganj,23,95,2.1,0.4298,Low
5/13/2026 4:00,Sylhet,Sylhet,Fenchuganj,22.5,96,2.1,0.4242,Low
5/13/2026 6:00,Sylhet,Sylhet,Fenchuganj,24.4,96,0.4,0.757,High
5/13/2026 8:00,Sylhet,Sylhet,Fenchuganj,24,94,0.1,0.7477,High
5/13/2026 10:00,Sylhet,Sylhet,Fenchuganj,25,90,0.5,0.9038,High
5/13/2026 12:00,Sylhet,Sylhet,Fenchuganj,26.1,83,0.2,0.907,High
5/13/2026 14:00,Sylhet,Sylhet,Fenchuganj,30,63,0,1,High
5/13/2026 16:00,Sylhet,Sylhet,Fenchuganj,30.2,62,0,1,High
5/13/2026 18:00,Sylhet,Sylhet,Fenchuganj,28.7,79,0,1,High
5/13/2026 20:00,Sylhet,Sylhet,Fenchuganj,26.9,85,0,1,High
5/13/2026 22:00,Sylhet,Sylhet,Fenchuganj,23.2,96,1.7,0.6358,Medium
4/13/2026 0:00,Sylhet,Sylhet,Golabganj,21.6,89,0,0.402,Low
4/13/2026 2:00,Sylhet,Sylhet,Golabganj,21,91,0.9,0.3948,Low
4/13/2026 4:00,Sylhet,Sylhet,Golabganj,20.1,93,0.3,0.3868,Low
4/13/2026 6:00,Sylhet,Sylhet,Golabganj,20.2,93,0.5,0.6878,Medium
4/13/2026 8:00,Sylhet,Sylhet,Golabganj,21.8,91,0.1,0.7088,High
4/13/2026 10:00,Sylhet,Sylhet,Golabganj,22.6,83,0.9,0.8528,High
4/13/2026 12:00,Sylhet,Sylhet,Golabganj,25.5,72,0.1,0.8762,High
4/13/2026 14:00,Sylhet,Sylhet,Golabganj,26,69,0,0.978,High
4/13/2026 16:00,Sylhet,Sylhet,Golabganj,26.6,68,0,0.985,High
4/13/2026 18:00,Sylhet,Sylhet,Golabganj,26,77,0,1,High
4/13/2026 20:00,Sylhet,Sylhet,Golabganj,24.1,75,0.1,1,High
4/13/2026 22:00,Sylhet,Sylhet,Golabganj,22.6,79,0.5,0.5958,Medium
4/14/2026 0:00,Sylhet,Sylhet,Golabganj,21.8,88,4.3,0.3923,Low
4/14/2026 2:00,Sylhet,Sylhet,Golabganj,21.2,96,10.9,0.3828,Low
4/14/2026 4:00,Sylhet,Sylhet,Golabganj,20.6,98,1.7,0.4008,Low
4/14/2026 6:00,Sylhet,Sylhet,Golabganj,21.2,95,4.6,0.6965,Medium
4/14/2026 8:00,Sylhet,Sylhet,Golabganj,23.5,84,0,0.7205,High
4/14/2026 10:00,Sylhet,Sylhet,Golabganj,27.7,68,0,0.9015,High
4/14/2026 12:00,Sylhet,Sylhet,Golabganj,29.3,62,0,0.9135,High
4/14/2026 14:00,Sylhet,Sylhet,Golabganj,30.5,57,0,1,High
4/14/2026 16:00,Sylhet,Sylhet,Golabganj,30.1,60,0,1,High
4/14/2026 18:00,Sylhet,Sylhet,Golabganj,27,88,0,1,High
4/14/2026 20:00,Sylhet,Sylhet,Golabganj,24.1,90,0.9,1,High
4/14/2026 22:00,Sylhet,Sylhet,Golabganj,22.2,94,0.6,0.6195,Medium
4/15/2026 0:00,Sylhet,Sylhet,Golabganj,21.5,98,4,0.4085,Low
4/15/2026 2:00,Sylhet,Sylhet,Golabganj,21.3,98,5.9,0.4008,Low
4/15/2026 4:00,Sylhet,Sylhet,Golabganj,21.6,96,0,0.416,Low
4/15/2026 6:00,Sylhet,Sylhet,Golabganj,21.1,97,0.2,0.71,High
4/15/2026 8:00,Sylhet,Sylhet,Golabganj,22,93,0.6,0.7145,High
4/15/2026 10:00,Sylhet,Sylhet,Golabganj,24.9,82,0,0.8875,High
4/15/2026 12:00,Sylhet,Sylhet,Golabganj,27.8,67,0,0.901,High
4/15/2026 14:00,Sylhet,Sylhet,Golabganj,29.9,63,0,1,High
4/15/2026 16:00,Sylhet,Sylhet,Golabganj,29.2,70,1,1,High
4/15/2026 18:00,Sylhet,Sylhet,Golabganj,26.2,80,0,1,High
4/15/2026 20:00,Sylhet,Sylhet,Golabganj,23.6,87,0.7,1,High
4/15/2026 22:00,Sylhet,Sylhet,Golabganj,22.1,93,0,0.6175,Medium
4/16/2026 0:00,Sylhet,Sylhet,Golabganj,20.9,99,6,0.3965,Low
4/16/2026 2:00,Sylhet,Sylhet,Golabganj,20.6,96,5.3,0.3878,Low
4/16/2026 4:00,Sylhet,Sylhet,Golabganj,20.5,98,0.4,0.4025,Low
4/16/2026 6:00,Sylhet,Sylhet,Golabganj,21.4,98,0.7,0.7152,High
4/16/2026 8:00,Sylhet,Sylhet,Golabganj,24.4,89,0,0.744,High
4/16/2026 10:00,Sylhet,Sylhet,Golabganj,28,71,0,0.912,High
4/16/2026 12:00,Sylhet,Sylhet,Golabganj,30.3,59,0,0.9225,High
4/16/2026 14:00,Sylhet,Sylhet,Golabganj,30.6,56,0.1,1,High
4/16/2026 16:00,Sylhet,Sylhet,Golabganj,30.5,59,0,1,High
4/16/2026 18:00,Sylhet,Sylhet,Golabganj,27.1,80,0,1,High
4/16/2026 20:00,Sylhet,Sylhet,Golabganj,25.8,87,0,1,High
4/16/2026 22:00,Sylhet,Sylhet,Golabganj,24.6,86,0,0.641,Medium
4/17/2026 0:00,Sylhet,Sylhet,Golabganj,24,91,0,0.442,Low
4/17/2026 2:00,Sylhet,Sylhet,Golabganj,23.2,92,0.1,0.4318,Low
4/17/2026 4:00,Sylhet,Sylhet,Golabganj,22.5,96,0,0.4295,Low
4/17/2026 6:00,Sylhet,Sylhet,Golabganj,22.6,95,0,0.729,High
4/17/2026 8:00,Sylhet,Sylhet,Golabganj,26.1,84,0,0.7595,High
4/17/2026 10:00,Sylhet,Sylhet,Golabganj,28.9,72,0,0.9275,High
4/17/2026 12:00,Sylhet,Sylhet,Golabganj,31,69,0,0.953,High
4/17/2026 14:00,Sylhet,Sylhet,Golabganj,31.6,66,0,1,High
4/17/2026 16:00,Sylhet,Sylhet,Golabganj,27.6,78,0,1,High
4/17/2026 18:00,Sylhet,Sylhet,Golabganj,26.1,90,0,1,High
4/17/2026 20:00,Sylhet,Sylhet,Golabganj,25.5,87,0,1,High
4/17/2026 22:00,Sylhet,Sylhet,Golabganj,25.8,82,0,0.651,Medium
4/18/2026 0:00,Sylhet,Sylhet,Golabganj,25.8,83,0,0.453,Medium
4/18/2026 2:00,Sylhet,Sylhet,Golabganj,23.6,92,0.9,0.4358,Low
4/18/2026 4:00,Sylhet,Sylhet,Golabganj,22.8,100,0.5,0.4408,Low
4/18/2026 6:00,Sylhet,Sylhet,Golabganj,24,99,0,0.758,High
4/18/2026 8:00,Sylhet,Sylhet,Golabganj,25.1,91,0.1,0.7582,High
4/18/2026 10:00,Sylhet,Sylhet,Golabganj,26.8,84,0.1,0.9198,High
4/18/2026 12:00,Sylhet,Sylhet,Golabganj,29.5,76,0,0.9445,High
4/18/2026 14:00,Sylhet,Sylhet,Golabganj,28.8,75,3.7,1,High
4/18/2026 16:00,Sylhet,Sylhet,Golabganj,29.5,71,0,1,High
4/18/2026 18:00,Sylhet,Sylhet,Golabganj,28,84,0,1,High
4/18/2026 20:00,Sylhet,Sylhet,Golabganj,26.2,87,0,1,High
4/18/2026 22:00,Sylhet,Sylhet,Golabganj,25.6,92,0,0.668,Medium
4/19/2026 0:00,Sylhet,Sylhet,Golabganj,25.1,91,0,0.4585,Medium
4/19/2026 2:00,Sylhet,Sylhet,Golabganj,23.7,97,0.1,0.4492,Low
4/19/2026 4:00,Sylhet,Sylhet,Golabganj,23.1,96,0,0.4385,Low
4/19/2026 6:00,Sylhet,Sylhet,Golabganj,23,97,0,0.739,High
4/19/2026 8:00,Sylhet,Sylhet,Golabganj,25,91,0.2,0.7565,High
4/19/2026 10:00,Sylhet,Sylhet,Golabganj,27.7,79,0.2,0.923,High
4/19/2026 12:00,Sylhet,Sylhet,Golabganj,28.8,72,0.2,0.9255,High
4/19/2026 14:00,Sylhet,Sylhet,Golabganj,29.4,69,0,1,High
4/19/2026 16:00,Sylhet,Sylhet,Golabganj,28,78,0,1,High
4/19/2026 18:00,Sylhet,Sylhet,Golabganj,27,86,0,1,High
4/19/2026 20:00,Sylhet,Sylhet,Golabganj,25.6,89,1,1,High
4/19/2026 22:00,Sylhet,Sylhet,Golabganj,24.2,91,0.1,0.6447,Medium
4/20/2026 0:00,Sylhet,Sylhet,Golabganj,23.4,95,5.7,0.4268,Low
4/20/2026 2:00,Sylhet,Sylhet,Golabganj,22.6,97,0.4,0.432,Low
4/20/2026 4:00,Sylhet,Sylhet,Golabganj,21.9,97,0.6,0.421,Low
4/20/2026 6:00,Sylhet,Sylhet,Golabganj,22.4,96,0,0.728,High
4/20/2026 8:00,Sylhet,Sylhet,Golabganj,23.4,91,0,0.733,High
4/20/2026 10:00,Sylhet,Sylhet,Golabganj,24.5,87,0.5,0.8902,High
4/20/2026 12:00,Sylhet,Sylhet,Golabganj,28.8,73,0,0.928,High
4/20/2026 14:00,Sylhet,Sylhet,Golabganj,31.4,62,0,1,High
4/20/2026 16:00,Sylhet,Sylhet,Golabganj,30,72,0.5,1,High
4/20/2026 18:00,Sylhet,Sylhet,Golabganj,24.8,94,0.6,1,High
4/20/2026 20:00,Sylhet,Sylhet,Golabganj,24.1,96,0.8,1,High
4/20/2026 22:00,Sylhet,Sylhet,Golabganj,23,94,0.1,0.6328,Medium
4/21/2026 0:00,Sylhet,Sylhet,Golabganj,22.5,96,2.6,0.423,Low
4/21/2026 2:00,Sylhet,Sylhet,Golabganj,22,96,7.1,0.4042,Low
4/21/2026 4:00,Sylhet,Sylhet,Golabganj,21.9,96,4.7,0.4088,Low
4/21/2026 6:00,Sylhet,Sylhet,Golabganj,22.2,92,0,0.717,High
4/21/2026 8:00,Sylhet,Sylhet,Golabganj,23.9,89,0.1,0.7362,High
4/21/2026 10:00,Sylhet,Sylhet,Golabganj,26,82,0,0.904,High
4/21/2026 12:00,Sylhet,Sylhet,Golabganj,28.9,72,0.1,0.9272,High
4/21/2026 14:00,Sylhet,Sylhet,Golabganj,29.8,72,0.4,1,High
4/21/2026 16:00,Sylhet,Sylhet,Golabganj,29.4,74,0,1,High
4/21/2026 18:00,Sylhet,Sylhet,Golabganj,28,89,0.6,1,High
4/21/2026 20:00,Sylhet,Sylhet,Golabganj,25,94,0,1,High
4/21/2026 22:00,Sylhet,Sylhet,Golabganj,24.2,93,0.2,0.6485,Medium
4/22/2026 0:00,Sylhet,Sylhet,Golabganj,22.7,97,0.1,0.4342,Low
4/22/2026 2:00,Sylhet,Sylhet,Golabganj,22.3,95,0.1,0.4243,Low
4/22/2026 4:00,Sylhet,Sylhet,Golabganj,22.4,96,0,0.428,Low
4/22/2026 6:00,Sylhet,Sylhet,Golabganj,21,97,0.5,0.7078,High
4/22/2026 8:00,Sylhet,Sylhet,Golabganj,21.1,93,14.4,0.6665,Medium
4/22/2026 10:00,Sylhet,Sylhet,Golabganj,22.8,87,5.1,0.8532,High
4/22/2026 12:00,Sylhet,Sylhet,Golabganj,28.4,74,0,0.924,High
4/22/2026 14:00,Sylhet,Sylhet,Golabganj,29.8,68,0,1,High
4/22/2026 16:00,Sylhet,Sylhet,Golabganj,30.7,66,0,1,High
4/22/2026 18:00,Sylhet,Sylhet,Golabganj,28.4,83,0,1,High
4/22/2026 20:00,Sylhet,Sylhet,Golabganj,26.2,87,0,1,High
4/22/2026 22:00,Sylhet,Sylhet,Golabganj,25.4,88,0,0.657,Medium
4/23/2026 0:00,Sylhet,Sylhet,Golabganj,23.6,94,0,0.442,Low
4/23/2026 2:00,Sylhet,Sylhet,Golabganj,23.5,92,0,0.4365,Low
4/23/2026 4:00,Sylhet,Sylhet,Golabganj,23,89,0,0.423,Low
4/23/2026 6:00,Sylhet,Sylhet,Golabganj,22.5,98,0,0.7335,High
4/23/2026 8:00,Sylhet,Sylhet,Golabganj,24.9,92,0.1,0.7572,High
4/23/2026 10:00,Sylhet,Sylhet,Golabganj,27.1,79,0.1,0.9143,High
4/23/2026 12:00,Sylhet,Sylhet,Golabganj,30,64,0,0.928,High
4/23/2026 14:00,Sylhet,Sylhet,Golabganj,31.6,57,0,1,High
4/23/2026 16:00,Sylhet,Sylhet,Golabganj,32,55,0,1,High
4/23/2026 18:00,Sylhet,Sylhet,Golabganj,29.1,80,0,1,High
4/23/2026 20:00,Sylhet,Sylhet,Golabganj,27.3,84,0,1,High
4/23/2026 22:00,Sylhet,Sylhet,Golabganj,27,80,0,0.665,Medium
4/24/2026 0:00,Sylhet,Sylhet,Golabganj,26.1,84,0,0.4595,Medium
4/24/2026 2:00,Sylhet,Sylhet,Golabganj,25.5,86,0,0.4545,Medium
4/24/2026 4:00,Sylhet,Sylhet,Golabganj,24.9,89,0,0.4515,Medium
4/24/2026 6:00,Sylhet,Sylhet,Golabganj,24.2,92,0,0.747,High
4/24/2026 8:00,Sylhet,Sylhet,Golabganj,27,85,0,0.775,High
4/24/2026 10:00,Sylhet,Sylhet,Golabganj,29.5,77,0.1,0.9462,High
4/24/2026 12:00,Sylhet,Sylhet,Golabganj,31.5,70,0,0.9625,High
4/24/2026 14:00,Sylhet,Sylhet,Golabganj,32.6,62,0,1,High
4/24/2026 16:00,Sylhet,Sylhet,Golabganj,32.2,64,0,1,High
4/24/2026 18:00,Sylhet,Sylhet,Golabganj,27.1,86,0,1,High
4/24/2026 20:00,Sylhet,Sylhet,Golabganj,26.2,93,0,1,High
4/24/2026 22:00,Sylhet,Sylhet,Golabganj,26.5,89,0,0.6755,Medium
4/25/2026 0:00,Sylhet,Sylhet,Golabganj,26.4,87,0,0.47,Medium
4/25/2026 2:00,Sylhet,Sylhet,Golabganj,25.9,86,0,0.4605,Medium
4/25/2026 4:00,Sylhet,Sylhet,Golabganj,25.5,87,0,0.4565,Medium
4/25/2026 6:00,Sylhet,Sylhet,Golabganj,25.4,94,0,0.769,High
4/25/2026 8:00,Sylhet,Sylhet,Golabganj,28.6,79,0,0.787,High
4/25/2026 10:00,Sylhet,Sylhet,Golabganj,29.2,76,0,0.94,High
4/25/2026 12:00,Sylhet,Sylhet,Golabganj,31.8,68,0.1,0.9628,High
4/25/2026 14:00,Sylhet,Sylhet,Golabganj,33.5,57,0,1,High
4/25/2026 16:00,Sylhet,Sylhet,Golabganj,32.7,60,0,1,High
4/25/2026 18:00,Sylhet,Sylhet,Golabganj,30,78,0,1,High
4/25/2026 20:00,Sylhet,Sylhet,Golabganj,27.6,82,0,1,High
4/25/2026 22:00,Sylhet,Sylhet,Golabganj,27.2,81,0,0.67,Medium
4/26/2026 0:00,Sylhet,Sylhet,Golabganj,26.1,87,0,0.4655,Medium
4/26/2026 2:00,Sylhet,Sylhet,Golabganj,24.8,95,0,0.462,Medium
4/26/2026 4:00,Sylhet,Sylhet,Golabganj,24.6,91,0,0.451,Medium
4/26/2026 6:00,Sylhet,Sylhet,Golabganj,23.4,92,2.6,0.7285,High
4/26/2026 8:00,Sylhet,Sylhet,Golabganj,25.7,87,0,0.7595,High
4/26/2026 10:00,Sylhet,Sylhet,Golabganj,28.5,69,0.1,0.9152,High
4/26/2026 12:00,Sylhet,Sylhet,Golabganj,27.1,73,0,0.9025,High
4/26/2026 14:00,Sylhet,Sylhet,Golabganj,26.6,75,0,0.999,High
4/26/2026 16:00,Sylhet,Sylhet,Golabganj,27.2,67,0,0.992,High
4/26/2026 18:00,Sylhet,Sylhet,Golabganj,24,82,8,1,High
4/26/2026 20:00,Sylhet,Sylhet,Golabganj,23.8,82,0,1,High
4/26/2026 22:00,Sylhet,Sylhet,Golabganj,23.3,84,0,0.6175,Medium
4/27/2026 0:00,Sylhet,Sylhet,Golabganj,22.8,89,8.4,0.399,Low
4/27/2026 2:00,Sylhet,Sylhet,Golabganj,22.1,92,0.3,0.4148,Low
4/27/2026 4:00,Sylhet,Sylhet,Golabganj,21.7,98,0.3,0.4208,Low
4/27/2026 6:00,Sylhet,Sylhet,Golabganj,20.6,95,6.1,0.6838,Medium
4/27/2026 8:00,Sylhet,Sylhet,Golabganj,21,98,2,0.706,High
4/27/2026 10:00,Sylhet,Sylhet,Golabganj,21.5,93,1.2,0.8555,High
4/27/2026 12:00,Sylhet,Sylhet,Golabganj,21.4,89,0.1,0.8488,High
4/27/2026 14:00,Sylhet,Sylhet,Golabganj,23.8,80,0.2,0.9665,High
4/27/2026 16:00,Sylhet,Sylhet,Golabganj,22.7,89,1.5,0.9647,High
4/27/2026 18:00,Sylhet,Sylhet,Golabganj,21.8,97,6.3,1,High
4/27/2026 20:00,Sylhet,Sylhet,Golabganj,21.6,97,2.8,1,High
4/27/2026 22:00,Sylhet,Sylhet,Golabganj,21.5,97,1.7,0.6122,Medium
4/28/2026 0:00,Sylhet,Sylhet,Golabganj,21.5,98,4.1,0.4082,Low
4/28/2026 2:00,Sylhet,Sylhet,Golabganj,21.2,98,3.1,0.4062,Low
4/28/2026 4:00,Sylhet,Sylhet,Golabganj,20.9,97,2.3,0.4018,Low
4/28/2026 6:00,Sylhet,Sylhet,Golabganj,21.6,96,2.3,0.7102,High
4/28/2026 8:00,Sylhet,Sylhet,Golabganj,22.5,91,1.1,0.7167,High
4/28/2026 10:00,Sylhet,Sylhet,Golabganj,22.9,91,6.7,0.8587,High
4/28/2026 12:00,Sylhet,Sylhet,Golabganj,23,88,10.6,0.8445,High
4/28/2026 14:00,Sylhet,Sylhet,Golabganj,24.7,82,0.7,0.9827,High
4/28/2026 16:00,Sylhet,Sylhet,Golabganj,22.9,96,5.6,0.9715,High
4/28/2026 18:00,Sylhet,Sylhet,Golabganj,23,98,0.7,1,High
4/28/2026 20:00,Sylhet,Sylhet,Golabganj,22.5,98,1,1,High
4/28/2026 22:00,Sylhet,Sylhet,Golabganj,21.8,97,1.5,0.6172,Medium
4/29/2026 0:00,Sylhet,Sylhet,Golabganj,21.8,98,10.5,0.3968,Low
4/29/2026 2:00,Sylhet,Sylhet,Golabganj,21.8,97,1.4,0.4175,Low
4/29/2026 4:00,Sylhet,Sylhet,Golabganj,21.5,98,1.5,0.4148,Low
4/29/2026 6:00,Sylhet,Sylhet,Golabganj,21.4,93,13.5,0.6732,Medium
4/29/2026 8:00,Sylhet,Sylhet,Golabganj,21.5,97,2.2,0.711,High
4/29/2026 10:00,Sylhet,Sylhet,Golabganj,22,98,3.5,0.8672,High
4/29/2026 12:00,Sylhet,Sylhet,Golabganj,21.2,97,0.3,0.8612,High
4/29/2026 14:00,Sylhet,Sylhet,Golabganj,22.9,83,0.3,0.9588,High
4/29/2026 16:00,Sylhet,Sylhet,Golabganj,23.5,80,0,0.9625,High
4/29/2026 18:00,Sylhet,Sylhet,Golabganj,22.9,85,0,1,High
4/29/2026 20:00,Sylhet,Sylhet,Golabganj,21.6,89,0,1,High
4/29/2026 22:00,Sylhet,Sylhet,Golabganj,21.1,90,0,0.5965,Medium
4/30/2026 0:00,Sylhet,Sylhet,Golabganj,21.9,83,0,0.3945,Low
4/30/2026 2:00,Sylhet,Sylhet,Golabganj,21,94,8.5,0.3818,Low
4/30/2026 4:00,Sylhet,Sylhet,Golabganj,20.5,96,0.7,0.3978,Low
4/30/2026 6:00,Sylhet,Sylhet,Golabganj,20.3,97,0,0.6985,Medium
4/30/2026 8:00,Sylhet,Sylhet,Golabganj,21.6,94,0.6,0.7105,High
4/30/2026 10:00,Sylhet,Sylhet,Golabganj,23.4,87,0.1,0.8748,High
4/30/2026 12:00,Sylhet,Sylhet,Golabganj,25.1,74,0.1,0.8742,High
4/30/2026 14:00,Sylhet,Sylhet,Golabganj,27.5,64,0,0.9905,High
4/30/2026 16:00,Sylhet,Sylhet,Golabganj,27.7,63,0.1,0.9912,High
4/30/2026 18:00,Sylhet,Sylhet,Golabganj,23.8,87,0,1,High
4/30/2026 20:00,Sylhet,Sylhet,Golabganj,22.5,90,0,1,High
4/30/2026 22:00,Sylhet,Sylhet,Golabganj,21.7,95,0,0.6155,Medium
5/1/2026 0:00,Sylhet,Sylhet,Golabganj,22.1,93,0,0.4175,Low
5/1/2026 2:00,Sylhet,Sylhet,Golabganj,21.8,96,0.1,0.4188,Low
5/1/2026 4:00,Sylhet,Sylhet,Golabganj,21,98,0,0.411,Low
5/1/2026 6:00,Sylhet,Sylhet,Golabganj,21.3,96,0.1,0.7112,High
5/1/2026 8:00,Sylhet,Sylhet,Golabganj,21.9,95,2.3,0.7127,High
5/1/2026 10:00,Sylhet,Sylhet,Golabganj,23.8,90,0.4,0.886,High
5/1/2026 12:00,Sylhet,Sylhet,Golabganj,24.2,87,0.4,0.886,High
5/1/2026 14:00,Sylhet,Sylhet,Golabganj,22.5,93,5.1,0.9607,High
5/1/2026 16:00,Sylhet,Sylhet,Golabganj,21.5,96,1.9,0.9597,High
5/1/2026 18:00,Sylhet,Sylhet,Golabganj,21.5,95,1.8,1,High
5/1/2026 20:00,Sylhet,Sylhet,Golabganj,21.2,93,0,1,High
5/1/2026 22:00,Sylhet,Sylhet,Golabganj,20.2,98,0,0.599,Medium
5/2/2026 0:00,Sylhet,Sylhet,Golabganj,21.1,98,0.4,0.4115,Low
5/2/2026 2:00,Sylhet,Sylhet,Golabganj,20.6,96,0.1,0.4008,Low
5/2/2026 4:00,Sylhet,Sylhet,Golabganj,20.1,98,0.6,0.396,Low
5/2/2026 6:00,Sylhet,Sylhet,Golabganj,20.6,95,0.3,0.6982,Medium
5/2/2026 8:00,Sylhet,Sylhet,Golabganj,21.4,96,1.8,0.7085,High
5/2/2026 10:00,Sylhet,Sylhet,Golabganj,21.2,96,1.1,0.8572,High
5/2/2026 12:00,Sylhet,Sylhet,Golabganj,21.4,98,0.8,0.865,High
5/2/2026 14:00,Sylhet,Sylhet,Golabganj,23.1,89,0.3,0.9737,High
5/2/2026 16:00,Sylhet,Sylhet,Golabganj,21,95,1.8,0.9505,High
5/2/2026 18:00,Sylhet,Sylhet,Golabganj,21.5,97,0.3,1,High
5/2/2026 20:00,Sylhet,Sylhet,Golabganj,21,99,0.9,1,High
5/2/2026 22:00,Sylhet,Sylhet,Golabganj,20.6,99,5.1,0.5942,Medium
5/3/2026 0:00,Sylhet,Sylhet,Golabganj,20.3,100,0.1,0.4042,Low
5/3/2026 2:00,Sylhet,Sylhet,Golabganj,20.1,99,0.2,0.399,Low
5/3/2026 4:00,Sylhet,Sylhet,Golabganj,20,98,6.2,0.3805,Low
5/3/2026 6:00,Sylhet,Sylhet,Golabganj,19.8,95,0.5,0.6888,Medium
5/3/2026 8:00,Sylhet,Sylhet,Golabganj,21,94,0.1,0.7028,High
5/3/2026 10:00,Sylhet,Sylhet,Golabganj,24.5,79,0,0.8755,High
5/3/2026 12:00,Sylhet,Sylhet,Golabganj,27.2,66,0.2,0.8895,High
5/3/2026 14:00,Sylhet,Sylhet,Golabganj,27.2,67,0.2,0.9915,High
5/3/2026 16:00,Sylhet,Sylhet,Golabganj,27.4,70,0.1,1,High
5/3/2026 18:00,Sylhet,Sylhet,Golabganj,23.9,87,0,1,High
5/3/2026 20:00,Sylhet,Sylhet,Golabganj,22.5,93,0,1,High
5/3/2026 22:00,Sylhet,Sylhet,Golabganj,22.2,96,0.8,0.623,Medium
5/4/2026 0:00,Sylhet,Sylhet,Golabganj,21,99,0,0.413,Low
5/4/2026 2:00,Sylhet,Sylhet,Golabganj,21.5,97,0,0.4165,Low
5/4/2026 4:00,Sylhet,Sylhet,Golabganj,21.8,98,0,0.423,Low
5/4/2026 6:00,Sylhet,Sylhet,Golabganj,22.4,93,0,0.722,High
5/4/2026 8:00,Sylhet,Sylhet,Golabganj,22.6,96,0.7,0.7292,High
5/4/2026 10:00,Sylhet,Sylhet,Golabganj,22.5,96,5.4,0.866,High
5/4/2026 12:00,Sylhet,Sylhet,Golabganj,23.2,90,0.1,0.8778,High
5/4/2026 14:00,Sylhet,Sylhet,Golabganj,27.4,70,0.1,1,High
5/4/2026 16:00,Sylhet,Sylhet,Golabganj,28,66,0,1,High
5/4/2026 18:00,Sylhet,Sylhet,Golabganj,25.8,85,0,1,High
5/4/2026 20:00,Sylhet,Sylhet,Golabganj,23.6,86,0,1,High
5/4/2026 22:00,Sylhet,Sylhet,Golabganj,23.2,82,0,0.612,Medium
5/5/2026 0:00,Sylhet,Sylhet,Golabganj,22.6,89,0,0.417,Low
5/5/2026 2:00,Sylhet,Sylhet,Golabganj,22.4,93,0,0.422,Low
5/5/2026 4:00,Sylhet,Sylhet,Golabganj,21.5,96,0,0.4145,Low
5/5/2026 6:00,Sylhet,Sylhet,Golabganj,22.2,89,0,0.711,High
5/5/2026 8:00,Sylhet,Sylhet,Golabganj,24.2,86,0,0.735,High
5/5/2026 10:00,Sylhet,Sylhet,Golabganj,26.9,80,0,0.9135,High
5/5/2026 12:00,Sylhet,Sylhet,Golabganj,30,66,0,0.932,High
5/5/2026 14:00,Sylhet,Sylhet,Golabganj,31,60,0,1,High
5/5/2026 16:00,Sylhet,Sylhet,Golabganj,30.2,61,0,1,High
5/5/2026 18:00,Sylhet,Sylhet,Golabganj,27.9,76,0,1,High
5/5/2026 20:00,Sylhet,Sylhet,Golabganj,26,80,0,1,High
5/5/2026 22:00,Sylhet,Sylhet,Golabganj,24.6,87,0,0.643,Medium
5/6/2026 0:00,Sylhet,Sylhet,Golabganj,24.1,91,0,0.4435,Low
5/6/2026 2:00,Sylhet,Sylhet,Golabganj,23.4,95,0.1,0.4408,Low
5/6/2026 4:00,Sylhet,Sylhet,Golabganj,22.4,96,1.3,0.4248,Low
5/6/2026 6:00,Sylhet,Sylhet,Golabganj,23.1,97,0.2,0.74,High
5/6/2026 8:00,Sylhet,Sylhet,Golabganj,25.8,84,0.1,0.7547,High
5/6/2026 10:00,Sylhet,Sylhet,Golabganj,28.6,72,0,0.923,High
5/6/2026 12:00,Sylhet,Sylhet,Golabganj,28.8,66,0.3,0.9132,High
5/6/2026 14:00,Sylhet,Sylhet,Golabganj,28.9,66,0,1,High
5/6/2026 16:00,Sylhet,Sylhet,Golabganj,30,62,0,1,High
5/6/2026 18:00,Sylhet,Sylhet,Golabganj,26.8,78,0,1,High
5/6/2026 20:00,Sylhet,Sylhet,Golabganj,25.1,82,0,1,High
5/6/2026 22:00,Sylhet,Sylhet,Golabganj,24.1,88,0.3,0.6367,Medium
5/7/2026 0:00,Sylhet,Sylhet,Golabganj,23.4,94,0.5,0.4378,Low
5/7/2026 2:00,Sylhet,Sylhet,Golabganj,22.9,95,0,0.4335,Low
5/7/2026 4:00,Sylhet,Sylhet,Golabganj,22.6,96,0,0.431,Low
5/7/2026 6:00,Sylhet,Sylhet,Golabganj,22.9,98,0.1,0.7392,High
5/7/2026 8:00,Sylhet,Sylhet,Golabganj,25.9,86,0,0.7605,High
5/7/2026 10:00,Sylhet,Sylhet,Golabganj,28.2,70,0,0.913,High
5/7/2026 12:00,Sylhet,Sylhet,Golabganj,29.8,59,0,0.915,High
5/7/2026 14:00,Sylhet,Sylhet,Golabganj,30.5,56,0,1,High
5/7/2026 16:00,Sylhet,Sylhet,Golabganj,30.3,57,0,1,High
5/7/2026 18:00,Sylhet,Sylhet,Golabganj,28.2,71,0,1,High
5/7/2026 20:00,Sylhet,Sylhet,Golabganj,27,73,0,1,High
5/7/2026 22:00,Sylhet,Sylhet,Golabganj,25.4,80,0,0.641,Medium
5/8/2026 0:00,Sylhet,Sylhet,Golabganj,25.6,81,0,0.446,Low
5/8/2026 2:00,Sylhet,Sylhet,Golabganj,24.7,86,0,0.4425,Low
5/8/2026 4:00,Sylhet,Sylhet,Golabganj,24,88,0,0.436,Low
5/8/2026 6:00,Sylhet,Sylhet,Golabganj,23.3,93,0,0.7355,High
5/8/2026 8:00,Sylhet,Sylhet,Golabganj,27.1,79,0,0.7645,High
5/8/2026 10:00,Sylhet,Sylhet,Golabganj,30.4,59,0,0.924,High
5/8/2026 12:00,Sylhet,Sylhet,Golabganj,30.5,56,0,0.9195,High
5/8/2026 14:00,Sylhet,Sylhet,Golabganj,31.5,51,0,1,High
5/8/2026 16:00,Sylhet,Sylhet,Golabganj,30.5,54,0,1,High
5/8/2026 18:00,Sylhet,Sylhet,Golabganj,28.4,71,0,1,High
5/8/2026 20:00,Sylhet,Sylhet,Golabganj,26.2,72,0,1,High
5/8/2026 22:00,Sylhet,Sylhet,Golabganj,25.4,77,0,0.635,Medium
5/9/2026 0:00,Sylhet,Sylhet,Golabganj,24.9,84,0,0.4415,Low
5/9/2026 2:00,Sylhet,Sylhet,Golabganj,24.3,84,0,0.4325,Low
5/9/2026 4:00,Sylhet,Sylhet,Golabganj,23.2,86,0,0.42,Low
5/9/2026 6:00,Sylhet,Sylhet,Golabganj,23,88,0,0.721,High
5/9/2026 8:00,Sylhet,Sylhet,Golabganj,26.8,77,0,0.756,High
5/9/2026 10:00,Sylhet,Sylhet,Golabganj,29.9,66,0,0.9305,High
5/9/2026 12:00,Sylhet,Sylhet,Golabganj,31.6,54,0,0.932,High
5/9/2026 14:00,Sylhet,Sylhet,Golabganj,32.8,49,0,1,High
5/9/2026 16:00,Sylhet,Sylhet,Golabganj,32,51,0,1,High
5/9/2026 18:00,Sylhet,Sylhet,Golabganj,29.5,74,0,1,High
5/9/2026 20:00,Sylhet,Sylhet,Golabganj,27,79,0,1,High
5/9/2026 22:00,Sylhet,Sylhet,Golabganj,26.8,76,0,0.654,Medium
5/10/2026 0:00,Sylhet,Sylhet,Golabganj,25.6,83,0,0.45,Medium
5/10/2026 2:00,Sylhet,Sylhet,Golabganj,25.5,84,0,0.4505,Medium
5/10/2026 4:00,Sylhet,Sylhet,Golabganj,24.7,89,0,0.4485,Low
5/10/2026 6:00,Sylhet,Sylhet,Golabganj,24.1,93,0,0.7475,High
5/10/2026 8:00,Sylhet,Sylhet,Golabganj,27.9,80,0,0.7785,High
5/10/2026 10:00,Sylhet,Sylhet,Golabganj,30.9,68,0,0.9495,High
5/10/2026 12:00,Sylhet,Sylhet,Golabganj,32.5,51,0,0.9395,High
5/10/2026 14:00,Sylhet,Sylhet,Golabganj,31.5,54,0,1,High
5/10/2026 16:00,Sylhet,Sylhet,Golabganj,26.2,75,0,0.993,High
5/10/2026 18:00,Sylhet,Sylhet,Golabganj,26.5,70,0,1,High
5/10/2026 20:00,Sylhet,Sylhet,Golabganj,25.2,75,0.1,1,High
5/10/2026 22:00,Sylhet,Sylhet,Golabganj,24.8,78,0,0.628,Medium
5/11/2026 0:00,Sylhet,Sylhet,Golabganj,25,75,0,0.425,Low
5/11/2026 2:00,Sylhet,Sylhet,Golabganj,25,80,0,0.435,Low
5/11/2026 4:00,Sylhet,Sylhet,Golabganj,21.5,97,4.5,0.4052,Low
5/11/2026 6:00,Sylhet,Sylhet,Golabganj,23.9,92,4.4,0.7315,High
5/11/2026 8:00,Sylhet,Sylhet,Golabganj,25,80,0.6,0.7335,High
5/11/2026 10:00,Sylhet,Sylhet,Golabganj,26.4,78,0,0.902,High
5/11/2026 12:00,Sylhet,Sylhet,Golabganj,28.2,72,0,0.917,High
5/11/2026 14:00,Sylhet,Sylhet,Golabganj,27.4,73,3.7,0.9978,High
5/11/2026 16:00,Sylhet,Sylhet,Golabganj,26,78,0.1,0.9958,High
5/11/2026 18:00,Sylhet,Sylhet,Golabganj,27.2,80,0,1,High
5/11/2026 20:00,Sylhet,Sylhet,Golabganj,25,79,0,1,High
5/11/2026 22:00,Sylhet,Sylhet,Golabganj,23.4,91,0.1,0.6327,Medium
5/12/2026 0:00,Sylhet,Sylhet,Golabganj,23.3,93,0,0.4355,Low
5/12/2026 2:00,Sylhet,Sylhet,Golabganj,22.3,94,0,0.4225,Low
5/12/2026 4:00,Sylhet,Sylhet,Golabganj,22.1,92,0,0.4155,Low
5/12/2026 6:00,Sylhet,Sylhet,Golabganj,23.5,95,0,0.7425,High
5/12/2026 8:00,Sylhet,Sylhet,Golabganj,24.6,85,0.2,0.7385,High
5/12/2026 10:00,Sylhet,Sylhet,Golabganj,28,71,0,0.912,High
5/12/2026 12:00,Sylhet,Sylhet,Golabganj,28.8,66,0,0.914,High
5/12/2026 14:00,Sylhet,Sylhet,Golabganj,30,62,0.1,1,High
5/12/2026 16:00,Sylhet,Sylhet,Golabganj,29.5,63,0,1,High
5/12/2026 18:00,Sylhet,Sylhet,Golabganj,27.5,78,0,1,High
5/12/2026 20:00,Sylhet,Sylhet,Golabganj,26.2,82,0,1,High
5/12/2026 22:00,Sylhet,Sylhet,Golabganj,25.6,84,0,0.652,Medium
5/13/2026 0:00,Sylhet,Sylhet,Golabganj,25.6,87,0,0.458,Medium
5/13/2026 2:00,Sylhet,Sylhet,Golabganj,23,95,2.1,0.4298,Low
5/13/2026 4:00,Sylhet,Sylhet,Golabganj,22.5,96,2.1,0.4242,Low
5/13/2026 6:00,Sylhet,Sylhet,Golabganj,24.4,96,0.4,0.757,High
5/13/2026 8:00,Sylhet,Sylhet,Golabganj,24,94,0.1,0.7477,High
5/13/2026 10:00,Sylhet,Sylhet,Golabganj,25,90,0.5,0.9038,High
5/13/2026 12:00,Sylhet,Sylhet,Golabganj,26.1,83,0.2,0.907,High
5/13/2026 14:00,Sylhet,Sylhet,Golabganj,30,63,0,1,High
5/13/2026 16:00,Sylhet,Sylhet,Golabganj,30.2,62,0,1,High
5/13/2026 18:00,Sylhet,Sylhet,Golabganj,28.7,79,0,1,High
5/13/2026 20:00,Sylhet,Sylhet,Golabganj,26.9,85,0,1,High
5/13/2026 22:00,Sylhet,Sylhet,Golabganj,23.2,96,1.7,0.6358,Medium
4/13/2026 0:00,Sylhet,Sylhet,Gowainghat,21.6,89,0,0.402,Low
4/13/2026 2:00,Sylhet,Sylhet,Gowainghat,21,91,0.9,0.3948,Low
4/13/2026 4:00,Sylhet,Sylhet,Gowainghat,20.1,93,0.3,0.3868,Low
4/13/2026 6:00,Sylhet,Sylhet,Gowainghat,20.2,93,0.5,0.6878,Medium
4/13/2026 8:00,Sylhet,Sylhet,Gowainghat,21.8,91,0.1,0.7088,High
4/13/2026 10:00,Sylhet,Sylhet,Gowainghat,22.6,83,0.9,0.8528,High
4/13/2026 12:00,Sylhet,Sylhet,Gowainghat,25.5,72,0.1,0.8762,High
4/13/2026 14:00,Sylhet,Sylhet,Gowainghat,26,69,0,0.978,High
4/13/2026 16:00,Sylhet,Sylhet,Gowainghat,26.6,68,0,0.985,High
4/13/2026 18:00,Sylhet,Sylhet,Gowainghat,26,77,0,1,High
4/13/2026 20:00,Sylhet,Sylhet,Gowainghat,24.1,75,0.1,1,High
4/13/2026 22:00,Sylhet,Sylhet,Gowainghat,22.6,79,0.5,0.5958,Medium
4/14/2026 0:00,Sylhet,Sylhet,Gowainghat,21.8,88,4.3,0.3923,Low
4/14/2026 2:00,Sylhet,Sylhet,Gowainghat,21.2,96,10.9,0.3828,Low
4/14/2026 4:00,Sylhet,Sylhet,Gowainghat,20.6,98,1.7,0.4008,Low
4/14/2026 6:00,Sylhet,Sylhet,Gowainghat,21.2,95,4.6,0.6965,Medium
4/14/2026 8:00,Sylhet,Sylhet,Gowainghat,23.5,84,0,0.7205,High
4/14/2026 10:00,Sylhet,Sylhet,Gowainghat,27.7,68,0,0.9015,High
4/14/2026 12:00,Sylhet,Sylhet,Gowainghat,29.3,62,0,0.9135,High
4/14/2026 14:00,Sylhet,Sylhet,Gowainghat,30.5,57,0,1,High
4/14/2026 16:00,Sylhet,Sylhet,Gowainghat,30.1,60,0,1,High
4/14/2026 18:00,Sylhet,Sylhet,Gowainghat,27,88,0,1,High
4/14/2026 20:00,Sylhet,Sylhet,Gowainghat,24.1,90,0.9,1,High
4/14/2026 22:00,Sylhet,Sylhet,Gowainghat,22.2,94,0.6,0.6195,Medium
4/15/2026 0:00,Sylhet,Sylhet,Gowainghat,21.5,98,4,0.4085,Low
4/15/2026 2:00,Sylhet,Sylhet,Gowainghat,21.3,98,5.9,0.4008,Low
4/15/2026 4:00,Sylhet,Sylhet,Gowainghat,21.6,96,0,0.416,Low
4/15/2026 6:00,Sylhet,Sylhet,Gowainghat,21.1,97,0.2,0.71,High
4/15/2026 8:00,Sylhet,Sylhet,Gowainghat,22,93,0.6,0.7145,High
4/15/2026 10:00,Sylhet,Sylhet,Gowainghat,24.9,82,0,0.8875,High
4/15/2026 12:00,Sylhet,Sylhet,Gowainghat,27.8,67,0,0.901,High
4/15/2026 14:00,Sylhet,Sylhet,Gowainghat,29.9,63,0,1,High
4/15/2026 16:00,Sylhet,Sylhet,Gowainghat,29.2,70,1,1,High
4/15/2026 18:00,Sylhet,Sylhet,Gowainghat,26.2,80,0,1,High
4/15/2026 20:00,Sylhet,Sylhet,Gowainghat,23.6,87,0.7,1,High
4/15/2026 22:00,Sylhet,Sylhet,Gowainghat,22.1,93,0,0.6175,Medium
4/16/2026 0:00,Sylhet,Sylhet,Gowainghat,20.9,99,6,0.3965,Low
4/16/2026 2:00,Sylhet,Sylhet,Gowainghat,20.6,96,5.3,0.3878,Low
4/16/2026 4:00,Sylhet,Sylhet,Gowainghat,20.5,98,0.4,0.4025,Low
4/16/2026 6:00,Sylhet,Sylhet,Gowainghat,21.4,98,0.7,0.7152,High
4/16/2026 8:00,Sylhet,Sylhet,Gowainghat,24.4,89,0,0.744,High
4/16/2026 10:00,Sylhet,Sylhet,Gowainghat,28,71,0,0.912,High
4/16/2026 12:00,Sylhet,Sylhet,Gowainghat,30.3,59,0,0.9225,High
4/16/2026 14:00,Sylhet,Sylhet,Gowainghat,30.6,56,0.1,1,High
4/16/2026 16:00,Sylhet,Sylhet,Gowainghat,30.5,59,0,1,High
4/16/2026 18:00,Sylhet,Sylhet,Gowainghat,27.1,80,0,1,High
4/16/2026 20:00,Sylhet,Sylhet,Gowainghat,25.8,87,0,1,High
4/16/2026 22:00,Sylhet,Sylhet,Gowainghat,24.6,86,0,0.641,Medium
4/17/2026 0:00,Sylhet,Sylhet,Gowainghat,24,91,0,0.442,Low
4/17/2026 2:00,Sylhet,Sylhet,Gowainghat,23.2,92,0.1,0.4318,Low
4/17/2026 4:00,Sylhet,Sylhet,Gowainghat,22.5,96,0,0.4295,Low
4/17/2026 6:00,Sylhet,Sylhet,Gowainghat,22.6,95,0,0.729,High
4/17/2026 8:00,Sylhet,Sylhet,Gowainghat,26.1,84,0,0.7595,High
4/17/2026 10:00,Sylhet,Sylhet,Gowainghat,28.9,72,0,0.9275,High
4/17/2026 12:00,Sylhet,Sylhet,Gowainghat,31,69,0,0.953,High
4/17/2026 14:00,Sylhet,Sylhet,Gowainghat,31.6,66,0,1,High
4/17/2026 16:00,Sylhet,Sylhet,Gowainghat,27.6,78,0,1,High
4/17/2026 18:00,Sylhet,Sylhet,Gowainghat,26.1,90,0,1,High
4/17/2026 20:00,Sylhet,Sylhet,Gowainghat,25.5,87,0,1,High
4/17/2026 22:00,Sylhet,Sylhet,Gowainghat,25.8,82,0,0.651,Medium
4/18/2026 0:00,Sylhet,Sylhet,Gowainghat,25.8,83,0,0.453,Medium
4/18/2026 2:00,Sylhet,Sylhet,Gowainghat,23.6,92,0.9,0.4358,Low
4/18/2026 4:00,Sylhet,Sylhet,Gowainghat,22.8,100,0.5,0.4408,Low
4/18/2026 6:00,Sylhet,Sylhet,Gowainghat,24,99,0,0.758,High
4/18/2026 8:00,Sylhet,Sylhet,Gowainghat,25.1,91,0.1,0.7582,High
4/18/2026 10:00,Sylhet,Sylhet,Gowainghat,26.8,84,0.1,0.9198,High
4/18/2026 12:00,Sylhet,Sylhet,Gowainghat,29.5,76,0,0.9445,High
4/18/2026 14:00,Sylhet,Sylhet,Gowainghat,28.8,75,3.7,1,High
4/18/2026 16:00,Sylhet,Sylhet,Gowainghat,29.5,71,0,1,High
4/18/2026 18:00,Sylhet,Sylhet,Gowainghat,28,84,0,1,High
4/18/2026 20:00,Sylhet,Sylhet,Gowainghat,26.2,87,0,1,High
4/18/2026 22:00,Sylhet,Sylhet,Gowainghat,25.6,92,0,0.668,Medium
4/19/2026 0:00,Sylhet,Sylhet,Gowainghat,25.1,91,0,0.4585,Medium
4/19/2026 2:00,Sylhet,Sylhet,Gowainghat,23.7,97,0.1,0.4492,Low
4/19/2026 4:00,Sylhet,Sylhet,Gowainghat,23.1,96,0,0.4385,Low
4/19/2026 6:00,Sylhet,Sylhet,Gowainghat,23,97,0,0.739,High
4/19/2026 8:00,Sylhet,Sylhet,Gowainghat,25,91,0.2,0.7565,High
4/19/2026 10:00,Sylhet,Sylhet,Gowainghat,27.7,79,0.2,0.923,High
4/19/2026 12:00,Sylhet,Sylhet,Gowainghat,28.8,72,0.2,0.9255,High
4/19/2026 14:00,Sylhet,Sylhet,Gowainghat,29.4,69,0,1,High
4/19/2026 16:00,Sylhet,Sylhet,Gowainghat,28,78,0,1,High
4/19/2026 18:00,Sylhet,Sylhet,Gowainghat,27,86,0,1,High
4/19/2026 20:00,Sylhet,Sylhet,Gowainghat,25.6,89,1,1,High
4/19/2026 22:00,Sylhet,Sylhet,Gowainghat,24.2,91,0.1,0.6447,Medium
4/20/2026 0:00,Sylhet,Sylhet,Gowainghat,23.4,95,5.7,0.4268,Low
4/20/2026 2:00,Sylhet,Sylhet,Gowainghat,22.6,97,0.4,0.432,Low
4/20/2026 4:00,Sylhet,Sylhet,Gowainghat,21.9,97,0.6,0.421,Low
4/20/2026 6:00,Sylhet,Sylhet,Gowainghat,22.4,96,0,0.728,High
4/20/2026 8:00,Sylhet,Sylhet,Gowainghat,23.4,91,0,0.733,High
4/20/2026 10:00,Sylhet,Sylhet,Gowainghat,24.5,87,0.5,0.8902,High
4/20/2026 12:00,Sylhet,Sylhet,Gowainghat,28.8,73,0,0.928,High
4/20/2026 14:00,Sylhet,Sylhet,Gowainghat,31.4,62,0,1,High
4/20/2026 16:00,Sylhet,Sylhet,Gowainghat,30,72,0.5,1,High
4/20/2026 18:00,Sylhet,Sylhet,Gowainghat,24.8,94,0.6,1,High
4/20/2026 20:00,Sylhet,Sylhet,Gowainghat,24.1,96,0.8,1,High
4/20/2026 22:00,Sylhet,Sylhet,Gowainghat,23,94,0.1,0.6328,Medium
4/21/2026 0:00,Sylhet,Sylhet,Gowainghat,22.5,96,2.6,0.423,Low
4/21/2026 2:00,Sylhet,Sylhet,Gowainghat,22,96,7.1,0.4042,Low
4/21/2026 4:00,Sylhet,Sylhet,Gowainghat,21.9,96,4.7,0.4088,Low
4/21/2026 6:00,Sylhet,Sylhet,Gowainghat,22.2,92,0,0.717,High
4/21/2026 8:00,Sylhet,Sylhet,Gowainghat,23.9,89,0.1,0.7362,High
4/21/2026 10:00,Sylhet,Sylhet,Gowainghat,26,82,0,0.904,High
4/21/2026 12:00,Sylhet,Sylhet,Gowainghat,28.9,72,0.1,0.9272,High
4/21/2026 14:00,Sylhet,Sylhet,Gowainghat,29.8,72,0.4,1,High
4/21/2026 16:00,Sylhet,Sylhet,Gowainghat,29.4,74,0,1,High
4/21/2026 18:00,Sylhet,Sylhet,Gowainghat,28,89,0.6,1,High
4/21/2026 20:00,Sylhet,Sylhet,Gowainghat,25,94,0,1,High
4/21/2026 22:00,Sylhet,Sylhet,Gowainghat,24.2,93,0.2,0.6485,Medium
4/22/2026 0:00,Sylhet,Sylhet,Gowainghat,22.7,97,0.1,0.4342,Low
4/22/2026 2:00,Sylhet,Sylhet,Gowainghat,22.3,95,0.1,0.4243,Low
4/22/2026 4:00,Sylhet,Sylhet,Gowainghat,22.4,96,0,0.428,Low
4/22/2026 6:00,Sylhet,Sylhet,Gowainghat,21,97,0.5,0.7078,High
4/22/2026 8:00,Sylhet,Sylhet,Gowainghat,21.1,93,14.4,0.6665,Medium
4/22/2026 10:00,Sylhet,Sylhet,Gowainghat,22.8,87,5.1,0.8532,High
4/22/2026 12:00,Sylhet,Sylhet,Gowainghat,28.4,74,0,0.924,High
4/22/2026 14:00,Sylhet,Sylhet,Gowainghat,29.8,68,0,1,High
4/22/2026 16:00,Sylhet,Sylhet,Gowainghat,30.7,66,0,1,High
4/22/2026 18:00,Sylhet,Sylhet,Gowainghat,28.4,83,0,1,High
4/22/2026 20:00,Sylhet,Sylhet,Gowainghat,26.2,87,0,1,High
4/22/2026 22:00,Sylhet,Sylhet,Gowainghat,25.4,88,0,0.657,Medium
4/23/2026 0:00,Sylhet,Sylhet,Gowainghat,23.6,94,0,0.442,Low
4/23/2026 2:00,Sylhet,Sylhet,Gowainghat,23.5,92,0,0.4365,Low
4/23/2026 4:00,Sylhet,Sylhet,Gowainghat,23,89,0,0.423,Low
4/23/2026 6:00,Sylhet,Sylhet,Gowainghat,22.5,98,0,0.7335,High
4/23/2026 8:00,Sylhet,Sylhet,Gowainghat,24.9,92,0.1,0.7572,High
4/23/2026 10:00,Sylhet,Sylhet,Gowainghat,27.1,79,0.1,0.9143,High
4/23/2026 12:00,Sylhet,Sylhet,Gowainghat,30,64,0,0.928,High
4/23/2026 14:00,Sylhet,Sylhet,Gowainghat,31.6,57,0,1,High
4/23/2026 16:00,Sylhet,Sylhet,Gowainghat,32,55,0,1,High
4/23/2026 18:00,Sylhet,Sylhet,Gowainghat,29.1,80,0,1,High
4/23/2026 20:00,Sylhet,Sylhet,Gowainghat,27.3,84,0,1,High
4/23/2026 22:00,Sylhet,Sylhet,Gowainghat,27,80,0,0.665,Medium
4/24/2026 0:00,Sylhet,Sylhet,Gowainghat,26.1,84,0,0.4595,Medium
4/24/2026 2:00,Sylhet,Sylhet,Gowainghat,25.5,86,0,0.4545,Medium
4/24/2026 4:00,Sylhet,Sylhet,Gowainghat,24.9,89,0,0.4515,Medium
4/24/2026 6:00,Sylhet,Sylhet,Gowainghat,24.2,92,0,0.747,High
4/24/2026 8:00,Sylhet,Sylhet,Gowainghat,27,85,0,0.775,High
4/24/2026 10:00,Sylhet,Sylhet,Gowainghat,29.5,77,0.1,0.9462,High
4/24/2026 12:00,Sylhet,Sylhet,Gowainghat,31.5,70,0,0.9625,High
4/24/2026 14:00,Sylhet,Sylhet,Gowainghat,32.6,62,0,1,High
4/24/2026 16:00,Sylhet,Sylhet,Gowainghat,32.2,64,0,1,High
4/24/2026 18:00,Sylhet,Sylhet,Gowainghat,27.1,86,0,1,High
4/24/2026 20:00,Sylhet,Sylhet,Gowainghat,26.2,93,0,1,High
4/24/2026 22:00,Sylhet,Sylhet,Gowainghat,26.5,89,0,0.6755,Medium
4/25/2026 0:00,Sylhet,Sylhet,Gowainghat,26.4,87,0,0.47,Medium
4/25/2026 2:00,Sylhet,Sylhet,Gowainghat,25.9,86,0,0.4605,Medium
4/25/2026 4:00,Sylhet,Sylhet,Gowainghat,25.5,87,0,0.4565,Medium
4/25/2026 6:00,Sylhet,Sylhet,Gowainghat,25.4,94,0,0.769,High
4/25/2026 8:00,Sylhet,Sylhet,Gowainghat,28.6,79,0,0.787,High
4/25/2026 10:00,Sylhet,Sylhet,Gowainghat,29.2,76,0,0.94,High
4/25/2026 12:00,Sylhet,Sylhet,Gowainghat,31.8,68,0.1,0.9628,High
4/25/2026 14:00,Sylhet,Sylhet,Gowainghat,33.5,57,0,1,High
4/25/2026 16:00,Sylhet,Sylhet,Gowainghat,32.7,60,0,1,High
4/25/2026 18:00,Sylhet,Sylhet,Gowainghat,30,78,0,1,High
4/25/2026 20:00,Sylhet,Sylhet,Gowainghat,27.6,82,0,1,High
4/25/2026 22:00,Sylhet,Sylhet,Gowainghat,27.2,81,0,0.67,Medium
4/26/2026 0:00,Sylhet,Sylhet,Gowainghat,26.1,87,0,0.4655,Medium
4/26/2026 2:00,Sylhet,Sylhet,Gowainghat,24.8,95,0,0.462,Medium
4/26/2026 4:00,Sylhet,Sylhet,Gowainghat,24.6,91,0,0.451,Medium
4/26/2026 6:00,Sylhet,Sylhet,Gowainghat,23.4,92,2.6,0.7285,High
4/26/2026 8:00,Sylhet,Sylhet,Gowainghat,25.7,87,0,0.7595,High
4/26/2026 10:00,Sylhet,Sylhet,Gowainghat,28.5,69,0.1,0.9152,High
4/26/2026 12:00,Sylhet,Sylhet,Gowainghat,27.1,73,0,0.9025,High
4/26/2026 14:00,Sylhet,Sylhet,Gowainghat,26.6,75,0,0.999,High
4/26/2026 16:00,Sylhet,Sylhet,Gowainghat,27.2,67,0,0.992,High
4/26/2026 18:00,Sylhet,Sylhet,Gowainghat,24,82,8,1,High
4/26/2026 20:00,Sylhet,Sylhet,Gowainghat,23.8,82,0,1,High
4/26/2026 22:00,Sylhet,Sylhet,Gowainghat,23.3,84,0,0.6175,Medium
4/27/2026 0:00,Sylhet,Sylhet,Gowainghat,22.8,89,8.4,0.399,Low
4/27/2026 2:00,Sylhet,Sylhet,Gowainghat,22.1,92,0.3,0.4148,Low
4/27/2026 4:00,Sylhet,Sylhet,Gowainghat,21.7,98,0.3,0.4208,Low
4/27/2026 6:00,Sylhet,Sylhet,Gowainghat,20.6,95,6.1,0.6838,Medium
4/27/2026 8:00,Sylhet,Sylhet,Gowainghat,21,98,2,0.706,High
4/27/2026 10:00,Sylhet,Sylhet,Gowainghat,21.5,93,1.2,0.8555,High
4/27/2026 12:00,Sylhet,Sylhet,Gowainghat,21.4,89,0.1,0.8488,High
4/27/2026 14:00,Sylhet,Sylhet,Gowainghat,23.8,80,0.2,0.9665,High
4/27/2026 16:00,Sylhet,Sylhet,Gowainghat,22.7,89,1.5,0.9647,High
4/27/2026 18:00,Sylhet,Sylhet,Gowainghat,21.8,97,6.3,1,High
4/27/2026 20:00,Sylhet,Sylhet,Gowainghat,21.6,97,2.8,1,High
4/27/2026 22:00,Sylhet,Sylhet,Gowainghat,21.5,97,1.7,0.6122,Medium
4/28/2026 0:00,Sylhet,Sylhet,Gowainghat,21.5,98,4.1,0.4082,Low
4/28/2026 2:00,Sylhet,Sylhet,Gowainghat,21.2,98,3.1,0.4062,Low
4/28/2026 4:00,Sylhet,Sylhet,Gowainghat,20.9,97,2.3,0.4018,Low
4/28/2026 6:00,Sylhet,Sylhet,Gowainghat,21.6,96,2.3,0.7102,High
4/28/2026 8:00,Sylhet,Sylhet,Gowainghat,22.5,91,1.1,0.7167,High
4/28/2026 10:00,Sylhet,Sylhet,Gowainghat,22.9,91,6.7,0.8587,High
4/28/2026 12:00,Sylhet,Sylhet,Gowainghat,23,88,10.6,0.8445,High
4/28/2026 14:00,Sylhet,Sylhet,Gowainghat,24.7,82,0.7,0.9827,High
4/28/2026 16:00,Sylhet,Sylhet,Gowainghat,22.9,96,5.6,0.9715,High
4/28/2026 18:00,Sylhet,Sylhet,Gowainghat,23,98,0.7,1,High
4/28/2026 20:00,Sylhet,Sylhet,Gowainghat,22.5,98,1,1,High
4/28/2026 22:00,Sylhet,Sylhet,Gowainghat,21.8,97,1.5,0.6172,Medium
4/29/2026 0:00,Sylhet,Sylhet,Gowainghat,21.8,98,10.5,0.3968,Low
4/29/2026 2:00,Sylhet,Sylhet,Gowainghat,21.8,97,1.4,0.4175,Low
4/29/2026 4:00,Sylhet,Sylhet,Gowainghat,21.5,98,1.5,0.4148,Low
4/29/2026 6:00,Sylhet,Sylhet,Gowainghat,21.4,93,13.5,0.6732,Medium
4/29/2026 8:00,Sylhet,Sylhet,Gowainghat,21.5,97,2.2,0.711,High
4/29/2026 10:00,Sylhet,Sylhet,Gowainghat,22,98,3.5,0.8672,High
4/29/2026 12:00,Sylhet,Sylhet,Gowainghat,21.2,97,0.3,0.8612,High
4/29/2026 14:00,Sylhet,Sylhet,Gowainghat,22.9,83,0.3,0.9588,High
4/29/2026 16:00,Sylhet,Sylhet,Gowainghat,23.5,80,0,0.9625,High
4/29/2026 18:00,Sylhet,Sylhet,Gowainghat,22.9,85,0,1,High
4/29/2026 20:00,Sylhet,Sylhet,Gowainghat,21.6,89,0,1,High
4/29/2026 22:00,Sylhet,Sylhet,Gowainghat,21.1,90,0,0.5965,Medium
4/30/2026 0:00,Sylhet,Sylhet,Gowainghat,21.9,83,0,0.3945,Low
4/30/2026 2:00,Sylhet,Sylhet,Gowainghat,21,94,8.5,0.3818,Low
4/30/2026 4:00,Sylhet,Sylhet,Gowainghat,20.5,96,0.7,0.3978,Low
4/30/2026 6:00,Sylhet,Sylhet,Gowainghat,20.3,97,0,0.6985,Medium
4/30/2026 8:00,Sylhet,Sylhet,Gowainghat,21.6,94,0.6,0.7105,High
4/30/2026 10:00,Sylhet,Sylhet,Gowainghat,23.4,87,0.1,0.8748,High
4/30/2026 12:00,Sylhet,Sylhet,Gowainghat,25.1,74,0.1,0.8742,High
4/30/2026 14:00,Sylhet,Sylhet,Gowainghat,27.5,64,0,0.9905,High
4/30/2026 16:00,Sylhet,Sylhet,Gowainghat,27.7,63,0.1,0.9912,High
4/30/2026 18:00,Sylhet,Sylhet,Gowainghat,23.8,87,0,1,High
4/30/2026 20:00,Sylhet,Sylhet,Gowainghat,22.5,90,0,1,High
4/30/2026 22:00,Sylhet,Sylhet,Gowainghat,21.7,95,0,0.6155,Medium
5/1/2026 0:00,Sylhet,Sylhet,Gowainghat,22.1,93,0,0.4175,Low
5/1/2026 2:00,Sylhet,Sylhet,Gowainghat,21.8,96,0.1,0.4188,Low
5/1/2026 4:00,Sylhet,Sylhet,Gowainghat,21,98,0,0.411,Low
5/1/2026 6:00,Sylhet,Sylhet,Gowainghat,21.3,96,0.1,0.7112,High
5/1/2026 8:00,Sylhet,Sylhet,Gowainghat,21.9,95,2.3,0.7127,High
5/1/2026 10:00,Sylhet,Sylhet,Gowainghat,23.8,90,0.4,0.886,High
5/1/2026 12:00,Sylhet,Sylhet,Gowainghat,24.2,87,0.4,0.886,High
5/1/2026 14:00,Sylhet,Sylhet,Gowainghat,22.5,93,5.1,0.9607,High
5/1/2026 16:00,Sylhet,Sylhet,Gowainghat,21.5,96,1.9,0.9597,High
5/1/2026 18:00,Sylhet,Sylhet,Gowainghat,21.5,95,1.8,1,High
5/1/2026 20:00,Sylhet,Sylhet,Gowainghat,21.2,93,0,1,High
5/1/2026 22:00,Sylhet,Sylhet,Gowainghat,20.2,98,0,0.599,Medium
5/2/2026 0:00,Sylhet,Sylhet,Gowainghat,21.1,98,0.4,0.4115,Low
5/2/2026 2:00,Sylhet,Sylhet,Gowainghat,20.6,96,0.1,0.4008,Low
5/2/2026 4:00,Sylhet,Sylhet,Gowainghat,20.1,98,0.6,0.396,Low
5/2/2026 6:00,Sylhet,Sylhet,Gowainghat,20.6,95,0.3,0.6982,Medium
5/2/2026 8:00,Sylhet,Sylhet,Gowainghat,21.4,96,1.8,0.7085,High
5/2/2026 10:00,Sylhet,Sylhet,Gowainghat,21.2,96,1.1,0.8572,High
5/2/2026 12:00,Sylhet,Sylhet,Gowainghat,21.4,98,0.8,0.865,High
5/2/2026 14:00,Sylhet,Sylhet,Gowainghat,23.1,89,0.3,0.9737,High
5/2/2026 16:00,Sylhet,Sylhet,Gowainghat,21,95,1.8,0.9505,High
5/2/2026 18:00,Sylhet,Sylhet,Gowainghat,21.5,97,0.3,1,High
5/2/2026 20:00,Sylhet,Sylhet,Gowainghat,21,99,0.9,1,High
5/2/2026 22:00,Sylhet,Sylhet,Gowainghat,20.6,99,5.1,0.5942,Medium
5/3/2026 0:00,Sylhet,Sylhet,Gowainghat,20.3,100,0.1,0.4042,Low
5/3/2026 2:00,Sylhet,Sylhet,Gowainghat,20.1,99,0.2,0.399,Low
5/3/2026 4:00,Sylhet,Sylhet,Gowainghat,20,98,6.2,0.3805,Low
5/3/2026 6:00,Sylhet,Sylhet,Gowainghat,19.8,95,0.5,0.6888,Medium
5/3/2026 8:00,Sylhet,Sylhet,Gowainghat,21,94,0.1,0.7028,High
5/3/2026 10:00,Sylhet,Sylhet,Gowainghat,24.5,79,0,0.8755,High
5/3/2026 12:00,Sylhet,Sylhet,Gowainghat,27.2,66,0.2,0.8895,High
5/3/2026 14:00,Sylhet,Sylhet,Gowainghat,27.2,67,0.2,0.9915,High
5/3/2026 16:00,Sylhet,Sylhet,Gowainghat,27.4,70,0.1,1,High
5/3/2026 18:00,Sylhet,Sylhet,Gowainghat,23.9,87,0,1,High
5/3/2026 20:00,Sylhet,Sylhet,Gowainghat,22.5,93,0,1,High
5/3/2026 22:00,Sylhet,Sylhet,Gowainghat,22.2,96,0.8,0.623,Medium
5/4/2026 0:00,Sylhet,Sylhet,Gowainghat,21,99,0,0.413,Low
5/4/2026 2:00,Sylhet,Sylhet,Gowainghat,21.5,97,0,0.4165,Low
5/4/2026 4:00,Sylhet,Sylhet,Gowainghat,21.8,98,0,0.423,Low
5/4/2026 6:00,Sylhet,Sylhet,Gowainghat,22.4,93,0,0.722,High
5/4/2026 8:00,Sylhet,Sylhet,Gowainghat,22.6,96,0.7,0.7292,High
5/4/2026 10:00,Sylhet,Sylhet,Gowainghat,22.5,96,5.4,0.866,High
5/4/2026 12:00,Sylhet,Sylhet,Gowainghat,23.2,90,0.1,0.8778,High
5/4/2026 14:00,Sylhet,Sylhet,Gowainghat,27.4,70,0.1,1,High
5/4/2026 16:00,Sylhet,Sylhet,Gowainghat,28,66,0,1,High
5/4/2026 18:00,Sylhet,Sylhet,Gowainghat,25.8,85,0,1,High
5/4/2026 20:00,Sylhet,Sylhet,Gowainghat,23.6,86,0,1,High
5/4/2026 22:00,Sylhet,Sylhet,Gowainghat,23.2,82,0,0.612,Medium
5/5/2026 0:00,Sylhet,Sylhet,Gowainghat,22.6,89,0,0.417,Low
5/5/2026 2:00,Sylhet,Sylhet,Gowainghat,22.4,93,0,0.422,Low
5/5/2026 4:00,Sylhet,Sylhet,Gowainghat,21.5,96,0,0.4145,Low
5/5/2026 6:00,Sylhet,Sylhet,Gowainghat,22.2,89,0,0.711,High
5/5/2026 8:00,Sylhet,Sylhet,Gowainghat,24.2,86,0,0.735,High
5/5/2026 10:00,Sylhet,Sylhet,Gowainghat,26.9,80,0,0.9135,High
5/5/2026 12:00,Sylhet,Sylhet,Gowainghat,30,66,0,0.932,High
5/5/2026 14:00,Sylhet,Sylhet,Gowainghat,31,60,0,1,High
5/5/2026 16:00,Sylhet,Sylhet,Gowainghat,30.2,61,0,1,High
5/5/2026 18:00,Sylhet,Sylhet,Gowainghat,27.9,76,0,1,High
5/5/2026 20:00,Sylhet,Sylhet,Gowainghat,26,80,0,1,High
5/5/2026 22:00,Sylhet,Sylhet,Gowainghat,24.6,87,0,0.643,Medium
5/6/2026 0:00,Sylhet,Sylhet,Gowainghat,24.1,91,0,0.4435,Low
5/6/2026 2:00,Sylhet,Sylhet,Gowainghat,23.4,95,0.1,0.4408,Low
5/6/2026 4:00,Sylhet,Sylhet,Gowainghat,22.4,96,1.3,0.4248,Low
5/6/2026 6:00,Sylhet,Sylhet,Gowainghat,23.1,97,0.2,0.74,High
5/6/2026 8:00,Sylhet,Sylhet,Gowainghat,25.8,84,0.1,0.7547,High
5/6/2026 10:00,Sylhet,Sylhet,Gowainghat,28.6,72,0,0.923,High
5/6/2026 12:00,Sylhet,Sylhet,Gowainghat,28.8,66,0.3,0.9132,High
5/6/2026 14:00,Sylhet,Sylhet,Gowainghat,28.9,66,0,1,High
5/6/2026 16:00,Sylhet,Sylhet,Gowainghat,30,62,0,1,High
5/6/2026 18:00,Sylhet,Sylhet,Gowainghat,26.8,78,0,1,High
5/6/2026 20:00,Sylhet,Sylhet,Gowainghat,25.1,82,0,1,High
5/6/2026 22:00,Sylhet,Sylhet,Gowainghat,24.1,88,0.3,0.6367,Medium
5/7/2026 0:00,Sylhet,Sylhet,Gowainghat,23.4,94,0.5,0.4378,Low
5/7/2026 2:00,Sylhet,Sylhet,Gowainghat,22.9,95,0,0.4335,Low
5/7/2026 4:00,Sylhet,Sylhet,Gowainghat,22.6,96,0,0.431,Low
5/7/2026 6:00,Sylhet,Sylhet,Gowainghat,22.9,98,0.1,0.7392,High
5/7/2026 8:00,Sylhet,Sylhet,Gowainghat,25.9,86,0,0.7605,High
5/7/2026 10:00,Sylhet,Sylhet,Gowainghat,28.2,70,0,0.913,High
5/7/2026 12:00,Sylhet,Sylhet,Gowainghat,29.8,59,0,0.915,High
5/7/2026 14:00,Sylhet,Sylhet,Gowainghat,30.5,56,0,1,High
5/7/2026 16:00,Sylhet,Sylhet,Gowainghat,30.3,57,0,1,High
5/7/2026 18:00,Sylhet,Sylhet,Gowainghat,28.2,71,0,1,High
5/7/2026 20:00,Sylhet,Sylhet,Gowainghat,27,73,0,1,High
5/7/2026 22:00,Sylhet,Sylhet,Gowainghat,25.4,80,0,0.641,Medium
5/8/2026 0:00,Sylhet,Sylhet,Gowainghat,25.6,81,0,0.446,Low
5/8/2026 2:00,Sylhet,Sylhet,Gowainghat,24.7,86,0,0.4425,Low
5/8/2026 4:00,Sylhet,Sylhet,Gowainghat,24,88,0,0.436,Low
5/8/2026 6:00,Sylhet,Sylhet,Gowainghat,23.3,93,0,0.7355,High
5/8/2026 8:00,Sylhet,Sylhet,Gowainghat,27.1,79,0,0.7645,High
5/8/2026 10:00,Sylhet,Sylhet,Gowainghat,30.4,59,0,0.924,High
5/8/2026 12:00,Sylhet,Sylhet,Gowainghat,30.5,56,0,0.9195,High
5/8/2026 14:00,Sylhet,Sylhet,Gowainghat,31.5,51,0,1,High
5/8/2026 16:00,Sylhet,Sylhet,Gowainghat,30.5,54,0,1,High
5/8/2026 18:00,Sylhet,Sylhet,Gowainghat,28.4,71,0,1,High
5/8/2026 20:00,Sylhet,Sylhet,Gowainghat,26.2,72,0,1,High
5/8/2026 22:00,Sylhet,Sylhet,Gowainghat,25.4,77,0,0.635,Medium
5/9/2026 0:00,Sylhet,Sylhet,Gowainghat,24.9,84,0,0.4415,Low
5/9/2026 2:00,Sylhet,Sylhet,Gowainghat,24.3,84,0,0.4325,Low
5/9/2026 4:00,Sylhet,Sylhet,Gowainghat,23.2,86,0,0.42,Low
5/9/2026 6:00,Sylhet,Sylhet,Gowainghat,23,88,0,0.721,High
5/9/2026 8:00,Sylhet,Sylhet,Gowainghat,26.8,77,0,0.756,High
5/9/2026 10:00,Sylhet,Sylhet,Gowainghat,29.9,66,0,0.9305,High
5/9/2026 12:00,Sylhet,Sylhet,Gowainghat,31.6,54,0,0.932,High
5/9/2026 14:00,Sylhet,Sylhet,Gowainghat,32.8,49,0,1,High
5/9/2026 16:00,Sylhet,Sylhet,Gowainghat,32,51,0,1,High
5/9/2026 18:00,Sylhet,Sylhet,Gowainghat,29.5,74,0,1,High
5/9/2026 20:00,Sylhet,Sylhet,Gowainghat,27,79,0,1,High
5/9/2026 22:00,Sylhet,Sylhet,Gowainghat,26.8,76,0,0.654,Medium
5/10/2026 0:00,Sylhet,Sylhet,Gowainghat,25.6,83,0,0.45,Medium
5/10/2026 2:00,Sylhet,Sylhet,Gowainghat,25.5,84,0,0.4505,Medium
5/10/2026 4:00,Sylhet,Sylhet,Gowainghat,24.7,89,0,0.4485,Low
5/10/2026 6:00,Sylhet,Sylhet,Gowainghat,24.1,93,0,0.7475,High
5/10/2026 8:00,Sylhet,Sylhet,Gowainghat,27.9,80,0,0.7785,High
5/10/2026 10:00,Sylhet,Sylhet,Gowainghat,30.9,68,0,0.9495,High
5/10/2026 12:00,Sylhet,Sylhet,Gowainghat,32.5,51,0,0.9395,High
5/10/2026 14:00,Sylhet,Sylhet,Gowainghat,31.5,54,0,1,High
5/10/2026 16:00,Sylhet,Sylhet,Gowainghat,26.2,75,0,0.993,High
5/10/2026 18:00,Sylhet,Sylhet,Gowainghat,26.5,70,0,1,High
5/10/2026 20:00,Sylhet,Sylhet,Gowainghat,25.2,75,0.1,1,High
5/10/2026 22:00,Sylhet,Sylhet,Gowainghat,24.8,78,0,0.628,Medium
5/11/2026 0:00,Sylhet,Sylhet,Gowainghat,25,75,0,0.425,Low
5/11/2026 2:00,Sylhet,Sylhet,Gowainghat,25,80,0,0.435,Low
5/11/2026 4:00,Sylhet,Sylhet,Gowainghat,21.5,97,4.5,0.4052,Low
5/11/2026 6:00,Sylhet,Sylhet,Gowainghat,23.9,92,4.4,0.7315,High
5/11/2026 8:00,Sylhet,Sylhet,Gowainghat,25,80,0.6,0.7335,High
5/11/2026 10:00,Sylhet,Sylhet,Gowainghat,26.4,78,0,0.902,High
5/11/2026 12:00,Sylhet,Sylhet,Gowainghat,28.2,72,0,0.917,High
5/11/2026 14:00,Sylhet,Sylhet,Gowainghat,27.4,73,3.7,0.9978,High
5/11/2026 16:00,Sylhet,Sylhet,Gowainghat,26,78,0.1,0.9958,High
5/11/2026 18:00,Sylhet,Sylhet,Gowainghat,27.2,80,0,1,High
5/11/2026 20:00,Sylhet,Sylhet,Gowainghat,25,79,0,1,High
5/11/2026 22:00,Sylhet,Sylhet,Gowainghat,23.4,91,0.1,0.6327,Medium
5/12/2026 0:00,Sylhet,Sylhet,Gowainghat,23.3,93,0,0.4355,Low
5/12/2026 2:00,Sylhet,Sylhet,Gowainghat,22.3,94,0,0.4225,Low
5/12/2026 4:00,Sylhet,Sylhet,Gowainghat,22.1,92,0,0.4155,Low
5/12/2026 6:00,Sylhet,Sylhet,Gowainghat,23.5,95,0,0.7425,High
5/12/2026 8:00,Sylhet,Sylhet,Gowainghat,24.6,85,0.2,0.7385,High
5/12/2026 10:00,Sylhet,Sylhet,Gowainghat,28,71,0,0.912,High
5/12/2026 12:00,Sylhet,Sylhet,Gowainghat,28.8,66,0,0.914,High
5/12/2026 14:00,Sylhet,Sylhet,Gowainghat,30,62,0.1,1,High
5/12/2026 16:00,Sylhet,Sylhet,Gowainghat,29.5,63,0,1,High
5/12/2026 18:00,Sylhet,Sylhet,Gowainghat,27.5,78,0,1,High
5/12/2026 20:00,Sylhet,Sylhet,Gowainghat,26.2,82,0,1,High
5/12/2026 22:00,Sylhet,Sylhet,Gowainghat,25.6,84,0,0.652,Medium
5/13/2026 0:00,Sylhet,Sylhet,Gowainghat,25.6,87,0,0.458,Medium
5/13/2026 2:00,Sylhet,Sylhet,Gowainghat,23,95,2.1,0.4298,Low
5/13/2026 4:00,Sylhet,Sylhet,Gowainghat,22.5,96,2.1,0.4242,Low
5/13/2026 6:00,Sylhet,Sylhet,Gowainghat,24.4,96,0.4,0.757,High
5/13/2026 8:00,Sylhet,Sylhet,Gowainghat,24,94,0.1,0.7477,High
5/13/2026 10:00,Sylhet,Sylhet,Gowainghat,25,90,0.5,0.9038,High
5/13/2026 12:00,Sylhet,Sylhet,Gowainghat,26.1,83,0.2,0.907,High
5/13/2026 14:00,Sylhet,Sylhet,Gowainghat,30,63,0,1,High
5/13/2026 16:00,Sylhet,Sylhet,Gowainghat,30.2,62,0,1,High
5/13/2026 18:00,Sylhet,Sylhet,Gowainghat,28.7,79,0,1,High
5/13/2026 20:00,Sylhet,Sylhet,Gowainghat,26.9,85,0,1,High
5/13/2026 22:00,Sylhet,Sylhet,Gowainghat,23.2,96,1.7,0.6358,Medium
4/13/2026 0:00,Sylhet,Sylhet,Jaintiapur,21.6,89,0,0.402,Low
4/13/2026 2:00,Sylhet,Sylhet,Jaintiapur,21,91,0.9,0.3948,Low
4/13/2026 4:00,Sylhet,Sylhet,Jaintiapur,20.1,93,0.3,0.3868,Low
4/13/2026 6:00,Sylhet,Sylhet,Jaintiapur,20.2,93,0.5,0.6878,Medium
4/13/2026 8:00,Sylhet,Sylhet,Jaintiapur,21.8,91,0.1,0.7088,High
4/13/2026 10:00,Sylhet,Sylhet,Jaintiapur,22.6,83,0.9,0.8528,High
4/13/2026 12:00,Sylhet,Sylhet,Jaintiapur,25.5,72,0.1,0.8762,High
4/13/2026 14:00,Sylhet,Sylhet,Jaintiapur,26,69,0,0.978,High
4/13/2026 16:00,Sylhet,Sylhet,Jaintiapur,26.6,68,0,0.985,High
4/13/2026 18:00,Sylhet,Sylhet,Jaintiapur,26,77,0,1,High
4/13/2026 20:00,Sylhet,Sylhet,Jaintiapur,24.1,75,0.1,1,High
4/13/2026 22:00,Sylhet,Sylhet,Jaintiapur,22.6,79,0.5,0.5958,Medium
4/14/2026 0:00,Sylhet,Sylhet,Jaintiapur,21.8,88,4.3,0.3923,Low
4/14/2026 2:00,Sylhet,Sylhet,Jaintiapur,21.2,96,10.9,0.3828,Low
4/14/2026 4:00,Sylhet,Sylhet,Jaintiapur,20.6,98,1.7,0.4008,Low
4/14/2026 6:00,Sylhet,Sylhet,Jaintiapur,21.2,95,4.6,0.6965,Medium
4/14/2026 8:00,Sylhet,Sylhet,Jaintiapur,23.5,84,0,0.7205,High
4/14/2026 10:00,Sylhet,Sylhet,Jaintiapur,27.7,68,0,0.9015,High
4/14/2026 12:00,Sylhet,Sylhet,Jaintiapur,29.3,62,0,0.9135,High
4/14/2026 14:00,Sylhet,Sylhet,Jaintiapur,30.5,57,0,1,High
4/14/2026 16:00,Sylhet,Sylhet,Jaintiapur,30.1,60,0,1,High
4/14/2026 18:00,Sylhet,Sylhet,Jaintiapur,27,88,0,1,High
4/14/2026 20:00,Sylhet,Sylhet,Jaintiapur,24.1,90,0.9,1,High
4/14/2026 22:00,Sylhet,Sylhet,Jaintiapur,22.2,94,0.6,0.6195,Medium
4/15/2026 0:00,Sylhet,Sylhet,Jaintiapur,21.5,98,4,0.4085,Low
4/15/2026 2:00,Sylhet,Sylhet,Jaintiapur,21.3,98,5.9,0.4008,Low
4/15/2026 4:00,Sylhet,Sylhet,Jaintiapur,21.6,96,0,0.416,Low
4/15/2026 6:00,Sylhet,Sylhet,Jaintiapur,21.1,97,0.2,0.71,High
4/15/2026 8:00,Sylhet,Sylhet,Jaintiapur,22,93,0.6,0.7145,High
4/15/2026 10:00,Sylhet,Sylhet,Jaintiapur,24.9,82,0,0.8875,High
4/15/2026 12:00,Sylhet,Sylhet,Jaintiapur,27.8,67,0,0.901,High
4/15/2026 14:00,Sylhet,Sylhet,Jaintiapur,29.9,63,0,1,High
4/15/2026 16:00,Sylhet,Sylhet,Jaintiapur,29.2,70,1,1,High
4/15/2026 18:00,Sylhet,Sylhet,Jaintiapur,26.2,80,0,1,High
4/15/2026 20:00,Sylhet,Sylhet,Jaintiapur,23.6,87,0.7,1,High
4/15/2026 22:00,Sylhet,Sylhet,Jaintiapur,22.1,93,0,0.6175,Medium
4/16/2026 0:00,Sylhet,Sylhet,Jaintiapur,20.9,99,6,0.3965,Low
4/16/2026 2:00,Sylhet,Sylhet,Jaintiapur,20.6,96,5.3,0.3878,Low
4/16/2026 4:00,Sylhet,Sylhet,Jaintiapur,20.5,98,0.4,0.4025,Low
4/16/2026 6:00,Sylhet,Sylhet,Jaintiapur,21.4,98,0.7,0.7152,High
4/16/2026 8:00,Sylhet,Sylhet,Jaintiapur,24.4,89,0,0.744,High
4/16/2026 10:00,Sylhet,Sylhet,Jaintiapur,28,71,0,0.912,High
4/16/2026 12:00,Sylhet,Sylhet,Jaintiapur,30.3,59,0,0.9225,High
4/16/2026 14:00,Sylhet,Sylhet,Jaintiapur,30.6,56,0.1,1,High
4/16/2026 16:00,Sylhet,Sylhet,Jaintiapur,30.5,59,0,1,High
4/16/2026 18:00,Sylhet,Sylhet,Jaintiapur,27.1,80,0,1,High
4/16/2026 20:00,Sylhet,Sylhet,Jaintiapur,25.8,87,0,1,High
4/16/2026 22:00,Sylhet,Sylhet,Jaintiapur,24.6,86,0,0.641,Medium
4/17/2026 0:00,Sylhet,Sylhet,Jaintiapur,24,91,0,0.442,Low
4/17/2026 2:00,Sylhet,Sylhet,Jaintiapur,23.2,92,0.1,0.4318,Low
4/17/2026 4:00,Sylhet,Sylhet,Jaintiapur,22.5,96,0,0.4295,Low
4/17/2026 6:00,Sylhet,Sylhet,Jaintiapur,22.6,95,0,0.729,High
4/17/2026 8:00,Sylhet,Sylhet,Jaintiapur,26.1,84,0,0.7595,High
4/17/2026 10:00,Sylhet,Sylhet,Jaintiapur,28.9,72,0,0.9275,High
4/17/2026 12:00,Sylhet,Sylhet,Jaintiapur,31,69,0,0.953,High
4/17/2026 14:00,Sylhet,Sylhet,Jaintiapur,31.6,66,0,1,High
4/17/2026 16:00,Sylhet,Sylhet,Jaintiapur,27.6,78,0,1,High
4/17/2026 18:00,Sylhet,Sylhet,Jaintiapur,26.1,90,0,1,High
4/17/2026 20:00,Sylhet,Sylhet,Jaintiapur,25.5,87,0,1,High
4/17/2026 22:00,Sylhet,Sylhet,Jaintiapur,25.8,82,0,0.651,Medium
4/18/2026 0:00,Sylhet,Sylhet,Jaintiapur,25.8,83,0,0.453,Medium
4/18/2026 2:00,Sylhet,Sylhet,Jaintiapur,23.6,92,0.9,0.4358,Low
4/18/2026 4:00,Sylhet,Sylhet,Jaintiapur,22.8,100,0.5,0.4408,Low
4/18/2026 6:00,Sylhet,Sylhet,Jaintiapur,24,99,0,0.758,High
4/18/2026 8:00,Sylhet,Sylhet,Jaintiapur,25.1,91,0.1,0.7582,High
4/18/2026 10:00,Sylhet,Sylhet,Jaintiapur,26.8,84,0.1,0.9198,High
4/18/2026 12:00,Sylhet,Sylhet,Jaintiapur,29.5,76,0,0.9445,High
4/18/2026 14:00,Sylhet,Sylhet,Jaintiapur,28.8,75,3.7,1,High
4/18/2026 16:00,Sylhet,Sylhet,Jaintiapur,29.5,71,0,1,High
4/18/2026 18:00,Sylhet,Sylhet,Jaintiapur,28,84,0,1,High
4/18/2026 20:00,Sylhet,Sylhet,Jaintiapur,26.2,87,0,1,High
4/18/2026 22:00,Sylhet,Sylhet,Jaintiapur,25.6,92,0,0.668,Medium
4/19/2026 0:00,Sylhet,Sylhet,Jaintiapur,25.1,91,0,0.4585,Medium
4/19/2026 2:00,Sylhet,Sylhet,Jaintiapur,23.7,97,0.1,0.4492,Low
4/19/2026 4:00,Sylhet,Sylhet,Jaintiapur,23.1,96,0,0.4385,Low
4/19/2026 6:00,Sylhet,Sylhet,Jaintiapur,23,97,0,0.739,High
4/19/2026 8:00,Sylhet,Sylhet,Jaintiapur,25,91,0.2,0.7565,High
4/19/2026 10:00,Sylhet,Sylhet,Jaintiapur,27.7,79,0.2,0.923,High
4/19/2026 12:00,Sylhet,Sylhet,Jaintiapur,28.8,72,0.2,0.9255,High
4/19/2026 14:00,Sylhet,Sylhet,Jaintiapur,29.4,69,0,1,High
4/19/2026 16:00,Sylhet,Sylhet,Jaintiapur,28,78,0,1,High
4/19/2026 18:00,Sylhet,Sylhet,Jaintiapur,27,86,0,1,High
4/19/2026 20:00,Sylhet,Sylhet,Jaintiapur,25.6,89,1,1,High
4/19/2026 22:00,Sylhet,Sylhet,Jaintiapur,24.2,91,0.1,0.6447,Medium
4/20/2026 0:00,Sylhet,Sylhet,Jaintiapur,23.4,95,5.7,0.4268,Low
4/20/2026 2:00,Sylhet,Sylhet,Jaintiapur,22.6,97,0.4,0.432,Low
4/20/2026 4:00,Sylhet,Sylhet,Jaintiapur,21.9,97,0.6,0.421,Low
4/20/2026 6:00,Sylhet,Sylhet,Jaintiapur,22.4,96,0,0.728,High
4/20/2026 8:00,Sylhet,Sylhet,Jaintiapur,23.4,91,0,0.733,High
4/20/2026 10:00,Sylhet,Sylhet,Jaintiapur,24.5,87,0.5,0.8902,High
4/20/2026 12:00,Sylhet,Sylhet,Jaintiapur,28.8,73,0,0.928,High
4/20/2026 14:00,Sylhet,Sylhet,Jaintiapur,31.4,62,0,1,High
4/20/2026 16:00,Sylhet,Sylhet,Jaintiapur,30,72,0.5,1,High
4/20/2026 18:00,Sylhet,Sylhet,Jaintiapur,24.8,94,0.6,1,High
4/20/2026 20:00,Sylhet,Sylhet,Jaintiapur,24.1,96,0.8,1,High
4/20/2026 22:00,Sylhet,Sylhet,Jaintiapur,23,94,0.1,0.6328,Medium
4/21/2026 0:00,Sylhet,Sylhet,Jaintiapur,22.5,96,2.6,0.423,Low
4/21/2026 2:00,Sylhet,Sylhet,Jaintiapur,22,96,7.1,0.4042,Low
4/21/2026 4:00,Sylhet,Sylhet,Jaintiapur,21.9,96,4.7,0.4088,Low
4/21/2026 6:00,Sylhet,Sylhet,Jaintiapur,22.2,92,0,0.717,High
4/21/2026 8:00,Sylhet,Sylhet,Jaintiapur,23.9,89,0.1,0.7362,High
4/21/2026 10:00,Sylhet,Sylhet,Jaintiapur,26,82,0,0.904,High
4/21/2026 12:00,Sylhet,Sylhet,Jaintiapur,28.9,72,0.1,0.9272,High
4/21/2026 14:00,Sylhet,Sylhet,Jaintiapur,29.8,72,0.4,1,High
4/21/2026 16:00,Sylhet,Sylhet,Jaintiapur,29.4,74,0,1,High
4/21/2026 18:00,Sylhet,Sylhet,Jaintiapur,28,89,0.6,1,High
4/21/2026 20:00,Sylhet,Sylhet,Jaintiapur,25,94,0,1,High
4/21/2026 22:00,Sylhet,Sylhet,Jaintiapur,24.2,93,0.2,0.6485,Medium
4/22/2026 0:00,Sylhet,Sylhet,Jaintiapur,22.7,97,0.1,0.4342,Low
4/22/2026 2:00,Sylhet,Sylhet,Jaintiapur,22.3,95,0.1,0.4243,Low
4/22/2026 4:00,Sylhet,Sylhet,Jaintiapur,22.4,96,0,0.428,Low
4/22/2026 6:00,Sylhet,Sylhet,Jaintiapur,21,97,0.5,0.7078,High
4/22/2026 8:00,Sylhet,Sylhet,Jaintiapur,21.1,93,14.4,0.6665,Medium
4/22/2026 10:00,Sylhet,Sylhet,Jaintiapur,22.8,87,5.1,0.8532,High
4/22/2026 12:00,Sylhet,Sylhet,Jaintiapur,28.4,74,0,0.924,High
4/22/2026 14:00,Sylhet,Sylhet,Jaintiapur,29.8,68,0,1,High
4/22/2026 16:00,Sylhet,Sylhet,Jaintiapur,30.7,66,0,1,High
4/22/2026 18:00,Sylhet,Sylhet,Jaintiapur,28.4,83,0,1,High
4/22/2026 20:00,Sylhet,Sylhet,Jaintiapur,26.2,87,0,1,High
4/22/2026 22:00,Sylhet,Sylhet,Jaintiapur,25.4,88,0,0.657,Medium
4/23/2026 0:00,Sylhet,Sylhet,Jaintiapur,23.6,94,0,0.442,Low
4/23/2026 2:00,Sylhet,Sylhet,Jaintiapur,23.5,92,0,0.4365,Low
4/23/2026 4:00,Sylhet,Sylhet,Jaintiapur,23,89,0,0.423,Low
4/23/2026 6:00,Sylhet,Sylhet,Jaintiapur,22.5,98,0,0.7335,High
4/23/2026 8:00,Sylhet,Sylhet,Jaintiapur,24.9,92,0.1,0.7572,High
4/23/2026 10:00,Sylhet,Sylhet,Jaintiapur,27.1,79,0.1,0.9143,High
4/23/2026 12:00,Sylhet,Sylhet,Jaintiapur,30,64,0,0.928,High
4/23/2026 14:00,Sylhet,Sylhet,Jaintiapur,31.6,57,0,1,High
4/23/2026 16:00,Sylhet,Sylhet,Jaintiapur,32,55,0,1,High
4/23/2026 18:00,Sylhet,Sylhet,Jaintiapur,29.1,80,0,1,High
4/23/2026 20:00,Sylhet,Sylhet,Jaintiapur,27.3,84,0,1,High
4/23/2026 22:00,Sylhet,Sylhet,Jaintiapur,27,80,0,0.665,Medium
4/24/2026 0:00,Sylhet,Sylhet,Jaintiapur,26.1,84,0,0.4595,Medium
4/24/2026 2:00,Sylhet,Sylhet,Jaintiapur,25.5,86,0,0.4545,Medium
4/24/2026 4:00,Sylhet,Sylhet,Jaintiapur,24.9,89,0,0.4515,Medium
4/24/2026 6:00,Sylhet,Sylhet,Jaintiapur,24.2,92,0,0.747,High
4/24/2026 8:00,Sylhet,Sylhet,Jaintiapur,27,85,0,0.775,High
4/24/2026 10:00,Sylhet,Sylhet,Jaintiapur,29.5,77,0.1,0.9462,High
4/24/2026 12:00,Sylhet,Sylhet,Jaintiapur,31.5,70,0,0.9625,High
4/24/2026 14:00,Sylhet,Sylhet,Jaintiapur,32.6,62,0,1,High
4/24/2026 16:00,Sylhet,Sylhet,Jaintiapur,32.2,64,0,1,High
4/24/2026 18:00,Sylhet,Sylhet,Jaintiapur,27.1,86,0,1,High
4/24/2026 20:00,Sylhet,Sylhet,Jaintiapur,26.2,93,0,1,High
4/24/2026 22:00,Sylhet,Sylhet,Jaintiapur,26.5,89,0,0.6755,Medium
4/25/2026 0:00,Sylhet,Sylhet,Jaintiapur,26.4,87,0,0.47,Medium
4/25/2026 2:00,Sylhet,Sylhet,Jaintiapur,25.9,86,0,0.4605,Medium
4/25/2026 4:00,Sylhet,Sylhet,Jaintiapur,25.5,87,0,0.4565,Medium
4/25/2026 6:00,Sylhet,Sylhet,Jaintiapur,25.4,94,0,0.769,High
4/25/2026 8:00,Sylhet,Sylhet,Jaintiapur,28.6,79,0,0.787,High
4/25/2026 10:00,Sylhet,Sylhet,Jaintiapur,29.2,76,0,0.94,High
4/25/2026 12:00,Sylhet,Sylhet,Jaintiapur,31.8,68,0.1,0.9628,High
4/25/2026 14:00,Sylhet,Sylhet,Jaintiapur,33.5,57,0,1,High
4/25/2026 16:00,Sylhet,Sylhet,Jaintiapur,32.7,60,0,1,High
4/25/2026 18:00,Sylhet,Sylhet,Jaintiapur,30,78,0,1,High
4/25/2026 20:00,Sylhet,Sylhet,Jaintiapur,27.6,82,0,1,High
4/25/2026 22:00,Sylhet,Sylhet,Jaintiapur,27.2,81,0,0.67,Medium
4/26/2026 0:00,Sylhet,Sylhet,Jaintiapur,26.1,87,0,0.4655,Medium
4/26/2026 2:00,Sylhet,Sylhet,Jaintiapur,24.8,95,0,0.462,Medium
4/26/2026 4:00,Sylhet,Sylhet,Jaintiapur,24.6,91,0,0.451,Medium
4/26/2026 6:00,Sylhet,Sylhet,Jaintiapur,23.4,92,2.6,0.7285,High
4/26/2026 8:00,Sylhet,Sylhet,Jaintiapur,25.7,87,0,0.7595,High
4/26/2026 10:00,Sylhet,Sylhet,Jaintiapur,28.5,69,0.1,0.9152,High
4/26/2026 12:00,Sylhet,Sylhet,Jaintiapur,27.1,73,0,0.9025,High
4/26/2026 14:00,Sylhet,Sylhet,Jaintiapur,26.6,75,0,0.999,High
4/26/2026 16:00,Sylhet,Sylhet,Jaintiapur,27.2,67,0,0.992,High
4/26/2026 18:00,Sylhet,Sylhet,Jaintiapur,24,82,8,1,High
4/26/2026 20:00,Sylhet,Sylhet,Jaintiapur,23.8,82,0,1,High
4/26/2026 22:00,Sylhet,Sylhet,Jaintiapur,23.3,84,0,0.6175,Medium
4/27/2026 0:00,Sylhet,Sylhet,Jaintiapur,22.8,89,8.4,0.399,Low
4/27/2026 2:00,Sylhet,Sylhet,Jaintiapur,22.1,92,0.3,0.4148,Low
4/27/2026 4:00,Sylhet,Sylhet,Jaintiapur,21.7,98,0.3,0.4208,Low
4/27/2026 6:00,Sylhet,Sylhet,Jaintiapur,20.6,95,6.1,0.6838,Medium
4/27/2026 8:00,Sylhet,Sylhet,Jaintiapur,21,98,2,0.706,High
4/27/2026 10:00,Sylhet,Sylhet,Jaintiapur,21.5,93,1.2,0.8555,High
4/27/2026 12:00,Sylhet,Sylhet,Jaintiapur,21.4,89,0.1,0.8488,High
4/27/2026 14:00,Sylhet,Sylhet,Jaintiapur,23.8,80,0.2,0.9665,High
4/27/2026 16:00,Sylhet,Sylhet,Jaintiapur,22.7,89,1.5,0.9647,High
4/27/2026 18:00,Sylhet,Sylhet,Jaintiapur,21.8,97,6.3,1,High
4/27/2026 20:00,Sylhet,Sylhet,Jaintiapur,21.6,97,2.8,1,High
4/27/2026 22:00,Sylhet,Sylhet,Jaintiapur,21.5,97,1.7,0.6122,Medium
4/28/2026 0:00,Sylhet,Sylhet,Jaintiapur,21.5,98,4.1,0.4082,Low
4/28/2026 2:00,Sylhet,Sylhet,Jaintiapur,21.2,98,3.1,0.4062,Low
4/28/2026 4:00,Sylhet,Sylhet,Jaintiapur,20.9,97,2.3,0.4018,Low
4/28/2026 6:00,Sylhet,Sylhet,Jaintiapur,21.6,96,2.3,0.7102,High
4/28/2026 8:00,Sylhet,Sylhet,Jaintiapur,22.5,91,1.1,0.7167,High
4/28/2026 10:00,Sylhet,Sylhet,Jaintiapur,22.9,91,6.7,0.8587,High
4/28/2026 12:00,Sylhet,Sylhet,Jaintiapur,23,88,10.6,0.8445,High
4/28/2026 14:00,Sylhet,Sylhet,Jaintiapur,24.7,82,0.7,0.9827,High
4/28/2026 16:00,Sylhet,Sylhet,Jaintiapur,22.9,96,5.6,0.9715,High
4/28/2026 18:00,Sylhet,Sylhet,Jaintiapur,23,98,0.7,1,High
4/28/2026 20:00,Sylhet,Sylhet,Jaintiapur,22.5,98,1,1,High
4/28/2026 22:00,Sylhet,Sylhet,Jaintiapur,21.8,97,1.5,0.6172,Medium
4/29/2026 0:00,Sylhet,Sylhet,Jaintiapur,21.8,98,10.5,0.3968,Low
4/29/2026 2:00,Sylhet,Sylhet,Jaintiapur,21.8,97,1.4,0.4175,Low
4/29/2026 4:00,Sylhet,Sylhet,Jaintiapur,21.5,98,1.5,0.4148,Low
4/29/2026 6:00,Sylhet,Sylhet,Jaintiapur,21.4,93,13.5,0.6732,Medium
4/29/2026 8:00,Sylhet,Sylhet,Jaintiapur,21.5,97,2.2,0.711,High
4/29/2026 10:00,Sylhet,Sylhet,Jaintiapur,22,98,3.5,0.8672,High
4/29/2026 12:00,Sylhet,Sylhet,Jaintiapur,21.2,97,0.3,0.8612,High
4/29/2026 14:00,Sylhet,Sylhet,Jaintiapur,22.9,83,0.3,0.9588,High
4/29/2026 16:00,Sylhet,Sylhet,Jaintiapur,23.5,80,0,0.9625,High
4/29/2026 18:00,Sylhet,Sylhet,Jaintiapur,22.9,85,0,1,High
4/29/2026 20:00,Sylhet,Sylhet,Jaintiapur,21.6,89,0,1,High
4/29/2026 22:00,Sylhet,Sylhet,Jaintiapur,21.1,90,0,0.5965,Medium
4/30/2026 0:00,Sylhet,Sylhet,Jaintiapur,21.9,83,0,0.3945,Low
4/30/2026 2:00,Sylhet,Sylhet,Jaintiapur,21,94,8.5,0.3818,Low
4/30/2026 4:00,Sylhet,Sylhet,Jaintiapur,20.5,96,0.7,0.3978,Low
4/30/2026 6:00,Sylhet,Sylhet,Jaintiapur,20.3,97,0,0.6985,Medium
4/30/2026 8:00,Sylhet,Sylhet,Jaintiapur,21.6,94,0.6,0.7105,High
4/30/2026 10:00,Sylhet,Sylhet,Jaintiapur,23.4,87,0.1,0.8748,High
4/30/2026 12:00,Sylhet,Sylhet,Jaintiapur,25.1,74,0.1,0.8742,High
4/30/2026 14:00,Sylhet,Sylhet,Jaintiapur,27.5,64,0,0.9905,High
4/30/2026 16:00,Sylhet,Sylhet,Jaintiapur,27.7,63,0.1,0.9912,High
4/30/2026 18:00,Sylhet,Sylhet,Jaintiapur,23.8,87,0,1,High
4/30/2026 20:00,Sylhet,Sylhet,Jaintiapur,22.5,90,0,1,High
4/30/2026 22:00,Sylhet,Sylhet,Jaintiapur,21.7,95,0,0.6155,Medium
5/1/2026 0:00,Sylhet,Sylhet,Jaintiapur,22.1,93,0,0.4175,Low
5/1/2026 2:00,Sylhet,Sylhet,Jaintiapur,21.8,96,0.1,0.4188,Low
5/1/2026 4:00,Sylhet,Sylhet,Jaintiapur,21,98,0,0.411,Low
5/1/2026 6:00,Sylhet,Sylhet,Jaintiapur,21.3,96,0.1,0.7112,High
5/1/2026 8:00,Sylhet,Sylhet,Jaintiapur,21.9,95,2.3,0.7127,High
5/1/2026 10:00,Sylhet,Sylhet,Jaintiapur,23.8,90,0.4,0.886,High
5/1/2026 12:00,Sylhet,Sylhet,Jaintiapur,24.2,87,0.4,0.886,High
5/1/2026 14:00,Sylhet,Sylhet,Jaintiapur,22.5,93,5.1,0.9607,High
5/1/2026 16:00,Sylhet,Sylhet,Jaintiapur,21.5,96,1.9,0.9597,High
5/1/2026 18:00,Sylhet,Sylhet,Jaintiapur,21.5,95,1.8,1,High
5/1/2026 20:00,Sylhet,Sylhet,Jaintiapur,21.2,93,0,1,High
5/1/2026 22:00,Sylhet,Sylhet,Jaintiapur,20.2,98,0,0.599,Medium
5/2/2026 0:00,Sylhet,Sylhet,Jaintiapur,21.1,98,0.4,0.4115,Low
5/2/2026 2:00,Sylhet,Sylhet,Jaintiapur,20.6,96,0.1,0.4008,Low
5/2/2026 4:00,Sylhet,Sylhet,Jaintiapur,20.1,98,0.6,0.396,Low
5/2/2026 6:00,Sylhet,Sylhet,Jaintiapur,20.6,95,0.3,0.6982,Medium
5/2/2026 8:00,Sylhet,Sylhet,Jaintiapur,21.4,96,1.8,0.7085,High
5/2/2026 10:00,Sylhet,Sylhet,Jaintiapur,21.2,96,1.1,0.8572,High
5/2/2026 12:00,Sylhet,Sylhet,Jaintiapur,21.4,98,0.8,0.865,High
5/2/2026 14:00,Sylhet,Sylhet,Jaintiapur,23.1,89,0.3,0.9737,High
5/2/2026 16:00,Sylhet,Sylhet,Jaintiapur,21,95,1.8,0.9505,High
5/2/2026 18:00,Sylhet,Sylhet,Jaintiapur,21.5,97,0.3,1,High
5/2/2026 20:00,Sylhet,Sylhet,Jaintiapur,21,99,0.9,1,High
5/2/2026 22:00,Sylhet,Sylhet,Jaintiapur,20.6,99,5.1,0.5942,Medium
5/3/2026 0:00,Sylhet,Sylhet,Jaintiapur,20.3,100,0.1,0.4042,Low
5/3/2026 2:00,Sylhet,Sylhet,Jaintiapur,20.1,99,0.2,0.399,Low
5/3/2026 4:00,Sylhet,Sylhet,Jaintiapur,20,98,6.2,0.3805,Low
5/3/2026 6:00,Sylhet,Sylhet,Jaintiapur,19.8,95,0.5,0.6888,Medium
5/3/2026 8:00,Sylhet,Sylhet,Jaintiapur,21,94,0.1,0.7028,High
5/3/2026 10:00,Sylhet,Sylhet,Jaintiapur,24.5,79,0,0.8755,High
5/3/2026 12:00,Sylhet,Sylhet,Jaintiapur,27.2,66,0.2,0.8895,High
5/3/2026 14:00,Sylhet,Sylhet,Jaintiapur,27.2,67,0.2,0.9915,High
5/3/2026 16:00,Sylhet,Sylhet,Jaintiapur,27.4,70,0.1,1,High
5/3/2026 18:00,Sylhet,Sylhet,Jaintiapur,23.9,87,0,1,High
5/3/2026 20:00,Sylhet,Sylhet,Jaintiapur,22.5,93,0,1,High
5/3/2026 22:00,Sylhet,Sylhet,Jaintiapur,22.2,96,0.8,0.623,Medium
5/4/2026 0:00,Sylhet,Sylhet,Jaintiapur,21,99,0,0.413,Low
5/4/2026 2:00,Sylhet,Sylhet,Jaintiapur,21.5,97,0,0.4165,Low
5/4/2026 4:00,Sylhet,Sylhet,Jaintiapur,21.8,98,0,0.423,Low
5/4/2026 6:00,Sylhet,Sylhet,Jaintiapur,22.4,93,0,0.722,High
5/4/2026 8:00,Sylhet,Sylhet,Jaintiapur,22.6,96,0.7,0.7292,High
5/4/2026 10:00,Sylhet,Sylhet,Jaintiapur,22.5,96,5.4,0.866,High
5/4/2026 12:00,Sylhet,Sylhet,Jaintiapur,23.2,90,0.1,0.8778,High
5/4/2026 14:00,Sylhet,Sylhet,Jaintiapur,27.4,70,0.1,1,High
5/4/2026 16:00,Sylhet,Sylhet,Jaintiapur,28,66,0,1,High
5/4/2026 18:00,Sylhet,Sylhet,Jaintiapur,25.8,85,0,1,High
5/4/2026 20:00,Sylhet,Sylhet,Jaintiapur,23.6,86,0,1,High
5/4/2026 22:00,Sylhet,Sylhet,Jaintiapur,23.2,82,0,0.612,Medium
5/5/2026 0:00,Sylhet,Sylhet,Jaintiapur,22.6,89,0,0.417,Low
5/5/2026 2:00,Sylhet,Sylhet,Jaintiapur,22.4,93,0,0.422,Low
5/5/2026 4:00,Sylhet,Sylhet,Jaintiapur,21.5,96,0,0.4145,Low
5/5/2026 6:00,Sylhet,Sylhet,Jaintiapur,22.2,89,0,0.711,High
5/5/2026 8:00,Sylhet,Sylhet,Jaintiapur,24.2,86,0,0.735,High
5/5/2026 10:00,Sylhet,Sylhet,Jaintiapur,26.9,80,0,0.9135,High
5/5/2026 12:00,Sylhet,Sylhet,Jaintiapur,30,66,0,0.932,High
5/5/2026 14:00,Sylhet,Sylhet,Jaintiapur,31,60,0,1,High
5/5/2026 16:00,Sylhet,Sylhet,Jaintiapur,30.2,61,0,1,High
5/5/2026 18:00,Sylhet,Sylhet,Jaintiapur,27.9,76,0,1,High
5/5/2026 20:00,Sylhet,Sylhet,Jaintiapur,26,80,0,1,High
5/5/2026 22:00,Sylhet,Sylhet,Jaintiapur,24.6,87,0,0.643,Medium
5/6/2026 0:00,Sylhet,Sylhet,Jaintiapur,24.1,91,0,0.4435,Low
5/6/2026 2:00,Sylhet,Sylhet,Jaintiapur,23.4,95,0.1,0.4408,Low
5/6/2026 4:00,Sylhet,Sylhet,Jaintiapur,22.4,96,1.3,0.4248,Low
5/6/2026 6:00,Sylhet,Sylhet,Jaintiapur,23.1,97,0.2,0.74,High
5/6/2026 8:00,Sylhet,Sylhet,Jaintiapur,25.8,84,0.1,0.7547,High
5/6/2026 10:00,Sylhet,Sylhet,Jaintiapur,28.6,72,0,0.923,High
5/6/2026 12:00,Sylhet,Sylhet,Jaintiapur,28.8,66,0.3,0.9132,High
5/6/2026 14:00,Sylhet,Sylhet,Jaintiapur,28.9,66,0,1,High
5/6/2026 16:00,Sylhet,Sylhet,Jaintiapur,30,62,0,1,High
5/6/2026 18:00,Sylhet,Sylhet,Jaintiapur,26.8,78,0,1,High
5/6/2026 20:00,Sylhet,Sylhet,Jaintiapur,25.1,82,0,1,High
5/6/2026 22:00,Sylhet,Sylhet,Jaintiapur,24.1,88,0.3,0.6367,Medium
5/7/2026 0:00,Sylhet,Sylhet,Jaintiapur,23.4,94,0.5,0.4378,Low
5/7/2026 2:00,Sylhet,Sylhet,Jaintiapur,22.9,95,0,0.4335,Low
5/7/2026 4:00,Sylhet,Sylhet,Jaintiapur,22.6,96,0,0.431,Low
5/7/2026 6:00,Sylhet,Sylhet,Jaintiapur,22.9,98,0.1,0.7392,High
5/7/2026 8:00,Sylhet,Sylhet,Jaintiapur,25.9,86,0,0.7605,High
5/7/2026 10:00,Sylhet,Sylhet,Jaintiapur,28.2,70,0,0.913,High
5/7/2026 12:00,Sylhet,Sylhet,Jaintiapur,29.8,59,0,0.915,High
5/7/2026 14:00,Sylhet,Sylhet,Jaintiapur,30.5,56,0,1,High
5/7/2026 16:00,Sylhet,Sylhet,Jaintiapur,30.3,57,0,1,High
5/7/2026 18:00,Sylhet,Sylhet,Jaintiapur,28.2,71,0,1,High
5/7/2026 20:00,Sylhet,Sylhet,Jaintiapur,27,73,0,1,High
5/7/2026 22:00,Sylhet,Sylhet,Jaintiapur,25.4,80,0,0.641,Medium
5/8/2026 0:00,Sylhet,Sylhet,Jaintiapur,25.6,81,0,0.446,Low
5/8/2026 2:00,Sylhet,Sylhet,Jaintiapur,24.7,86,0,0.4425,Low
5/8/2026 4:00,Sylhet,Sylhet,Jaintiapur,24,88,0,0.436,Low
5/8/2026 6:00,Sylhet,Sylhet,Jaintiapur,23.3,93,0,0.7355,High
5/8/2026 8:00,Sylhet,Sylhet,Jaintiapur,27.1,79,0,0.7645,High
5/8/2026 10:00,Sylhet,Sylhet,Jaintiapur,30.4,59,0,0.924,High
5/8/2026 12:00,Sylhet,Sylhet,Jaintiapur,30.5,56,0,0.9195,High
5/8/2026 14:00,Sylhet,Sylhet,Jaintiapur,31.5,51,0,1,High
5/8/2026 16:00,Sylhet,Sylhet,Jaintiapur,30.5,54,0,1,High
5/8/2026 18:00,Sylhet,Sylhet,Jaintiapur,28.4,71,0,1,High
5/8/2026 20:00,Sylhet,Sylhet,Jaintiapur,26.2,72,0,1,High
5/8/2026 22:00,Sylhet,Sylhet,Jaintiapur,25.4,77,0,0.635,Medium
5/9/2026 0:00,Sylhet,Sylhet,Jaintiapur,24.9,84,0,0.4415,Low
5/9/2026 2:00,Sylhet,Sylhet,Jaintiapur,24.3,84,0,0.4325,Low
5/9/2026 4:00,Sylhet,Sylhet,Jaintiapur,23.2,86,0,0.42,Low
5/9/2026 6:00,Sylhet,Sylhet,Jaintiapur,23,88,0,0.721,High
5/9/2026 8:00,Sylhet,Sylhet,Jaintiapur,26.8,77,0,0.756,High
5/9/2026 10:00,Sylhet,Sylhet,Jaintiapur,29.9,66,0,0.9305,High
5/9/2026 12:00,Sylhet,Sylhet,Jaintiapur,31.6,54,0,0.932,High
5/9/2026 14:00,Sylhet,Sylhet,Jaintiapur,32.8,49,0,1,High
5/9/2026 16:00,Sylhet,Sylhet,Jaintiapur,32,51,0,1,High
5/9/2026 18:00,Sylhet,Sylhet,Jaintiapur,29.5,74,0,1,High
5/9/2026 20:00,Sylhet,Sylhet,Jaintiapur,27,79,0,1,High
5/9/2026 22:00,Sylhet,Sylhet,Jaintiapur,26.8,76,0,0.654,Medium
5/10/2026 0:00,Sylhet,Sylhet,Jaintiapur,25.6,83,0,0.45,Medium
5/10/2026 2:00,Sylhet,Sylhet,Jaintiapur,25.5,84,0,0.4505,Medium
5/10/2026 4:00,Sylhet,Sylhet,Jaintiapur,24.7,89,0,0.4485,Low
5/10/2026 6:00,Sylhet,Sylhet,Jaintiapur,24.1,93,0,0.7475,High
5/10/2026 8:00,Sylhet,Sylhet,Jaintiapur,27.9,80,0,0.7785,High
5/10/2026 10:00,Sylhet,Sylhet,Jaintiapur,30.9,68,0,0.9495,High
5/10/2026 12:00,Sylhet,Sylhet,Jaintiapur,32.5,51,0,0.9395,High
5/10/2026 14:00,Sylhet,Sylhet,Jaintiapur,31.5,54,0,1,High
5/10/2026 16:00,Sylhet,Sylhet,Jaintiapur,26.2,75,0,0.993,High
5/10/2026 18:00,Sylhet,Sylhet,Jaintiapur,26.5,70,0,1,High
5/10/2026 20:00,Sylhet,Sylhet,Jaintiapur,25.2,75,0.1,1,High
5/10/2026 22:00,Sylhet,Sylhet,Jaintiapur,24.8,78,0,0.628,Medium
5/11/2026 0:00,Sylhet,Sylhet,Jaintiapur,25,75,0,0.425,Low
5/11/2026 2:00,Sylhet,Sylhet,Jaintiapur,25,80,0,0.435,Low
5/11/2026 4:00,Sylhet,Sylhet,Jaintiapur,21.5,97,4.5,0.4052,Low
5/11/2026 6:00,Sylhet,Sylhet,Jaintiapur,23.9,92,4.4,0.7315,High
5/11/2026 8:00,Sylhet,Sylhet,Jaintiapur,25,80,0.6,0.7335,High
5/11/2026 10:00,Sylhet,Sylhet,Jaintiapur,26.4,78,0,0.902,High
5/11/2026 12:00,Sylhet,Sylhet,Jaintiapur,28.2,72,0,0.917,High
5/11/2026 14:00,Sylhet,Sylhet,Jaintiapur,27.4,73,3.7,0.9978,High
5/11/2026 16:00,Sylhet,Sylhet,Jaintiapur,26,78,0.1,0.9958,High
5/11/2026 18:00,Sylhet,Sylhet,Jaintiapur,27.2,80,0,1,High
5/11/2026 20:00,Sylhet,Sylhet,Jaintiapur,25,79,0,1,High
5/11/2026 22:00,Sylhet,Sylhet,Jaintiapur,23.4,91,0.1,0.6327,Medium
5/12/2026 0:00,Sylhet,Sylhet,Jaintiapur,23.3,93,0,0.4355,Low
5/12/2026 2:00,Sylhet,Sylhet,Jaintiapur,22.3,94,0,0.4225,Low
5/12/2026 4:00,Sylhet,Sylhet,Jaintiapur,22.1,92,0,0.4155,Low
5/12/2026 6:00,Sylhet,Sylhet,Jaintiapur,23.5,95,0,0.7425,High
5/12/2026 8:00,Sylhet,Sylhet,Jaintiapur,24.6,85,0.2,0.7385,High
5/12/2026 10:00,Sylhet,Sylhet,Jaintiapur,28,71,0,0.912,High
5/12/2026 12:00,Sylhet,Sylhet,Jaintiapur,28.8,66,0,0.914,High
5/12/2026 14:00,Sylhet,Sylhet,Jaintiapur,30,62,0.1,1,High
5/12/2026 16:00,Sylhet,Sylhet,Jaintiapur,29.5,63,0,1,High
5/12/2026 18:00,Sylhet,Sylhet,Jaintiapur,27.5,78,0,1,High
5/12/2026 20:00,Sylhet,Sylhet,Jaintiapur,26.2,82,0,1,High
5/12/2026 22:00,Sylhet,Sylhet,Jaintiapur,25.6,84,0,0.652,Medium
5/13/2026 0:00,Sylhet,Sylhet,Jaintiapur,25.6,87,0,0.458,Medium
5/13/2026 2:00,Sylhet,Sylhet,Jaintiapur,23,95,2.1,0.4298,Low
5/13/2026 4:00,Sylhet,Sylhet,Jaintiapur,22.5,96,2.1,0.4242,Low
5/13/2026 6:00,Sylhet,Sylhet,Jaintiapur,24.4,96,0.4,0.757,High
5/13/2026 8:00,Sylhet,Sylhet,Jaintiapur,24,94,0.1,0.7477,High
5/13/2026 10:00,Sylhet,Sylhet,Jaintiapur,25,90,0.5,0.9038,High
5/13/2026 12:00,Sylhet,Sylhet,Jaintiapur,26.1,83,0.2,0.907,High
5/13/2026 14:00,Sylhet,Sylhet,Jaintiapur,30,63,0,1,High
5/13/2026 16:00,Sylhet,Sylhet,Jaintiapur,30.2,62,0,1,High
5/13/2026 18:00,Sylhet,Sylhet,Jaintiapur,28.7,79,0,1,High
5/13/2026 20:00,Sylhet,Sylhet,Jaintiapur,26.9,85,0,1,High
5/13/2026 22:00,Sylhet,Sylhet,Jaintiapur,23.2,96,1.7,0.6358,Medium
4/13/2026 0:00,Sylhet,Sylhet,Kanaighat,21.6,89,0,0.402,Low
4/13/2026 2:00,Sylhet,Sylhet,Kanaighat,21,91,0.9,0.3948,Low
4/13/2026 4:00,Sylhet,Sylhet,Kanaighat,20.1,93,0.3,0.3868,Low
4/13/2026 6:00,Sylhet,Sylhet,Kanaighat,20.2,93,0.5,0.6878,Medium
4/13/2026 8:00,Sylhet,Sylhet,Kanaighat,21.8,91,0.1,0.7088,High
4/13/2026 10:00,Sylhet,Sylhet,Kanaighat,22.6,83,0.9,0.8528,High
4/13/2026 12:00,Sylhet,Sylhet,Kanaighat,25.5,72,0.1,0.8762,High
4/13/2026 14:00,Sylhet,Sylhet,Kanaighat,26,69,0,0.978,High
4/13/2026 16:00,Sylhet,Sylhet,Kanaighat,26.6,68,0,0.985,High
4/13/2026 18:00,Sylhet,Sylhet,Kanaighat,26,77,0,1,High
4/13/2026 20:00,Sylhet,Sylhet,Kanaighat,24.1,75,0.1,1,High
4/13/2026 22:00,Sylhet,Sylhet,Kanaighat,22.6,79,0.5,0.5958,Medium
4/14/2026 0:00,Sylhet,Sylhet,Kanaighat,21.8,88,4.3,0.3923,Low
4/14/2026 2:00,Sylhet,Sylhet,Kanaighat,21.2,96,10.9,0.3828,Low
4/14/2026 4:00,Sylhet,Sylhet,Kanaighat,20.6,98,1.7,0.4008,Low
4/14/2026 6:00,Sylhet,Sylhet,Kanaighat,21.2,95,4.6,0.6965,Medium
4/14/2026 8:00,Sylhet,Sylhet,Kanaighat,23.5,84,0,0.7205,High
4/14/2026 10:00,Sylhet,Sylhet,Kanaighat,27.7,68,0,0.9015,High
4/14/2026 12:00,Sylhet,Sylhet,Kanaighat,29.3,62,0,0.9135,High
4/14/2026 14:00,Sylhet,Sylhet,Kanaighat,30.5,57,0,1,High
4/14/2026 16:00,Sylhet,Sylhet,Kanaighat,30.1,60,0,1,High
4/14/2026 18:00,Sylhet,Sylhet,Kanaighat,27,88,0,1,High
4/14/2026 20:00,Sylhet,Sylhet,Kanaighat,24.1,90,0.9,1,High
4/14/2026 22:00,Sylhet,Sylhet,Kanaighat,22.2,94,0.6,0.6195,Medium
4/15/2026 0:00,Sylhet,Sylhet,Kanaighat,21.5,98,4,0.4085,Low
4/15/2026 2:00,Sylhet,Sylhet,Kanaighat,21.3,98,5.9,0.4008,Low
4/15/2026 4:00,Sylhet,Sylhet,Kanaighat,21.6,96,0,0.416,Low
4/15/2026 6:00,Sylhet,Sylhet,Kanaighat,21.1,97,0.2,0.71,High
4/15/2026 8:00,Sylhet,Sylhet,Kanaighat,22,93,0.6,0.7145,High
4/15/2026 10:00,Sylhet,Sylhet,Kanaighat,24.9,82,0,0.8875,High
4/15/2026 12:00,Sylhet,Sylhet,Kanaighat,27.8,67,0,0.901,High
4/15/2026 14:00,Sylhet,Sylhet,Kanaighat,29.9,63,0,1,High
4/15/2026 16:00,Sylhet,Sylhet,Kanaighat,29.2,70,1,1,High
4/15/2026 18:00,Sylhet,Sylhet,Kanaighat,26.2,80,0,1,High
4/15/2026 20:00,Sylhet,Sylhet,Kanaighat,23.6,87,0.7,1,High
4/15/2026 22:00,Sylhet,Sylhet,Kanaighat,22.1,93,0,0.6175,Medium
4/16/2026 0:00,Sylhet,Sylhet,Kanaighat,20.9,99,6,0.3965,Low
4/16/2026 2:00,Sylhet,Sylhet,Kanaighat,20.6,96,5.3,0.3878,Low
4/16/2026 4:00,Sylhet,Sylhet,Kanaighat,20.5,98,0.4,0.4025,Low
4/16/2026 6:00,Sylhet,Sylhet,Kanaighat,21.4,98,0.7,0.7152,High
4/16/2026 8:00,Sylhet,Sylhet,Kanaighat,24.4,89,0,0.744,High
4/16/2026 10:00,Sylhet,Sylhet,Kanaighat,28,71,0,0.912,High
4/16/2026 12:00,Sylhet,Sylhet,Kanaighat,30.3,59,0,0.9225,High
4/16/2026 14:00,Sylhet,Sylhet,Kanaighat,30.6,56,0.1,1,High
4/16/2026 16:00,Sylhet,Sylhet,Kanaighat,30.5,59,0,1,High
4/16/2026 18:00,Sylhet,Sylhet,Kanaighat,27.1,80,0,1,High
4/16/2026 20:00,Sylhet,Sylhet,Kanaighat,25.8,87,0,1,High
4/16/2026 22:00,Sylhet,Sylhet,Kanaighat,24.6,86,0,0.641,Medium
4/17/2026 0:00,Sylhet,Sylhet,Kanaighat,24,91,0,0.442,Low
4/17/2026 2:00,Sylhet,Sylhet,Kanaighat,23.2,92,0.1,0.4318,Low
4/17/2026 4:00,Sylhet,Sylhet,Kanaighat,22.5,96,0,0.4295,Low
4/17/2026 6:00,Sylhet,Sylhet,Kanaighat,22.6,95,0,0.729,High
4/17/2026 8:00,Sylhet,Sylhet,Kanaighat,26.1,84,0,0.7595,High
4/17/2026 10:00,Sylhet,Sylhet,Kanaighat,28.9,72,0,0.9275,High
4/17/2026 12:00,Sylhet,Sylhet,Kanaighat,31,69,0,0.953,High
4/17/2026 14:00,Sylhet,Sylhet,Kanaighat,31.6,66,0,1,High
4/17/2026 16:00,Sylhet,Sylhet,Kanaighat,27.6,78,0,1,High
4/17/2026 18:00,Sylhet,Sylhet,Kanaighat,26.1,90,0,1,High
4/17/2026 20:00,Sylhet,Sylhet,Kanaighat,25.5,87,0,1,High
4/17/2026 22:00,Sylhet,Sylhet,Kanaighat,25.8,82,0,0.651,Medium
4/18/2026 0:00,Sylhet,Sylhet,Kanaighat,25.8,83,0,0.453,Medium
4/18/2026 2:00,Sylhet,Sylhet,Kanaighat,23.6,92,0.9,0.4358,Low
4/18/2026 4:00,Sylhet,Sylhet,Kanaighat,22.8,100,0.5,0.4408,Low
4/18/2026 6:00,Sylhet,Sylhet,Kanaighat,24,99,0,0.758,High
4/18/2026 8:00,Sylhet,Sylhet,Kanaighat,25.1,91,0.1,0.7582,High
4/18/2026 10:00,Sylhet,Sylhet,Kanaighat,26.8,84,0.1,0.9198,High
4/18/2026 12:00,Sylhet,Sylhet,Kanaighat,29.5,76,0,0.9445,High
4/18/2026 14:00,Sylhet,Sylhet,Kanaighat,28.8,75,3.7,1,High
4/18/2026 16:00,Sylhet,Sylhet,Kanaighat,29.5,71,0,1,High
4/18/2026 18:00,Sylhet,Sylhet,Kanaighat,28,84,0,1,High
4/18/2026 20:00,Sylhet,Sylhet,Kanaighat,26.2,87,0,1,High
4/18/2026 22:00,Sylhet,Sylhet,Kanaighat,25.6,92,0,0.668,Medium
4/19/2026 0:00,Sylhet,Sylhet,Kanaighat,25.1,91,0,0.4585,Medium
4/19/2026 2:00,Sylhet,Sylhet,Kanaighat,23.7,97,0.1,0.4492,Low
4/19/2026 4:00,Sylhet,Sylhet,Kanaighat,23.1,96,0,0.4385,Low
4/19/2026 6:00,Sylhet,Sylhet,Kanaighat,23,97,0,0.739,High
4/19/2026 8:00,Sylhet,Sylhet,Kanaighat,25,91,0.2,0.7565,High
4/19/2026 10:00,Sylhet,Sylhet,Kanaighat,27.7,79,0.2,0.923,High
4/19/2026 12:00,Sylhet,Sylhet,Kanaighat,28.8,72,0.2,0.9255,High
4/19/2026 14:00,Sylhet,Sylhet,Kanaighat,29.4,69,0,1,High
4/19/2026 16:00,Sylhet,Sylhet,Kanaighat,28,78,0,1,High
4/19/2026 18:00,Sylhet,Sylhet,Kanaighat,27,86,0,1,High
4/19/2026 20:00,Sylhet,Sylhet,Kanaighat,25.6,89,1,1,High
4/19/2026 22:00,Sylhet,Sylhet,Kanaighat,24.2,91,0.1,0.6447,Medium
4/20/2026 0:00,Sylhet,Sylhet,Kanaighat,23.4,95,5.7,0.4268,Low
4/20/2026 2:00,Sylhet,Sylhet,Kanaighat,22.6,97,0.4,0.432,Low
4/20/2026 4:00,Sylhet,Sylhet,Kanaighat,21.9,97,0.6,0.421,Low
4/20/2026 6:00,Sylhet,Sylhet,Kanaighat,22.4,96,0,0.728,High
4/20/2026 8:00,Sylhet,Sylhet,Kanaighat,23.4,91,0,0.733,High
4/20/2026 10:00,Sylhet,Sylhet,Kanaighat,24.5,87,0.5,0.8902,High
4/20/2026 12:00,Sylhet,Sylhet,Kanaighat,28.8,73,0,0.928,High
4/20/2026 14:00,Sylhet,Sylhet,Kanaighat,31.4,62,0,1,High
4/20/2026 16:00,Sylhet,Sylhet,Kanaighat,30,72,0.5,1,High
4/20/2026 18:00,Sylhet,Sylhet,Kanaighat,24.8,94,0.6,1,High
4/20/2026 20:00,Sylhet,Sylhet,Kanaighat,24.1,96,0.8,1,High
4/20/2026 22:00,Sylhet,Sylhet,Kanaighat,23,94,0.1,0.6328,Medium
4/21/2026 0:00,Sylhet,Sylhet,Kanaighat,22.5,96,2.6,0.423,Low
4/21/2026 2:00,Sylhet,Sylhet,Kanaighat,22,96,7.1,0.4042,Low
4/21/2026 4:00,Sylhet,Sylhet,Kanaighat,21.9,96,4.7,0.4088,Low
4/21/2026 6:00,Sylhet,Sylhet,Kanaighat,22.2,92,0,0.717,High
4/21/2026 8:00,Sylhet,Sylhet,Kanaighat,23.9,89,0.1,0.7362,High
4/21/2026 10:00,Sylhet,Sylhet,Kanaighat,26,82,0,0.904,High
4/21/2026 12:00,Sylhet,Sylhet,Kanaighat,28.9,72,0.1,0.9272,High
4/21/2026 14:00,Sylhet,Sylhet,Kanaighat,29.8,72,0.4,1,High
4/21/2026 16:00,Sylhet,Sylhet,Kanaighat,29.4,74,0,1,High
4/21/2026 18:00,Sylhet,Sylhet,Kanaighat,28,89,0.6,1,High
4/21/2026 20:00,Sylhet,Sylhet,Kanaighat,25,94,0,1,High
4/21/2026 22:00,Sylhet,Sylhet,Kanaighat,24.2,93,0.2,0.6485,Medium
4/22/2026 0:00,Sylhet,Sylhet,Kanaighat,22.7,97,0.1,0.4342,Low
4/22/2026 2:00,Sylhet,Sylhet,Kanaighat,22.3,95,0.1,0.4243,Low
4/22/2026 4:00,Sylhet,Sylhet,Kanaighat,22.4,96,0,0.428,Low
4/22/2026 6:00,Sylhet,Sylhet,Kanaighat,21,97,0.5,0.7078,High
4/22/2026 8:00,Sylhet,Sylhet,Kanaighat,21.1,93,14.4,0.6665,Medium
4/22/2026 10:00,Sylhet,Sylhet,Kanaighat,22.8,87,5.1,0.8532,High
4/22/2026 12:00,Sylhet,Sylhet,Kanaighat,28.4,74,0,0.924,High
4/22/2026 14:00,Sylhet,Sylhet,Kanaighat,29.8,68,0,1,High
4/22/2026 16:00,Sylhet,Sylhet,Kanaighat,30.7,66,0,1,High
4/22/2026 18:00,Sylhet,Sylhet,Kanaighat,28.4,83,0,1,High
4/22/2026 20:00,Sylhet,Sylhet,Kanaighat,26.2,87,0,1,High
4/22/2026 22:00,Sylhet,Sylhet,Kanaighat,25.4,88,0,0.657,Medium
4/23/2026 0:00,Sylhet,Sylhet,Kanaighat,23.6,94,0,0.442,Low
4/23/2026 2:00,Sylhet,Sylhet,Kanaighat,23.5,92,0,0.4365,Low
4/23/2026 4:00,Sylhet,Sylhet,Kanaighat,23,89,0,0.423,Low
4/23/2026 6:00,Sylhet,Sylhet,Kanaighat,22.5,98,0,0.7335,High
4/23/2026 8:00,Sylhet,Sylhet,Kanaighat,24.9,92,0.1,0.7572,High
4/23/2026 10:00,Sylhet,Sylhet,Kanaighat,27.1,79,0.1,0.9143,High
4/23/2026 12:00,Sylhet,Sylhet,Kanaighat,30,64,0,0.928,High
4/23/2026 14:00,Sylhet,Sylhet,Kanaighat,31.6,57,0,1,High
4/23/2026 16:00,Sylhet,Sylhet,Kanaighat,32,55,0,1,High
4/23/2026 18:00,Sylhet,Sylhet,Kanaighat,29.1,80,0,1,High
4/23/2026 20:00,Sylhet,Sylhet,Kanaighat,27.3,84,0,1,High
4/23/2026 22:00,Sylhet,Sylhet,Kanaighat,27,80,0,0.665,Medium
4/24/2026 0:00,Sylhet,Sylhet,Kanaighat,26.1,84,0,0.4595,Medium
4/24/2026 2:00,Sylhet,Sylhet,Kanaighat,25.5,86,0,0.4545,Medium
4/24/2026 4:00,Sylhet,Sylhet,Kanaighat,24.9,89,0,0.4515,Medium
4/24/2026 6:00,Sylhet,Sylhet,Kanaighat,24.2,92,0,0.747,High
4/24/2026 8:00,Sylhet,Sylhet,Kanaighat,27,85,0,0.775,High
4/24/2026 10:00,Sylhet,Sylhet,Kanaighat,29.5,77,0.1,0.9462,High
4/24/2026 12:00,Sylhet,Sylhet,Kanaighat,31.5,70,0,0.9625,High
4/24/2026 14:00,Sylhet,Sylhet,Kanaighat,32.6,62,0,1,High
4/24/2026 16:00,Sylhet,Sylhet,Kanaighat,32.2,64,0,1,High
4/24/2026 18:00,Sylhet,Sylhet,Kanaighat,27.1,86,0,1,High
4/24/2026 20:00,Sylhet,Sylhet,Kanaighat,26.2,93,0,1,High
4/24/2026 22:00,Sylhet,Sylhet,Kanaighat,26.5,89,0,0.6755,Medium
4/25/2026 0:00,Sylhet,Sylhet,Kanaighat,26.4,87,0,0.47,Medium
4/25/2026 2:00,Sylhet,Sylhet,Kanaighat,25.9,86,0,0.4605,Medium
4/25/2026 4:00,Sylhet,Sylhet,Kanaighat,25.5,87,0,0.4565,Medium
4/25/2026 6:00,Sylhet,Sylhet,Kanaighat,25.4,94,0,0.769,High
4/25/2026 8:00,Sylhet,Sylhet,Kanaighat,28.6,79,0,0.787,High
4/25/2026 10:00,Sylhet,Sylhet,Kanaighat,29.2,76,0,0.94,High
4/25/2026 12:00,Sylhet,Sylhet,Kanaighat,31.8,68,0.1,0.9628,High
4/25/2026 14:00,Sylhet,Sylhet,Kanaighat,33.5,57,0,1,High
4/25/2026 16:00,Sylhet,Sylhet,Kanaighat,32.7,60,0,1,High
4/25/2026 18:00,Sylhet,Sylhet,Kanaighat,30,78,0,1,High
4/25/2026 20:00,Sylhet,Sylhet,Kanaighat,27.6,82,0,1,High
4/25/2026 22:00,Sylhet,Sylhet,Kanaighat,27.2,81,0,0.67,Medium
4/26/2026 0:00,Sylhet,Sylhet,Kanaighat,26.1,87,0,0.4655,Medium
4/26/2026 2:00,Sylhet,Sylhet,Kanaighat,24.8,95,0,0.462,Medium
4/26/2026 4:00,Sylhet,Sylhet,Kanaighat,24.6,91,0,0.451,Medium
4/26/2026 6:00,Sylhet,Sylhet,Kanaighat,23.4,92,2.6,0.7285,High
4/26/2026 8:00,Sylhet,Sylhet,Kanaighat,25.7,87,0,0.7595,High
4/26/2026 10:00,Sylhet,Sylhet,Kanaighat,28.5,69,0.1,0.9152,High
4/26/2026 12:00,Sylhet,Sylhet,Kanaighat,27.1,73,0,0.9025,High
4/26/2026 14:00,Sylhet,Sylhet,Kanaighat,26.6,75,0,0.999,High
4/26/2026 16:00,Sylhet,Sylhet,Kanaighat,27.2,67,0,0.992,High
4/26/2026 18:00,Sylhet,Sylhet,Kanaighat,24,82,8,1,High
4/26/2026 20:00,Sylhet,Sylhet,Kanaighat,23.8,82,0,1,High
4/26/2026 22:00,Sylhet,Sylhet,Kanaighat,23.3,84,0,0.6175,Medium
4/27/2026 0:00,Sylhet,Sylhet,Kanaighat,22.8,89,8.4,0.399,Low
4/27/2026 2:00,Sylhet,Sylhet,Kanaighat,22.1,92,0.3,0.4148,Low
4/27/2026 4:00,Sylhet,Sylhet,Kanaighat,21.7,98,0.3,0.4208,Low
4/27/2026 6:00,Sylhet,Sylhet,Kanaighat,20.6,95,6.1,0.6838,Medium
4/27/2026 8:00,Sylhet,Sylhet,Kanaighat,21,98,2,0.706,High
4/27/2026 10:00,Sylhet,Sylhet,Kanaighat,21.5,93,1.2,0.8555,High
4/27/2026 12:00,Sylhet,Sylhet,Kanaighat,21.4,89,0.1,0.8488,High
4/27/2026 14:00,Sylhet,Sylhet,Kanaighat,23.8,80,0.2,0.9665,High
4/27/2026 16:00,Sylhet,Sylhet,Kanaighat,22.7,89,1.5,0.9647,High
4/27/2026 18:00,Sylhet,Sylhet,Kanaighat,21.8,97,6.3,1,High
4/27/2026 20:00,Sylhet,Sylhet,Kanaighat,21.6,97,2.8,1,High
4/27/2026 22:00,Sylhet,Sylhet,Kanaighat,21.5,97,1.7,0.6122,Medium
4/28/2026 0:00,Sylhet,Sylhet,Kanaighat,21.5,98,4.1,0.4082,Low
4/28/2026 2:00,Sylhet,Sylhet,Kanaighat,21.2,98,3.1,0.4062,Low
4/28/2026 4:00,Sylhet,Sylhet,Kanaighat,20.9,97,2.3,0.4018,Low
4/28/2026 6:00,Sylhet,Sylhet,Kanaighat,21.6,96,2.3,0.7102,High
4/28/2026 8:00,Sylhet,Sylhet,Kanaighat,22.5,91,1.1,0.7167,High
4/28/2026 10:00,Sylhet,Sylhet,Kanaighat,22.9,91,6.7,0.8587,High
4/28/2026 12:00,Sylhet,Sylhet,Kanaighat,23,88,10.6,0.8445,High
4/28/2026 14:00,Sylhet,Sylhet,Kanaighat,24.7,82,0.7,0.9827,High
4/28/2026 16:00,Sylhet,Sylhet,Kanaighat,22.9,96,5.6,0.9715,High
4/28/2026 18:00,Sylhet,Sylhet,Kanaighat,23,98,0.7,1,High
4/28/2026 20:00,Sylhet,Sylhet,Kanaighat,22.5,98,1,1,High
4/28/2026 22:00,Sylhet,Sylhet,Kanaighat,21.8,97,1.5,0.6172,Medium
4/29/2026 0:00,Sylhet,Sylhet,Kanaighat,21.8,98,10.5,0.3968,Low
4/29/2026 2:00,Sylhet,Sylhet,Kanaighat,21.8,97,1.4,0.4175,Low
4/29/2026 4:00,Sylhet,Sylhet,Kanaighat,21.5,98,1.5,0.4148,Low
4/29/2026 6:00,Sylhet,Sylhet,Kanaighat,21.4,93,13.5,0.6732,Medium
4/29/2026 8:00,Sylhet,Sylhet,Kanaighat,21.5,97,2.2,0.711,High
4/29/2026 10:00,Sylhet,Sylhet,Kanaighat,22,98,3.5,0.8672,High
4/29/2026 12:00,Sylhet,Sylhet,Kanaighat,21.2,97,0.3,0.8612,High
4/29/2026 14:00,Sylhet,Sylhet,Kanaighat,22.9,83,0.3,0.9588,High
4/29/2026 16:00,Sylhet,Sylhet,Kanaighat,23.5,80,0,0.9625,High
4/29/2026 18:00,Sylhet,Sylhet,Kanaighat,22.9,85,0,1,High
4/29/2026 20:00,Sylhet,Sylhet,Kanaighat,21.6,89,0,1,High
4/29/2026 22:00,Sylhet,Sylhet,Kanaighat,21.1,90,0,0.5965,Medium
4/30/2026 0:00,Sylhet,Sylhet,Kanaighat,21.9,83,0,0.3945,Low
4/30/2026 2:00,Sylhet,Sylhet,Kanaighat,21,94,8.5,0.3818,Low
4/30/2026 4:00,Sylhet,Sylhet,Kanaighat,20.5,96,0.7,0.3978,Low
4/30/2026 6:00,Sylhet,Sylhet,Kanaighat,20.3,97,0,0.6985,Medium
4/30/2026 8:00,Sylhet,Sylhet,Kanaighat,21.6,94,0.6,0.7105,High
4/30/2026 10:00,Sylhet,Sylhet,Kanaighat,23.4,87,0.1,0.8748,High
4/30/2026 12:00,Sylhet,Sylhet,Kanaighat,25.1,74,0.1,0.8742,High
4/30/2026 14:00,Sylhet,Sylhet,Kanaighat,27.5,64,0,0.9905,High
4/30/2026 16:00,Sylhet,Sylhet,Kanaighat,27.7,63,0.1,0.9912,High
4/30/2026 18:00,Sylhet,Sylhet,Kanaighat,23.8,87,0,1,High
4/30/2026 20:00,Sylhet,Sylhet,Kanaighat,22.5,90,0,1,High
4/30/2026 22:00,Sylhet,Sylhet,Kanaighat,21.7,95,0,0.6155,Medium
5/1/2026 0:00,Sylhet,Sylhet,Kanaighat,22.1,93,0,0.4175,Low
5/1/2026 2:00,Sylhet,Sylhet,Kanaighat,21.8,96,0.1,0.4188,Low
5/1/2026 4:00,Sylhet,Sylhet,Kanaighat,21,98,0,0.411,Low
5/1/2026 6:00,Sylhet,Sylhet,Kanaighat,21.3,96,0.1,0.7112,High
5/1/2026 8:00,Sylhet,Sylhet,Kanaighat,21.9,95,2.3,0.7127,High
5/1/2026 10:00,Sylhet,Sylhet,Kanaighat,23.8,90,0.4,0.886,High
5/1/2026 12:00,Sylhet,Sylhet,Kanaighat,24.2,87,0.4,0.886,High
5/1/2026 14:00,Sylhet,Sylhet,Kanaighat,22.5,93,5.1,0.9607,High
5/1/2026 16:00,Sylhet,Sylhet,Kanaighat,21.5,96,1.9,0.9597,High
5/1/2026 18:00,Sylhet,Sylhet,Kanaighat,21.5,95,1.8,1,High
5/1/2026 20:00,Sylhet,Sylhet,Kanaighat,21.2,93,0,1,High
5/1/2026 22:00,Sylhet,Sylhet,Kanaighat,20.2,98,0,0.599,Medium
5/2/2026 0:00,Sylhet,Sylhet,Kanaighat,21.1,98,0.4,0.4115,Low
5/2/2026 2:00,Sylhet,Sylhet,Kanaighat,20.6,96,0.1,0.4008,Low
5/2/2026 4:00,Sylhet,Sylhet,Kanaighat,20.1,98,0.6,0.396,Low
5/2/2026 6:00,Sylhet,Sylhet,Kanaighat,20.6,95,0.3,0.6982,Medium
5/2/2026 8:00,Sylhet,Sylhet,Kanaighat,21.4,96,1.8,0.7085,High
5/2/2026 10:00,Sylhet,Sylhet,Kanaighat,21.2,96,1.1,0.8572,High
5/2/2026 12:00,Sylhet,Sylhet,Kanaighat,21.4,98,0.8,0.865,High
5/2/2026 14:00,Sylhet,Sylhet,Kanaighat,23.1,89,0.3,0.9737,High
5/2/2026 16:00,Sylhet,Sylhet,Kanaighat,21,95,1.8,0.9505,High
5/2/2026 18:00,Sylhet,Sylhet,Kanaighat,21.5,97,0.3,1,High
5/2/2026 20:00,Sylhet,Sylhet,Kanaighat,21,99,0.9,1,High
5/2/2026 22:00,Sylhet,Sylhet,Kanaighat,20.6,99,5.1,0.5942,Medium
5/3/2026 0:00,Sylhet,Sylhet,Kanaighat,20.3,100,0.1,0.4042,Low
5/3/2026 2:00,Sylhet,Sylhet,Kanaighat,20.1,99,0.2,0.399,Low
5/3/2026 4:00,Sylhet,Sylhet,Kanaighat,20,98,6.2,0.3805,Low
5/3/2026 6:00,Sylhet,Sylhet,Kanaighat,19.8,95,0.5,0.6888,Medium
5/3/2026 8:00,Sylhet,Sylhet,Kanaighat,21,94,0.1,0.7028,High
5/3/2026 10:00,Sylhet,Sylhet,Kanaighat,24.5,79,0,0.8755,High
5/3/2026 12:00,Sylhet,Sylhet,Kanaighat,27.2,66,0.2,0.8895,High
5/3/2026 14:00,Sylhet,Sylhet,Kanaighat,27.2,67,0.2,0.9915,High
5/3/2026 16:00,Sylhet,Sylhet,Kanaighat,27.4,70,0.1,1,High
5/3/2026 18:00,Sylhet,Sylhet,Kanaighat,23.9,87,0,1,High
5/3/2026 20:00,Sylhet,Sylhet,Kanaighat,22.5,93,0,1,High
5/3/2026 22:00,Sylhet,Sylhet,Kanaighat,22.2,96,0.8,0.623,Medium
5/4/2026 0:00,Sylhet,Sylhet,Kanaighat,21,99,0,0.413,Low
5/4/2026 2:00,Sylhet,Sylhet,Kanaighat,21.5,97,0,0.4165,Low
5/4/2026 4:00,Sylhet,Sylhet,Kanaighat,21.8,98,0,0.423,Low
5/4/2026 6:00,Sylhet,Sylhet,Kanaighat,22.4,93,0,0.722,High
5/4/2026 8:00,Sylhet,Sylhet,Kanaighat,22.6,96,0.7,0.7292,High
5/4/2026 10:00,Sylhet,Sylhet,Kanaighat,22.5,96,5.4,0.866,High
5/4/2026 12:00,Sylhet,Sylhet,Kanaighat,23.2,90,0.1,0.8778,High
5/4/2026 14:00,Sylhet,Sylhet,Kanaighat,27.4,70,0.1,1,High
5/4/2026 16:00,Sylhet,Sylhet,Kanaighat,28,66,0,1,High
5/4/2026 18:00,Sylhet,Sylhet,Kanaighat,25.8,85,0,1,High
5/4/2026 20:00,Sylhet,Sylhet,Kanaighat,23.6,86,0,1,High
5/4/2026 22:00,Sylhet,Sylhet,Kanaighat,23.2,82,0,0.612,Medium
5/5/2026 0:00,Sylhet,Sylhet,Kanaighat,22.6,89,0,0.417,Low
5/5/2026 2:00,Sylhet,Sylhet,Kanaighat,22.4,93,0,0.422,Low
5/5/2026 4:00,Sylhet,Sylhet,Kanaighat,21.5,96,0,0.4145,Low
5/5/2026 6:00,Sylhet,Sylhet,Kanaighat,22.2,89,0,0.711,High
5/5/2026 8:00,Sylhet,Sylhet,Kanaighat,24.2,86,0,0.735,High
5/5/2026 10:00,Sylhet,Sylhet,Kanaighat,26.9,80,0,0.9135,High
5/5/2026 12:00,Sylhet,Sylhet,Kanaighat,30,66,0,0.932,High
5/5/2026 14:00,Sylhet,Sylhet,Kanaighat,31,60,0,1,High
5/5/2026 16:00,Sylhet,Sylhet,Kanaighat,30.2,61,0,1,High
5/5/2026 18:00,Sylhet,Sylhet,Kanaighat,27.9,76,0,1,High
5/5/2026 20:00,Sylhet,Sylhet,Kanaighat,26,80,0,1,High
5/5/2026 22:00,Sylhet,Sylhet,Kanaighat,24.6,87,0,0.643,Medium
5/6/2026 0:00,Sylhet,Sylhet,Kanaighat,24.1,91,0,0.4435,Low
5/6/2026 2:00,Sylhet,Sylhet,Kanaighat,23.4,95,0.1,0.4408,Low
5/6/2026 4:00,Sylhet,Sylhet,Kanaighat,22.4,96,1.3,0.4248,Low
5/6/2026 6:00,Sylhet,Sylhet,Kanaighat,23.1,97,0.2,0.74,High
5/6/2026 8:00,Sylhet,Sylhet,Kanaighat,25.8,84,0.1,0.7547,High
5/6/2026 10:00,Sylhet,Sylhet,Kanaighat,28.6,72,0,0.923,High
5/6/2026 12:00,Sylhet,Sylhet,Kanaighat,28.8,66,0.3,0.9132,High
5/6/2026 14:00,Sylhet,Sylhet,Kanaighat,28.9,66,0,1,High
5/6/2026 16:00,Sylhet,Sylhet,Kanaighat,30,62,0,1,High
5/6/2026 18:00,Sylhet,Sylhet,Kanaighat,26.8,78,0,1,High
5/6/2026 20:00,Sylhet,Sylhet,Kanaighat,25.1,82,0,1,High
5/6/2026 22:00,Sylhet,Sylhet,Kanaighat,24.1,88,0.3,0.6367,Medium
5/7/2026 0:00,Sylhet,Sylhet,Kanaighat,23.4,94,0.5,0.4378,Low
5/7/2026 2:00,Sylhet,Sylhet,Kanaighat,22.9,95,0,0.4335,Low
5/7/2026 4:00,Sylhet,Sylhet,Kanaighat,22.6,96,0,0.431,Low
5/7/2026 6:00,Sylhet,Sylhet,Kanaighat,22.9,98,0.1,0.7392,High
5/7/2026 8:00,Sylhet,Sylhet,Kanaighat,25.9,86,0,0.7605,High
5/7/2026 10:00,Sylhet,Sylhet,Kanaighat,28.2,70,0,0.913,High
5/7/2026 12:00,Sylhet,Sylhet,Kanaighat,29.8,59,0,0.915,High
5/7/2026 14:00,Sylhet,Sylhet,Kanaighat,30.5,56,0,1,High
5/7/2026 16:00,Sylhet,Sylhet,Kanaighat,30.3,57,0,1,High
5/7/2026 18:00,Sylhet,Sylhet,Kanaighat,28.2,71,0,1,High
5/7/2026 20:00,Sylhet,Sylhet,Kanaighat,27,73,0,1,High
5/7/2026 22:00,Sylhet,Sylhet,Kanaighat,25.4,80,0,0.641,Medium
5/8/2026 0:00,Sylhet,Sylhet,Kanaighat,25.6,81,0,0.446,Low
5/8/2026 2:00,Sylhet,Sylhet,Kanaighat,24.7,86,0,0.4425,Low
5/8/2026 4:00,Sylhet,Sylhet,Kanaighat,24,88,0,0.436,Low
5/8/2026 6:00,Sylhet,Sylhet,Kanaighat,23.3,93,0,0.7355,High
5/8/2026 8:00,Sylhet,Sylhet,Kanaighat,27.1,79,0,0.7645,High
5/8/2026 10:00,Sylhet,Sylhet,Kanaighat,30.4,59,0,0.924,High
5/8/2026 12:00,Sylhet,Sylhet,Kanaighat,30.5,56,0,0.9195,High
5/8/2026 14:00,Sylhet,Sylhet,Kanaighat,31.5,51,0,1,High
5/8/2026 16:00,Sylhet,Sylhet,Kanaighat,30.5,54,0,1,High
5/8/2026 18:00,Sylhet,Sylhet,Kanaighat,28.4,71,0,1,High
5/8/2026 20:00,Sylhet,Sylhet,Kanaighat,26.2,72,0,1,High
5/8/2026 22:00,Sylhet,Sylhet,Kanaighat,25.4,77,0,0.635,Medium
5/9/2026 0:00,Sylhet,Sylhet,Kanaighat,24.9,84,0,0.4415,Low
5/9/2026 2:00,Sylhet,Sylhet,Kanaighat,24.3,84,0,0.4325,Low
5/9/2026 4:00,Sylhet,Sylhet,Kanaighat,23.2,86,0,0.42,Low
5/9/2026 6:00,Sylhet,Sylhet,Kanaighat,23,88,0,0.721,High
5/9/2026 8:00,Sylhet,Sylhet,Kanaighat,26.8,77,0,0.756,High
5/9/2026 10:00,Sylhet,Sylhet,Kanaighat,29.9,66,0,0.9305,High
5/9/2026 12:00,Sylhet,Sylhet,Kanaighat,31.6,54,0,0.932,High
5/9/2026 14:00,Sylhet,Sylhet,Kanaighat,32.8,49,0,1,High
5/9/2026 16:00,Sylhet,Sylhet,Kanaighat,32,51,0,1,High
5/9/2026 18:00,Sylhet,Sylhet,Kanaighat,29.5,74,0,1,High
5/9/2026 20:00,Sylhet,Sylhet,Kanaighat,27,79,0,1,High
5/9/2026 22:00,Sylhet,Sylhet,Kanaighat,26.8,76,0,0.654,Medium
5/10/2026 0:00,Sylhet,Sylhet,Kanaighat,25.6,83,0,0.45,Medium
5/10/2026 2:00,Sylhet,Sylhet,Kanaighat,25.5,84,0,0.4505,Medium
5/10/2026 4:00,Sylhet,Sylhet,Kanaighat,24.7,89,0,0.4485,Low
5/10/2026 6:00,Sylhet,Sylhet,Kanaighat,24.1,93,0,0.7475,High
5/10/2026 8:00,Sylhet,Sylhet,Kanaighat,27.9,80,0,0.7785,High
5/10/2026 10:00,Sylhet,Sylhet,Kanaighat,30.9,68,0,0.9495,High
5/10/2026 12:00,Sylhet,Sylhet,Kanaighat,32.5,51,0,0.9395,High
5/10/2026 14:00,Sylhet,Sylhet,Kanaighat,31.5,54,0,1,High
5/10/2026 16:00,Sylhet,Sylhet,Kanaighat,26.2,75,0,0.993,High
5/10/2026 18:00,Sylhet,Sylhet,Kanaighat,26.5,70,0,1,High
5/10/2026 20:00,Sylhet,Sylhet,Kanaighat,25.2,75,0.1,1,High
5/10/2026 22:00,Sylhet,Sylhet,Kanaighat,24.8,78,0,0.628,Medium
5/11/2026 0:00,Sylhet,Sylhet,Kanaighat,25,75,0,0.425,Low
5/11/2026 2:00,Sylhet,Sylhet,Kanaighat,25,80,0,0.435,Low
5/11/2026 4:00,Sylhet,Sylhet,Kanaighat,21.5,97,4.5,0.4052,Low
5/11/2026 6:00,Sylhet,Sylhet,Kanaighat,23.9,92,4.4,0.7315,High
5/11/2026 8:00,Sylhet,Sylhet,Kanaighat,25,80,0.6,0.7335,High
5/11/2026 10:00,Sylhet,Sylhet,Kanaighat,26.4,78,0,0.902,High
5/11/2026 12:00,Sylhet,Sylhet,Kanaighat,28.2,72,0,0.917,High
5/11/2026 14:00,Sylhet,Sylhet,Kanaighat,27.4,73,3.7,0.9978,High
5/11/2026 16:00,Sylhet,Sylhet,Kanaighat,26,78,0.1,0.9958,High
5/11/2026 18:00,Sylhet,Sylhet,Kanaighat,27.2,80,0,1,High
5/11/2026 20:00,Sylhet,Sylhet,Kanaighat,25,79,0,1,High
5/11/2026 22:00,Sylhet,Sylhet,Kanaighat,23.4,91,0.1,0.6327,Medium
5/12/2026 0:00,Sylhet,Sylhet,Kanaighat,23.3,93,0,0.4355,Low
5/12/2026 2:00,Sylhet,Sylhet,Kanaighat,22.3,94,0,0.4225,Low
5/12/2026 4:00,Sylhet,Sylhet,Kanaighat,22.1,92,0,0.4155,Low
5/12/2026 6:00,Sylhet,Sylhet,Kanaighat,23.5,95,0,0.7425,High
5/12/2026 8:00,Sylhet,Sylhet,Kanaighat,24.6,85,0.2,0.7385,High
5/12/2026 10:00,Sylhet,Sylhet,Kanaighat,28,71,0,0.912,High
5/12/2026 12:00,Sylhet,Sylhet,Kanaighat,28.8,66,0,0.914,High
5/12/2026 14:00,Sylhet,Sylhet,Kanaighat,30,62,0.1,1,High
5/12/2026 16:00,Sylhet,Sylhet,Kanaighat,29.5,63,0,1,High
5/12/2026 18:00,Sylhet,Sylhet,Kanaighat,27.5,78,0,1,High
5/12/2026 20:00,Sylhet,Sylhet,Kanaighat,26.2,82,0,1,High
5/12/2026 22:00,Sylhet,Sylhet,Kanaighat,25.6,84,0,0.652,Medium
5/13/2026 0:00,Sylhet,Sylhet,Kanaighat,25.6,87,0,0.458,Medium
5/13/2026 2:00,Sylhet,Sylhet,Kanaighat,23,95,2.1,0.4298,Low
5/13/2026 4:00,Sylhet,Sylhet,Kanaighat,22.5,96,2.1,0.4242,Low
5/13/2026 6:00,Sylhet,Sylhet,Kanaighat,24.4,96,0.4,0.757,High
5/13/2026 8:00,Sylhet,Sylhet,Kanaighat,24,94,0.1,0.7477,High
5/13/2026 10:00,Sylhet,Sylhet,Kanaighat,25,90,0.5,0.9038,High
5/13/2026 12:00,Sylhet,Sylhet,Kanaighat,26.1,83,0.2,0.907,High
5/13/2026 14:00,Sylhet,Sylhet,Kanaighat,30,63,0,1,High
5/13/2026 16:00,Sylhet,Sylhet,Kanaighat,30.2,62,0,1,High
5/13/2026 18:00,Sylhet,Sylhet,Kanaighat,28.7,79,0,1,High
5/13/2026 20:00,Sylhet,Sylhet,Kanaighat,26.9,85,0,1,High
5/13/2026 22:00,Sylhet,Sylhet,Kanaighat,23.2,96,1.7,0.6358,Medium
4/13/2026 0:00,Sylhet,Sylhet,Osmani Nagar,21.6,89,0,0.402,Low
4/13/2026 2:00,Sylhet,Sylhet,Osmani Nagar,21,91,0.9,0.3948,Low
4/13/2026 4:00,Sylhet,Sylhet,Osmani Nagar,20.1,93,0.3,0.3868,Low
4/13/2026 6:00,Sylhet,Sylhet,Osmani Nagar,20.2,93,0.5,0.6878,Medium
4/13/2026 8:00,Sylhet,Sylhet,Osmani Nagar,21.8,91,0.1,0.7088,High
4/13/2026 10:00,Sylhet,Sylhet,Osmani Nagar,22.6,83,0.9,0.8528,High
4/13/2026 12:00,Sylhet,Sylhet,Osmani Nagar,25.5,72,0.1,0.8762,High
4/13/2026 14:00,Sylhet,Sylhet,Osmani Nagar,26,69,0,0.978,High
4/13/2026 16:00,Sylhet,Sylhet,Osmani Nagar,26.6,68,0,0.985,High
4/13/2026 18:00,Sylhet,Sylhet,Osmani Nagar,26,77,0,1,High
4/13/2026 20:00,Sylhet,Sylhet,Osmani Nagar,24.1,75,0.1,1,High
4/13/2026 22:00,Sylhet,Sylhet,Osmani Nagar,22.6,79,0.5,0.5958,Medium
4/14/2026 0:00,Sylhet,Sylhet,Osmani Nagar,21.8,88,4.3,0.3923,Low
4/14/2026 2:00,Sylhet,Sylhet,Osmani Nagar,21.2,96,10.9,0.3828,Low
4/14/2026 4:00,Sylhet,Sylhet,Osmani Nagar,20.6,98,1.7,0.4008,Low
4/14/2026 6:00,Sylhet,Sylhet,Osmani Nagar,21.2,95,4.6,0.6965,Medium
4/14/2026 8:00,Sylhet,Sylhet,Osmani Nagar,23.5,84,0,0.7205,High
4/14/2026 10:00,Sylhet,Sylhet,Osmani Nagar,27.7,68,0,0.9015,High
4/14/2026 12:00,Sylhet,Sylhet,Osmani Nagar,29.3,62,0,0.9135,High
4/14/2026 14:00,Sylhet,Sylhet,Osmani Nagar,30.5,57,0,1,High
4/14/2026 16:00,Sylhet,Sylhet,Osmani Nagar,30.1,60,0,1,High
4/14/2026 18:00,Sylhet,Sylhet,Osmani Nagar,27,88,0,1,High
4/14/2026 20:00,Sylhet,Sylhet,Osmani Nagar,24.1,90,0.9,1,High
4/14/2026 22:00,Sylhet,Sylhet,Osmani Nagar,22.2,94,0.6,0.6195,Medium
4/15/2026 0:00,Sylhet,Sylhet,Osmani Nagar,21.5,98,4,0.4085,Low
4/15/2026 2:00,Sylhet,Sylhet,Osmani Nagar,21.3,98,5.9,0.4008,Low
4/15/2026 4:00,Sylhet,Sylhet,Osmani Nagar,21.6,96,0,0.416,Low
4/15/2026 6:00,Sylhet,Sylhet,Osmani Nagar,21.1,97,0.2,0.71,High
4/15/2026 8:00,Sylhet,Sylhet,Osmani Nagar,22,93,0.6,0.7145,High
4/15/2026 10:00,Sylhet,Sylhet,Osmani Nagar,24.9,82,0,0.8875,High
4/15/2026 12:00,Sylhet,Sylhet,Osmani Nagar,27.8,67,0,0.901,High
4/15/2026 14:00,Sylhet,Sylhet,Osmani Nagar,29.9,63,0,1,High
4/15/2026 16:00,Sylhet,Sylhet,Osmani Nagar,29.2,70,1,1,High
4/15/2026 18:00,Sylhet,Sylhet,Osmani Nagar,26.2,80,0,1,High
4/15/2026 20:00,Sylhet,Sylhet,Osmani Nagar,23.6,87,0.7,1,High
4/15/2026 22:00,Sylhet,Sylhet,Osmani Nagar,22.1,93,0,0.6175,Medium
4/16/2026 0:00,Sylhet,Sylhet,Osmani Nagar,20.9,99,6,0.3965,Low
4/16/2026 2:00,Sylhet,Sylhet,Osmani Nagar,20.6,96,5.3,0.3878,Low
4/16/2026 4:00,Sylhet,Sylhet,Osmani Nagar,20.5,98,0.4,0.4025,Low
4/16/2026 6:00,Sylhet,Sylhet,Osmani Nagar,21.4,98,0.7,0.7152,High
4/16/2026 8:00,Sylhet,Sylhet,Osmani Nagar,24.4,89,0,0.744,High
4/16/2026 10:00,Sylhet,Sylhet,Osmani Nagar,28,71,0,0.912,High
4/16/2026 12:00,Sylhet,Sylhet,Osmani Nagar,30.3,59,0,0.9225,High
4/16/2026 14:00,Sylhet,Sylhet,Osmani Nagar,30.6,56,0.1,1,High
4/16/2026 16:00,Sylhet,Sylhet,Osmani Nagar,30.5,59,0,1,High
4/16/2026 18:00,Sylhet,Sylhet,Osmani Nagar,27.1,80,0,1,High
4/16/2026 20:00,Sylhet,Sylhet,Osmani Nagar,25.8,87,0,1,High
4/16/2026 22:00,Sylhet,Sylhet,Osmani Nagar,24.6,86,0,0.641,Medium
4/17/2026 0:00,Sylhet,Sylhet,Osmani Nagar,24,91,0,0.442,Low
4/17/2026 2:00,Sylhet,Sylhet,Osmani Nagar,23.2,92,0.1,0.4318,Low
4/17/2026 4:00,Sylhet,Sylhet,Osmani Nagar,22.5,96,0,0.4295,Low
4/17/2026 6:00,Sylhet,Sylhet,Osmani Nagar,22.6,95,0,0.729,High
4/17/2026 8:00,Sylhet,Sylhet,Osmani Nagar,26.1,84,0,0.7595,High
4/17/2026 10:00,Sylhet,Sylhet,Osmani Nagar,28.9,72,0,0.9275,High
4/17/2026 12:00,Sylhet,Sylhet,Osmani Nagar,31,69,0,0.953,High
4/17/2026 14:00,Sylhet,Sylhet,Osmani Nagar,31.6,66,0,1,High
4/17/2026 16:00,Sylhet,Sylhet,Osmani Nagar,27.6,78,0,1,High
4/17/2026 18:00,Sylhet,Sylhet,Osmani Nagar,26.1,90,0,1,High
4/17/2026 20:00,Sylhet,Sylhet,Osmani Nagar,25.5,87,0,1,High
4/17/2026 22:00,Sylhet,Sylhet,Osmani Nagar,25.8,82,0,0.651,Medium
4/18/2026 0:00,Sylhet,Sylhet,Osmani Nagar,25.8,83,0,0.453,Medium
4/18/2026 2:00,Sylhet,Sylhet,Osmani Nagar,23.6,92,0.9,0.4358,Low
4/18/2026 4:00,Sylhet,Sylhet,Osmani Nagar,22.8,100,0.5,0.4408,Low
4/18/2026 6:00,Sylhet,Sylhet,Osmani Nagar,24,99,0,0.758,High
4/18/2026 8:00,Sylhet,Sylhet,Osmani Nagar,25.1,91,0.1,0.7582,High
4/18/2026 10:00,Sylhet,Sylhet,Osmani Nagar,26.8,84,0.1,0.9198,High
4/18/2026 12:00,Sylhet,Sylhet,Osmani Nagar,29.5,76,0,0.9445,High
4/18/2026 14:00,Sylhet,Sylhet,Osmani Nagar,28.8,75,3.7,1,High
4/18/2026 16:00,Sylhet,Sylhet,Osmani Nagar,29.5,71,0,1,High
4/18/2026 18:00,Sylhet,Sylhet,Osmani Nagar,28,84,0,1,High
4/18/2026 20:00,Sylhet,Sylhet,Osmani Nagar,26.2,87,0,1,High
4/18/2026 22:00,Sylhet,Sylhet,Osmani Nagar,25.6,92,0,0.668,Medium
4/19/2026 0:00,Sylhet,Sylhet,Osmani Nagar,25.1,91,0,0.4585,Medium
4/19/2026 2:00,Sylhet,Sylhet,Osmani Nagar,23.7,97,0.1,0.4492,Low
4/19/2026 4:00,Sylhet,Sylhet,Osmani Nagar,23.1,96,0,0.4385,Low
4/19/2026 6:00,Sylhet,Sylhet,Osmani Nagar,23,97,0,0.739,High
4/19/2026 8:00,Sylhet,Sylhet,Osmani Nagar,25,91,0.2,0.7565,High
4/19/2026 10:00,Sylhet,Sylhet,Osmani Nagar,27.7,79,0.2,0.923,High
4/19/2026 12:00,Sylhet,Sylhet,Osmani Nagar,28.8,72,0.2,0.9255,High
4/19/2026 14:00,Sylhet,Sylhet,Osmani Nagar,29.4,69,0,1,High
4/19/2026 16:00,Sylhet,Sylhet,Osmani Nagar,28,78,0,1,High
4/19/2026 18:00,Sylhet,Sylhet,Osmani Nagar,27,86,0,1,High
4/19/2026 20:00,Sylhet,Sylhet,Osmani Nagar,25.6,89,1,1,High
4/19/2026 22:00,Sylhet,Sylhet,Osmani Nagar,24.2,91,0.1,0.6447,Medium
4/20/2026 0:00,Sylhet,Sylhet,Osmani Nagar,23.4,95,5.7,0.4268,Low
4/20/2026 2:00,Sylhet,Sylhet,Osmani Nagar,22.6,97,0.4,0.432,Low
4/20/2026 4:00,Sylhet,Sylhet,Osmani Nagar,21.9,97,0.6,0.421,Low
4/20/2026 6:00,Sylhet,Sylhet,Osmani Nagar,22.4,96,0,0.728,High
4/20/2026 8:00,Sylhet,Sylhet,Osmani Nagar,23.4,91,0,0.733,High
4/20/2026 10:00,Sylhet,Sylhet,Osmani Nagar,24.5,87,0.5,0.8902,High
4/20/2026 12:00,Sylhet,Sylhet,Osmani Nagar,28.8,73,0,0.928,High
4/20/2026 14:00,Sylhet,Sylhet,Osmani Nagar,31.4,62,0,1,High
4/20/2026 16:00,Sylhet,Sylhet,Osmani Nagar,30,72,0.5,1,High
4/20/2026 18:00,Sylhet,Sylhet,Osmani Nagar,24.8,94,0.6,1,High
4/20/2026 20:00,Sylhet,Sylhet,Osmani Nagar,24.1,96,0.8,1,High
4/20/2026 22:00,Sylhet,Sylhet,Osmani Nagar,23,94,0.1,0.6328,Medium
4/21/2026 0:00,Sylhet,Sylhet,Osmani Nagar,22.5,96,2.6,0.423,Low
4/21/2026 2:00,Sylhet,Sylhet,Osmani Nagar,22,96,7.1,0.4042,Low
4/21/2026 4:00,Sylhet,Sylhet,Osmani Nagar,21.9,96,4.7,0.4088,Low
4/21/2026 6:00,Sylhet,Sylhet,Osmani Nagar,22.2,92,0,0.717,High
4/21/2026 8:00,Sylhet,Sylhet,Osmani Nagar,23.9,89,0.1,0.7362,High
4/21/2026 10:00,Sylhet,Sylhet,Osmani Nagar,26,82,0,0.904,High
4/21/2026 12:00,Sylhet,Sylhet,Osmani Nagar,28.9,72,0.1,0.9272,High
4/21/2026 14:00,Sylhet,Sylhet,Osmani Nagar,29.8,72,0.4,1,High
4/21/2026 16:00,Sylhet,Sylhet,Osmani Nagar,29.4,74,0,1,High
4/21/2026 18:00,Sylhet,Sylhet,Osmani Nagar,28,89,0.6,1,High
4/21/2026 20:00,Sylhet,Sylhet,Osmani Nagar,25,94,0,1,High
4/21/2026 22:00,Sylhet,Sylhet,Osmani Nagar,24.2,93,0.2,0.6485,Medium
4/22/2026 0:00,Sylhet,Sylhet,Osmani Nagar,22.7,97,0.1,0.4342,Low
4/22/2026 2:00,Sylhet,Sylhet,Osmani Nagar,22.3,95,0.1,0.4243,Low
4/22/2026 4:00,Sylhet,Sylhet,Osmani Nagar,22.4,96,0,0.428,Low
4/22/2026 6:00,Sylhet,Sylhet,Osmani Nagar,21,97,0.5,0.7078,High
4/22/2026 8:00,Sylhet,Sylhet,Osmani Nagar,21.1,93,14.4,0.6665,Medium
4/22/2026 10:00,Sylhet,Sylhet,Osmani Nagar,22.8,87,5.1,0.8532,High
4/22/2026 12:00,Sylhet,Sylhet,Osmani Nagar,28.4,74,0,0.924,High
4/22/2026 14:00,Sylhet,Sylhet,Osmani Nagar,29.8,68,0,1,High
4/22/2026 16:00,Sylhet,Sylhet,Osmani Nagar,30.7,66,0,1,High
4/22/2026 18:00,Sylhet,Sylhet,Osmani Nagar,28.4,83,0,1,High
4/22/2026 20:00,Sylhet,Sylhet,Osmani Nagar,26.2,87,0,1,High
4/22/2026 22:00,Sylhet,Sylhet,Osmani Nagar,25.4,88,0,0.657,Medium
4/23/2026 0:00,Sylhet,Sylhet,Osmani Nagar,23.6,94,0,0.442,Low
4/23/2026 2:00,Sylhet,Sylhet,Osmani Nagar,23.5,92,0,0.4365,Low
4/23/2026 4:00,Sylhet,Sylhet,Osmani Nagar,23,89,0,0.423,Low
4/23/2026 6:00,Sylhet,Sylhet,Osmani Nagar,22.5,98,0,0.7335,High
4/23/2026 8:00,Sylhet,Sylhet,Osmani Nagar,24.9,92,0.1,0.7572,High
4/23/2026 10:00,Sylhet,Sylhet,Osmani Nagar,27.1,79,0.1,0.9143,High
4/23/2026 12:00,Sylhet,Sylhet,Osmani Nagar,30,64,0,0.928,High
4/23/2026 14:00,Sylhet,Sylhet,Osmani Nagar,31.6,57,0,1,High
4/23/2026 16:00,Sylhet,Sylhet,Osmani Nagar,32,55,0,1,High
4/23/2026 18:00,Sylhet,Sylhet,Osmani Nagar,29.1,80,0,1,High
4/23/2026 20:00,Sylhet,Sylhet,Osmani Nagar,27.3,84,0,1,High
4/23/2026 22:00,Sylhet,Sylhet,Osmani Nagar,27,80,0,0.665,Medium
4/24/2026 0:00,Sylhet,Sylhet,Osmani Nagar,26.1,84,0,0.4595,Medium
4/24/2026 2:00,Sylhet,Sylhet,Osmani Nagar,25.5,86,0,0.4545,Medium
4/24/2026 4:00,Sylhet,Sylhet,Osmani Nagar,24.9,89,0,0.4515,Medium
4/24/2026 6:00,Sylhet,Sylhet,Osmani Nagar,24.2,92,0,0.747,High
4/24/2026 8:00,Sylhet,Sylhet,Osmani Nagar,27,85,0,0.775,High
4/24/2026 10:00,Sylhet,Sylhet,Osmani Nagar,29.5,77,0.1,0.9462,High
4/24/2026 12:00,Sylhet,Sylhet,Osmani Nagar,31.5,70,0,0.9625,High
4/24/2026 14:00,Sylhet,Sylhet,Osmani Nagar,32.6,62,0,1,High
4/24/2026 16:00,Sylhet,Sylhet,Osmani Nagar,32.2,64,0,1,High
4/24/2026 18:00,Sylhet,Sylhet,Osmani Nagar,27.1,86,0,1,High
4/24/2026 20:00,Sylhet,Sylhet,Osmani Nagar,26.2,93,0,1,High
4/24/2026 22:00,Sylhet,Sylhet,Osmani Nagar,26.5,89,0,0.6755,Medium
4/25/2026 0:00,Sylhet,Sylhet,Osmani Nagar,26.4,87,0,0.47,Medium
4/25/2026 2:00,Sylhet,Sylhet,Osmani Nagar,25.9,86,0,0.4605,Medium
4/25/2026 4:00,Sylhet,Sylhet,Osmani Nagar,25.5,87,0,0.4565,Medium
4/25/2026 6:00,Sylhet,Sylhet,Osmani Nagar,25.4,94,0,0.769,High
4/25/2026 8:00,Sylhet,Sylhet,Osmani Nagar,28.6,79,0,0.787,High
4/25/2026 10:00,Sylhet,Sylhet,Osmani Nagar,29.2,76,0,0.94,High
4/25/2026 12:00,Sylhet,Sylhet,Osmani Nagar,31.8,68,0.1,0.9628,High
4/25/2026 14:00,Sylhet,Sylhet,Osmani Nagar,33.5,57,0,1,High
4/25/2026 16:00,Sylhet,Sylhet,Osmani Nagar,32.7,60,0,1,High
4/25/2026 18:00,Sylhet,Sylhet,Osmani Nagar,30,78,0,1,High
4/25/2026 20:00,Sylhet,Sylhet,Osmani Nagar,27.6,82,0,1,High
4/25/2026 22:00,Sylhet,Sylhet,Osmani Nagar,27.2,81,0,0.67,Medium
4/26/2026 0:00,Sylhet,Sylhet,Osmani Nagar,26.1,87,0,0.4655,Medium
4/26/2026 2:00,Sylhet,Sylhet,Osmani Nagar,24.8,95,0,0.462,Medium
4/26/2026 4:00,Sylhet,Sylhet,Osmani Nagar,24.6,91,0,0.451,Medium
4/26/2026 6:00,Sylhet,Sylhet,Osmani Nagar,23.4,92,2.6,0.7285,High
4/26/2026 8:00,Sylhet,Sylhet,Osmani Nagar,25.7,87,0,0.7595,High
4/26/2026 10:00,Sylhet,Sylhet,Osmani Nagar,28.5,69,0.1,0.9152,High
4/26/2026 12:00,Sylhet,Sylhet,Osmani Nagar,27.1,73,0,0.9025,High
4/26/2026 14:00,Sylhet,Sylhet,Osmani Nagar,26.6,75,0,0.999,High
4/26/2026 16:00,Sylhet,Sylhet,Osmani Nagar,27.2,67,0,0.992,High
4/26/2026 18:00,Sylhet,Sylhet,Osmani Nagar,24,82,8,1,High
4/26/2026 20:00,Sylhet,Sylhet,Osmani Nagar,23.8,82,0,1,High
4/26/2026 22:00,Sylhet,Sylhet,Osmani Nagar,23.3,84,0,0.6175,Medium
4/27/2026 0:00,Sylhet,Sylhet,Osmani Nagar,22.8,89,8.4,0.399,Low
4/27/2026 2:00,Sylhet,Sylhet,Osmani Nagar,22.1,92,0.3,0.4148,Low
4/27/2026 4:00,Sylhet,Sylhet,Osmani Nagar,21.7,98,0.3,0.4208,Low
4/27/2026 6:00,Sylhet,Sylhet,Osmani Nagar,20.6,95,6.1,0.6838,Medium
4/27/2026 8:00,Sylhet,Sylhet,Osmani Nagar,21,98,2,0.706,High
4/27/2026 10:00,Sylhet,Sylhet,Osmani Nagar,21.5,93,1.2,0.8555,High
4/27/2026 12:00,Sylhet,Sylhet,Osmani Nagar,21.4,89,0.1,0.8488,High
4/27/2026 14:00,Sylhet,Sylhet,Osmani Nagar,23.8,80,0.2,0.9665,High
4/27/2026 16:00,Sylhet,Sylhet,Osmani Nagar,22.7,89,1.5,0.9647,High
4/27/2026 18:00,Sylhet,Sylhet,Osmani Nagar,21.8,97,6.3,1,High
4/27/2026 20:00,Sylhet,Sylhet,Osmani Nagar,21.6,97,2.8,1,High
4/27/2026 22:00,Sylhet,Sylhet,Osmani Nagar,21.5,97,1.7,0.6122,Medium
4/28/2026 0:00,Sylhet,Sylhet,Osmani Nagar,21.5,98,4.1,0.4082,Low
4/28/2026 2:00,Sylhet,Sylhet,Osmani Nagar,21.2,98,3.1,0.4062,Low
4/28/2026 4:00,Sylhet,Sylhet,Osmani Nagar,20.9,97,2.3,0.4018,Low
4/28/2026 6:00,Sylhet,Sylhet,Osmani Nagar,21.6,96,2.3,0.7102,High
4/28/2026 8:00,Sylhet,Sylhet,Osmani Nagar,22.5,91,1.1,0.7167,High
4/28/2026 10:00,Sylhet,Sylhet,Osmani Nagar,22.9,91,6.7,0.8587,High
4/28/2026 12:00,Sylhet,Sylhet,Osmani Nagar,23,88,10.6,0.8445,High
4/28/2026 14:00,Sylhet,Sylhet,Osmani Nagar,24.7,82,0.7,0.9827,High
4/28/2026 16:00,Sylhet,Sylhet,Osmani Nagar,22.9,96,5.6,0.9715,High
4/28/2026 18:00,Sylhet,Sylhet,Osmani Nagar,23,98,0.7,1,High
4/28/2026 20:00,Sylhet,Sylhet,Osmani Nagar,22.5,98,1,1,High
4/28/2026 22:00,Sylhet,Sylhet,Osmani Nagar,21.8,97,1.5,0.6172,Medium
4/29/2026 0:00,Sylhet,Sylhet,Osmani Nagar,21.8,98,10.5,0.3968,Low
4/29/2026 2:00,Sylhet,Sylhet,Osmani Nagar,21.8,97,1.4,0.4175,Low
4/29/2026 4:00,Sylhet,Sylhet,Osmani Nagar,21.5,98,1.5,0.4148,Low
4/29/2026 6:00,Sylhet,Sylhet,Osmani Nagar,21.4,93,13.5,0.6732,Medium
4/29/2026 8:00,Sylhet,Sylhet,Osmani Nagar,21.5,97,2.2,0.711,High
4/29/2026 10:00,Sylhet,Sylhet,Osmani Nagar,22,98,3.5,0.8672,High
4/29/2026 12:00,Sylhet,Sylhet,Osmani Nagar,21.2,97,0.3,0.8612,High
4/29/2026 14:00,Sylhet,Sylhet,Osmani Nagar,22.9,83,0.3,0.9588,High
4/29/2026 16:00,Sylhet,Sylhet,Osmani Nagar,23.5,80,0,0.9625,High
4/29/2026 18:00,Sylhet,Sylhet,Osmani Nagar,22.9,85,0,1,High
4/29/2026 20:00,Sylhet,Sylhet,Osmani Nagar,21.6,89,0,1,High
4/29/2026 22:00,Sylhet,Sylhet,Osmani Nagar,21.1,90,0,0.5965,Medium
4/30/2026 0:00,Sylhet,Sylhet,Osmani Nagar,21.9,83,0,0.3945,Low
4/30/2026 2:00,Sylhet,Sylhet,Osmani Nagar,21,94,8.5,0.3818,Low
4/30/2026 4:00,Sylhet,Sylhet,Osmani Nagar,20.5,96,0.7,0.3978,Low
4/30/2026 6:00,Sylhet,Sylhet,Osmani Nagar,20.3,97,0,0.6985,Medium
4/30/2026 8:00,Sylhet,Sylhet,Osmani Nagar,21.6,94,0.6,0.7105,High
4/30/2026 10:00,Sylhet,Sylhet,Osmani Nagar,23.4,87,0.1,0.8748,High
4/30/2026 12:00,Sylhet,Sylhet,Osmani Nagar,25.1,74,0.1,0.8742,High
4/30/2026 14:00,Sylhet,Sylhet,Osmani Nagar,27.5,64,0,0.9905,High
4/30/2026 16:00,Sylhet,Sylhet,Osmani Nagar,27.7,63,0.1,0.9912,High
4/30/2026 18:00,Sylhet,Sylhet,Osmani Nagar,23.8,87,0,1,High
4/30/2026 20:00,Sylhet,Sylhet,Osmani Nagar,22.5,90,0,1,High
4/30/2026 22:00,Sylhet,Sylhet,Osmani Nagar,21.7,95,0,0.6155,Medium
5/1/2026 0:00,Sylhet,Sylhet,Osmani Nagar,22.1,93,0,0.4175,Low
5/1/2026 2:00,Sylhet,Sylhet,Osmani Nagar,21.8,96,0.1,0.4188,Low
5/1/2026 4:00,Sylhet,Sylhet,Osmani Nagar,21,98,0,0.411,Low
5/1/2026 6:00,Sylhet,Sylhet,Osmani Nagar,21.3,96,0.1,0.7112,High
5/1/2026 8:00,Sylhet,Sylhet,Osmani Nagar,21.9,95,2.3,0.7127,High
5/1/2026 10:00,Sylhet,Sylhet,Osmani Nagar,23.8,90,0.4,0.886,High
5/1/2026 12:00,Sylhet,Sylhet,Osmani Nagar,24.2,87,0.4,0.886,High
5/1/2026 14:00,Sylhet,Sylhet,Osmani Nagar,22.5,93,5.1,0.9607,High
5/1/2026 16:00,Sylhet,Sylhet,Osmani Nagar,21.5,96,1.9,0.9597,High
5/1/2026 18:00,Sylhet,Sylhet,Osmani Nagar,21.5,95,1.8,1,High
5/1/2026 20:00,Sylhet,Sylhet,Osmani Nagar,21.2,93,0,1,High
5/1/2026 22:00,Sylhet,Sylhet,Osmani Nagar,20.2,98,0,0.599,Medium
5/2/2026 0:00,Sylhet,Sylhet,Osmani Nagar,21.1,98,0.4,0.4115,Low
5/2/2026 2:00,Sylhet,Sylhet,Osmani Nagar,20.6,96,0.1,0.4008,Low
5/2/2026 4:00,Sylhet,Sylhet,Osmani Nagar,20.1,98,0.6,0.396,Low
5/2/2026 6:00,Sylhet,Sylhet,Osmani Nagar,20.6,95,0.3,0.6982,Medium
5/2/2026 8:00,Sylhet,Sylhet,Osmani Nagar,21.4,96,1.8,0.7085,High
5/2/2026 10:00,Sylhet,Sylhet,Osmani Nagar,21.2,96,1.1,0.8572,High
5/2/2026 12:00,Sylhet,Sylhet,Osmani Nagar,21.4,98,0.8,0.865,High
5/2/2026 14:00,Sylhet,Sylhet,Osmani Nagar,23.1,89,0.3,0.9737,High
5/2/2026 16:00,Sylhet,Sylhet,Osmani Nagar,21,95,1.8,0.9505,High
5/2/2026 18:00,Sylhet,Sylhet,Osmani Nagar,21.5,97,0.3,1,High
5/2/2026 20:00,Sylhet,Sylhet,Osmani Nagar,21,99,0.9,1,High
5/2/2026 22:00,Sylhet,Sylhet,Osmani Nagar,20.6,99,5.1,0.5942,Medium
5/3/2026 0:00,Sylhet,Sylhet,Osmani Nagar,20.3,100,0.1,0.4042,Low
5/3/2026 2:00,Sylhet,Sylhet,Osmani Nagar,20.1,99,0.2,0.399,Low
5/3/2026 4:00,Sylhet,Sylhet,Osmani Nagar,20,98,6.2,0.3805,Low
5/3/2026 6:00,Sylhet,Sylhet,Osmani Nagar,19.8,95,0.5,0.6888,Medium
5/3/2026 8:00,Sylhet,Sylhet,Osmani Nagar,21,94,0.1,0.7028,High
5/3/2026 10:00,Sylhet,Sylhet,Osmani Nagar,24.5,79,0,0.8755,High
5/3/2026 12:00,Sylhet,Sylhet,Osmani Nagar,27.2,66,0.2,0.8895,High
5/3/2026 14:00,Sylhet,Sylhet,Osmani Nagar,27.2,67,0.2,0.9915,High
5/3/2026 16:00,Sylhet,Sylhet,Osmani Nagar,27.4,70,0.1,1,High
5/3/2026 18:00,Sylhet,Sylhet,Osmani Nagar,23.9,87,0,1,High
5/3/2026 20:00,Sylhet,Sylhet,Osmani Nagar,22.5,93,0,1,High
5/3/2026 22:00,Sylhet,Sylhet,Osmani Nagar,22.2,96,0.8,0.623,Medium
5/4/2026 0:00,Sylhet,Sylhet,Osmani Nagar,21,99,0,0.413,Low
5/4/2026 2:00,Sylhet,Sylhet,Osmani Nagar,21.5,97,0,0.4165,Low
5/4/2026 4:00,Sylhet,Sylhet,Osmani Nagar,21.8,98,0,0.423,Low
5/4/2026 6:00,Sylhet,Sylhet,Osmani Nagar,22.4,93,0,0.722,High
5/4/2026 8:00,Sylhet,Sylhet,Osmani Nagar,22.6,96,0.7,0.7292,High
5/4/2026 10:00,Sylhet,Sylhet,Osmani Nagar,22.5,96,5.4,0.866,High
5/4/2026 12:00,Sylhet,Sylhet,Osmani Nagar,23.2,90,0.1,0.8778,High
5/4/2026 14:00,Sylhet,Sylhet,Osmani Nagar,27.4,70,0.1,1,High
5/4/2026 16:00,Sylhet,Sylhet,Osmani Nagar,28,66,0,1,High
5/4/2026 18:00,Sylhet,Sylhet,Osmani Nagar,25.8,85,0,1,High
5/4/2026 20:00,Sylhet,Sylhet,Osmani Nagar,23.6,86,0,1,High
5/4/2026 22:00,Sylhet,Sylhet,Osmani Nagar,23.2,82,0,0.612,Medium
5/5/2026 0:00,Sylhet,Sylhet,Osmani Nagar,22.6,89,0,0.417,Low
5/5/2026 2:00,Sylhet,Sylhet,Osmani Nagar,22.4,93,0,0.422,Low
5/5/2026 4:00,Sylhet,Sylhet,Osmani Nagar,21.5,96,0,0.4145,Low
5/5/2026 6:00,Sylhet,Sylhet,Osmani Nagar,22.2,89,0,0.711,High
5/5/2026 8:00,Sylhet,Sylhet,Osmani Nagar,24.2,86,0,0.735,High
5/5/2026 10:00,Sylhet,Sylhet,Osmani Nagar,26.9,80,0,0.9135,High
5/5/2026 12:00,Sylhet,Sylhet,Osmani Nagar,30,66,0,0.932,High
5/5/2026 14:00,Sylhet,Sylhet,Osmani Nagar,31,60,0,1,High
5/5/2026 16:00,Sylhet,Sylhet,Osmani Nagar,30.2,61,0,1,High
5/5/2026 18:00,Sylhet,Sylhet,Osmani Nagar,27.9,76,0,1,High
5/5/2026 20:00,Sylhet,Sylhet,Osmani Nagar,26,80,0,1,High
5/5/2026 22:00,Sylhet,Sylhet,Osmani Nagar,24.6,87,0,0.643,Medium
5/6/2026 0:00,Sylhet,Sylhet,Osmani Nagar,24.1,91,0,0.4435,Low
5/6/2026 2:00,Sylhet,Sylhet,Osmani Nagar,23.4,95,0.1,0.4408,Low
5/6/2026 4:00,Sylhet,Sylhet,Osmani Nagar,22.4,96,1.3,0.4248,Low
5/6/2026 6:00,Sylhet,Sylhet,Osmani Nagar,23.1,97,0.2,0.74,High
5/6/2026 8:00,Sylhet,Sylhet,Osmani Nagar,25.8,84,0.1,0.7547,High
5/6/2026 10:00,Sylhet,Sylhet,Osmani Nagar,28.6,72,0,0.923,High
5/6/2026 12:00,Sylhet,Sylhet,Osmani Nagar,28.8,66,0.3,0.9132,High
5/6/2026 14:00,Sylhet,Sylhet,Osmani Nagar,28.9,66,0,1,High
5/6/2026 16:00,Sylhet,Sylhet,Osmani Nagar,30,62,0,1,High
5/6/2026 18:00,Sylhet,Sylhet,Osmani Nagar,26.8,78,0,1,High
5/6/2026 20:00,Sylhet,Sylhet,Osmani Nagar,25.1,82,0,1,High
5/6/2026 22:00,Sylhet,Sylhet,Osmani Nagar,24.1,88,0.3,0.6367,Medium
5/7/2026 0:00,Sylhet,Sylhet,Osmani Nagar,23.4,94,0.5,0.4378,Low
5/7/2026 2:00,Sylhet,Sylhet,Osmani Nagar,22.9,95,0,0.4335,Low
5/7/2026 4:00,Sylhet,Sylhet,Osmani Nagar,22.6,96,0,0.431,Low
5/7/2026 6:00,Sylhet,Sylhet,Osmani Nagar,22.9,98,0.1,0.7392,High
5/7/2026 8:00,Sylhet,Sylhet,Osmani Nagar,25.9,86,0,0.7605,High
5/7/2026 10:00,Sylhet,Sylhet,Osmani Nagar,28.2,70,0,0.913,High
5/7/2026 12:00,Sylhet,Sylhet,Osmani Nagar,29.8,59,0,0.915,High
5/7/2026 14:00,Sylhet,Sylhet,Osmani Nagar,30.5,56,0,1,High
5/7/2026 16:00,Sylhet,Sylhet,Osmani Nagar,30.3,57,0,1,High
5/7/2026 18:00,Sylhet,Sylhet,Osmani Nagar,28.2,71,0,1,High
5/7/2026 20:00,Sylhet,Sylhet,Osmani Nagar,27,73,0,1,High
5/7/2026 22:00,Sylhet,Sylhet,Osmani Nagar,25.4,80,0,0.641,Medium
5/8/2026 0:00,Sylhet,Sylhet,Osmani Nagar,25.6,81,0,0.446,Low
5/8/2026 2:00,Sylhet,Sylhet,Osmani Nagar,24.7,86,0,0.4425,Low
5/8/2026 4:00,Sylhet,Sylhet,Osmani Nagar,24,88,0,0.436,Low
5/8/2026 6:00,Sylhet,Sylhet,Osmani Nagar,23.3,93,0,0.7355,High
5/8/2026 8:00,Sylhet,Sylhet,Osmani Nagar,27.1,79,0,0.7645,High
5/8/2026 10:00,Sylhet,Sylhet,Osmani Nagar,30.4,59,0,0.924,High
5/8/2026 12:00,Sylhet,Sylhet,Osmani Nagar,30.5,56,0,0.9195,High
5/8/2026 14:00,Sylhet,Sylhet,Osmani Nagar,31.5,51,0,1,High
5/8/2026 16:00,Sylhet,Sylhet,Osmani Nagar,30.5,54,0,1,High
5/8/2026 18:00,Sylhet,Sylhet,Osmani Nagar,28.4,71,0,1,High
5/8/2026 20:00,Sylhet,Sylhet,Osmani Nagar,26.2,72,0,1,High
5/8/2026 22:00,Sylhet,Sylhet,Osmani Nagar,25.4,77,0,0.635,Medium
5/9/2026 0:00,Sylhet,Sylhet,Osmani Nagar,24.9,84,0,0.4415,Low
5/9/2026 2:00,Sylhet,Sylhet,Osmani Nagar,24.3,84,0,0.4325,Low
5/9/2026 4:00,Sylhet,Sylhet,Osmani Nagar,23.2,86,0,0.42,Low
5/9/2026 6:00,Sylhet,Sylhet,Osmani Nagar,23,88,0,0.721,High
5/9/2026 8:00,Sylhet,Sylhet,Osmani Nagar,26.8,77,0,0.756,High
5/9/2026 10:00,Sylhet,Sylhet,Osmani Nagar,29.9,66,0,0.9305,High
5/9/2026 12:00,Sylhet,Sylhet,Osmani Nagar,31.6,54,0,0.932,High
5/9/2026 14:00,Sylhet,Sylhet,Osmani Nagar,32.8,49,0,1,High
5/9/2026 16:00,Sylhet,Sylhet,Osmani Nagar,32,51,0,1,High
5/9/2026 18:00,Sylhet,Sylhet,Osmani Nagar,29.5,74,0,1,High
5/9/2026 20:00,Sylhet,Sylhet,Osmani Nagar,27,79,0,1,High
5/9/2026 22:00,Sylhet,Sylhet,Osmani Nagar,26.8,76,0,0.654,Medium
5/10/2026 0:00,Sylhet,Sylhet,Osmani Nagar,25.6,83,0,0.45,Medium
5/10/2026 2:00,Sylhet,Sylhet,Osmani Nagar,25.5,84,0,0.4505,Medium
5/10/2026 4:00,Sylhet,Sylhet,Osmani Nagar,24.7,89,0,0.4485,Low
5/10/2026 6:00,Sylhet,Sylhet,Osmani Nagar,24.1,93,0,0.7475,High
5/10/2026 8:00,Sylhet,Sylhet,Osmani Nagar,27.9,80,0,0.7785,High
5/10/2026 10:00,Sylhet,Sylhet,Osmani Nagar,30.9,68,0,0.9495,High
5/10/2026 12:00,Sylhet,Sylhet,Osmani Nagar,32.5,51,0,0.9395,High
5/10/2026 14:00,Sylhet,Sylhet,Osmani Nagar,31.5,54,0,1,High
5/10/2026 16:00,Sylhet,Sylhet,Osmani Nagar,26.2,75,0,0.993,High
5/10/2026 18:00,Sylhet,Sylhet,Osmani Nagar,26.5,70,0,1,High
5/10/2026 20:00,Sylhet,Sylhet,Osmani Nagar,25.2,75,0.1,1,High
5/10/2026 22:00,Sylhet,Sylhet,Osmani Nagar,24.8,78,0,0.628,Medium
5/11/2026 0:00,Sylhet,Sylhet,Osmani Nagar,25,75,0,0.425,Low
5/11/2026 2:00,Sylhet,Sylhet,Osmani Nagar,25,80,0,0.435,Low
5/11/2026 4:00,Sylhet,Sylhet,Osmani Nagar,21.5,97,4.5,0.4052,Low
5/11/2026 6:00,Sylhet,Sylhet,Osmani Nagar,23.9,92,4.4,0.7315,High
5/11/2026 8:00,Sylhet,Sylhet,Osmani Nagar,25,80,0.6,0.7335,High
5/11/2026 10:00,Sylhet,Sylhet,Osmani Nagar,26.4,78,0,0.902,High
5/11/2026 12:00,Sylhet,Sylhet,Osmani Nagar,28.2,72,0,0.917,High
5/11/2026 14:00,Sylhet,Sylhet,Osmani Nagar,27.4,73,3.7,0.9978,High
5/11/2026 16:00,Sylhet,Sylhet,Osmani Nagar,26,78,0.1,0.9958,High
5/11/2026 18:00,Sylhet,Sylhet,Osmani Nagar,27.2,80,0,1,High
5/11/2026 20:00,Sylhet,Sylhet,Osmani Nagar,25,79,0,1,High
5/11/2026 22:00,Sylhet,Sylhet,Osmani Nagar,23.4,91,0.1,0.6327,Medium
5/12/2026 0:00,Sylhet,Sylhet,Osmani Nagar,23.3,93,0,0.4355,Low
5/12/2026 2:00,Sylhet,Sylhet,Osmani Nagar,22.3,94,0,0.4225,Low
5/12/2026 4:00,Sylhet,Sylhet,Osmani Nagar,22.1,92,0,0.4155,Low
5/12/2026 6:00,Sylhet,Sylhet,Osmani Nagar,23.5,95,0,0.7425,High
5/12/2026 8:00,Sylhet,Sylhet,Osmani Nagar,24.6,85,0.2,0.7385,High
5/12/2026 10:00,Sylhet,Sylhet,Osmani Nagar,28,71,0,0.912,High
5/12/2026 12:00,Sylhet,Sylhet,Osmani Nagar,28.8,66,0,0.914,High
5/12/2026 14:00,Sylhet,Sylhet,Osmani Nagar,30,62,0.1,1,High
5/12/2026 16:00,Sylhet,Sylhet,Osmani Nagar,29.5,63,0,1,High
5/12/2026 18:00,Sylhet,Sylhet,Osmani Nagar,27.5,78,0,1,High
5/12/2026 20:00,Sylhet,Sylhet,Osmani Nagar,26.2,82,0,1,High
5/12/2026 22:00,Sylhet,Sylhet,Osmani Nagar,25.6,84,0,0.652,Medium
5/13/2026 0:00,Sylhet,Sylhet,Osmani Nagar,25.6,87,0,0.458,Medium
5/13/2026 2:00,Sylhet,Sylhet,Osmani Nagar,23,95,2.1,0.4298,Low
5/13/2026 4:00,Sylhet,Sylhet,Osmani Nagar,22.5,96,2.1,0.4242,Low
5/13/2026 6:00,Sylhet,Sylhet,Osmani Nagar,24.4,96,0.4,0.757,High
5/13/2026 8:00,Sylhet,Sylhet,Osmani Nagar,24,94,0.1,0.7477,High
5/13/2026 10:00,Sylhet,Sylhet,Osmani Nagar,25,90,0.5,0.9038,High
5/13/2026 12:00,Sylhet,Sylhet,Osmani Nagar,26.1,83,0.2,0.907,High
5/13/2026 14:00,Sylhet,Sylhet,Osmani Nagar,30,63,0,1,High
5/13/2026 16:00,Sylhet,Sylhet,Osmani Nagar,30.2,62,0,1,High
5/13/2026 18:00,Sylhet,Sylhet,Osmani Nagar,28.7,79,0,1,High
5/13/2026 20:00,Sylhet,Sylhet,Osmani Nagar,26.9,85,0,1,High
5/13/2026 22:00,Sylhet,Sylhet,Osmani Nagar,23.2,96,1.7,0.6358,Medium
4/13/2026 0:00,Sylhet,Sylhet,South Surma,21.6,89,0,0.402,Low
4/13/2026 2:00,Sylhet,Sylhet,South Surma,21,91,0.9,0.3948,Low
4/13/2026 4:00,Sylhet,Sylhet,South Surma,20.1,93,0.3,0.3868,Low
4/13/2026 6:00,Sylhet,Sylhet,South Surma,20.2,93,0.5,0.6878,Medium
4/13/2026 8:00,Sylhet,Sylhet,South Surma,21.8,91,0.1,0.7088,High
4/13/2026 10:00,Sylhet,Sylhet,South Surma,22.6,83,0.9,0.8528,High
4/13/2026 12:00,Sylhet,Sylhet,South Surma,25.5,72,0.1,0.8762,High
4/13/2026 14:00,Sylhet,Sylhet,South Surma,26,69,0,0.978,High
4/13/2026 16:00,Sylhet,Sylhet,South Surma,26.6,68,0,0.985,High
4/13/2026 18:00,Sylhet,Sylhet,South Surma,26,77,0,1,High
4/13/2026 20:00,Sylhet,Sylhet,South Surma,24.1,75,0.1,1,High
4/13/2026 22:00,Sylhet,Sylhet,South Surma,22.6,79,0.5,0.5958,Medium
4/14/2026 0:00,Sylhet,Sylhet,South Surma,21.8,88,4.3,0.3923,Low
4/14/2026 2:00,Sylhet,Sylhet,South Surma,21.2,96,10.9,0.3828,Low
4/14/2026 4:00,Sylhet,Sylhet,South Surma,20.6,98,1.7,0.4008,Low
4/14/2026 6:00,Sylhet,Sylhet,South Surma,21.2,95,4.6,0.6965,Medium
4/14/2026 8:00,Sylhet,Sylhet,South Surma,23.5,84,0,0.7205,High
4/14/2026 10:00,Sylhet,Sylhet,South Surma,27.7,68,0,0.9015,High
4/14/2026 12:00,Sylhet,Sylhet,South Surma,29.3,62,0,0.9135,High
4/14/2026 14:00,Sylhet,Sylhet,South Surma,30.5,57,0,1,High
4/14/2026 16:00,Sylhet,Sylhet,South Surma,30.1,60,0,1,High
4/14/2026 18:00,Sylhet,Sylhet,South Surma,27,88,0,1,High
4/14/2026 20:00,Sylhet,Sylhet,South Surma,24.1,90,0.9,1,High
4/14/2026 22:00,Sylhet,Sylhet,South Surma,22.2,94,0.6,0.6195,Medium
4/15/2026 0:00,Sylhet,Sylhet,South Surma,21.5,98,4,0.4085,Low
4/15/2026 2:00,Sylhet,Sylhet,South Surma,21.3,98,5.9,0.4008,Low
4/15/2026 4:00,Sylhet,Sylhet,South Surma,21.6,96,0,0.416,Low
4/15/2026 6:00,Sylhet,Sylhet,South Surma,21.1,97,0.2,0.71,High
4/15/2026 8:00,Sylhet,Sylhet,South Surma,22,93,0.6,0.7145,High
4/15/2026 10:00,Sylhet,Sylhet,South Surma,24.9,82,0,0.8875,High
4/15/2026 12:00,Sylhet,Sylhet,South Surma,27.8,67,0,0.901,High
4/15/2026 14:00,Sylhet,Sylhet,South Surma,29.9,63,0,1,High
4/15/2026 16:00,Sylhet,Sylhet,South Surma,29.2,70,1,1,High
4/15/2026 18:00,Sylhet,Sylhet,South Surma,26.2,80,0,1,High
4/15/2026 20:00,Sylhet,Sylhet,South Surma,23.6,87,0.7,1,High
4/15/2026 22:00,Sylhet,Sylhet,South Surma,22.1,93,0,0.6175,Medium
4/16/2026 0:00,Sylhet,Sylhet,South Surma,20.9,99,6,0.3965,Low
4/16/2026 2:00,Sylhet,Sylhet,South Surma,20.6,96,5.3,0.3878,Low
4/16/2026 4:00,Sylhet,Sylhet,South Surma,20.5,98,0.4,0.4025,Low
4/16/2026 6:00,Sylhet,Sylhet,South Surma,21.4,98,0.7,0.7152,High
4/16/2026 8:00,Sylhet,Sylhet,South Surma,24.4,89,0,0.744,High
4/16/2026 10:00,Sylhet,Sylhet,South Surma,28,71,0,0.912,High
4/16/2026 12:00,Sylhet,Sylhet,South Surma,30.3,59,0,0.9225,High
4/16/2026 14:00,Sylhet,Sylhet,South Surma,30.6,56,0.1,1,High
4/16/2026 16:00,Sylhet,Sylhet,South Surma,30.5,59,0,1,High
4/16/2026 18:00,Sylhet,Sylhet,South Surma,27.1,80,0,1,High
4/16/2026 20:00,Sylhet,Sylhet,South Surma,25.8,87,0,1,High
4/16/2026 22:00,Sylhet,Sylhet,South Surma,24.6,86,0,0.641,Medium
4/17/2026 0:00,Sylhet,Sylhet,South Surma,24,91,0,0.442,Low
4/17/2026 2:00,Sylhet,Sylhet,South Surma,23.2,92,0.1,0.4318,Low
4/17/2026 4:00,Sylhet,Sylhet,South Surma,22.5,96,0,0.4295,Low
4/17/2026 6:00,Sylhet,Sylhet,South Surma,22.6,95,0,0.729,High
4/17/2026 8:00,Sylhet,Sylhet,South Surma,26.1,84,0,0.7595,High
4/17/2026 10:00,Sylhet,Sylhet,South Surma,28.9,72,0,0.9275,High
4/17/2026 12:00,Sylhet,Sylhet,South Surma,31,69,0,0.953,High
4/17/2026 14:00,Sylhet,Sylhet,South Surma,31.6,66,0,1,High
4/17/2026 16:00,Sylhet,Sylhet,South Surma,27.6,78,0,1,High
4/17/2026 18:00,Sylhet,Sylhet,South Surma,26.1,90,0,1,High
4/17/2026 20:00,Sylhet,Sylhet,South Surma,25.5,87,0,1,High
4/17/2026 22:00,Sylhet,Sylhet,South Surma,25.8,82,0,0.651,Medium
4/18/2026 0:00,Sylhet,Sylhet,South Surma,25.8,83,0,0.453,Medium
4/18/2026 2:00,Sylhet,Sylhet,South Surma,23.6,92,0.9,0.4358,Low
4/18/2026 4:00,Sylhet,Sylhet,South Surma,22.8,100,0.5,0.4408,Low
4/18/2026 6:00,Sylhet,Sylhet,South Surma,24,99,0,0.758,High
4/18/2026 8:00,Sylhet,Sylhet,South Surma,25.1,91,0.1,0.7582,High
4/18/2026 10:00,Sylhet,Sylhet,South Surma,26.8,84,0.1,0.9198,High
4/18/2026 12:00,Sylhet,Sylhet,South Surma,29.5,76,0,0.9445,High
4/18/2026 14:00,Sylhet,Sylhet,South Surma,28.8,75,3.7,1,High
4/18/2026 16:00,Sylhet,Sylhet,South Surma,29.5,71,0,1,High
4/18/2026 18:00,Sylhet,Sylhet,South Surma,28,84,0,1,High
4/18/2026 20:00,Sylhet,Sylhet,South Surma,26.2,87,0,1,High
4/18/2026 22:00,Sylhet,Sylhet,South Surma,25.6,92,0,0.668,Medium
4/19/2026 0:00,Sylhet,Sylhet,South Surma,25.1,91,0,0.4585,Medium
4/19/2026 2:00,Sylhet,Sylhet,South Surma,23.7,97,0.1,0.4492,Low
4/19/2026 4:00,Sylhet,Sylhet,South Surma,23.1,96,0,0.4385,Low
4/19/2026 6:00,Sylhet,Sylhet,South Surma,23,97,0,0.739,High
4/19/2026 8:00,Sylhet,Sylhet,South Surma,25,91,0.2,0.7565,High
4/19/2026 10:00,Sylhet,Sylhet,South Surma,27.7,79,0.2,0.923,High
4/19/2026 12:00,Sylhet,Sylhet,South Surma,28.8,72,0.2,0.9255,High
4/19/2026 14:00,Sylhet,Sylhet,South Surma,29.4,69,0,1,High
4/19/2026 16:00,Sylhet,Sylhet,South Surma,28,78,0,1,High
4/19/2026 18:00,Sylhet,Sylhet,South Surma,27,86,0,1,High
4/19/2026 20:00,Sylhet,Sylhet,South Surma,25.6,89,1,1,High
4/19/2026 22:00,Sylhet,Sylhet,South Surma,24.2,91,0.1,0.6447,Medium
4/20/2026 0:00,Sylhet,Sylhet,South Surma,23.4,95,5.7,0.4268,Low
4/20/2026 2:00,Sylhet,Sylhet,South Surma,22.6,97,0.4,0.432,Low
4/20/2026 4:00,Sylhet,Sylhet,South Surma,21.9,97,0.6,0.421,Low
4/20/2026 6:00,Sylhet,Sylhet,South Surma,22.4,96,0,0.728,High
4/20/2026 8:00,Sylhet,Sylhet,South Surma,23.4,91,0,0.733,High
4/20/2026 10:00,Sylhet,Sylhet,South Surma,24.5,87,0.5,0.8902,High
4/20/2026 12:00,Sylhet,Sylhet,South Surma,28.8,73,0,0.928,High
4/20/2026 14:00,Sylhet,Sylhet,South Surma,31.4,62,0,1,High
4/20/2026 16:00,Sylhet,Sylhet,South Surma,30,72,0.5,1,High
4/20/2026 18:00,Sylhet,Sylhet,South Surma,24.8,94,0.6,1,High
4/20/2026 20:00,Sylhet,Sylhet,South Surma,24.1,96,0.8,1,High
4/20/2026 22:00,Sylhet,Sylhet,South Surma,23,94,0.1,0.6328,Medium
4/21/2026 0:00,Sylhet,Sylhet,South Surma,22.5,96,2.6,0.423,Low
4/21/2026 2:00,Sylhet,Sylhet,South Surma,22,96,7.1,0.4042,Low
4/21/2026 4:00,Sylhet,Sylhet,South Surma,21.9,96,4.7,0.4088,Low
4/21/2026 6:00,Sylhet,Sylhet,South Surma,22.2,92,0,0.717,High
4/21/2026 8:00,Sylhet,Sylhet,South Surma,23.9,89,0.1,0.7362,High
4/21/2026 10:00,Sylhet,Sylhet,South Surma,26,82,0,0.904,High
4/21/2026 12:00,Sylhet,Sylhet,South Surma,28.9,72,0.1,0.9272,High
4/21/2026 14:00,Sylhet,Sylhet,South Surma,29.8,72,0.4,1,High
4/21/2026 16:00,Sylhet,Sylhet,South Surma,29.4,74,0,1,High
4/21/2026 18:00,Sylhet,Sylhet,South Surma,28,89,0.6,1,High
4/21/2026 20:00,Sylhet,Sylhet,South Surma,25,94,0,1,High
4/21/2026 22:00,Sylhet,Sylhet,South Surma,24.2,93,0.2,0.6485,Medium
4/22/2026 0:00,Sylhet,Sylhet,South Surma,22.7,97,0.1,0.4342,Low
4/22/2026 2:00,Sylhet,Sylhet,South Surma,22.3,95,0.1,0.4243,Low
4/22/2026 4:00,Sylhet,Sylhet,South Surma,22.4,96,0,0.428,Low
4/22/2026 6:00,Sylhet,Sylhet,South Surma,21,97,0.5,0.7078,High
4/22/2026 8:00,Sylhet,Sylhet,South Surma,21.1,93,14.4,0.6665,Medium
4/22/2026 10:00,Sylhet,Sylhet,South Surma,22.8,87,5.1,0.8532,High
4/22/2026 12:00,Sylhet,Sylhet,South Surma,28.4,74,0,0.924,High
4/22/2026 14:00,Sylhet,Sylhet,South Surma,29.8,68,0,1,High
4/22/2026 16:00,Sylhet,Sylhet,South Surma,30.7,66,0,1,High
4/22/2026 18:00,Sylhet,Sylhet,South Surma,28.4,83,0,1,High
4/22/2026 20:00,Sylhet,Sylhet,South Surma,26.2,87,0,1,High
4/22/2026 22:00,Sylhet,Sylhet,South Surma,25.4,88,0,0.657,Medium
4/23/2026 0:00,Sylhet,Sylhet,South Surma,23.6,94,0,0.442,Low
4/23/2026 2:00,Sylhet,Sylhet,South Surma,23.5,92,0,0.4365,Low
4/23/2026 4:00,Sylhet,Sylhet,South Surma,23,89,0,0.423,Low
4/23/2026 6:00,Sylhet,Sylhet,South Surma,22.5,98,0,0.7335,High
4/23/2026 8:00,Sylhet,Sylhet,South Surma,24.9,92,0.1,0.7572,High
4/23/2026 10:00,Sylhet,Sylhet,South Surma,27.1,79,0.1,0.9143,High
4/23/2026 12:00,Sylhet,Sylhet,South Surma,30,64,0,0.928,High
4/23/2026 14:00,Sylhet,Sylhet,South Surma,31.6,57,0,1,High
4/23/2026 16:00,Sylhet,Sylhet,South Surma,32,55,0,1,High
4/23/2026 18:00,Sylhet,Sylhet,South Surma,29.1,80,0,1,High
4/23/2026 20:00,Sylhet,Sylhet,South Surma,27.3,84,0,1,High
4/23/2026 22:00,Sylhet,Sylhet,South Surma,27,80,0,0.665,Medium
4/24/2026 0:00,Sylhet,Sylhet,South Surma,26.1,84,0,0.4595,Medium
4/24/2026 2:00,Sylhet,Sylhet,South Surma,25.5,86,0,0.4545,Medium
4/24/2026 4:00,Sylhet,Sylhet,South Surma,24.9,89,0,0.4515,Medium
4/24/2026 6:00,Sylhet,Sylhet,South Surma,24.2,92,0,0.747,High
4/24/2026 8:00,Sylhet,Sylhet,South Surma,27,85,0,0.775,High
4/24/2026 10:00,Sylhet,Sylhet,South Surma,29.5,77,0.1,0.9462,High
4/24/2026 12:00,Sylhet,Sylhet,South Surma,31.5,70,0,0.9625,High
4/24/2026 14:00,Sylhet,Sylhet,South Surma,32.6,62,0,1,High
4/24/2026 16:00,Sylhet,Sylhet,South Surma,32.2,64,0,1,High
4/24/2026 18:00,Sylhet,Sylhet,South Surma,27.1,86,0,1,High
4/24/2026 20:00,Sylhet,Sylhet,South Surma,26.2,93,0,1,High
4/24/2026 22:00,Sylhet,Sylhet,South Surma,26.5,89,0,0.6755,Medium
4/25/2026 0:00,Sylhet,Sylhet,South Surma,26.4,87,0,0.47,Medium
4/25/2026 2:00,Sylhet,Sylhet,South Surma,25.9,86,0,0.4605,Medium
4/25/2026 4:00,Sylhet,Sylhet,South Surma,25.5,87,0,0.4565,Medium
4/25/2026 6:00,Sylhet,Sylhet,South Surma,25.4,94,0,0.769,High
4/25/2026 8:00,Sylhet,Sylhet,South Surma,28.6,79,0,0.787,High
4/25/2026 10:00,Sylhet,Sylhet,South Surma,29.2,76,0,0.94,High
4/25/2026 12:00,Sylhet,Sylhet,South Surma,31.8,68,0.1,0.9628,High
4/25/2026 14:00,Sylhet,Sylhet,South Surma,33.5,57,0,1,High
4/25/2026 16:00,Sylhet,Sylhet,South Surma,32.7,60,0,1,High
4/25/2026 18:00,Sylhet,Sylhet,South Surma,30,78,0,1,High
4/25/2026 20:00,Sylhet,Sylhet,South Surma,27.6,82,0,1,High
4/25/2026 22:00,Sylhet,Sylhet,South Surma,27.2,81,0,0.67,Medium
4/26/2026 0:00,Sylhet,Sylhet,South Surma,26.1,87,0,0.4655,Medium
4/26/2026 2:00,Sylhet,Sylhet,South Surma,24.8,95,0,0.462,Medium
4/26/2026 4:00,Sylhet,Sylhet,South Surma,24.6,91,0,0.451,Medium
4/26/2026 6:00,Sylhet,Sylhet,South Surma,23.4,92,2.6,0.7285,High
4/26/2026 8:00,Sylhet,Sylhet,South Surma,25.7,87,0,0.7595,High
4/26/2026 10:00,Sylhet,Sylhet,South Surma,28.5,69,0.1,0.9152,High
4/26/2026 12:00,Sylhet,Sylhet,South Surma,27.1,73,0,0.9025,High
4/26/2026 14:00,Sylhet,Sylhet,South Surma,26.6,75,0,0.999,High
4/26/2026 16:00,Sylhet,Sylhet,South Surma,27.2,67,0,0.992,High
4/26/2026 18:00,Sylhet,Sylhet,South Surma,24,82,8,1,High
4/26/2026 20:00,Sylhet,Sylhet,South Surma,23.8,82,0,1,High
4/26/2026 22:00,Sylhet,Sylhet,South Surma,23.3,84,0,0.6175,Medium
4/27/2026 0:00,Sylhet,Sylhet,South Surma,22.8,89,8.4,0.399,Low
4/27/2026 2:00,Sylhet,Sylhet,South Surma,22.1,92,0.3,0.4148,Low
4/27/2026 4:00,Sylhet,Sylhet,South Surma,21.7,98,0.3,0.4208,Low
4/27/2026 6:00,Sylhet,Sylhet,South Surma,20.6,95,6.1,0.6838,Medium
4/27/2026 8:00,Sylhet,Sylhet,South Surma,21,98,2,0.706,High
4/27/2026 10:00,Sylhet,Sylhet,South Surma,21.5,93,1.2,0.8555,High
4/27/2026 12:00,Sylhet,Sylhet,South Surma,21.4,89,0.1,0.8488,High
4/27/2026 14:00,Sylhet,Sylhet,South Surma,23.8,80,0.2,0.9665,High
4/27/2026 16:00,Sylhet,Sylhet,South Surma,22.7,89,1.5,0.9647,High
4/27/2026 18:00,Sylhet,Sylhet,South Surma,21.8,97,6.3,1,High
4/27/2026 20:00,Sylhet,Sylhet,South Surma,21.6,97,2.8,1,High
4/27/2026 22:00,Sylhet,Sylhet,South Surma,21.5,97,1.7,0.6122,Medium
4/28/2026 0:00,Sylhet,Sylhet,South Surma,21.5,98,4.1,0.4082,Low
4/28/2026 2:00,Sylhet,Sylhet,South Surma,21.2,98,3.1,0.4062,Low
4/28/2026 4:00,Sylhet,Sylhet,South Surma,20.9,97,2.3,0.4018,Low
4/28/2026 6:00,Sylhet,Sylhet,South Surma,21.6,96,2.3,0.7102,High
4/28/2026 8:00,Sylhet,Sylhet,South Surma,22.5,91,1.1,0.7167,High
4/28/2026 10:00,Sylhet,Sylhet,South Surma,22.9,91,6.7,0.8587,High
4/28/2026 12:00,Sylhet,Sylhet,South Surma,23,88,10.6,0.8445,High
4/28/2026 14:00,Sylhet,Sylhet,South Surma,24.7,82,0.7,0.9827,High
4/28/2026 16:00,Sylhet,Sylhet,South Surma,22.9,96,5.6,0.9715,High
4/28/2026 18:00,Sylhet,Sylhet,South Surma,23,98,0.7,1,High
4/28/2026 20:00,Sylhet,Sylhet,South Surma,22.5,98,1,1,High
4/28/2026 22:00,Sylhet,Sylhet,South Surma,21.8,97,1.5,0.6172,Medium
4/29/2026 0:00,Sylhet,Sylhet,South Surma,21.8,98,10.5,0.3968,Low
4/29/2026 2:00,Sylhet,Sylhet,South Surma,21.8,97,1.4,0.4175,Low
4/29/2026 4:00,Sylhet,Sylhet,South Surma,21.5,98,1.5,0.4148,Low
4/29/2026 6:00,Sylhet,Sylhet,South Surma,21.4,93,13.5,0.6732,Medium
4/29/2026 8:00,Sylhet,Sylhet,South Surma,21.5,97,2.2,0.711,High
4/29/2026 10:00,Sylhet,Sylhet,South Surma,22,98,3.5,0.8672,High
4/29/2026 12:00,Sylhet,Sylhet,South Surma,21.2,97,0.3,0.8612,High
4/29/2026 14:00,Sylhet,Sylhet,South Surma,22.9,83,0.3,0.9588,High
4/29/2026 16:00,Sylhet,Sylhet,South Surma,23.5,80,0,0.9625,High
4/29/2026 18:00,Sylhet,Sylhet,South Surma,22.9,85,0,1,High
4/29/2026 20:00,Sylhet,Sylhet,South Surma,21.6,89,0,1,High
4/29/2026 22:00,Sylhet,Sylhet,South Surma,21.1,90,0,0.5965,Medium
4/30/2026 0:00,Sylhet,Sylhet,South Surma,21.9,83,0,0.3945,Low
4/30/2026 2:00,Sylhet,Sylhet,South Surma,21,94,8.5,0.3818,Low
4/30/2026 4:00,Sylhet,Sylhet,South Surma,20.5,96,0.7,0.3978,Low
4/30/2026 6:00,Sylhet,Sylhet,South Surma,20.3,97,0,0.6985,Medium
4/30/2026 8:00,Sylhet,Sylhet,South Surma,21.6,94,0.6,0.7105,High
4/30/2026 10:00,Sylhet,Sylhet,South Surma,23.4,87,0.1,0.8748,High
4/30/2026 12:00,Sylhet,Sylhet,South Surma,25.1,74,0.1,0.8742,High
4/30/2026 14:00,Sylhet,Sylhet,South Surma,27.5,64,0,0.9905,High
4/30/2026 16:00,Sylhet,Sylhet,South Surma,27.7,63,0.1,0.9912,High
4/30/2026 18:00,Sylhet,Sylhet,South Surma,23.8,87,0,1,High
4/30/2026 20:00,Sylhet,Sylhet,South Surma,22.5,90,0,1,High
4/30/2026 22:00,Sylhet,Sylhet,South Surma,21.7,95,0,0.6155,Medium
5/1/2026 0:00,Sylhet,Sylhet,South Surma,22.1,93,0,0.4175,Low
5/1/2026 2:00,Sylhet,Sylhet,South Surma,21.8,96,0.1,0.4188,Low
5/1/2026 4:00,Sylhet,Sylhet,South Surma,21,98,0,0.411,Low
5/1/2026 6:00,Sylhet,Sylhet,South Surma,21.3,96,0.1,0.7112,High
5/1/2026 8:00,Sylhet,Sylhet,South Surma,21.9,95,2.3,0.7127,High
5/1/2026 10:00,Sylhet,Sylhet,South Surma,23.8,90,0.4,0.886,High
5/1/2026 12:00,Sylhet,Sylhet,South Surma,24.2,87,0.4,0.886,High
5/1/2026 14:00,Sylhet,Sylhet,South Surma,22.5,93,5.1,0.9607,High
5/1/2026 16:00,Sylhet,Sylhet,South Surma,21.5,96,1.9,0.9597,High
5/1/2026 18:00,Sylhet,Sylhet,South Surma,21.5,95,1.8,1,High
5/1/2026 20:00,Sylhet,Sylhet,South Surma,21.2,93,0,1,High
5/1/2026 22:00,Sylhet,Sylhet,South Surma,20.2,98,0,0.599,Medium
5/2/2026 0:00,Sylhet,Sylhet,South Surma,21.1,98,0.4,0.4115,Low
5/2/2026 2:00,Sylhet,Sylhet,South Surma,20.6,96,0.1,0.4008,Low
5/2/2026 4:00,Sylhet,Sylhet,South Surma,20.1,98,0.6,0.396,Low
5/2/2026 6:00,Sylhet,Sylhet,South Surma,20.6,95,0.3,0.6982,Medium
5/2/2026 8:00,Sylhet,Sylhet,South Surma,21.4,96,1.8,0.7085,High
5/2/2026 10:00,Sylhet,Sylhet,South Surma,21.2,96,1.1,0.8572,High
5/2/2026 12:00,Sylhet,Sylhet,South Surma,21.4,98,0.8,0.865,High
5/2/2026 14:00,Sylhet,Sylhet,South Surma,23.1,89,0.3,0.9737,High
5/2/2026 16:00,Sylhet,Sylhet,South Surma,21,95,1.8,0.9505,High
5/2/2026 18:00,Sylhet,Sylhet,South Surma,21.5,97,0.3,1,High
5/2/2026 20:00,Sylhet,Sylhet,South Surma,21,99,0.9,1,High
5/2/2026 22:00,Sylhet,Sylhet,South Surma,20.6,99,5.1,0.5942,Medium
5/3/2026 0:00,Sylhet,Sylhet,South Surma,20.3,100,0.1,0.4042,Low
5/3/2026 2:00,Sylhet,Sylhet,South Surma,20.1,99,0.2,0.399,Low
5/3/2026 4:00,Sylhet,Sylhet,South Surma,20,98,6.2,0.3805,Low
5/3/2026 6:00,Sylhet,Sylhet,South Surma,19.8,95,0.5,0.6888,Medium
5/3/2026 8:00,Sylhet,Sylhet,South Surma,21,94,0.1,0.7028,High
5/3/2026 10:00,Sylhet,Sylhet,South Surma,24.5,79,0,0.8755,High
5/3/2026 12:00,Sylhet,Sylhet,South Surma,27.2,66,0.2,0.8895,High
5/3/2026 14:00,Sylhet,Sylhet,South Surma,27.2,67,0.2,0.9915,High
5/3/2026 16:00,Sylhet,Sylhet,South Surma,27.4,70,0.1,1,High
5/3/2026 18:00,Sylhet,Sylhet,South Surma,23.9,87,0,1,High
5/3/2026 20:00,Sylhet,Sylhet,South Surma,22.5,93,0,1,High
5/3/2026 22:00,Sylhet,Sylhet,South Surma,22.2,96,0.8,0.623,Medium
5/4/2026 0:00,Sylhet,Sylhet,South Surma,21,99,0,0.413,Low
5/4/2026 2:00,Sylhet,Sylhet,South Surma,21.5,97,0,0.4165,Low
5/4/2026 4:00,Sylhet,Sylhet,South Surma,21.8,98,0,0.423,Low
5/4/2026 6:00,Sylhet,Sylhet,South Surma,22.4,93,0,0.722,High
5/4/2026 8:00,Sylhet,Sylhet,South Surma,22.6,96,0.7,0.7292,High
5/4/2026 10:00,Sylhet,Sylhet,South Surma,22.5,96,5.4,0.866,High
5/4/2026 12:00,Sylhet,Sylhet,South Surma,23.2,90,0.1,0.8778,High
5/4/2026 14:00,Sylhet,Sylhet,South Surma,27.4,70,0.1,1,High
5/4/2026 16:00,Sylhet,Sylhet,South Surma,28,66,0,1,High
5/4/2026 18:00,Sylhet,Sylhet,South Surma,25.8,85,0,1,High
5/4/2026 20:00,Sylhet,Sylhet,South Surma,23.6,86,0,1,High
5/4/2026 22:00,Sylhet,Sylhet,South Surma,23.2,82,0,0.612,Medium
5/5/2026 0:00,Sylhet,Sylhet,South Surma,22.6,89,0,0.417,Low
5/5/2026 2:00,Sylhet,Sylhet,South Surma,22.4,93,0,0.422,Low
5/5/2026 4:00,Sylhet,Sylhet,South Surma,21.5,96,0,0.4145,Low
5/5/2026 6:00,Sylhet,Sylhet,South Surma,22.2,89,0,0.711,High
5/5/2026 8:00,Sylhet,Sylhet,South Surma,24.2,86,0,0.735,High
5/5/2026 10:00,Sylhet,Sylhet,South Surma,26.9,80,0,0.9135,High
5/5/2026 12:00,Sylhet,Sylhet,South Surma,30,66,0,0.932,High
5/5/2026 14:00,Sylhet,Sylhet,South Surma,31,60,0,1,High
5/5/2026 16:00,Sylhet,Sylhet,South Surma,30.2,61,0,1,High
5/5/2026 18:00,Sylhet,Sylhet,South Surma,27.9,76,0,1,High
5/5/2026 20:00,Sylhet,Sylhet,South Surma,26,80,0,1,High
5/5/2026 22:00,Sylhet,Sylhet,South Surma,24.6,87,0,0.643,Medium
5/6/2026 0:00,Sylhet,Sylhet,South Surma,24.1,91,0,0.4435,Low
5/6/2026 2:00,Sylhet,Sylhet,South Surma,23.4,95,0.1,0.4408,Low
5/6/2026 4:00,Sylhet,Sylhet,South Surma,22.4,96,1.3,0.4248,Low
5/6/2026 6:00,Sylhet,Sylhet,South Surma,23.1,97,0.2,0.74,High
5/6/2026 8:00,Sylhet,Sylhet,South Surma,25.8,84,0.1,0.7547,High
5/6/2026 10:00,Sylhet,Sylhet,South Surma,28.6,72,0,0.923,High
5/6/2026 12:00,Sylhet,Sylhet,South Surma,28.8,66,0.3,0.9132,High
5/6/2026 14:00,Sylhet,Sylhet,South Surma,28.9,66,0,1,High
5/6/2026 16:00,Sylhet,Sylhet,South Surma,30,62,0,1,High
5/6/2026 18:00,Sylhet,Sylhet,South Surma,26.8,78,0,1,High
5/6/2026 20:00,Sylhet,Sylhet,South Surma,25.1,82,0,1,High
5/6/2026 22:00,Sylhet,Sylhet,South Surma,24.1,88,0.3,0.6367,Medium
5/7/2026 0:00,Sylhet,Sylhet,South Surma,23.4,94,0.5,0.4378,Low
5/7/2026 2:00,Sylhet,Sylhet,South Surma,22.9,95,0,0.4335,Low
5/7/2026 4:00,Sylhet,Sylhet,South Surma,22.6,96,0,0.431,Low
5/7/2026 6:00,Sylhet,Sylhet,South Surma,22.9,98,0.1,0.7392,High
5/7/2026 8:00,Sylhet,Sylhet,South Surma,25.9,86,0,0.7605,High
5/7/2026 10:00,Sylhet,Sylhet,South Surma,28.2,70,0,0.913,High
5/7/2026 12:00,Sylhet,Sylhet,South Surma,29.8,59,0,0.915,High
5/7/2026 14:00,Sylhet,Sylhet,South Surma,30.5,56,0,1,High
5/7/2026 16:00,Sylhet,Sylhet,South Surma,30.3,57,0,1,High
5/7/2026 18:00,Sylhet,Sylhet,South Surma,28.2,71,0,1,High
5/7/2026 20:00,Sylhet,Sylhet,South Surma,27,73,0,1,High
5/7/2026 22:00,Sylhet,Sylhet,South Surma,25.4,80,0,0.641,Medium
5/8/2026 0:00,Sylhet,Sylhet,South Surma,25.6,81,0,0.446,Low
5/8/2026 2:00,Sylhet,Sylhet,South Surma,24.7,86,0,0.4425,Low
5/8/2026 4:00,Sylhet,Sylhet,South Surma,24,88,0,0.436,Low
5/8/2026 6:00,Sylhet,Sylhet,South Surma,23.3,93,0,0.7355,High
5/8/2026 8:00,Sylhet,Sylhet,South Surma,27.1,79,0,0.7645,High
5/8/2026 10:00,Sylhet,Sylhet,South Surma,30.4,59,0,0.924,High
5/8/2026 12:00,Sylhet,Sylhet,South Surma,30.5,56,0,0.9195,High
5/8/2026 14:00,Sylhet,Sylhet,South Surma,31.5,51,0,1,High
5/8/2026 16:00,Sylhet,Sylhet,South Surma,30.5,54,0,1,High
5/8/2026 18:00,Sylhet,Sylhet,South Surma,28.4,71,0,1,High
5/8/2026 20:00,Sylhet,Sylhet,South Surma,26.2,72,0,1,High
5/8/2026 22:00,Sylhet,Sylhet,South Surma,25.4,77,0,0.635,Medium
5/9/2026 0:00,Sylhet,Sylhet,South Surma,24.9,84,0,0.4415,Low
5/9/2026 2:00,Sylhet,Sylhet,South Surma,24.3,84,0,0.4325,Low
5/9/2026 4:00,Sylhet,Sylhet,South Surma,23.2,86,0,0.42,Low
5/9/2026 6:00,Sylhet,Sylhet,South Surma,23,88,0,0.721,High
5/9/2026 8:00,Sylhet,Sylhet,South Surma,26.8,77,0,0.756,High
5/9/2026 10:00,Sylhet,Sylhet,South Surma,29.9,66,0,0.9305,High
5/9/2026 12:00,Sylhet,Sylhet,South Surma,31.6,54,0,0.932,High
5/9/2026 14:00,Sylhet,Sylhet,South Surma,32.8,49,0,1,High
5/9/2026 16:00,Sylhet,Sylhet,South Surma,32,51,0,1,High
5/9/2026 18:00,Sylhet,Sylhet,South Surma,29.5,74,0,1,High
5/9/2026 20:00,Sylhet,Sylhet,South Surma,27,79,0,1,High
5/9/2026 22:00,Sylhet,Sylhet,South Surma,26.8,76,0,0.654,Medium
5/10/2026 0:00,Sylhet,Sylhet,South Surma,25.6,83,0,0.45,Medium
5/10/2026 2:00,Sylhet,Sylhet,South Surma,25.5,84,0,0.4505,Medium
5/10/2026 4:00,Sylhet,Sylhet,South Surma,24.7,89,0,0.4485,Low
5/10/2026 6:00,Sylhet,Sylhet,South Surma,24.1,93,0,0.7475,High
5/10/2026 8:00,Sylhet,Sylhet,South Surma,27.9,80,0,0.7785,High
5/10/2026 10:00,Sylhet,Sylhet,South Surma,30.9,68,0,0.9495,High
5/10/2026 12:00,Sylhet,Sylhet,South Surma,32.5,51,0,0.9395,High
5/10/2026 14:00,Sylhet,Sylhet,South Surma,31.5,54,0,1,High
5/10/2026 16:00,Sylhet,Sylhet,South Surma,26.2,75,0,0.993,High
5/10/2026 18:00,Sylhet,Sylhet,South Surma,26.5,70,0,1,High
5/10/2026 20:00,Sylhet,Sylhet,South Surma,25.2,75,0.1,1,High
5/10/2026 22:00,Sylhet,Sylhet,South Surma,24.8,78,0,0.628,Medium
5/11/2026 0:00,Sylhet,Sylhet,South Surma,25,75,0,0.425,Low
5/11/2026 2:00,Sylhet,Sylhet,South Surma,25,80,0,0.435,Low
5/11/2026 4:00,Sylhet,Sylhet,South Surma,21.5,97,4.5,0.4052,Low
5/11/2026 6:00,Sylhet,Sylhet,South Surma,23.9,92,4.4,0.7315,High
5/11/2026 8:00,Sylhet,Sylhet,South Surma,25,80,0.6,0.7335,High
5/11/2026 10:00,Sylhet,Sylhet,South Surma,26.4,78,0,0.902,High
5/11/2026 12:00,Sylhet,Sylhet,South Surma,28.2,72,0,0.917,High
5/11/2026 14:00,Sylhet,Sylhet,South Surma,27.4,73,3.7,0.9978,High
5/11/2026 16:00,Sylhet,Sylhet,South Surma,26,78,0.1,0.9958,High
5/11/2026 18:00,Sylhet,Sylhet,South Surma,27.2,80,0,1,High
5/11/2026 20:00,Sylhet,Sylhet,South Surma,25,79,0,1,High
5/11/2026 22:00,Sylhet,Sylhet,South Surma,23.4,91,0.1,0.6327,Medium
5/12/2026 0:00,Sylhet,Sylhet,South Surma,23.3,93,0,0.4355,Low
5/12/2026 2:00,Sylhet,Sylhet,South Surma,22.3,94,0,0.4225,Low
5/12/2026 4:00,Sylhet,Sylhet,South Surma,22.1,92,0,0.4155,Low
5/12/2026 6:00,Sylhet,Sylhet,South Surma,23.5,95,0,0.7425,High
5/12/2026 8:00,Sylhet,Sylhet,South Surma,24.6,85,0.2,0.7385,High
5/12/2026 10:00,Sylhet,Sylhet,South Surma,28,71,0,0.912,High
5/12/2026 12:00,Sylhet,Sylhet,South Surma,28.8,66,0,0.914,High
5/12/2026 14:00,Sylhet,Sylhet,South Surma,30,62,0.1,1,High
5/12/2026 16:00,Sylhet,Sylhet,South Surma,29.5,63,0,1,High
5/12/2026 18:00,Sylhet,Sylhet,South Surma,27.5,78,0,1,High
5/12/2026 20:00,Sylhet,Sylhet,South Surma,26.2,82,0,1,High
5/12/2026 22:00,Sylhet,Sylhet,South Surma,25.6,84,0,0.652,Medium
5/13/2026 0:00,Sylhet,Sylhet,South Surma,25.6,87,0,0.458,Medium
5/13/2026 2:00,Sylhet,Sylhet,South Surma,23,95,2.1,0.4298,Low
5/13/2026 4:00,Sylhet,Sylhet,South Surma,22.5,96,2.1,0.4242,Low
5/13/2026 6:00,Sylhet,Sylhet,South Surma,24.4,96,0.4,0.757,High
5/13/2026 8:00,Sylhet,Sylhet,South Surma,24,94,0.1,0.7477,High
5/13/2026 10:00,Sylhet,Sylhet,South Surma,25,90,0.5,0.9038,High
5/13/2026 12:00,Sylhet,Sylhet,South Surma,26.1,83,0.2,0.907,High
5/13/2026 14:00,Sylhet,Sylhet,South Surma,30,63,0,1,High
5/13/2026 16:00,Sylhet,Sylhet,South Surma,30.2,62,0,1,High
5/13/2026 18:00,Sylhet,Sylhet,South Surma,28.7,79,0,1,High
5/13/2026 20:00,Sylhet,Sylhet,South Surma,26.9,85,0,1,High
5/13/2026 22:00,Sylhet,Sylhet,South Surma,23.2,96,1.7,0.6358,Medium
4/13/2026 0:00,Sylhet,Sylhet,Sylhet Sadar,21.6,89,0,0.402,Low
4/13/2026 2:00,Sylhet,Sylhet,Sylhet Sadar,21,91,0.9,0.3948,Low
4/13/2026 4:00,Sylhet,Sylhet,Sylhet Sadar,20.1,93,0.3,0.3868,Low
4/13/2026 6:00,Sylhet,Sylhet,Sylhet Sadar,20.2,93,0.5,0.6878,Medium
4/13/2026 8:00,Sylhet,Sylhet,Sylhet Sadar,21.8,91,0.1,0.7088,High
4/13/2026 10:00,Sylhet,Sylhet,Sylhet Sadar,22.6,83,0.9,0.8528,High
4/13/2026 12:00,Sylhet,Sylhet,Sylhet Sadar,25.5,72,0.1,0.8762,High
4/13/2026 14:00,Sylhet,Sylhet,Sylhet Sadar,26,69,0,0.978,High
4/13/2026 16:00,Sylhet,Sylhet,Sylhet Sadar,26.6,68,0,0.985,High
4/13/2026 18:00,Sylhet,Sylhet,Sylhet Sadar,26,77,0,1,High
4/13/2026 20:00,Sylhet,Sylhet,Sylhet Sadar,24.1,75,0.1,1,High
4/13/2026 22:00,Sylhet,Sylhet,Sylhet Sadar,22.6,79,0.5,0.5958,Medium
4/14/2026 0:00,Sylhet,Sylhet,Sylhet Sadar,21.8,88,4.3,0.3923,Low
4/14/2026 2:00,Sylhet,Sylhet,Sylhet Sadar,21.2,96,10.9,0.3828,Low
4/14/2026 4:00,Sylhet,Sylhet,Sylhet Sadar,20.6,98,1.7,0.4008,Low
4/14/2026 6:00,Sylhet,Sylhet,Sylhet Sadar,21.2,95,4.6,0.6965,Medium
4/14/2026 8:00,Sylhet,Sylhet,Sylhet Sadar,23.5,84,0,0.7205,High
4/14/2026 10:00,Sylhet,Sylhet,Sylhet Sadar,27.7,68,0,0.9015,High
4/14/2026 12:00,Sylhet,Sylhet,Sylhet Sadar,29.3,62,0,0.9135,High
4/14/2026 14:00,Sylhet,Sylhet,Sylhet Sadar,30.5,57,0,1,High
4/14/2026 16:00,Sylhet,Sylhet,Sylhet Sadar,30.1,60,0,1,High
4/14/2026 18:00,Sylhet,Sylhet,Sylhet Sadar,27,88,0,1,High
4/14/2026 20:00,Sylhet,Sylhet,Sylhet Sadar,24.1,90,0.9,1,High
4/14/2026 22:00,Sylhet,Sylhet,Sylhet Sadar,22.2,94,0.6,0.6195,Medium
4/15/2026 0:00,Sylhet,Sylhet,Sylhet Sadar,21.5,98,4,0.4085,Low
4/15/2026 2:00,Sylhet,Sylhet,Sylhet Sadar,21.3,98,5.9,0.4008,Low
4/15/2026 4:00,Sylhet,Sylhet,Sylhet Sadar,21.6,96,0,0.416,Low
4/15/2026 6:00,Sylhet,Sylhet,Sylhet Sadar,21.1,97,0.2,0.71,High
4/15/2026 8:00,Sylhet,Sylhet,Sylhet Sadar,22,93,0.6,0.7145,High
4/15/2026 10:00,Sylhet,Sylhet,Sylhet Sadar,24.9,82,0,0.8875,High
4/15/2026 12:00,Sylhet,Sylhet,Sylhet Sadar,27.8,67,0,0.901,High
4/15/2026 14:00,Sylhet,Sylhet,Sylhet Sadar,29.9,63,0,1,High
4/15/2026 16:00,Sylhet,Sylhet,Sylhet Sadar,29.2,70,1,1,High
4/15/2026 18:00,Sylhet,Sylhet,Sylhet Sadar,26.2,80,0,1,High
4/15/2026 20:00,Sylhet,Sylhet,Sylhet Sadar,23.6,87,0.7,1,High
4/15/2026 22:00,Sylhet,Sylhet,Sylhet Sadar,22.1,93,0,0.6175,Medium
4/16/2026 0:00,Sylhet,Sylhet,Sylhet Sadar,20.9,99,6,0.3965,Low
4/16/2026 2:00,Sylhet,Sylhet,Sylhet Sadar,20.6,96,5.3,0.3878,Low
4/16/2026 4:00,Sylhet,Sylhet,Sylhet Sadar,20.5,98,0.4,0.4025,Low
4/16/2026 6:00,Sylhet,Sylhet,Sylhet Sadar,21.4,98,0.7,0.7152,High
4/16/2026 8:00,Sylhet,Sylhet,Sylhet Sadar,24.4,89,0,0.744,High
4/16/2026 10:00,Sylhet,Sylhet,Sylhet Sadar,28,71,0,0.912,High
4/16/2026 12:00,Sylhet,Sylhet,Sylhet Sadar,30.3,59,0,0.9225,High
4/16/2026 14:00,Sylhet,Sylhet,Sylhet Sadar,30.6,56,0.1,1,High
4/16/2026 16:00,Sylhet,Sylhet,Sylhet Sadar,30.5,59,0,1,High
4/16/2026 18:00,Sylhet,Sylhet,Sylhet Sadar,27.1,80,0,1,High
4/16/2026 20:00,Sylhet,Sylhet,Sylhet Sadar,25.8,87,0,1,High
4/16/2026 22:00,Sylhet,Sylhet,Sylhet Sadar,24.6,86,0,0.641,Medium
4/17/2026 0:00,Sylhet,Sylhet,Sylhet Sadar,24,91,0,0.442,Low
4/17/2026 2:00,Sylhet,Sylhet,Sylhet Sadar,23.2,92,0.1,0.4318,Low
4/17/2026 4:00,Sylhet,Sylhet,Sylhet Sadar,22.5,96,0,0.4295,Low
4/17/2026 6:00,Sylhet,Sylhet,Sylhet Sadar,22.6,95,0,0.729,High
4/17/2026 8:00,Sylhet,Sylhet,Sylhet Sadar,26.1,84,0,0.7595,High
4/17/2026 10:00,Sylhet,Sylhet,Sylhet Sadar,28.9,72,0,0.9275,High
4/17/2026 12:00,Sylhet,Sylhet,Sylhet Sadar,31,69,0,0.953,High
4/17/2026 14:00,Sylhet,Sylhet,Sylhet Sadar,31.6,66,0,1,High
4/17/2026 16:00,Sylhet,Sylhet,Sylhet Sadar,27.6,78,0,1,High
4/17/2026 18:00,Sylhet,Sylhet,Sylhet Sadar,26.1,90,0,1,High
4/17/2026 20:00,Sylhet,Sylhet,Sylhet Sadar,25.5,87,0,1,High
4/17/2026 22:00,Sylhet,Sylhet,Sylhet Sadar,25.8,82,0,0.651,Medium
4/18/2026 0:00,Sylhet,Sylhet,Sylhet Sadar,25.8,83,0,0.453,Medium
4/18/2026 2:00,Sylhet,Sylhet,Sylhet Sadar,23.6,92,0.9,0.4358,Low
4/18/2026 4:00,Sylhet,Sylhet,Sylhet Sadar,22.8,100,0.5,0.4408,Low
4/18/2026 6:00,Sylhet,Sylhet,Sylhet Sadar,24,99,0,0.758,High
4/18/2026 8:00,Sylhet,Sylhet,Sylhet Sadar,25.1,91,0.1,0.7582,High
4/18/2026 10:00,Sylhet,Sylhet,Sylhet Sadar,26.8,84,0.1,0.9198,High
4/18/2026 12:00,Sylhet,Sylhet,Sylhet Sadar,29.5,76,0,0.9445,High
4/18/2026 14:00,Sylhet,Sylhet,Sylhet Sadar,28.8,75,3.7,1,High
4/18/2026 16:00,Sylhet,Sylhet,Sylhet Sadar,29.5,71,0,1,High
4/18/2026 18:00,Sylhet,Sylhet,Sylhet Sadar,28,84,0,1,High
4/18/2026 20:00,Sylhet,Sylhet,Sylhet Sadar,26.2,87,0,1,High
4/18/2026 22:00,Sylhet,Sylhet,Sylhet Sadar,25.6,92,0,0.668,Medium
4/19/2026 0:00,Sylhet,Sylhet,Sylhet Sadar,25.1,91,0,0.4585,Medium
4/19/2026 2:00,Sylhet,Sylhet,Sylhet Sadar,23.7,97,0.1,0.4492,Low
4/19/2026 4:00,Sylhet,Sylhet,Sylhet Sadar,23.1,96,0,0.4385,Low
4/19/2026 6:00,Sylhet,Sylhet,Sylhet Sadar,23,97,0,0.739,High
4/19/2026 8:00,Sylhet,Sylhet,Sylhet Sadar,25,91,0.2,0.7565,High
4/19/2026 10:00,Sylhet,Sylhet,Sylhet Sadar,27.7,79,0.2,0.923,High
4/19/2026 12:00,Sylhet,Sylhet,Sylhet Sadar,28.8,72,0.2,0.9255,High
4/19/2026 14:00,Sylhet,Sylhet,Sylhet Sadar,29.4,69,0,1,High
4/19/2026 16:00,Sylhet,Sylhet,Sylhet Sadar,28,78,0,1,High
4/19/2026 18:00,Sylhet,Sylhet,Sylhet Sadar,27,86,0,1,High
4/19/2026 20:00,Sylhet,Sylhet,Sylhet Sadar,25.6,89,1,1,High
4/19/2026 22:00,Sylhet,Sylhet,Sylhet Sadar,24.2,91,0.1,0.6447,Medium
4/20/2026 0:00,Sylhet,Sylhet,Sylhet Sadar,23.4,95,5.7,0.4268,Low
4/20/2026 2:00,Sylhet,Sylhet,Sylhet Sadar,22.6,97,0.4,0.432,Low
4/20/2026 4:00,Sylhet,Sylhet,Sylhet Sadar,21.9,97,0.6,0.421,Low
4/20/2026 6:00,Sylhet,Sylhet,Sylhet Sadar,22.4,96,0,0.728,High
4/20/2026 8:00,Sylhet,Sylhet,Sylhet Sadar,23.4,91,0,0.733,High
4/20/2026 10:00,Sylhet,Sylhet,Sylhet Sadar,24.5,87,0.5,0.8902,High
4/20/2026 12:00,Sylhet,Sylhet,Sylhet Sadar,28.8,73,0,0.928,High
4/20/2026 14:00,Sylhet,Sylhet,Sylhet Sadar,31.4,62,0,1,High
4/20/2026 16:00,Sylhet,Sylhet,Sylhet Sadar,30,72,0.5,1,High
4/20/2026 18:00,Sylhet,Sylhet,Sylhet Sadar,24.8,94,0.6,1,High
4/20/2026 20:00,Sylhet,Sylhet,Sylhet Sadar,24.1,96,0.8,1,High
4/20/2026 22:00,Sylhet,Sylhet,Sylhet Sadar,23,94,0.1,0.6328,Medium
4/21/2026 0:00,Sylhet,Sylhet,Sylhet Sadar,22.5,96,2.6,0.423,Low
4/21/2026 2:00,Sylhet,Sylhet,Sylhet Sadar,22,96,7.1,0.4042,Low
4/21/2026 4:00,Sylhet,Sylhet,Sylhet Sadar,21.9,96,4.7,0.4088,Low
4/21/2026 6:00,Sylhet,Sylhet,Sylhet Sadar,22.2,92,0,0.717,High
4/21/2026 8:00,Sylhet,Sylhet,Sylhet Sadar,23.9,89,0.1,0.7362,High
4/21/2026 10:00,Sylhet,Sylhet,Sylhet Sadar,26,82,0,0.904,High
4/21/2026 12:00,Sylhet,Sylhet,Sylhet Sadar,28.9,72,0.1,0.9272,High
4/21/2026 14:00,Sylhet,Sylhet,Sylhet Sadar,29.8,72,0.4,1,High
4/21/2026 16:00,Sylhet,Sylhet,Sylhet Sadar,29.4,74,0,1,High
4/21/2026 18:00,Sylhet,Sylhet,Sylhet Sadar,28,89,0.6,1,High
4/21/2026 20:00,Sylhet,Sylhet,Sylhet Sadar,25,94,0,1,High
4/21/2026 22:00,Sylhet,Sylhet,Sylhet Sadar,24.2,93,0.2,0.6485,Medium
4/22/2026 0:00,Sylhet,Sylhet,Sylhet Sadar,22.7,97,0.1,0.4342,Low
4/22/2026 2:00,Sylhet,Sylhet,Sylhet Sadar,22.3,95,0.1,0.4243,Low
4/22/2026 4:00,Sylhet,Sylhet,Sylhet Sadar,22.4,96,0,0.428,Low
4/22/2026 6:00,Sylhet,Sylhet,Sylhet Sadar,21,97,0.5,0.7078,High
4/22/2026 8:00,Sylhet,Sylhet,Sylhet Sadar,21.1,93,14.4,0.6665,Medium
4/22/2026 10:00,Sylhet,Sylhet,Sylhet Sadar,22.8,87,5.1,0.8532,High
4/22/2026 12:00,Sylhet,Sylhet,Sylhet Sadar,28.4,74,0,0.924,High
4/22/2026 14:00,Sylhet,Sylhet,Sylhet Sadar,29.8,68,0,1,High
4/22/2026 16:00,Sylhet,Sylhet,Sylhet Sadar,30.7,66,0,1,High
4/22/2026 18:00,Sylhet,Sylhet,Sylhet Sadar,28.4,83,0,1,High
4/22/2026 20:00,Sylhet,Sylhet,Sylhet Sadar,26.2,87,0,1,High
4/22/2026 22:00,Sylhet,Sylhet,Sylhet Sadar,25.4,88,0,0.657,Medium
4/23/2026 0:00,Sylhet,Sylhet,Sylhet Sadar,23.6,94,0,0.442,Low
4/23/2026 2:00,Sylhet,Sylhet,Sylhet Sadar,23.5,92,0,0.4365,Low
4/23/2026 4:00,Sylhet,Sylhet,Sylhet Sadar,23,89,0,0.423,Low
4/23/2026 6:00,Sylhet,Sylhet,Sylhet Sadar,22.5,98,0,0.7335,High
4/23/2026 8:00,Sylhet,Sylhet,Sylhet Sadar,24.9,92,0.1,0.7572,High
4/23/2026 10:00,Sylhet,Sylhet,Sylhet Sadar,27.1,79,0.1,0.9143,High
4/23/2026 12:00,Sylhet,Sylhet,Sylhet Sadar,30,64,0,0.928,High
4/23/2026 14:00,Sylhet,Sylhet,Sylhet Sadar,31.6,57,0,1,High
4/23/2026 16:00,Sylhet,Sylhet,Sylhet Sadar,32,55,0,1,High
4/23/2026 18:00,Sylhet,Sylhet,Sylhet Sadar,29.1,80,0,1,High
4/23/2026 20:00,Sylhet,Sylhet,Sylhet Sadar,27.3,84,0,1,High
4/23/2026 22:00,Sylhet,Sylhet,Sylhet Sadar,27,80,0,0.665,Medium
4/24/2026 0:00,Sylhet,Sylhet,Sylhet Sadar,26.1,84,0,0.4595,Medium
4/24/2026 2:00,Sylhet,Sylhet,Sylhet Sadar,25.5,86,0,0.4545,Medium
4/24/2026 4:00,Sylhet,Sylhet,Sylhet Sadar,24.9,89,0,0.4515,Medium
4/24/2026 6:00,Sylhet,Sylhet,Sylhet Sadar,24.2,92,0,0.747,High
4/24/2026 8:00,Sylhet,Sylhet,Sylhet Sadar,27,85,0,0.775,High
4/24/2026 10:00,Sylhet,Sylhet,Sylhet Sadar,29.5,77,0.1,0.9462,High
4/24/2026 12:00,Sylhet,Sylhet,Sylhet Sadar,31.5,70,0,0.9625,High
4/24/2026 14:00,Sylhet,Sylhet,Sylhet Sadar,32.6,62,0,1,High
4/24/2026 16:00,Sylhet,Sylhet,Sylhet Sadar,32.2,64,0,1,High
4/24/2026 18:00,Sylhet,Sylhet,Sylhet Sadar,27.1,86,0,1,High
4/24/2026 20:00,Sylhet,Sylhet,Sylhet Sadar,26.2,93,0,1,High
4/24/2026 22:00,Sylhet,Sylhet,Sylhet Sadar,26.5,89,0,0.6755,Medium
4/25/2026 0:00,Sylhet,Sylhet,Sylhet Sadar,26.4,87,0,0.47,Medium
4/25/2026 2:00,Sylhet,Sylhet,Sylhet Sadar,25.9,86,0,0.4605,Medium
4/25/2026 4:00,Sylhet,Sylhet,Sylhet Sadar,25.5,87,0,0.4565,Medium
4/25/2026 6:00,Sylhet,Sylhet,Sylhet Sadar,25.4,94,0,0.769,High
4/25/2026 8:00,Sylhet,Sylhet,Sylhet Sadar,28.6,79,0,0.787,High
4/25/2026 10:00,Sylhet,Sylhet,Sylhet Sadar,29.2,76,0,0.94,High
4/25/2026 12:00,Sylhet,Sylhet,Sylhet Sadar,31.8,68,0.1,0.9628,High
4/25/2026 14:00,Sylhet,Sylhet,Sylhet Sadar,33.5,57,0,1,High
4/25/2026 16:00,Sylhet,Sylhet,Sylhet Sadar,32.7,60,0,1,High
4/25/2026 18:00,Sylhet,Sylhet,Sylhet Sadar,30,78,0,1,High
4/25/2026 20:00,Sylhet,Sylhet,Sylhet Sadar,27.6,82,0,1,High
4/25/2026 22:00,Sylhet,Sylhet,Sylhet Sadar,27.2,81,0,0.67,Medium
4/26/2026 0:00,Sylhet,Sylhet,Sylhet Sadar,26.1,87,0,0.4655,Medium
4/26/2026 2:00,Sylhet,Sylhet,Sylhet Sadar,24.8,95,0,0.462,Medium
4/26/2026 4:00,Sylhet,Sylhet,Sylhet Sadar,24.6,91,0,0.451,Medium
4/26/2026 6:00,Sylhet,Sylhet,Sylhet Sadar,23.4,92,2.6,0.7285,High
4/26/2026 8:00,Sylhet,Sylhet,Sylhet Sadar,25.7,87,0,0.7595,High
4/26/2026 10:00,Sylhet,Sylhet,Sylhet Sadar,28.5,69,0.1,0.9152,High
4/26/2026 12:00,Sylhet,Sylhet,Sylhet Sadar,27.1,73,0,0.9025,High
4/26/2026 14:00,Sylhet,Sylhet,Sylhet Sadar,26.6,75,0,0.999,High
4/26/2026 16:00,Sylhet,Sylhet,Sylhet Sadar,27.2,67,0,0.992,High
4/26/2026 18:00,Sylhet,Sylhet,Sylhet Sadar,24,82,8,1,High
4/26/2026 20:00,Sylhet,Sylhet,Sylhet Sadar,23.8,82,0,1,High
4/26/2026 22:00,Sylhet,Sylhet,Sylhet Sadar,23.3,84,0,0.6175,Medium
4/27/2026 0:00,Sylhet,Sylhet,Sylhet Sadar,22.8,89,8.4,0.399,Low
4/27/2026 2:00,Sylhet,Sylhet,Sylhet Sadar,22.1,92,0.3,0.4148,Low
4/27/2026 4:00,Sylhet,Sylhet,Sylhet Sadar,21.7,98,0.3,0.4208,Low
4/27/2026 6:00,Sylhet,Sylhet,Sylhet Sadar,20.6,95,6.1,0.6838,Medium
4/27/2026 8:00,Sylhet,Sylhet,Sylhet Sadar,21,98,2,0.706,High
4/27/2026 10:00,Sylhet,Sylhet,Sylhet Sadar,21.5,93,1.2,0.8555,High
4/27/2026 12:00,Sylhet,Sylhet,Sylhet Sadar,21.4,89,0.1,0.8488,High
4/27/2026 14:00,Sylhet,Sylhet,Sylhet Sadar,23.8,80,0.2,0.9665,High
4/27/2026 16:00,Sylhet,Sylhet,Sylhet Sadar,22.7,89,1.5,0.9647,High
4/27/2026 18:00,Sylhet,Sylhet,Sylhet Sadar,21.8,97,6.3,1,High
4/27/2026 20:00,Sylhet,Sylhet,Sylhet Sadar,21.6,97,2.8,1,High
4/27/2026 22:00,Sylhet,Sylhet,Sylhet Sadar,21.5,97,1.7,0.6122,Medium
4/28/2026 0:00,Sylhet,Sylhet,Sylhet Sadar,21.5,98,4.1,0.4082,Low
4/28/2026 2:00,Sylhet,Sylhet,Sylhet Sadar,21.2,98,3.1,0.4062,Low
4/28/2026 4:00,Sylhet,Sylhet,Sylhet Sadar,20.9,97,2.3,0.4018,Low
4/28/2026 6:00,Sylhet,Sylhet,Sylhet Sadar,21.6,96,2.3,0.7102,High
4/28/2026 8:00,Sylhet,Sylhet,Sylhet Sadar,22.5,91,1.1,0.7167,High
4/28/2026 10:00,Sylhet,Sylhet,Sylhet Sadar,22.9,91,6.7,0.8587,High
4/28/2026 12:00,Sylhet,Sylhet,Sylhet Sadar,23,88,10.6,0.8445,High
4/28/2026 14:00,Sylhet,Sylhet,Sylhet Sadar,24.7,82,0.7,0.9827,High
4/28/2026 16:00,Sylhet,Sylhet,Sylhet Sadar,22.9,96,5.6,0.9715,High
4/28/2026 18:00,Sylhet,Sylhet,Sylhet Sadar,23,98,0.7,1,High
4/28/2026 20:00,Sylhet,Sylhet,Sylhet Sadar,22.5,98,1,1,High
4/28/2026 22:00,Sylhet,Sylhet,Sylhet Sadar,21.8,97,1.5,0.6172,Medium
4/29/2026 0:00,Sylhet,Sylhet,Sylhet Sadar,21.8,98,10.5,0.3968,Low
4/29/2026 2:00,Sylhet,Sylhet,Sylhet Sadar,21.8,97,1.4,0.4175,Low
4/29/2026 4:00,Sylhet,Sylhet,Sylhet Sadar,21.5,98,1.5,0.4148,Low
4/29/2026 6:00,Sylhet,Sylhet,Sylhet Sadar,21.4,93,13.5,0.6732,Medium
4/29/2026 8:00,Sylhet,Sylhet,Sylhet Sadar,21.5,97,2.2,0.711,High
4/29/2026 10:00,Sylhet,Sylhet,Sylhet Sadar,22,98,3.5,0.8672,High
4/29/2026 12:00,Sylhet,Sylhet,Sylhet Sadar,21.2,97,0.3,0.8612,High
4/29/2026 14:00,Sylhet,Sylhet,Sylhet Sadar,22.9,83,0.3,0.9588,High
4/29/2026 16:00,Sylhet,Sylhet,Sylhet Sadar,23.5,80,0,0.9625,High
4/29/2026 18:00,Sylhet,Sylhet,Sylhet Sadar,22.9,85,0,1,High
4/29/2026 20:00,Sylhet,Sylhet,Sylhet Sadar,21.6,89,0,1,High
4/29/2026 22:00,Sylhet,Sylhet,Sylhet Sadar,21.1,90,0,0.5965,Medium
4/30/2026 0:00,Sylhet,Sylhet,Sylhet Sadar,21.9,83,0,0.3945,Low
4/30/2026 2:00,Sylhet,Sylhet,Sylhet Sadar,21,94,8.5,0.3818,Low
4/30/2026 4:00,Sylhet,Sylhet,Sylhet Sadar,20.5,96,0.7,0.3978,Low
4/30/2026 6:00,Sylhet,Sylhet,Sylhet Sadar,20.3,97,0,0.6985,Medium
4/30/2026 8:00,Sylhet,Sylhet,Sylhet Sadar,21.6,94,0.6,0.7105,High
4/30/2026 10:00,Sylhet,Sylhet,Sylhet Sadar,23.4,87,0.1,0.8748,High
4/30/2026 12:00,Sylhet,Sylhet,Sylhet Sadar,25.1,74,0.1,0.8742,High
4/30/2026 14:00,Sylhet,Sylhet,Sylhet Sadar,27.5,64,0,0.9905,High
4/30/2026 16:00,Sylhet,Sylhet,Sylhet Sadar,27.7,63,0.1,0.9912,High
4/30/2026 18:00,Sylhet,Sylhet,Sylhet Sadar,23.8,87,0,1,High
4/30/2026 20:00,Sylhet,Sylhet,Sylhet Sadar,22.5,90,0,1,High
4/30/2026 22:00,Sylhet,Sylhet,Sylhet Sadar,21.7,95,0,0.6155,Medium
5/1/2026 0:00,Sylhet,Sylhet,Sylhet Sadar,22.1,93,0,0.4175,Low
5/1/2026 2:00,Sylhet,Sylhet,Sylhet Sadar,21.8,96,0.1,0.4188,Low
5/1/2026 4:00,Sylhet,Sylhet,Sylhet Sadar,21,98,0,0.411,Low
5/1/2026 6:00,Sylhet,Sylhet,Sylhet Sadar,21.3,96,0.1,0.7112,High
5/1/2026 8:00,Sylhet,Sylhet,Sylhet Sadar,21.9,95,2.3,0.7127,High
5/1/2026 10:00,Sylhet,Sylhet,Sylhet Sadar,23.8,90,0.4,0.886,High
5/1/2026 12:00,Sylhet,Sylhet,Sylhet Sadar,24.2,87,0.4,0.886,High
5/1/2026 14:00,Sylhet,Sylhet,Sylhet Sadar,22.5,93,5.1,0.9607,High
5/1/2026 16:00,Sylhet,Sylhet,Sylhet Sadar,21.5,96,1.9,0.9597,High
5/1/2026 18:00,Sylhet,Sylhet,Sylhet Sadar,21.5,95,1.8,1,High
5/1/2026 20:00,Sylhet,Sylhet,Sylhet Sadar,21.2,93,0,1,High
5/1/2026 22:00,Sylhet,Sylhet,Sylhet Sadar,20.2,98,0,0.599,Medium
5/2/2026 0:00,Sylhet,Sylhet,Sylhet Sadar,21.1,98,0.4,0.4115,Low
5/2/2026 2:00,Sylhet,Sylhet,Sylhet Sadar,20.6,96,0.1,0.4008,Low
5/2/2026 4:00,Sylhet,Sylhet,Sylhet Sadar,20.1,98,0.6,0.396,Low
5/2/2026 6:00,Sylhet,Sylhet,Sylhet Sadar,20.6,95,0.3,0.6982,Medium
5/2/2026 8:00,Sylhet,Sylhet,Sylhet Sadar,21.4,96,1.8,0.7085,High
5/2/2026 10:00,Sylhet,Sylhet,Sylhet Sadar,21.2,96,1.1,0.8572,High
5/2/2026 12:00,Sylhet,Sylhet,Sylhet Sadar,21.4,98,0.8,0.865,High
5/2/2026 14:00,Sylhet,Sylhet,Sylhet Sadar,23.1,89,0.3,0.9737,High
5/2/2026 16:00,Sylhet,Sylhet,Sylhet Sadar,21,95,1.8,0.9505,High
5/2/2026 18:00,Sylhet,Sylhet,Sylhet Sadar,21.5,97,0.3,1,High
5/2/2026 20:00,Sylhet,Sylhet,Sylhet Sadar,21,99,0.9,1,High
5/2/2026 22:00,Sylhet,Sylhet,Sylhet Sadar,20.6,99,5.1,0.5942,Medium
5/3/2026 0:00,Sylhet,Sylhet,Sylhet Sadar,20.3,100,0.1,0.4042,Low
5/3/2026 2:00,Sylhet,Sylhet,Sylhet Sadar,20.1,99,0.2,0.399,Low
5/3/2026 4:00,Sylhet,Sylhet,Sylhet Sadar,20,98,6.2,0.3805,Low
5/3/2026 6:00,Sylhet,Sylhet,Sylhet Sadar,19.8,95,0.5,0.6888,Medium
5/3/2026 8:00,Sylhet,Sylhet,Sylhet Sadar,21,94,0.1,0.7028,High
5/3/2026 10:00,Sylhet,Sylhet,Sylhet Sadar,24.5,79,0,0.8755,High
5/3/2026 12:00,Sylhet,Sylhet,Sylhet Sadar,27.2,66,0.2,0.8895,High
5/3/2026 14:00,Sylhet,Sylhet,Sylhet Sadar,27.2,67,0.2,0.9915,High
5/3/2026 16:00,Sylhet,Sylhet,Sylhet Sadar,27.4,70,0.1,1,High
5/3/2026 18:00,Sylhet,Sylhet,Sylhet Sadar,23.9,87,0,1,High
5/3/2026 20:00,Sylhet,Sylhet,Sylhet Sadar,22.5,93,0,1,High
5/3/2026 22:00,Sylhet,Sylhet,Sylhet Sadar,22.2,96,0.8,0.623,Medium
5/4/2026 0:00,Sylhet,Sylhet,Sylhet Sadar,21,99,0,0.413,Low
5/4/2026 2:00,Sylhet,Sylhet,Sylhet Sadar,21.5,97,0,0.4165,Low
5/4/2026 4:00,Sylhet,Sylhet,Sylhet Sadar,21.8,98,0,0.423,Low
5/4/2026 6:00,Sylhet,Sylhet,Sylhet Sadar,22.4,93,0,0.722,High
5/4/2026 8:00,Sylhet,Sylhet,Sylhet Sadar,22.6,96,0.7,0.7292,High
5/4/2026 10:00,Sylhet,Sylhet,Sylhet Sadar,22.5,96,5.4,0.866,High
5/4/2026 12:00,Sylhet,Sylhet,Sylhet Sadar,23.2,90,0.1,0.8778,High
5/4/2026 14:00,Sylhet,Sylhet,Sylhet Sadar,27.4,70,0.1,1,High
5/4/2026 16:00,Sylhet,Sylhet,Sylhet Sadar,28,66,0,1,High
5/4/2026 18:00,Sylhet,Sylhet,Sylhet Sadar,25.8,85,0,1,High
5/4/2026 20:00,Sylhet,Sylhet,Sylhet Sadar,23.6,86,0,1,High
5/4/2026 22:00,Sylhet,Sylhet,Sylhet Sadar,23.2,82,0,0.612,Medium
5/5/2026 0:00,Sylhet,Sylhet,Sylhet Sadar,22.6,89,0,0.417,Low
5/5/2026 2:00,Sylhet,Sylhet,Sylhet Sadar,22.4,93,0,0.422,Low
5/5/2026 4:00,Sylhet,Sylhet,Sylhet Sadar,21.5,96,0,0.4145,Low
5/5/2026 6:00,Sylhet,Sylhet,Sylhet Sadar,22.2,89,0,0.711,High
5/5/2026 8:00,Sylhet,Sylhet,Sylhet Sadar,24.2,86,0,0.735,High
5/5/2026 10:00,Sylhet,Sylhet,Sylhet Sadar,26.9,80,0,0.9135,High
5/5/2026 12:00,Sylhet,Sylhet,Sylhet Sadar,30,66,0,0.932,High
5/5/2026 14:00,Sylhet,Sylhet,Sylhet Sadar,31,60,0,1,High
5/5/2026 16:00,Sylhet,Sylhet,Sylhet Sadar,30.2,61,0,1,High
5/5/2026 18:00,Sylhet,Sylhet,Sylhet Sadar,27.9,76,0,1,High
5/5/2026 20:00,Sylhet,Sylhet,Sylhet Sadar,26,80,0,1,High
5/5/2026 22:00,Sylhet,Sylhet,Sylhet Sadar,24.6,87,0,0.643,Medium
5/6/2026 0:00,Sylhet,Sylhet,Sylhet Sadar,24.1,91,0,0.4435,Low
5/6/2026 2:00,Sylhet,Sylhet,Sylhet Sadar,23.4,95,0.1,0.4408,Low
5/6/2026 4:00,Sylhet,Sylhet,Sylhet Sadar,22.4,96,1.3,0.4248,Low
5/6/2026 6:00,Sylhet,Sylhet,Sylhet Sadar,23.1,97,0.2,0.74,High
5/6/2026 8:00,Sylhet,Sylhet,Sylhet Sadar,25.8,84,0.1,0.7547,High
5/6/2026 10:00,Sylhet,Sylhet,Sylhet Sadar,28.6,72,0,0.923,High
5/6/2026 12:00,Sylhet,Sylhet,Sylhet Sadar,28.8,66,0.3,0.9132,High
5/6/2026 14:00,Sylhet,Sylhet,Sylhet Sadar,28.9,66,0,1,High
5/6/2026 16:00,Sylhet,Sylhet,Sylhet Sadar,30,62,0,1,High
5/6/2026 18:00,Sylhet,Sylhet,Sylhet Sadar,26.8,78,0,1,High
5/6/2026 20:00,Sylhet,Sylhet,Sylhet Sadar,25.1,82,0,1,High
5/6/2026 22:00,Sylhet,Sylhet,Sylhet Sadar,24.1,88,0.3,0.6367,Medium
5/7/2026 0:00,Sylhet,Sylhet,Sylhet Sadar,23.4,94,0.5,0.4378,Low
5/7/2026 2:00,Sylhet,Sylhet,Sylhet Sadar,22.9,95,0,0.4335,Low
5/7/2026 4:00,Sylhet,Sylhet,Sylhet Sadar,22.6,96,0,0.431,Low
5/7/2026 6:00,Sylhet,Sylhet,Sylhet Sadar,22.9,98,0.1,0.7392,High
5/7/2026 8:00,Sylhet,Sylhet,Sylhet Sadar,25.9,86,0,0.7605,High
5/7/2026 10:00,Sylhet,Sylhet,Sylhet Sadar,28.2,70,0,0.913,High
5/7/2026 12:00,Sylhet,Sylhet,Sylhet Sadar,29.8,59,0,0.915,High
5/7/2026 14:00,Sylhet,Sylhet,Sylhet Sadar,30.5,56,0,1,High
5/7/2026 16:00,Sylhet,Sylhet,Sylhet Sadar,30.3,57,0,1,High
5/7/2026 18:00,Sylhet,Sylhet,Sylhet Sadar,28.2,71,0,1,High
5/7/2026 20:00,Sylhet,Sylhet,Sylhet Sadar,27,73,0,1,High
5/7/2026 22:00,Sylhet,Sylhet,Sylhet Sadar,25.4,80,0,0.641,Medium
5/8/2026 0:00,Sylhet,Sylhet,Sylhet Sadar,25.6,81,0,0.446,Low
5/8/2026 2:00,Sylhet,Sylhet,Sylhet Sadar,24.7,86,0,0.4425,Low
5/8/2026 4:00,Sylhet,Sylhet,Sylhet Sadar,24,88,0,0.436,Low
5/8/2026 6:00,Sylhet,Sylhet,Sylhet Sadar,23.3,93,0,0.7355,High
5/8/2026 8:00,Sylhet,Sylhet,Sylhet Sadar,27.1,79,0,0.7645,High
5/8/2026 10:00,Sylhet,Sylhet,Sylhet Sadar,30.4,59,0,0.924,High
5/8/2026 12:00,Sylhet,Sylhet,Sylhet Sadar,30.5,56,0,0.9195,High
5/8/2026 14:00,Sylhet,Sylhet,Sylhet Sadar,31.5,51,0,1,High
5/8/2026 16:00,Sylhet,Sylhet,Sylhet Sadar,30.5,54,0,1,High
5/8/2026 18:00,Sylhet,Sylhet,Sylhet Sadar,28.4,71,0,1,High
5/8/2026 20:00,Sylhet,Sylhet,Sylhet Sadar,26.2,72,0,1,High
5/8/2026 22:00,Sylhet,Sylhet,Sylhet Sadar,25.4,77,0,0.635,Medium
5/9/2026 0:00,Sylhet,Sylhet,Sylhet Sadar,24.9,84,0,0.4415,Low
5/9/2026 2:00,Sylhet,Sylhet,Sylhet Sadar,24.3,84,0,0.4325,Low
5/9/2026 4:00,Sylhet,Sylhet,Sylhet Sadar,23.2,86,0,0.42,Low
5/9/2026 6:00,Sylhet,Sylhet,Sylhet Sadar,23,88,0,0.721,High
5/9/2026 8:00,Sylhet,Sylhet,Sylhet Sadar,26.8,77,0,0.756,High
5/9/2026 10:00,Sylhet,Sylhet,Sylhet Sadar,29.9,66,0,0.9305,High
5/9/2026 12:00,Sylhet,Sylhet,Sylhet Sadar,31.6,54,0,0.932,High
5/9/2026 14:00,Sylhet,Sylhet,Sylhet Sadar,32.8,49,0,1,High
5/9/2026 16:00,Sylhet,Sylhet,Sylhet Sadar,32,51,0,1,High
5/9/2026 18:00,Sylhet,Sylhet,Sylhet Sadar,29.5,74,0,1,High
5/9/2026 20:00,Sylhet,Sylhet,Sylhet Sadar,27,79,0,1,High
5/9/2026 22:00,Sylhet,Sylhet,Sylhet Sadar,26.8,76,0,0.654,Medium
5/10/2026 0:00,Sylhet,Sylhet,Sylhet Sadar,25.6,83,0,0.45,Medium
5/10/2026 2:00,Sylhet,Sylhet,Sylhet Sadar,25.5,84,0,0.4505,Medium
5/10/2026 4:00,Sylhet,Sylhet,Sylhet Sadar,24.7,89,0,0.4485,Low
5/10/2026 6:00,Sylhet,Sylhet,Sylhet Sadar,24.1,93,0,0.7475,High
5/10/2026 8:00,Sylhet,Sylhet,Sylhet Sadar,27.9,80,0,0.7785,High
5/10/2026 10:00,Sylhet,Sylhet,Sylhet Sadar,30.9,68,0,0.9495,High
5/10/2026 12:00,Sylhet,Sylhet,Sylhet Sadar,32.5,51,0,0.9395,High
5/10/2026 14:00,Sylhet,Sylhet,Sylhet Sadar,31.5,54,0,1,High
5/10/2026 16:00,Sylhet,Sylhet,Sylhet Sadar,26.2,75,0,0.993,High
5/10/2026 18:00,Sylhet,Sylhet,Sylhet Sadar,26.5,70,0,1,High
5/10/2026 20:00,Sylhet,Sylhet,Sylhet Sadar,25.2,75,0.1,1,High
5/10/2026 22:00,Sylhet,Sylhet,Sylhet Sadar,24.8,78,0,0.628,Medium
5/11/2026 0:00,Sylhet,Sylhet,Sylhet Sadar,25,75,0,0.425,Low
5/11/2026 2:00,Sylhet,Sylhet,Sylhet Sadar,25,80,0,0.435,Low
5/11/2026 4:00,Sylhet,Sylhet,Sylhet Sadar,21.5,97,4.5,0.4052,Low
5/11/2026 6:00,Sylhet,Sylhet,Sylhet Sadar,23.9,92,4.4,0.7315,High
5/11/2026 8:00,Sylhet,Sylhet,Sylhet Sadar,25,80,0.6,0.7335,High
5/11/2026 10:00,Sylhet,Sylhet,Sylhet Sadar,26.4,78,0,0.902,High
5/11/2026 12:00,Sylhet,Sylhet,Sylhet Sadar,28.2,72,0,0.917,High
5/11/2026 14:00,Sylhet,Sylhet,Sylhet Sadar,27.4,73,3.7,0.9978,High
5/11/2026 16:00,Sylhet,Sylhet,Sylhet Sadar,26,78,0.1,0.9958,High
5/11/2026 18:00,Sylhet,Sylhet,Sylhet Sadar,27.2,80,0,1,High
5/11/2026 20:00,Sylhet,Sylhet,Sylhet Sadar,25,79,0,1,High
5/11/2026 22:00,Sylhet,Sylhet,Sylhet Sadar,23.4,91,0.1,0.6327,Medium
5/12/2026 0:00,Sylhet,Sylhet,Sylhet Sadar,23.3,93,0,0.4355,Low
5/12/2026 2:00,Sylhet,Sylhet,Sylhet Sadar,22.3,94,0,0.4225,Low
5/12/2026 4:00,Sylhet,Sylhet,Sylhet Sadar,22.1,92,0,0.4155,Low
5/12/2026 6:00,Sylhet,Sylhet,Sylhet Sadar,23.5,95,0,0.7425,High
5/12/2026 8:00,Sylhet,Sylhet,Sylhet Sadar,24.6,85,0.2,0.7385,High
5/12/2026 10:00,Sylhet,Sylhet,Sylhet Sadar,28,71,0,0.912,High
5/12/2026 12:00,Sylhet,Sylhet,Sylhet Sadar,28.8,66,0,0.914,High
5/12/2026 14:00,Sylhet,Sylhet,Sylhet Sadar,30,62,0.1,1,High
5/12/2026 16:00,Sylhet,Sylhet,Sylhet Sadar,29.5,63,0,1,High
5/12/2026 18:00,Sylhet,Sylhet,Sylhet Sadar,27.5,78,0,1,High
5/12/2026 20:00,Sylhet,Sylhet,Sylhet Sadar,26.2,82,0,1,High
5/12/2026 22:00,Sylhet,Sylhet,Sylhet Sadar,25.6,84,0,0.652,Medium
5/13/2026 0:00,Sylhet,Sylhet,Sylhet Sadar,25.6,87,0,0.458,Medium
5/13/2026 2:00,Sylhet,Sylhet,Sylhet Sadar,23,95,2.1,0.4298,Low
5/13/2026 4:00,Sylhet,Sylhet,Sylhet Sadar,22.5,96,2.1,0.4242,Low
5/13/2026 6:00,Sylhet,Sylhet,Sylhet Sadar,24.4,96,0.4,0.757,High
5/13/2026 8:00,Sylhet,Sylhet,Sylhet Sadar,24,94,0.1,0.7477,High
5/13/2026 10:00,Sylhet,Sylhet,Sylhet Sadar,25,90,0.5,0.9038,High
5/13/2026 12:00,Sylhet,Sylhet,Sylhet Sadar,26.1,83,0.2,0.907,High
5/13/2026 14:00,Sylhet,Sylhet,Sylhet Sadar,30,63,0,1,High
5/13/2026 16:00,Sylhet,Sylhet,Sylhet Sadar,30.2,62,0,1,High
5/13/2026 18:00,Sylhet,Sylhet,Sylhet Sadar,28.7,79,0,1,High
5/13/2026 20:00,Sylhet,Sylhet,Sylhet Sadar,26.9,85,0,1,High
5/13/2026 22:00,Sylhet,Sylhet,Sylhet Sadar,23.2,96,1.7,0.6358,Medium
4/13/2026 0:00,Sylhet,Sylhet,Zakiganj,21.6,89,0,0.402,Low
4/13/2026 2:00,Sylhet,Sylhet,Zakiganj,21,91,0.9,0.3948,Low
4/13/2026 4:00,Sylhet,Sylhet,Zakiganj,20.1,93,0.3,0.3868,Low
4/13/2026 6:00,Sylhet,Sylhet,Zakiganj,20.2,93,0.5,0.6878,Medium
4/13/2026 8:00,Sylhet,Sylhet,Zakiganj,21.8,91,0.1,0.7088,High
4/13/2026 10:00,Sylhet,Sylhet,Zakiganj,22.6,83,0.9,0.8528,High
4/13/2026 12:00,Sylhet,Sylhet,Zakiganj,25.5,72,0.1,0.8762,High
4/13/2026 14:00,Sylhet,Sylhet,Zakiganj,26,69,0,0.978,High
4/13/2026 16:00,Sylhet,Sylhet,Zakiganj,26.6,68,0,0.985,High
4/13/2026 18:00,Sylhet,Sylhet,Zakiganj,26,77,0,1,High
4/13/2026 20:00,Sylhet,Sylhet,Zakiganj,24.1,75,0.1,1,High
4/13/2026 22:00,Sylhet,Sylhet,Zakiganj,22.6,79,0.5,0.5958,Medium
4/14/2026 0:00,Sylhet,Sylhet,Zakiganj,21.8,88,4.3,0.3923,Low
4/14/2026 2:00,Sylhet,Sylhet,Zakiganj,21.2,96,10.9,0.3828,Low
4/14/2026 4:00,Sylhet,Sylhet,Zakiganj,20.6,98,1.7,0.4008,Low
4/14/2026 6:00,Sylhet,Sylhet,Zakiganj,21.2,95,4.6,0.6965,Medium
4/14/2026 8:00,Sylhet,Sylhet,Zakiganj,23.5,84,0,0.7205,High
4/14/2026 10:00,Sylhet,Sylhet,Zakiganj,27.7,68,0,0.9015,High
4/14/2026 12:00,Sylhet,Sylhet,Zakiganj,29.3,62,0,0.9135,High
4/14/2026 14:00,Sylhet,Sylhet,Zakiganj,30.5,57,0,1,High
4/14/2026 16:00,Sylhet,Sylhet,Zakiganj,30.1,60,0,1,High
4/14/2026 18:00,Sylhet,Sylhet,Zakiganj,27,88,0,1,High
4/14/2026 20:00,Sylhet,Sylhet,Zakiganj,24.1,90,0.9,1,High
4/14/2026 22:00,Sylhet,Sylhet,Zakiganj,22.2,94,0.6,0.6195,Medium
4/15/2026 0:00,Sylhet,Sylhet,Zakiganj,21.5,98,4,0.4085,Low
4/15/2026 2:00,Sylhet,Sylhet,Zakiganj,21.3,98,5.9,0.4008,Low
4/15/2026 4:00,Sylhet,Sylhet,Zakiganj,21.6,96,0,0.416,Low
4/15/2026 6:00,Sylhet,Sylhet,Zakiganj,21.1,97,0.2,0.71,High
4/15/2026 8:00,Sylhet,Sylhet,Zakiganj,22,93,0.6,0.7145,High
4/15/2026 10:00,Sylhet,Sylhet,Zakiganj,24.9,82,0,0.8875,High
4/15/2026 12:00,Sylhet,Sylhet,Zakiganj,27.8,67,0,0.901,High
4/15/2026 14:00,Sylhet,Sylhet,Zakiganj,29.9,63,0,1,High
4/15/2026 16:00,Sylhet,Sylhet,Zakiganj,29.2,70,1,1,High
4/15/2026 18:00,Sylhet,Sylhet,Zakiganj,26.2,80,0,1,High
4/15/2026 20:00,Sylhet,Sylhet,Zakiganj,23.6,87,0.7,1,High
4/15/2026 22:00,Sylhet,Sylhet,Zakiganj,22.1,93,0,0.6175,Medium
4/16/2026 0:00,Sylhet,Sylhet,Zakiganj,20.9,99,6,0.3965,Low
4/16/2026 2:00,Sylhet,Sylhet,Zakiganj,20.6,96,5.3,0.3878,Low
4/16/2026 4:00,Sylhet,Sylhet,Zakiganj,20.5,98,0.4,0.4025,Low
4/16/2026 6:00,Sylhet,Sylhet,Zakiganj,21.4,98,0.7,0.7152,High
4/16/2026 8:00,Sylhet,Sylhet,Zakiganj,24.4,89,0,0.744,High
4/16/2026 10:00,Sylhet,Sylhet,Zakiganj,28,71,0,0.912,High
4/16/2026 12:00,Sylhet,Sylhet,Zakiganj,30.3,59,0,0.9225,High
4/16/2026 14:00,Sylhet,Sylhet,Zakiganj,30.6,56,0.1,1,High
4/16/2026 16:00,Sylhet,Sylhet,Zakiganj,30.5,59,0,1,High
4/16/2026 18:00,Sylhet,Sylhet,Zakiganj,27.1,80,0,1,High
4/16/2026 20:00,Sylhet,Sylhet,Zakiganj,25.8,87,0,1,High
4/16/2026 22:00,Sylhet,Sylhet,Zakiganj,24.6,86,0,0.641,Medium
4/17/2026 0:00,Sylhet,Sylhet,Zakiganj,24,91,0,0.442,Low
4/17/2026 2:00,Sylhet,Sylhet,Zakiganj,23.2,92,0.1,0.4318,Low
4/17/2026 4:00,Sylhet,Sylhet,Zakiganj,22.5,96,0,0.4295,Low
4/17/2026 6:00,Sylhet,Sylhet,Zakiganj,22.6,95,0,0.729,High
4/17/2026 8:00,Sylhet,Sylhet,Zakiganj,26.1,84,0,0.7595,High
4/17/2026 10:00,Sylhet,Sylhet,Zakiganj,28.9,72,0,0.9275,High
4/17/2026 12:00,Sylhet,Sylhet,Zakiganj,31,69,0,0.953,High
4/17/2026 14:00,Sylhet,Sylhet,Zakiganj,31.6,66,0,1,High
4/17/2026 16:00,Sylhet,Sylhet,Zakiganj,27.6,78,0,1,High
4/17/2026 18:00,Sylhet,Sylhet,Zakiganj,26.1,90,0,1,High
4/17/2026 20:00,Sylhet,Sylhet,Zakiganj,25.5,87,0,1,High
4/17/2026 22:00,Sylhet,Sylhet,Zakiganj,25.8,82,0,0.651,Medium
4/18/2026 0:00,Sylhet,Sylhet,Zakiganj,25.8,83,0,0.453,Medium
4/18/2026 2:00,Sylhet,Sylhet,Zakiganj,23.6,92,0.9,0.4358,Low
4/18/2026 4:00,Sylhet,Sylhet,Zakiganj,22.8,100,0.5,0.4408,Low
4/18/2026 6:00,Sylhet,Sylhet,Zakiganj,24,99,0,0.758,High
4/18/2026 8:00,Sylhet,Sylhet,Zakiganj,25.1,91,0.1,0.7582,High
4/18/2026 10:00,Sylhet,Sylhet,Zakiganj,26.8,84,0.1,0.9198,High
4/18/2026 12:00,Sylhet,Sylhet,Zakiganj,29.5,76,0,0.9445,High
4/18/2026 14:00,Sylhet,Sylhet,Zakiganj,28.8,75,3.7,1,High
4/18/2026 16:00,Sylhet,Sylhet,Zakiganj,29.5,71,0,1,High
4/18/2026 18:00,Sylhet,Sylhet,Zakiganj,28,84,0,1,High
4/18/2026 20:00,Sylhet,Sylhet,Zakiganj,26.2,87,0,1,High
4/18/2026 22:00,Sylhet,Sylhet,Zakiganj,25.6,92,0,0.668,Medium
4/19/2026 0:00,Sylhet,Sylhet,Zakiganj,25.1,91,0,0.4585,Medium
4/19/2026 2:00,Sylhet,Sylhet,Zakiganj,23.7,97,0.1,0.4492,Low
4/19/2026 4:00,Sylhet,Sylhet,Zakiganj,23.1,96,0,0.4385,Low
4/19/2026 6:00,Sylhet,Sylhet,Zakiganj,23,97,0,0.739,High
4/19/2026 8:00,Sylhet,Sylhet,Zakiganj,25,91,0.2,0.7565,High
4/19/2026 10:00,Sylhet,Sylhet,Zakiganj,27.7,79,0.2,0.923,High
4/19/2026 12:00,Sylhet,Sylhet,Zakiganj,28.8,72,0.2,0.9255,High
4/19/2026 14:00,Sylhet,Sylhet,Zakiganj,29.4,69,0,1,High
4/19/2026 16:00,Sylhet,Sylhet,Zakiganj,28,78,0,1,High
4/19/2026 18:00,Sylhet,Sylhet,Zakiganj,27,86,0,1,High
4/19/2026 20:00,Sylhet,Sylhet,Zakiganj,25.6,89,1,1,High
4/19/2026 22:00,Sylhet,Sylhet,Zakiganj,24.2,91,0.1,0.6447,Medium
4/20/2026 0:00,Sylhet,Sylhet,Zakiganj,23.4,95,5.7,0.4268,Low
4/20/2026 2:00,Sylhet,Sylhet,Zakiganj,22.6,97,0.4,0.432,Low
4/20/2026 4:00,Sylhet,Sylhet,Zakiganj,21.9,97,0.6,0.421,Low
4/20/2026 6:00,Sylhet,Sylhet,Zakiganj,22.4,96,0,0.728,High
4/20/2026 8:00,Sylhet,Sylhet,Zakiganj,23.4,91,0,0.733,High
4/20/2026 10:00,Sylhet,Sylhet,Zakiganj,24.5,87,0.5,0.8902,High
4/20/2026 12:00,Sylhet,Sylhet,Zakiganj,28.8,73,0,0.928,High
4/20/2026 14:00,Sylhet,Sylhet,Zakiganj,31.4,62,0,1,High
4/20/2026 16:00,Sylhet,Sylhet,Zakiganj,30,72,0.5,1,High
4/20/2026 18:00,Sylhet,Sylhet,Zakiganj,24.8,94,0.6,1,High
4/20/2026 20:00,Sylhet,Sylhet,Zakiganj,24.1,96,0.8,1,High
4/20/2026 22:00,Sylhet,Sylhet,Zakiganj,23,94,0.1,0.6328,Medium
4/21/2026 0:00,Sylhet,Sylhet,Zakiganj,22.5,96,2.6,0.423,Low
4/21/2026 2:00,Sylhet,Sylhet,Zakiganj,22,96,7.1,0.4042,Low
4/21/2026 4:00,Sylhet,Sylhet,Zakiganj,21.9,96,4.7,0.4088,Low
4/21/2026 6:00,Sylhet,Sylhet,Zakiganj,22.2,92,0,0.717,High
4/21/2026 8:00,Sylhet,Sylhet,Zakiganj,23.9,89,0.1,0.7362,High
4/21/2026 10:00,Sylhet,Sylhet,Zakiganj,26,82,0,0.904,High
4/21/2026 12:00,Sylhet,Sylhet,Zakiganj,28.9,72,0.1,0.9272,High
4/21/2026 14:00,Sylhet,Sylhet,Zakiganj,29.8,72,0.4,1,High
4/21/2026 16:00,Sylhet,Sylhet,Zakiganj,29.4,74,0,1,High
4/21/2026 18:00,Sylhet,Sylhet,Zakiganj,28,89,0.6,1,High
4/21/2026 20:00,Sylhet,Sylhet,Zakiganj,25,94,0,1,High
4/21/2026 22:00,Sylhet,Sylhet,Zakiganj,24.2,93,0.2,0.6485,Medium
4/22/2026 0:00,Sylhet,Sylhet,Zakiganj,22.7,97,0.1,0.4342,Low
4/22/2026 2:00,Sylhet,Sylhet,Zakiganj,22.3,95,0.1,0.4243,Low
4/22/2026 4:00,Sylhet,Sylhet,Zakiganj,22.4,96,0,0.428,Low
4/22/2026 6:00,Sylhet,Sylhet,Zakiganj,21,97,0.5,0.7078,High
4/22/2026 8:00,Sylhet,Sylhet,Zakiganj,21.1,93,14.4,0.6665,Medium
4/22/2026 10:00,Sylhet,Sylhet,Zakiganj,22.8,87,5.1,0.8532,High
4/22/2026 12:00,Sylhet,Sylhet,Zakiganj,28.4,74,0,0.924,High
4/22/2026 14:00,Sylhet,Sylhet,Zakiganj,29.8,68,0,1,High
4/22/2026 16:00,Sylhet,Sylhet,Zakiganj,30.7,66,0,1,High
4/22/2026 18:00,Sylhet,Sylhet,Zakiganj,28.4,83,0,1,High
4/22/2026 20:00,Sylhet,Sylhet,Zakiganj,26.2,87,0,1,High
4/22/2026 22:00,Sylhet,Sylhet,Zakiganj,25.4,88,0,0.657,Medium
4/23/2026 0:00,Sylhet,Sylhet,Zakiganj,23.6,94,0,0.442,Low
4/23/2026 2:00,Sylhet,Sylhet,Zakiganj,23.5,92,0,0.4365,Low
4/23/2026 4:00,Sylhet,Sylhet,Zakiganj,23,89,0,0.423,Low
4/23/2026 6:00,Sylhet,Sylhet,Zakiganj,22.5,98,0,0.7335,High
4/23/2026 8:00,Sylhet,Sylhet,Zakiganj,24.9,92,0.1,0.7572,High
4/23/2026 10:00,Sylhet,Sylhet,Zakiganj,27.1,79,0.1,0.9143,High
4/23/2026 12:00,Sylhet,Sylhet,Zakiganj,30,64,0,0.928,High
4/23/2026 14:00,Sylhet,Sylhet,Zakiganj,31.6,57,0,1,High
4/23/2026 16:00,Sylhet,Sylhet,Zakiganj,32,55,0,1,High
4/23/2026 18:00,Sylhet,Sylhet,Zakiganj,29.1,80,0,1,High
4/23/2026 20:00,Sylhet,Sylhet,Zakiganj,27.3,84,0,1,High
4/23/2026 22:00,Sylhet,Sylhet,Zakiganj,27,80,0,0.665,Medium
4/24/2026 0:00,Sylhet,Sylhet,Zakiganj,26.1,84,0,0.4595,Medium
4/24/2026 2:00,Sylhet,Sylhet,Zakiganj,25.5,86,0,0.4545,Medium
4/24/2026 4:00,Sylhet,Sylhet,Zakiganj,24.9,89,0,0.4515,Medium
4/24/2026 6:00,Sylhet,Sylhet,Zakiganj,24.2,92,0,0.747,High
4/24/2026 8:00,Sylhet,Sylhet,Zakiganj,27,85,0,0.775,High
4/24/2026 10:00,Sylhet,Sylhet,Zakiganj,29.5,77,0.1,0.9462,High
4/24/2026 12:00,Sylhet,Sylhet,Zakiganj,31.5,70,0,0.9625,High
4/24/2026 14:00,Sylhet,Sylhet,Zakiganj,32.6,62,0,1,High
4/24/2026 16:00,Sylhet,Sylhet,Zakiganj,32.2,64,0,1,High
4/24/2026 18:00,Sylhet,Sylhet,Zakiganj,27.1,86,0,1,High
4/24/2026 20:00,Sylhet,Sylhet,Zakiganj,26.2,93,0,1,High
4/24/2026 22:00,Sylhet,Sylhet,Zakiganj,26.5,89,0,0.6755,Medium
4/25/2026 0:00,Sylhet,Sylhet,Zakiganj,26.4,87,0,0.47,Medium
4/25/2026 2:00,Sylhet,Sylhet,Zakiganj,25.9,86,0,0.4605,Medium
4/25/2026 4:00,Sylhet,Sylhet,Zakiganj,25.5,87,0,0.4565,Medium
4/25/2026 6:00,Sylhet,Sylhet,Zakiganj,25.4,94,0,0.769,High
4/25/2026 8:00,Sylhet,Sylhet,Zakiganj,28.6,79,0,0.787,High
4/25/2026 10:00,Sylhet,Sylhet,Zakiganj,29.2,76,0,0.94,High
4/25/2026 12:00,Sylhet,Sylhet,Zakiganj,31.8,68,0.1,0.9628,High
4/25/2026 14:00,Sylhet,Sylhet,Zakiganj,33.5,57,0,1,High
4/25/2026 16:00,Sylhet,Sylhet,Zakiganj,32.7,60,0,1,High
4/25/2026 18:00,Sylhet,Sylhet,Zakiganj,30,78,0,1,High
4/25/2026 20:00,Sylhet,Sylhet,Zakiganj,27.6,82,0,1,High
4/25/2026 22:00,Sylhet,Sylhet,Zakiganj,27.2,81,0,0.67,Medium
4/26/2026 0:00,Sylhet,Sylhet,Zakiganj,26.1,87,0,0.4655,Medium
4/26/2026 2:00,Sylhet,Sylhet,Zakiganj,24.8,95,0,0.462,Medium
4/26/2026 4:00,Sylhet,Sylhet,Zakiganj,24.6,91,0,0.451,Medium
4/26/2026 6:00,Sylhet,Sylhet,Zakiganj,23.4,92,2.6,0.7285,High
4/26/2026 8:00,Sylhet,Sylhet,Zakiganj,25.7,87,0,0.7595,High
4/26/2026 10:00,Sylhet,Sylhet,Zakiganj,28.5,69,0.1,0.9152,High
4/26/2026 12:00,Sylhet,Sylhet,Zakiganj,27.1,73,0,0.9025,High
4/26/2026 14:00,Sylhet,Sylhet,Zakiganj,26.6,75,0,0.999,High
4/26/2026 16:00,Sylhet,Sylhet,Zakiganj,27.2,67,0,0.992,High
4/26/2026 18:00,Sylhet,Sylhet,Zakiganj,24,82,8,1,High
4/26/2026 20:00,Sylhet,Sylhet,Zakiganj,23.8,82,0,1,High
4/26/2026 22:00,Sylhet,Sylhet,Zakiganj,23.3,84,0,0.6175,Medium
4/27/2026 0:00,Sylhet,Sylhet,Zakiganj,22.8,89,8.4,0.399,Low
4/27/2026 2:00,Sylhet,Sylhet,Zakiganj,22.1,92,0.3,0.4148,Low
4/27/2026 4:00,Sylhet,Sylhet,Zakiganj,21.7,98,0.3,0.4208,Low
4/27/2026 6:00,Sylhet,Sylhet,Zakiganj,20.6,95,6.1,0.6838,Medium
4/27/2026 8:00,Sylhet,Sylhet,Zakiganj,21,98,2,0.706,High
4/27/2026 10:00,Sylhet,Sylhet,Zakiganj,21.5,93,1.2,0.8555,High
4/27/2026 12:00,Sylhet,Sylhet,Zakiganj,21.4,89,0.1,0.8488,High
4/27/2026 14:00,Sylhet,Sylhet,Zakiganj,23.8,80,0.2,0.9665,High
4/27/2026 16:00,Sylhet,Sylhet,Zakiganj,22.7,89,1.5,0.9647,High
4/27/2026 18:00,Sylhet,Sylhet,Zakiganj,21.8,97,6.3,1,High
4/27/2026 20:00,Sylhet,Sylhet,Zakiganj,21.6,97,2.8,1,High
4/27/2026 22:00,Sylhet,Sylhet,Zakiganj,21.5,97,1.7,0.6122,Medium
4/28/2026 0:00,Sylhet,Sylhet,Zakiganj,21.5,98,4.1,0.4082,Low
4/28/2026 2:00,Sylhet,Sylhet,Zakiganj,21.2,98,3.1,0.4062,Low
4/28/2026 4:00,Sylhet,Sylhet,Zakiganj,20.9,97,2.3,0.4018,Low
4/28/2026 6:00,Sylhet,Sylhet,Zakiganj,21.6,96,2.3,0.7102,High
4/28/2026 8:00,Sylhet,Sylhet,Zakiganj,22.5,91,1.1,0.7167,High
4/28/2026 10:00,Sylhet,Sylhet,Zakiganj,22.9,91,6.7,0.8587,High
4/28/2026 12:00,Sylhet,Sylhet,Zakiganj,23,88,10.6,0.8445,High
4/28/2026 14:00,Sylhet,Sylhet,Zakiganj,24.7,82,0.7,0.9827,High
4/28/2026 16:00,Sylhet,Sylhet,Zakiganj,22.9,96,5.6,0.9715,High
4/28/2026 18:00,Sylhet,Sylhet,Zakiganj,23,98,0.7,1,High
4/28/2026 20:00,Sylhet,Sylhet,Zakiganj,22.5,98,1,1,High
4/28/2026 22:00,Sylhet,Sylhet,Zakiganj,21.8,97,1.5,0.6172,Medium
4/29/2026 0:00,Sylhet,Sylhet,Zakiganj,21.8,98,10.5,0.3968,Low
4/29/2026 2:00,Sylhet,Sylhet,Zakiganj,21.8,97,1.4,0.4175,Low
4/29/2026 4:00,Sylhet,Sylhet,Zakiganj,21.5,98,1.5,0.4148,Low
4/29/2026 6:00,Sylhet,Sylhet,Zakiganj,21.4,93,13.5,0.6732,Medium
4/29/2026 8:00,Sylhet,Sylhet,Zakiganj,21.5,97,2.2,0.711,High
4/29/2026 10:00,Sylhet,Sylhet,Zakiganj,22,98,3.5,0.8672,High
4/29/2026 12:00,Sylhet,Sylhet,Zakiganj,21.2,97,0.3,0.8612,High
4/29/2026 14:00,Sylhet,Sylhet,Zakiganj,22.9,83,0.3,0.9588,High
4/29/2026 16:00,Sylhet,Sylhet,Zakiganj,23.5,80,0,0.9625,High
4/29/2026 18:00,Sylhet,Sylhet,Zakiganj,22.9,85,0,1,High
4/29/2026 20:00,Sylhet,Sylhet,Zakiganj,21.6,89,0,1,High
4/29/2026 22:00,Sylhet,Sylhet,Zakiganj,21.1,90,0,0.5965,Medium
4/30/2026 0:00,Sylhet,Sylhet,Zakiganj,21.9,83,0,0.3945,Low
4/30/2026 2:00,Sylhet,Sylhet,Zakiganj,21,94,8.5,0.3818,Low
4/30/2026 4:00,Sylhet,Sylhet,Zakiganj,20.5,96,0.7,0.3978,Low
4/30/2026 6:00,Sylhet,Sylhet,Zakiganj,20.3,97,0,0.6985,Medium
4/30/2026 8:00,Sylhet,Sylhet,Zakiganj,21.6,94,0.6,0.7105,High
4/30/2026 10:00,Sylhet,Sylhet,Zakiganj,23.4,87,0.1,0.8748,High
4/30/2026 12:00,Sylhet,Sylhet,Zakiganj,25.1,74,0.1,0.8742,High
4/30/2026 14:00,Sylhet,Sylhet,Zakiganj,27.5,64,0,0.9905,High
4/30/2026 16:00,Sylhet,Sylhet,Zakiganj,27.7,63,0.1,0.9912,High
4/30/2026 18:00,Sylhet,Sylhet,Zakiganj,23.8,87,0,1,High
4/30/2026 20:00,Sylhet,Sylhet,Zakiganj,22.5,90,0,1,High
4/30/2026 22:00,Sylhet,Sylhet,Zakiganj,21.7,95,0,0.6155,Medium
5/1/2026 0:00,Sylhet,Sylhet,Zakiganj,22.1,93,0,0.4175,Low
5/1/2026 2:00,Sylhet,Sylhet,Zakiganj,21.8,96,0.1,0.4188,Low
5/1/2026 4:00,Sylhet,Sylhet,Zakiganj,21,98,0,0.411,Low
5/1/2026 6:00,Sylhet,Sylhet,Zakiganj,21.3,96,0.1,0.7112,High
5/1/2026 8:00,Sylhet,Sylhet,Zakiganj,21.9,95,2.3,0.7127,High
5/1/2026 10:00,Sylhet,Sylhet,Zakiganj,23.8,90,0.4,0.886,High
5/1/2026 12:00,Sylhet,Sylhet,Zakiganj,24.2,87,0.4,0.886,High
5/1/2026 14:00,Sylhet,Sylhet,Zakiganj,22.5,93,5.1,0.9607,High
5/1/2026 16:00,Sylhet,Sylhet,Zakiganj,21.5,96,1.9,0.9597,High
5/1/2026 18:00,Sylhet,Sylhet,Zakiganj,21.5,95,1.8,1,High
5/1/2026 20:00,Sylhet,Sylhet,Zakiganj,21.2,93,0,1,High
5/1/2026 22:00,Sylhet,Sylhet,Zakiganj,20.2,98,0,0.599,Medium
5/2/2026 0:00,Sylhet,Sylhet,Zakiganj,21.1,98,0.4,0.4115,Low
5/2/2026 2:00,Sylhet,Sylhet,Zakiganj,20.6,96,0.1,0.4008,Low
5/2/2026 4:00,Sylhet,Sylhet,Zakiganj,20.1,98,0.6,0.396,Low
5/2/2026 6:00,Sylhet,Sylhet,Zakiganj,20.6,95,0.3,0.6982,Medium
5/2/2026 8:00,Sylhet,Sylhet,Zakiganj,21.4,96,1.8,0.7085,High
5/2/2026 10:00,Sylhet,Sylhet,Zakiganj,21.2,96,1.1,0.8572,High
5/2/2026 12:00,Sylhet,Sylhet,Zakiganj,21.4,98,0.8,0.865,High
5/2/2026 14:00,Sylhet,Sylhet,Zakiganj,23.1,89,0.3,0.9737,High
5/2/2026 16:00,Sylhet,Sylhet,Zakiganj,21,95,1.8,0.9505,High
5/2/2026 18:00,Sylhet,Sylhet,Zakiganj,21.5,97,0.3,1,High
5/2/2026 20:00,Sylhet,Sylhet,Zakiganj,21,99,0.9,1,High
5/2/2026 22:00,Sylhet,Sylhet,Zakiganj,20.6,99,5.1,0.5942,Medium
5/3/2026 0:00,Sylhet,Sylhet,Zakiganj,20.3,100,0.1,0.4042,Low
5/3/2026 2:00,Sylhet,Sylhet,Zakiganj,20.1,99,0.2,0.399,Low
5/3/2026 4:00,Sylhet,Sylhet,Zakiganj,20,98,6.2,0.3805,Low
5/3/2026 6:00,Sylhet,Sylhet,Zakiganj,19.8,95,0.5,0.6888,Medium
5/3/2026 8:00,Sylhet,Sylhet,Zakiganj,21,94,0.1,0.7028,High
5/3/2026 10:00,Sylhet,Sylhet,Zakiganj,24.5,79,0,0.8755,High
5/3/2026 12:00,Sylhet,Sylhet,Zakiganj,27.2,66,0.2,0.8895,High
5/3/2026 14:00,Sylhet,Sylhet,Zakiganj,27.2,67,0.2,0.9915,High
5/3/2026 16:00,Sylhet,Sylhet,Zakiganj,27.4,70,0.1,1,High
5/3/2026 18:00,Sylhet,Sylhet,Zakiganj,23.9,87,0,1,High
5/3/2026 20:00,Sylhet,Sylhet,Zakiganj,22.5,93,0,1,High
5/3/2026 22:00,Sylhet,Sylhet,Zakiganj,22.2,96,0.8,0.623,Medium
5/4/2026 0:00,Sylhet,Sylhet,Zakiganj,21,99,0,0.413,Low
5/4/2026 2:00,Sylhet,Sylhet,Zakiganj,21.5,97,0,0.4165,Low
5/4/2026 4:00,Sylhet,Sylhet,Zakiganj,21.8,98,0,0.423,Low
5/4/2026 6:00,Sylhet,Sylhet,Zakiganj,22.4,93,0,0.722,High
5/4/2026 8:00,Sylhet,Sylhet,Zakiganj,22.6,96,0.7,0.7292,High
5/4/2026 10:00,Sylhet,Sylhet,Zakiganj,22.5,96,5.4,0.866,High
5/4/2026 12:00,Sylhet,Sylhet,Zakiganj,23.2,90,0.1,0.8778,High
5/4/2026 14:00,Sylhet,Sylhet,Zakiganj,27.4,70,0.1,1,High
5/4/2026 16:00,Sylhet,Sylhet,Zakiganj,28,66,0,1,High
5/4/2026 18:00,Sylhet,Sylhet,Zakiganj,25.8,85,0,1,High
5/4/2026 20:00,Sylhet,Sylhet,Zakiganj,23.6,86,0,1,High
5/4/2026 22:00,Sylhet,Sylhet,Zakiganj,23.2,82,0,0.612,Medium
5/5/2026 0:00,Sylhet,Sylhet,Zakiganj,22.6,89,0,0.417,Low
5/5/2026 2:00,Sylhet,Sylhet,Zakiganj,22.4,93,0,0.422,Low
5/5/2026 4:00,Sylhet,Sylhet,Zakiganj,21.5,96,0,0.4145,Low
5/5/2026 6:00,Sylhet,Sylhet,Zakiganj,22.2,89,0,0.711,High
5/5/2026 8:00,Sylhet,Sylhet,Zakiganj,24.2,86,0,0.735,High
5/5/2026 10:00,Sylhet,Sylhet,Zakiganj,26.9,80,0,0.9135,High
5/5/2026 12:00,Sylhet,Sylhet,Zakiganj,30,66,0,0.932,High
5/5/2026 14:00,Sylhet,Sylhet,Zakiganj,31,60,0,1,High
5/5/2026 16:00,Sylhet,Sylhet,Zakiganj,30.2,61,0,1,High
5/5/2026 18:00,Sylhet,Sylhet,Zakiganj,27.9,76,0,1,High
5/5/2026 20:00,Sylhet,Sylhet,Zakiganj,26,80,0,1,High
5/5/2026 22:00,Sylhet,Sylhet,Zakiganj,24.6,87,0,0.643,Medium
5/6/2026 0:00,Sylhet,Sylhet,Zakiganj,24.1,91,0,0.4435,Low
5/6/2026 2:00,Sylhet,Sylhet,Zakiganj,23.4,95,0.1,0.4408,Low
5/6/2026 4:00,Sylhet,Sylhet,Zakiganj,22.4,96,1.3,0.4248,Low
5/6/2026 6:00,Sylhet,Sylhet,Zakiganj,23.1,97,0.2,0.74,High
5/6/2026 8:00,Sylhet,Sylhet,Zakiganj,25.8,84,0.1,0.7547,High
5/6/2026 10:00,Sylhet,Sylhet,Zakiganj,28.6,72,0,0.923,High
5/6/2026 12:00,Sylhet,Sylhet,Zakiganj,28.8,66,0.3,0.9132,High
5/6/2026 14:00,Sylhet,Sylhet,Zakiganj,28.9,66,0,1,High
5/6/2026 16:00,Sylhet,Sylhet,Zakiganj,30,62,0,1,High
5/6/2026 18:00,Sylhet,Sylhet,Zakiganj,26.8,78,0,1,High
5/6/2026 20:00,Sylhet,Sylhet,Zakiganj,25.1,82,0,1,High
5/6/2026 22:00,Sylhet,Sylhet,Zakiganj,24.1,88,0.3,0.6367,Medium
5/7/2026 0:00,Sylhet,Sylhet,Zakiganj,23.4,94,0.5,0.4378,Low
5/7/2026 2:00,Sylhet,Sylhet,Zakiganj,22.9,95,0,0.4335,Low
5/7/2026 4:00,Sylhet,Sylhet,Zakiganj,22.6,96,0,0.431,Low
5/7/2026 6:00,Sylhet,Sylhet,Zakiganj,22.9,98,0.1,0.7392,High
5/7/2026 8:00,Sylhet,Sylhet,Zakiganj,25.9,86,0,0.7605,High
5/7/2026 10:00,Sylhet,Sylhet,Zakiganj,28.2,70,0,0.913,High
5/7/2026 12:00,Sylhet,Sylhet,Zakiganj,29.8,59,0,0.915,High
5/7/2026 14:00,Sylhet,Sylhet,Zakiganj,30.5,56,0,1,High
5/7/2026 16:00,Sylhet,Sylhet,Zakiganj,30.3,57,0,1,High
5/7/2026 18:00,Sylhet,Sylhet,Zakiganj,28.2,71,0,1,High
5/7/2026 20:00,Sylhet,Sylhet,Zakiganj,27,73,0,1,High
5/7/2026 22:00,Sylhet,Sylhet,Zakiganj,25.4,80,0,0.641,Medium
5/8/2026 0:00,Sylhet,Sylhet,Zakiganj,25.6,81,0,0.446,Low
5/8/2026 2:00,Sylhet,Sylhet,Zakiganj,24.7,86,0,0.4425,Low
5/8/2026 4:00,Sylhet,Sylhet,Zakiganj,24,88,0,0.436,Low
5/8/2026 6:00,Sylhet,Sylhet,Zakiganj,23.3,93,0,0.7355,High
5/8/2026 8:00,Sylhet,Sylhet,Zakiganj,27.1,79,0,0.7645,High
5/8/2026 10:00,Sylhet,Sylhet,Zakiganj,30.4,59,0,0.924,High
5/8/2026 12:00,Sylhet,Sylhet,Zakiganj,30.5,56,0,0.9195,High
5/8/2026 14:00,Sylhet,Sylhet,Zakiganj,31.5,51,0,1,High
5/8/2026 16:00,Sylhet,Sylhet,Zakiganj,30.5,54,0,1,High
5/8/2026 18:00,Sylhet,Sylhet,Zakiganj,28.4,71,0,1,High
5/8/2026 20:00,Sylhet,Sylhet,Zakiganj,26.2,72,0,1,High
5/8/2026 22:00,Sylhet,Sylhet,Zakiganj,25.4,77,0,0.635,Medium
5/9/2026 0:00,Sylhet,Sylhet,Zakiganj,24.9,84,0,0.4415,Low
5/9/2026 2:00,Sylhet,Sylhet,Zakiganj,24.3,84,0,0.4325,Low
5/9/2026 4:00,Sylhet,Sylhet,Zakiganj,23.2,86,0,0.42,Low
5/9/2026 6:00,Sylhet,Sylhet,Zakiganj,23,88,0,0.721,High
5/9/2026 8:00,Sylhet,Sylhet,Zakiganj,26.8,77,0,0.756,High
5/9/2026 10:00,Sylhet,Sylhet,Zakiganj,29.9,66,0,0.9305,High
5/9/2026 12:00,Sylhet,Sylhet,Zakiganj,31.6,54,0,0.932,High
5/9/2026 14:00,Sylhet,Sylhet,Zakiganj,32.8,49,0,1,High
5/9/2026 16:00,Sylhet,Sylhet,Zakiganj,32,51,0,1,High
5/9/2026 18:00,Sylhet,Sylhet,Zakiganj,29.5,74,0,1,High
5/9/2026 20:00,Sylhet,Sylhet,Zakiganj,27,79,0,1,High
5/9/2026 22:00,Sylhet,Sylhet,Zakiganj,26.8,76,0,0.654,Medium
5/10/2026 0:00,Sylhet,Sylhet,Zakiganj,25.6,83,0,0.45,Medium
5/10/2026 2:00,Sylhet,Sylhet,Zakiganj,25.5,84,0,0.4505,Medium
5/10/2026 4:00,Sylhet,Sylhet,Zakiganj,24.7,89,0,0.4485,Low
5/10/2026 6:00,Sylhet,Sylhet,Zakiganj,24.1,93,0,0.7475,High
5/10/2026 8:00,Sylhet,Sylhet,Zakiganj,27.9,80,0,0.7785,High
5/10/2026 10:00,Sylhet,Sylhet,Zakiganj,30.9,68,0,0.9495,High
5/10/2026 12:00,Sylhet,Sylhet,Zakiganj,32.5,51,0,0.9395,High
5/10/2026 14:00,Sylhet,Sylhet,Zakiganj,31.5,54,0,1,High
5/10/2026 16:00,Sylhet,Sylhet,Zakiganj,26.2,75,0,0.993,High
5/10/2026 18:00,Sylhet,Sylhet,Zakiganj,26.5,70,0,1,High
5/10/2026 20:00,Sylhet,Sylhet,Zakiganj,25.2,75,0.1,1,High
5/10/2026 22:00,Sylhet,Sylhet,Zakiganj,24.8,78,0,0.628,Medium
5/11/2026 0:00,Sylhet,Sylhet,Zakiganj,25,75,0,0.425,Low
5/11/2026 2:00,Sylhet,Sylhet,Zakiganj,25,80,0,0.435,Low
5/11/2026 4:00,Sylhet,Sylhet,Zakiganj,21.5,97,4.5,0.4052,Low
5/11/2026 6:00,Sylhet,Sylhet,Zakiganj,23.9,92,4.4,0.7315,High
5/11/2026 8:00,Sylhet,Sylhet,Zakiganj,25,80,0.6,0.7335,High
5/11/2026 10:00,Sylhet,Sylhet,Zakiganj,26.4,78,0,0.902,High
5/11/2026 12:00,Sylhet,Sylhet,Zakiganj,28.2,72,0,0.917,High
5/11/2026 14:00,Sylhet,Sylhet,Zakiganj,27.4,73,3.7,0.9978,High
5/11/2026 16:00,Sylhet,Sylhet,Zakiganj,26,78,0.1,0.9958,High
5/11/2026 18:00,Sylhet,Sylhet,Zakiganj,27.2,80,0,1,High
5/11/2026 20:00,Sylhet,Sylhet,Zakiganj,25,79,0,1,High
5/11/2026 22:00,Sylhet,Sylhet,Zakiganj,23.4,91,0.1,0.6327,Medium
5/12/2026 0:00,Sylhet,Sylhet,Zakiganj,23.3,93,0,0.4355,Low
5/12/2026 2:00,Sylhet,Sylhet,Zakiganj,22.3,94,0,0.4225,Low
5/12/2026 4:00,Sylhet,Sylhet,Zakiganj,22.1,92,0,0.4155,Low
5/12/2026 6:00,Sylhet,Sylhet,Zakiganj,23.5,95,0,0.7425,High
5/12/2026 8:00,Sylhet,Sylhet,Zakiganj,24.6,85,0.2,0.7385,High
5/12/2026 10:00,Sylhet,Sylhet,Zakiganj,28,71,0,0.912,High
5/12/2026 12:00,Sylhet,Sylhet,Zakiganj,28.8,66,0,0.914,High
5/12/2026 14:00,Sylhet,Sylhet,Zakiganj,30,62,0.1,1,High
5/12/2026 16:00,Sylhet,Sylhet,Zakiganj,29.5,63,0,1,High
5/12/2026 18:00,Sylhet,Sylhet,Zakiganj,27.5,78,0,1,High
5/12/2026 20:00,Sylhet,Sylhet,Zakiganj,26.2,82,0,1,High
5/12/2026 22:00,Sylhet,Sylhet,Zakiganj,25.6,84,0,0.652,Medium
5/13/2026 0:00,Sylhet,Sylhet,Zakiganj,25.6,87,0,0.458,Medium
5/13/2026 2:00,Sylhet,Sylhet,Zakiganj,23,95,2.1,0.4298,Low
5/13/2026 4:00,Sylhet,Sylhet,Zakiganj,22.5,96,2.1,0.4242,Low
5/13/2026 6:00,Sylhet,Sylhet,Zakiganj,24.4,96,0.4,0.757,High
5/13/2026 8:00,Sylhet,Sylhet,Zakiganj,24,94,0.1,0.7477,High
5/13/2026 10:00,Sylhet,Sylhet,Zakiganj,25,90,0.5,0.9038,High
5/13/2026 12:00,Sylhet,Sylhet,Zakiganj,26.1,83,0.2,0.907,High
5/13/2026 14:00,Sylhet,Sylhet,Zakiganj,30,63,0,1,High
5/13/2026 16:00,Sylhet,Sylhet,Zakiganj,30.2,62,0,1,High
5/13/2026 18:00,Sylhet,Sylhet,Zakiganj,28.7,79,0,1,High
5/13/2026 20:00,Sylhet,Sylhet,Zakiganj,26.9,85,0,1,High
5/13/2026 22:00,Sylhet,Sylhet,Zakiganj,23.2,96,1.7,0.6358,Medium
